<?xml version="1.0" encoding="UTF-8" standalone="yes"?>
<TrainingCenterDatabase xmlns="http://www.garmin.com/xmlschemas/TrainingCenterDatabase/v2">
    <Activities>
        <Activity Sport="Running">
            <Id>2026-08-15T19:52:30.000+02:00</Id>
            <Lap StartTime="2026-08-15T19:52:30.000+02:00">
                <TotalTimeSeconds>1634.873</TotalTimeSeconds>
                <DistanceMeters>3342.104</DistanceMeters>
                <Calories>324</Calories>
                <Intensity>Active</Intensity>
                <TriggerMethod>Manual</TriggerMethod>
                <Track>
                    <Trackpoint>
                        <Time>2026-08-15T19:52:30.000+02:00</Time>
                        <HeartRateBpm>
                            <Value>98</Value>
                        </HeartRateBpm>
                    </Trackpoint>
                    <Trackpoint>
                        <Time>2026-08-15T19:52:31.000+02:00</Time>
                        <Position>
                            <LatitudeDegrees>39.634935</LatitudeDegrees>
                            <LongitudeDegrees>15.844596666666666</LongitudeDegrees>
                        </Position>
                        <AltitudeMeters>16.988000000000003</AltitudeMeters>
                        <DistanceMeters>0.0</DistanceMeters>
                        <HeartRateBpm>
                            <Value>97</Value>
                        </HeartRateBpm>
                    </Trackpoint>
                    <Trackpoint>
                        <Time>2026-08-15T19:52:32.000+02:00</Time>
                        <Position>
                            <LatitudeDegrees>39.634935</LatitudeDegrees>
                            <LongitudeDegrees>15.844596666666666</LongitudeDegrees>
                        </Position>
                        <AltitudeMeters>16.988000000000003</AltitudeMeters>
                        <DistanceMeters>0.0</DistanceMeters>
                    </Trackpoint>
                    <Trackpoint>
                        <Time>2026-08-15T19:52:33.000+02:00</Time>
                        <Position>
                            <LatitudeDegrees>39.634925</LatitudeDegrees>
                            <LongitudeDegrees>15.844615</LongitudeDegrees>
                        </Position>
                        <AltitudeMeters>16.988000000000003</AltitudeMeters>
                        <DistanceMeters>1.923851112126595</DistanceMeters>
                        <HeartRateBpm>
                            <Value>96</Value>
                        </HeartRateBpm>
                    </Trackpoint>
                    <Trackpoint>
                        <Time>2026-08-15T19:52:34.000+02:00</Time>
                        <Position>
                            <LatitudeDegrees>39.634925</LatitudeDegrees>
                            <LongitudeDegrees>15.844615</LongitudeDegrees>
                        </Position>
                        <AltitudeMeters>16.988000000000003</AltitudeMeters>
                        <DistanceMeters>1.923851112126595</DistanceMeters>
                    </Trackpoint>
                    <Trackpoint>
                        <Time>2026-08-15T19:52:35.000+02:00</Time>
                        <Position>
                            <LatitudeDegrees>39.634901666666664</LatitudeDegrees>
                            <LongitudeDegrees>15.844631666666666</LongitudeDegrees>
                        </Position>
                        <AltitudeMeters>16.92114629986571</AltitudeMeters>
                        <DistanceMeters>4.885050417888793</DistanceMeters>
                        <HeartRateBpm>
                            <Value>102</Value>
                        </HeartRateBpm>
                    </Trackpoint>
                    <Trackpoint>
                        <Time>2026-08-15T19:52:36.000+02:00</Time>
                        <Position>
                            <LatitudeDegrees>39.634888333333336</LatitudeDegrees>
                            <LongitudeDegrees>15.844635</LongitudeDegrees>
                        </Position>
                        <AltitudeMeters>16.607411883927398</AltitudeMeters>
                        <DistanceMeters>6.394880466623323</DistanceMeters>
                    </Trackpoint>
                    <Trackpoint>
                        <Time>2026-08-15T19:52:37.000+02:00</Time>
                        <Position>
                            <LatitudeDegrees>39.63487833333333</LatitudeDegrees>
                            <LongitudeDegrees>15.844636666666666</LongitudeDegrees>
                        </Position>
                        <AltitudeMeters>16.146902575173634</AltitudeMeters>
                        <DistanceMeters>7.515953641881712</DistanceMeters>
                        <HeartRateBpm>
                            <Value>98</Value>
                        </HeartRateBpm>
                    </Trackpoint>
                    <Trackpoint>
                        <Time>2026-08-15T19:52:38.000+02:00</Time>
                        <Position>
                            <LatitudeDegrees>39.63486666666667</LatitudeDegrees>
                            <LongitudeDegrees>15.844633333333334</LongitudeDegrees>
                        </Position>
                        <AltitudeMeters>15.556485749928079</AltitudeMeters>
                        <DistanceMeters>8.844262928255924</DistanceMeters>
                    </Trackpoint>
                    <Trackpoint>
                        <Time>2026-08-15T19:52:39.000+02:00</Time>
                        <Position>
                            <LatitudeDegrees>39.634858333333334</LatitudeDegrees>
                            <LongitudeDegrees>15.844633333333334</LongitudeDegrees>
                        </Position>
                        <AltitudeMeters>14.79103694880388</AltitudeMeters>
                        <DistanceMeters>9.77088877129311</DistanceMeters>
                        <HeartRateBpm>
                            <Value>100</Value>
                        </HeartRateBpm>
                    </Trackpoint>
                    <Trackpoint>
                        <Time>2026-08-15T19:52:40.000+02:00</Time>
                        <Position>
                            <LatitudeDegrees>39.63485</LatitudeDegrees>
                            <LongitudeDegrees>15.844635</LongitudeDegrees>
                        </Position>
                        <AltitudeMeters>13.941350623604837</AltitudeMeters>
                        <DistanceMeters>10.708441693276487</DistanceMeters>
                    </Trackpoint>
                    <Trackpoint>
                        <Time>2026-08-15T19:52:41.000+02:00</Time>
                        <Position>
                            <LatitudeDegrees>39.634838333333335</LatitudeDegrees>
                            <LongitudeDegrees>15.844633333333334</LongitudeDegrees>
                        </Position>
                        <AltitudeMeters>12.964742443911462</AltitudeMeters>
                        <DistanceMeters>12.013545337401016</DistanceMeters>
                        <HeartRateBpm>
                            <Value>95</Value>
                        </HeartRateBpm>
                    </Trackpoint>
                    <Trackpoint>
                        <Time>2026-08-15T19:52:42.000+02:00</Time>
                        <Position>
                            <LatitudeDegrees>39.634825</LatitudeDegrees>
                            <LongitudeDegrees>15.844633333333334</LongitudeDegrees>
                        </Position>
                        <AltitudeMeters>11.949505828691795</AltitudeMeters>
                        <DistanceMeters>13.496146687109302</DistanceMeters>
                    </Trackpoint>
                    <Trackpoint>
                        <Time>2026-08-15T19:52:43.000+02:00</Time>
                        <Position>
                            <LatitudeDegrees>39.634813333333334</LatitudeDegrees>
                            <LongitudeDegrees>15.844635</LongitudeDegrees>
                        </Position>
                        <AltitudeMeters>10.849305855814212</AltitudeMeters>
                        <DistanceMeters>14.801250336874752</DistanceMeters>
                        <HeartRateBpm>
                            <Value>97</Value>
                        </HeartRateBpm>
                    </Trackpoint>
                    <Trackpoint>
                        <Time>2026-08-15T19:52:44.000+02:00</Time>
                        <Position>
                            <LatitudeDegrees>39.6348</LatitudeDegrees>
                            <LongitudeDegrees>15.844635</LongitudeDegrees>
                        </Position>
                        <AltitudeMeters>9.803429905417502</AltitudeMeters>
                        <DistanceMeters>16.28385168587571</DistanceMeters>
                    </Trackpoint>
                    <Trackpoint>
                        <Time>2026-08-15T19:52:45.000+02:00</Time>
                        <Position>
                            <LatitudeDegrees>39.63479</LatitudeDegrees>
                            <LongitudeDegrees>15.844635</LongitudeDegrees>
                        </Position>
                        <AltitudeMeters>8.693143752844815</AltitudeMeters>
                        <DistanceMeters>17.39580269709594</DistanceMeters>
                    </Trackpoint>
                    <Trackpoint>
                        <Time>2026-08-15T19:52:46.000+02:00</Time>
                        <Position>
                            <LatitudeDegrees>39.63477833333334</LatitudeDegrees>
                            <LongitudeDegrees>15.844635</LongitudeDegrees>
                        </Position>
                        <AltitudeMeters>7.646808322010946</AltitudeMeters>
                        <DistanceMeters>18.69307887791386</DistanceMeters>
                        <HeartRateBpm>
                            <Value>97</Value>
                        </HeartRateBpm>
                    </Trackpoint>
                    <Trackpoint>
                        <Time>2026-08-15T19:52:47.000+02:00</Time>
                        <Position>
                            <LatitudeDegrees>39.634766666666664</LatitudeDegrees>
                            <LongitudeDegrees>15.844635</LongitudeDegrees>
                        </Position>
                        <AltitudeMeters>6.546927552877334</AltitudeMeters>
                        <DistanceMeters>19.99035505873178</DistanceMeters>
                    </Trackpoint>
                    <Trackpoint>
                        <Time>2026-08-15T19:52:48.000+02:00</Time>
                        <Position>
                            <LatitudeDegrees>39.63475666666667</LatitudeDegrees>
                            <LongitudeDegrees>15.844635</LongitudeDegrees>
                        </Position>
                        <AltitudeMeters>5.512766851939759</AltitudeMeters>
                        <DistanceMeters>21.102306069952007</DistanceMeters>
                    </Trackpoint>
                    <Trackpoint>
                        <Time>2026-08-15T19:52:49.000+02:00</Time>
                        <Position>
                            <LatitudeDegrees>39.634745</LatitudeDegrees>
                            <LongitudeDegrees>15.844636666666666</LongitudeDegrees>
                        </Position>
                        <AltitudeMeters>4.536435676157724</AltitudeMeters>
                        <DistanceMeters>22.40740973513597</DistanceMeters>
                        <HeartRateBpm>
                            <Value>100</Value>
                        </HeartRateBpm>
                    </Trackpoint>
                    <Trackpoint>
                        <Time>2026-08-15T19:52:50.000+02:00</Time>
                        <Position>
                            <LatitudeDegrees>39.63473333333334</LatitudeDegrees>
                            <LongitudeDegrees>15.844636666666666</LongitudeDegrees>
                        </Position>
                        <AltitudeMeters>3.5590005391823896</AltitudeMeters>
                        <DistanceMeters>23.704685915953892</DistanceMeters>
                    </Trackpoint>
                    <Trackpoint>
                        <Time>2026-08-15T19:52:51.000+02:00</Time>
                        <Position>
                            <LatitudeDegrees>39.634721666666664</LatitudeDegrees>
                            <LongitudeDegrees>15.844638333333334</LongitudeDegrees>
                        </Position>
                        <AltitudeMeters>2.631985281093317</AltitudeMeters>
                        <DistanceMeters>25.009789587105796</DistanceMeters>
                        <HeartRateBpm>
                            <Value>96</Value>
                        </HeartRateBpm>
                    </Trackpoint>
                    <Trackpoint>
                        <Time>2026-08-15T19:52:52.000+02:00</Time>
                        <Position>
                            <LatitudeDegrees>39.63471</LatitudeDegrees>
                            <LongitudeDegrees>15.84464</LongitudeDegrees>
                        </Position>
                        <AltitudeMeters>1.748965916127653</AltitudeMeters>
                        <DistanceMeters>26.31489326021683</DistanceMeters>
                        <HeartRateBpm>
                            <Value>95</Value>
                        </HeartRateBpm>
                    </Trackpoint>
                    <Trackpoint>
                        <Time>2026-08-15T19:52:53.000+02:00</Time>
                        <Position>
                            <LatitudeDegrees>39.63469833333333</LatitudeDegrees>
                            <LongitudeDegrees>15.844641666666666</LongitudeDegrees>
                        </Position>
                        <AltitudeMeters>0.9043589719640265</AltitudeMeters>
                        <DistanceMeters>27.619996936633594</DistanceMeters>
                    </Trackpoint>
                    <Trackpoint>
                        <Time>2026-08-15T19:52:54.000+02:00</Time>
                        <Position>
                            <LatitudeDegrees>39.63468666666667</LatitudeDegrees>
                            <LongitudeDegrees>15.844643333333334</LongitudeDegrees>
                        </Position>
                        <AltitudeMeters>0.14071156201054036</AltitudeMeters>
                        <DistanceMeters>28.925100614979698</DistanceMeters>
                        <HeartRateBpm>
                            <Value>92</Value>
                        </HeartRateBpm>
                    </Trackpoint>
                    <Trackpoint>
                        <Time>2026-08-15T19:52:55.000+02:00</Time>
                        <Position>
                            <LatitudeDegrees>39.634675</LatitudeDegrees>
                            <LongitudeDegrees>15.844645</LongitudeDegrees>
                        </Position>
                        <AltitudeMeters>-0.5986248319261297</AltitudeMeters>
                        <DistanceMeters>30.23020429595823</DistanceMeters>
                    </Trackpoint>
                    <Trackpoint>
                        <Time>2026-08-15T19:52:56.000+02:00</Time>
                        <Position>
                            <LatitudeDegrees>39.634663333333336</LatitudeDegrees>
                            <LongitudeDegrees>15.844648333333334</LongitudeDegrees>
                        </Position>
                        <AltitudeMeters>-1.225454594911242</AltitudeMeters>
                        <DistanceMeters>31.558513762012016</DistanceMeters>
                        <HeartRateBpm>
                            <Value>91</Value>
                        </HeartRateBpm>
                    </Trackpoint>
                    <Trackpoint>
                        <Time>2026-08-15T19:52:57.000+02:00</Time>
                        <Position>
                            <LatitudeDegrees>39.63465333333333</LatitudeDegrees>
                            <LongitudeDegrees>15.84465</LongitudeDegrees>
                        </Position>
                        <AltitudeMeters>-1.7979165511055166</AltitudeMeters>
                        <DistanceMeters>32.679586997074146</DistanceMeters>
                    </Trackpoint>
                    <Trackpoint>
                        <Time>2026-08-15T19:52:58.000+02:00</Time>
                        <Position>
                            <LatitudeDegrees>39.63464166666667</LatitudeDegrees>
                            <LongitudeDegrees>15.844655</LongitudeDegrees>
                        </Position>
                        <AltitudeMeters>-2.278279115354189</AltitudeMeters>
                        <DistanceMeters>34.045697109764745</DistanceMeters>
                        <HeartRateBpm>
                            <Value>94</Value>
                        </HeartRateBpm>
                    </Trackpoint>
                    <Trackpoint>
                        <Time>2026-08-15T19:52:59.000+02:00</Time>
                        <Position>
                            <LatitudeDegrees>39.634631666666664</LatitudeDegrees>
                            <LongitudeDegrees>15.84466</LongitudeDegrees>
                        </Position>
                        <AltitudeMeters>-2.6769174773578372</AltitudeMeters>
                        <DistanceMeters>35.23723664441313</DistanceMeters>
                    </Trackpoint>
                    <Trackpoint>
                        <Time>2026-08-15T19:53:00.000+02:00</Time>
                        <Position>
                            <LatitudeDegrees>39.63462166666667</LatitudeDegrees>
                            <LongitudeDegrees>15.844664999999999</LongitudeDegrees>
                        </Position>
                        <AltitudeMeters>-3.0028846374620115</AltitudeMeters>
                        <DistanceMeters>36.42877620074207</DistanceMeters>
                        <HeartRateBpm>
                            <Value>93</Value>
                        </HeartRateBpm>
                    </Trackpoint>
                    <Trackpoint>
                        <Time>2026-08-15T19:53:01.000+02:00</Time>
                        <Position>
                            <LatitudeDegrees>39.63461</LatitudeDegrees>
                            <LongitudeDegrees>15.844668333333333</LongitudeDegrees>
                        </Position>
                        <AltitudeMeters>-3.221545070958986</AltitudeMeters>
                        <DistanceMeters>37.75708571478151</DistanceMeters>
                    </Trackpoint>
                    <Trackpoint>
                        <Time>2026-08-15T19:53:02.000+02:00</Time>
                        <Position>
                            <LatitudeDegrees>39.63459833333334</LatitudeDegrees>
                            <LongitudeDegrees>15.844673333333333</LongitudeDegrees>
                        </Position>
                        <AltitudeMeters>-3.3440970573031246</AltitudeMeters>
                        <DistanceMeters>39.12319591154063</DistanceMeters>
                        <HeartRateBpm>
                            <Value>94</Value>
                        </HeartRateBpm>
                    </Trackpoint>
                    <Trackpoint>
                        <Time>2026-08-15T19:53:03.000+02:00</Time>
                        <Position>
                            <LatitudeDegrees>39.634586666666664</LatitudeDegrees>
                            <LongitudeDegrees>15.844676666666667</LongitudeDegrees>
                        </Position>
                        <AltitudeMeters>-3.254597486348386</AltitudeMeters>
                        <DistanceMeters>40.45150544621304</DistanceMeters>
                    </Trackpoint>
                    <Trackpoint>
                        <Time>2026-08-15T19:53:04.000+02:00</Time>
                        <Position>
                            <LatitudeDegrees>39.634575</LatitudeDegrees>
                            <LongitudeDegrees>15.844678333333333</LongitudeDegrees>
                        </Position>
                        <AltitudeMeters>-3.098532903879302</AltitudeMeters>
                        <DistanceMeters>41.756609149755235</DistanceMeters>
                        <HeartRateBpm>
                            <Value>93</Value>
                        </HeartRateBpm>
                    </Trackpoint>
                    <Trackpoint>
                        <Time>2026-08-15T19:53:05.000+02:00</Time>
                        <Position>
                            <LatitudeDegrees>39.63456333333333</LatitudeDegrees>
                            <LongitudeDegrees>15.844678333333333</LongitudeDegrees>
                        </Position>
                        <AltitudeMeters>-2.8420370366447463</AltitudeMeters>
                        <DistanceMeters>43.05388533057315</DistanceMeters>
                    </Trackpoint>
                    <Trackpoint>
                        <Time>2026-08-15T19:53:06.000+02:00</Time>
                        <Position>
                            <LatitudeDegrees>39.63455</LatitudeDegrees>
                            <LongitudeDegrees>15.844676666666667</LongitudeDegrees>
                        </Position>
                        <AltitudeMeters>-2.4543512533046417</AltitudeMeters>
                        <DistanceMeters>44.543340587977625</DistanceMeters>
                        <HeartRateBpm>
                            <Value>92</Value>
                        </HeartRateBpm>
                    </Trackpoint>
                    <Trackpoint>
                        <Time>2026-08-15T19:53:07.000+02:00</Time>
                        <Position>
                            <LatitudeDegrees>39.63453833333333</LatitudeDegrees>
                            <LongitudeDegrees>15.844673333333333</LongitudeDegrees>
                        </Position>
                        <AltitudeMeters>-2.030532812735976</AltitudeMeters>
                        <DistanceMeters>45.87165016482019</DistanceMeters>
                    </Trackpoint>
                    <Trackpoint>
                        <Time>2026-08-15T19:53:08.000+02:00</Time>
                        <Position>
                            <LatitudeDegrees>39.634526666666666</LatitudeDegrees>
                            <LongitudeDegrees>15.844668333333333</LongitudeDegrees>
                        </Position>
                        <AltitudeMeters>-1.5351406718697382</AltitudeMeters>
                        <DistanceMeters>47.23776050128732</DistanceMeters>
                        <HeartRateBpm>
                            <Value>91</Value>
                        </HeartRateBpm>
                    </Trackpoint>
                    <Trackpoint>
                        <Time>2026-08-15T19:53:09.000+02:00</Time>
                        <Position>
                            <LatitudeDegrees>39.634515</LatitudeDegrees>
                            <LongitudeDegrees>15.84466</LongitudeDegrees>
                        </Position>
                        <AltitudeMeters>-1.017135192799362</AltitudeMeters>
                        <DistanceMeters>48.71836210523986</DistanceMeters>
                    </Trackpoint>
                    <Trackpoint>
                        <Time>2026-08-15T19:53:10.000+02:00</Time>
                        <Position>
                            <LatitudeDegrees>39.634505</LatitudeDegrees>
                            <LongitudeDegrees>15.84465</LongitudeDegrees>
                        </Position>
                        <AltitudeMeters>-0.4403851235224454</AltitudeMeters>
                        <DistanceMeters>50.12184469432149</DistanceMeters>
                    </Trackpoint>
                    <Trackpoint>
                        <Time>2026-08-15T19:53:11.000+02:00</Time>
                        <Position>
                            <LatitudeDegrees>39.634495</LatitudeDegrees>
                            <LongitudeDegrees>15.844643333333334</LongitudeDegrees>
                        </Position>
                        <AltitudeMeters>0.1878868267920365</AltitudeMeters>
                        <DistanceMeters>51.37178823130979</DistanceMeters>
                        <HeartRateBpm>
                            <Value>91</Value>
                        </HeartRateBpm>
                    </Trackpoint>
                    <Trackpoint>
                        <Time>2026-08-15T19:53:12.000+02:00</Time>
                        <Position>
                            <LatitudeDegrees>39.634485</LatitudeDegrees>
                            <LongitudeDegrees>15.844635</LongitudeDegrees>
                        </Position>
                        <AltitudeMeters>0.8609489844609011</AltitudeMeters>
                        <DistanceMeters>52.69303428343021</DistanceMeters>
                    </Trackpoint>
                    <Trackpoint>
                        <Time>2026-08-15T19:53:13.000+02:00</Time>
                        <Position>
                            <LatitudeDegrees>39.634478333333334</LatitudeDegrees>
                            <LongitudeDegrees>15.844623333333333</LongitudeDegrees>
                        </Position>
                        <AltitudeMeters>1.5321224309710315</AltitudeMeters>
                        <DistanceMeters>53.93708767407164</DistanceMeters>
                    </Trackpoint>
                    <Trackpoint>
                        <Time>2026-08-15T19:53:14.000+02:00</Time>
                        <Position>
                            <LatitudeDegrees>39.634475</LatitudeDegrees>
                            <LongitudeDegrees>15.844605</LongitudeDegrees>
                        </Position>
                        <AltitudeMeters>2.2389322741041857</AltitudeMeters>
                        <DistanceMeters>55.55021570056025</DistanceMeters>
                        <HeartRateBpm>
                            <Value>91</Value>
                        </HeartRateBpm>
                    </Trackpoint>
                    <Trackpoint>
                        <Time>2026-08-15T19:53:15.000+02:00</Time>
                        <Position>
                            <LatitudeDegrees>39.63447333333333</LatitudeDegrees>
                            <LongitudeDegrees>15.844586666666666</LongitudeDegrees>
                        </Position>
                        <AltitudeMeters>2.9356042028969993</AltitudeMeters>
                        <DistanceMeters>57.13108443447029</DistanceMeters>
                    </Trackpoint>
                    <Trackpoint>
                        <Time>2026-08-15T19:53:16.000+02:00</Time>
                        <Position>
                            <LatitudeDegrees>39.634476666666664</LatitudeDegrees>
                            <LongitudeDegrees>15.844565</LongitudeDegrees>
                        </Position>
                        <AltitudeMeters>3.6603439790742214</AltitudeMeters>
                        <DistanceMeters>59.023161134240766</DistanceMeters>
                    </Trackpoint>
                    <Trackpoint>
                        <Time>2026-08-15T19:53:17.000+02:00</Time>
                        <Position>
                            <LatitudeDegrees>39.634481666666666</LatitudeDegrees>
                            <LongitudeDegrees>15.844543333333334</LongitudeDegrees>
                        </Position>
                        <AltitudeMeters>4.368189006753542</AltitudeMeters>
                        <DistanceMeters>60.960086768835204</DistanceMeters>
                        <HeartRateBpm>
                            <Value>90</Value>
                        </HeartRateBpm>
                    </Trackpoint>
                    <Trackpoint>
                        <Time>2026-08-15T19:53:18.000+02:00</Time>
                        <Position>
                            <LatitudeDegrees>39.63448833333333</LatitudeDegrees>
                            <LongitudeDegrees>15.844523333333333</LongitudeDegrees>
                        </Position>
                        <AltitudeMeters>5.1382967819603005</AltitudeMeters>
                        <DistanceMeters>62.826324190056624</DistanceMeters>
                    </Trackpoint>
                    <Trackpoint>
                        <Time>2026-08-15T19:53:19.000+02:00</Time>
                        <Position>
                            <LatitudeDegrees>39.634495</LatitudeDegrees>
                            <LongitudeDegrees>15.844508333333334</LongitudeDegrees>
                        </Position>
                        <AltitudeMeters>5.923563329784104</AltitudeMeters>
                        <DistanceMeters>64.30940082212274</DistanceMeters>
                    </Trackpoint>
                    <Trackpoint>
                        <Time>2026-08-15T19:53:20.000+02:00</Time>
                        <Position>
                            <LatitudeDegrees>39.634501666666665</LatitudeDegrees>
                            <LongitudeDegrees>15.844495</LongitudeDegrees>
                        </Position>
                        <AltitudeMeters>6.68013406377823</AltitudeMeters>
                        <DistanceMeters>65.67073176261198</DistanceMeters>
                        <HeartRateBpm>
                            <Value>90</Value>
                        </HeartRateBpm>
                    </Trackpoint>
                    <Trackpoint>
                        <Time>2026-08-15T19:53:21.000+02:00</Time>
                        <Position>
                            <LatitudeDegrees>39.634508333333336</LatitudeDegrees>
                            <LongitudeDegrees>15.844481666666667</LongitudeDegrees>
                        </Position>
                        <AltitudeMeters>7.447891444432979</AltitudeMeters>
                        <DistanceMeters>67.03206261119117</DistanceMeters>
                        <HeartRateBpm>
                            <Value>91</Value>
                        </HeartRateBpm>
                    </Trackpoint>
                    <Trackpoint>
                        <Time>2026-08-15T19:53:22.000+02:00</Time>
                        <Position>
                            <LatitudeDegrees>39.63451666666667</LatitudeDegrees>
                            <LongitudeDegrees>15.844468333333333</LongitudeDegrees>
                        </Position>
                        <AltitudeMeters>8.264166332439972</AltitudeMeters>
                        <DistanceMeters>68.50254897938326</DistanceMeters>
                    </Trackpoint>
                    <Trackpoint>
                        <Time>2026-08-15T19:53:23.000+02:00</Time>
                        <Position>
                            <LatitudeDegrees>39.634526666666666</LatitudeDegrees>
                            <LongitudeDegrees>15.844455</LongitudeDegrees>
                        </Position>
                        <AltitudeMeters>9.042960636235199</AltitudeMeters>
                        <DistanceMeters>70.09632732423181</DistanceMeters>
                    </Trackpoint>
                    <Trackpoint>
                        <Time>2026-08-15T19:53:24.000+02:00</Time>
                        <Position>
                            <LatitudeDegrees>39.63453833333333</LatitudeDegrees>
                            <LongitudeDegrees>15.844443333333333</LongitudeDegrees>
                        </Position>
                        <AltitudeMeters>9.82506648295327</AltitudeMeters>
                        <DistanceMeters>71.73372348020563</DistanceMeters>
                        <HeartRateBpm>
                            <Value>91</Value>
                        </HeartRateBpm>
                    </Trackpoint>
                    <Trackpoint>
                        <Time>2026-08-15T19:53:25.000+02:00</Time>
                        <Position>
                            <LatitudeDegrees>39.63455</LatitudeDegrees>
                            <LongitudeDegrees>15.844433333333333</LongitudeDegrees>
                        </Position>
                        <AltitudeMeters>10.568179166738794</AltitudeMeters>
                        <DistanceMeters>73.28815362916464</DistanceMeters>
                        <HeartRateBpm>
                            <Value>91</Value>
                        </HeartRateBpm>
                    </Trackpoint>
                    <Trackpoint>
                        <Time>2026-08-15T19:53:26.000+02:00</Time>
                        <Position>
                            <LatitudeDegrees>39.63456333333333</LatitudeDegrees>
                            <LongitudeDegrees>15.844421666666667</LongitudeDegrees>
                        </Position>
                        <AltitudeMeters>11.31361196415861</AltitudeMeters>
                        <DistanceMeters>75.07595863668516</DistanceMeters>
                    </Trackpoint>
                    <Trackpoint>
                        <Time>2026-08-15T19:53:27.000+02:00</Time>
                        <Position>
                            <LatitudeDegrees>39.634575</LatitudeDegrees>
                            <LongitudeDegrees>15.844413333333334</LongitudeDegrees>
                        </Position>
                        <AltitudeMeters>12.019527660253432</AltitudeMeters>
                        <DistanceMeters>76.55656000079902</DistanceMeters>
                        <HeartRateBpm>
                            <Value>90</Value>
                        </HeartRateBpm>
                    </Trackpoint>
                    <Trackpoint>
                        <Time>2026-08-15T19:53:28.000+02:00</Time>
                        <Position>
                            <LatitudeDegrees>39.634586666666664</LatitudeDegrees>
                            <LongitudeDegrees>15.844406666666666</LongitudeDegrees>
                        </Position>
                        <AltitudeMeters>12.76791095809088</AltitudeMeters>
                        <DistanceMeters>77.9738985348369</DistanceMeters>
                    </Trackpoint>
                    <Trackpoint>
                        <Time>2026-08-15T19:53:29.000+02:00</Time>
                        <Position>
                            <LatitudeDegrees>39.63459833333334</LatitudeDegrees>
                            <LongitudeDegrees>15.8444</LongitudeDegrees>
                        </Position>
                        <AltitudeMeters>13.474182346241669</AltitudeMeters>
                        <DistanceMeters>79.39123703073864</DistanceMeters>
                    </Trackpoint>
                    <Trackpoint>
                        <Time>2026-08-15T19:53:30.000+02:00</Time>
                        <Position>
                            <LatitudeDegrees>39.63461</LatitudeDegrees>
                            <LongitudeDegrees>15.844395</LongitudeDegrees>
                        </Position>
                        <AltitudeMeters>14.140148128810836</AltitudeMeters>
                        <DistanceMeters>80.75734722749776</DistanceMeters>
                        <HeartRateBpm>
                            <Value>90</Value>
                        </HeartRateBpm>
                    </Trackpoint>
                    <Trackpoint>
                        <Time>2026-08-15T19:53:31.000+02:00</Time>
                        <Position>
                            <LatitudeDegrees>39.63462</LatitudeDegrees>
                            <LongitudeDegrees>15.84439</LongitudeDegrees>
                        </Position>
                        <AltitudeMeters>14.767752759852915</AltitudeMeters>
                        <DistanceMeters>81.94888681033876</DistanceMeters>
                    </Trackpoint>
                    <Trackpoint>
                        <Time>2026-08-15T19:53:32.000+02:00</Time>
                        <Position>
                            <LatitudeDegrees>39.63463</LatitudeDegrees>
                            <LongitudeDegrees>15.844385</LongitudeDegrees>
                        </Position>
                        <AltitudeMeters>15.359042482051501</AltitudeMeters>
                        <DistanceMeters>83.1404263710349</DistanceMeters>
                    </Trackpoint>
                    <Trackpoint>
                        <Time>2026-08-15T19:53:33.000+02:00</Time>
                        <Position>
                            <LatitudeDegrees>39.63464</LatitudeDegrees>
                            <LongitudeDegrees>15.844378333333333</LongitudeDegrees>
                        </Position>
                        <AltitudeMeters>15.916132684039626</AltitudeMeters>
                        <DistanceMeters>84.39036939926481</DistanceMeters>
                        <HeartRateBpm>
                            <Value>89</Value>
                        </HeartRateBpm>
                    </Trackpoint>
                    <Trackpoint>
                        <Time>2026-08-15T19:53:34.000+02:00</Time>
                        <Position>
                            <LatitudeDegrees>39.63465</LatitudeDegrees>
                            <LongitudeDegrees>15.84437</LongitudeDegrees>
                        </Position>
                        <AltitudeMeters>16.441178862491054</AltitudeMeters>
                        <DistanceMeters>85.71161458713063</DistanceMeters>
                    </Trackpoint>
                    <Trackpoint>
                        <Time>2026-08-15T19:53:35.000+02:00</Time>
                        <Position>
                            <LatitudeDegrees>39.63466</LatitudeDegrees>
                            <LongitudeDegrees>15.84436</LongitudeDegrees>
                        </Position>
                        <AltitudeMeters>16.936351032024515</AltitudeMeters>
                        <DistanceMeters>87.11509608038988</DistanceMeters>
                        <HeartRateBpm>
                            <Value>88</Value>
                        </HeartRateBpm>
                    </Trackpoint>
                    <Trackpoint>
                        <Time>2026-08-15T19:53:36.000+02:00</Time>
                        <Position>
                            <LatitudeDegrees>39.63466833333333</LatitudeDegrees>
                            <LongitudeDegrees>15.844348333333333</LongitudeDegrees>
                        </Position>
                        <AltitudeMeters>17.403811395713273</AltitudeMeters>
                        <DistanceMeters>88.47773041755232</DistanceMeters>
                    </Trackpoint>
                    <Trackpoint>
                        <Time>2026-08-15T19:53:37.000+02:00</Time>
                        <Position>
                            <LatitudeDegrees>39.63467833333333</LatitudeDegrees>
                            <LongitudeDegrees>15.844336666666667</LongitudeDegrees>
                        </Position>
                        <AltitudeMeters>17.885946209681187</AltitudeMeters>
                        <DistanceMeters>89.97257879478163</DistanceMeters>
                    </Trackpoint>
                    <Trackpoint>
                        <Time>2026-08-15T19:53:38.000+02:00</Time>
                        <Position>
                            <LatitudeDegrees>39.63468833333334</LatitudeDegrees>
                            <LongitudeDegrees>15.844326666666667</LongitudeDegrees>
                        </Position>
                        <AltitudeMeters>18.30163272574056</AltitudeMeters>
                        <DistanceMeters>91.37606007458436</DistanceMeters>
                        <HeartRateBpm>
                            <Value>88</Value>
                        </HeartRateBpm>
                    </Trackpoint>
                    <Trackpoint>
                        <Time>2026-08-15T19:53:39.000+02:00</Time>
                        <Position>
                            <LatitudeDegrees>39.63469833333333</LatitudeDegrees>
                            <LongitudeDegrees>15.844318333333334</LongitudeDegrees>
                        </Position>
                        <AltitudeMeters>18.69588586649228</AltitudeMeters>
                        <DistanceMeters>92.69730499268856</DistanceMeters>
                        <HeartRateBpm>
                            <Value>89</Value>
                        </HeartRateBpm>
                    </Trackpoint>
                    <Trackpoint>
                        <Time>2026-08-15T19:53:40.000+02:00</Time>
                        <Position>
                            <LatitudeDegrees>39.634708333333336</LatitudeDegrees>
                            <LongitudeDegrees>15.844311666666666</LongitudeDegrees>
                        </Position>
                        <AltitudeMeters>19.070693884858013</AltitudeMeters>
                        <DistanceMeters>93.94724776446965</DistanceMeters>
                    </Trackpoint>
                    <Trackpoint>
                        <Time>2026-08-15T19:53:41.000+02:00</Time>
                        <Position>
                            <LatitudeDegrees>39.63471833333333</LatitudeDegrees>
                            <LongitudeDegrees>15.844306666666666</LongitudeDegrees>
                        </Position>
                        <AltitudeMeters>19.38784913006948</AltitudeMeters>
                        <DistanceMeters>95.13878712802799</DistanceMeters>
                        <HeartRateBpm>
                            <Value>90</Value>
                        </HeartRateBpm>
                    </Trackpoint>
                    <Trackpoint>
                        <Time>2026-08-15T19:53:42.000+02:00</Time>
                        <Position>
                            <LatitudeDegrees>39.634726666666666</LatitudeDegrees>
                            <LongitudeDegrees>15.8443</LongitudeDegrees>
                        </Position>
                        <AltitudeMeters>19.692119484030286</AltitudeMeters>
                        <DistanceMeters>96.22716075440748</DistanceMeters>
                        <HeartRateBpm>
                            <Value>89</Value>
                        </HeartRateBpm>
                    </Trackpoint>
                    <Trackpoint>
                        <Time>2026-08-15T19:53:43.000+02:00</Time>
                        <Position>
                            <LatitudeDegrees>39.63473666666667</LatitudeDegrees>
                            <LongitudeDegrees>15.844295</LongitudeDegrees>
                        </Position>
                        <AltitudeMeters>19.94509026274973</AltitudeMeters>
                        <DistanceMeters>97.41870007774962</DistanceMeters>
                    </Trackpoint>
                    <Trackpoint>
                        <Time>2026-08-15T19:53:44.000+02:00</Time>
                        <Position>
                            <LatitudeDegrees>39.634745</LatitudeDegrees>
                            <LongitudeDegrees>15.84429</LongitudeDegrees>
                        </Position>
                        <AltitudeMeters>20.19128627798617</AltitudeMeters>
                        <DistanceMeters>98.4394675890289</DistanceMeters>
                        <HeartRateBpm>
                            <Value>88</Value>
                        </HeartRateBpm>
                    </Trackpoint>
                    <Trackpoint>
                        <Time>2026-08-15T19:53:45.000+02:00</Time>
                        <Position>
                            <LatitudeDegrees>39.634755</LatitudeDegrees>
                            <LongitudeDegrees>15.844285</LongitudeDegrees>
                        </Position>
                        <AltitudeMeters>20.392028921624693</AltitudeMeters>
                        <DistanceMeters>99.6310068710304</DistanceMeters>
                    </Trackpoint>
                    <Trackpoint>
                        <Time>2026-08-15T19:53:46.000+02:00</Time>
                        <Position>
                            <LatitudeDegrees>39.634766666666664</LatitudeDegrees>
                            <LongitudeDegrees>15.844281666666667</LongitudeDegrees>
                        </Position>
                        <AltitudeMeters>20.591555931207104</AltitudeMeters>
                        <DistanceMeters>100.95931625573755</DistanceMeters>
                    </Trackpoint>
                    <Trackpoint>
                        <Time>2026-08-15T19:53:47.000+02:00</Time>
                        <Position>
                            <LatitudeDegrees>39.63477666666667</LatitudeDegrees>
                            <LongitudeDegrees>15.84428</LongitudeDegrees>
                        </Position>
                        <AltitudeMeters>20.750891112451107</AltitudeMeters>
                        <DistanceMeters>102.08038946036281</DistanceMeters>
                        <HeartRateBpm>
                            <Value>88</Value>
                        </HeartRateBpm>
                    </Trackpoint>
                    <Trackpoint>
                        <Time>2026-08-15T19:53:48.000+02:00</Time>
                        <Position>
                            <LatitudeDegrees>39.63478666666666</LatitudeDegrees>
                            <LongitudeDegrees>15.844278333333333</LongitudeDegrees>
                        </Position>
                        <AltitudeMeters>20.91396200927708</AltitudeMeters>
                        <DistanceMeters>103.20146266162507</DistanceMeters>
                        <HeartRateBpm>
                            <Value>89</Value>
                        </HeartRateBpm>
                    </Trackpoint>
                    <Trackpoint>
                        <Time>2026-08-15T19:53:49.000+02:00</Time>
                        <Position>
                            <LatitudeDegrees>39.63479666666667</LatitudeDegrees>
                            <LongitudeDegrees>15.844276666666667</LongitudeDegrees>
                        </Position>
                        <AltitudeMeters>21.041479779202298</AltitudeMeters>
                        <DistanceMeters>104.32253586166371</DistanceMeters>
                    </Trackpoint>
                    <Trackpoint>
                        <Time>2026-08-15T19:53:50.000+02:00</Time>
                        <Position>
                            <LatitudeDegrees>39.63480666666667</LatitudeDegrees>
                            <LongitudeDegrees>15.844275</LongitudeDegrees>
                        </Position>
                        <AltitudeMeters>21.17705510897265</AltitudeMeters>
                        <DistanceMeters>105.44360905840868</DistanceMeters>
                        <HeartRateBpm>
                            <Value>90</Value>
                        </HeartRateBpm>
                    </Trackpoint>
                    <Trackpoint>
                        <Time>2026-08-15T19:53:51.000+02:00</Time>
                        <Position>
                            <LatitudeDegrees>39.634815</LatitudeDegrees>
                            <LongitudeDegrees>15.844273333333334</LongitudeDegrees>
                        </Position>
                        <AltitudeMeters>21.2810859569078</AltitudeMeters>
                        <DistanceMeters>106.3811619940028</DistanceMeters>
                    </Trackpoint>
                    <Trackpoint>
                        <Time>2026-08-15T19:53:52.000+02:00</Time>
                        <Position>
                            <LatitudeDegrees>39.634825</LatitudeDegrees>
                            <LongitudeDegrees>15.84427</LongitudeDegrees>
                        </Position>
                        <AltitudeMeters>21.356764816193422</AltitudeMeters>
                        <DistanceMeters>107.5291668921374</DistanceMeters>
                        <HeartRateBpm>
                            <Value>91</Value>
                        </HeartRateBpm>
                    </Trackpoint>
                    <Trackpoint>
                        <Time>2026-08-15T19:53:53.000+02:00</Time>
                        <Position>
                            <LatitudeDegrees>39.634835</LatitudeDegrees>
                            <LongitudeDegrees>15.844268333333334</LongitudeDegrees>
                        </Position>
                        <AltitudeMeters>21.407127029494834</AltitudeMeters>
                        <DistanceMeters>108.65024008210676</DistanceMeters>
                    </Trackpoint>
                    <Trackpoint>
                        <Time>2026-08-15T19:53:54.000+02:00</Time>
                        <Position>
                            <LatitudeDegrees>39.63484666666667</LatitudeDegrees>
                            <LongitudeDegrees>15.844266666666666</LongitudeDegrees>
                        </Position>
                        <AltitudeMeters>21.47515008137731</AltitudeMeters>
                        <DistanceMeters>109.95534372698341</DistanceMeters>
                    </Trackpoint>
                    <Trackpoint>
                        <Time>2026-08-15T19:53:55.000+02:00</Time>
                        <Position>
                            <LatitudeDegrees>39.634856666666664</LatitudeDegrees>
                            <LongitudeDegrees>15.844265</LongitudeDegrees>
                        </Position>
                        <AltitudeMeters>21.520595481395087</AltitudeMeters>
                        <DistanceMeters>111.07641690985832</DistanceMeters>
                        <HeartRateBpm>
                            <Value>91</Value>
                        </HeartRateBpm>
                    </Trackpoint>
                    <Trackpoint>
                        <Time>2026-08-15T19:53:56.000+02:00</Time>
                        <Position>
                            <LatitudeDegrees>39.63486833333333</LatitudeDegrees>
                            <LongitudeDegrees>15.844263333333334</LongitudeDegrees>
                        </Position>
                        <AltitudeMeters>21.5460183665288</AltitudeMeters>
                        <DistanceMeters>112.38152054984617</DistanceMeters>
                        <HeartRateBpm>
                            <Value>90</Value>
                        </HeartRateBpm>
                    </Trackpoint>
                    <Trackpoint>
                        <Time>2026-08-15T19:53:57.000+02:00</Time>
                        <Position>
                            <LatitudeDegrees>39.63488</LatitudeDegrees>
                            <LongitudeDegrees>15.844261666666666</LongitudeDegrees>
                        </Position>
                        <AltitudeMeters>21.553823305311276</AltitudeMeters>
                        <DistanceMeters>113.68662418863754</DistanceMeters>
                    </Trackpoint>
                    <Trackpoint>
                        <Time>2026-08-15T19:53:58.000+02:00</Time>
                        <Position>
                            <LatitudeDegrees>39.63489166666667</LatitudeDegrees>
                            <LongitudeDegrees>15.844258333333332</LongitudeDegrees>
                        </Position>
                        <AltitudeMeters>21.546261774378046</AltitudeMeters>
                        <DistanceMeters>115.01493346255573</DistanceMeters>
                        <HeartRateBpm>
                            <Value>89</Value>
                        </HeartRateBpm>
                    </Trackpoint>
                    <Trackpoint>
                        <Time>2026-08-15T19:53:59.000+02:00</Time>
                        <Position>
                            <LatitudeDegrees>39.634901666666664</LatitudeDegrees>
                            <LongitudeDegrees>15.844255</LongitudeDegrees>
                        </Position>
                        <AltitudeMeters>21.525431389252965</AltitudeMeters>
                        <DistanceMeters>116.16293828195825</DistanceMeters>
                    </Trackpoint>
                    <Trackpoint>
                        <Time>2026-08-15T19:54:00.000+02:00</Time>
                        <Position>
                            <LatitudeDegrees>39.63491333333333</LatitudeDegrees>
                            <LongitudeDegrees>15.844253333333333</LongitudeDegrees>
                        </Position>
                        <AltitudeMeters>21.493276666145547</AltitudeMeters>
                        <DistanceMeters>117.46804191179244</DistanceMeters>
                        <HeartRateBpm>
                            <Value>88</Value>
                        </HeartRateBpm>
                    </Trackpoint>
                    <Trackpoint>
                        <Time>2026-08-15T19:54:01.000+02:00</Time>
                        <Position>
                            <LatitudeDegrees>39.634925</LatitudeDegrees>
                            <LongitudeDegrees>15.844251666666667</LongitudeDegrees>
                        </Position>
                        <AltitudeMeters>21.451591106629763</AltitudeMeters>
                        <DistanceMeters>118.77314554040036</DistanceMeters>
                    </Trackpoint>
                    <Trackpoint>
                        <Time>2026-08-15T19:54:02.000+02:00</Time>
                        <Position>
                            <LatitudeDegrees>39.634935</LatitudeDegrees>
                            <LongitudeDegrees>15.84425</LongitudeDegrees>
                        </Position>
                        <AltitudeMeters>21.402020412082955</AltitudeMeters>
                        <DistanceMeters>119.89421870269894</DistanceMeters>
                    </Trackpoint>
                    <Trackpoint>
                        <Time>2026-08-15T19:54:03.000+02:00</Time>
                        <Position>
                            <LatitudeDegrees>39.634946666666664</LatitudeDegrees>
                            <LongitudeDegrees>15.844248333333333</LongitudeDegrees>
                        </Position>
                        <AltitudeMeters>21.34606664957836</AltitudeMeters>
                        <DistanceMeters>121.19932232504168</DistanceMeters>
                        <HeartRateBpm>
                            <Value>88</Value>
                        </HeartRateBpm>
                    </Trackpoint>
                    <Trackpoint>
                        <Time>2026-08-15T19:54:04.000+02:00</Time>
                        <Position>
                            <LatitudeDegrees>39.63495666666667</LatitudeDegrees>
                            <LongitudeDegrees>15.844246666666667</LongitudeDegrees>
                        </Position>
                        <AltitudeMeters>21.285093205446845</AltitudeMeters>
                        <DistanceMeters>122.3203954823505</DistanceMeters>
                        <HeartRateBpm>
                            <Value>87</Value>
                        </HeartRateBpm>
                    </Trackpoint>
                    <Trackpoint>
                        <Time>2026-08-15T19:54:05.000+02:00</Time>
                        <Position>
                            <LatitudeDegrees>39.63497</LatitudeDegrees>
                            <LongitudeDegrees>15.844243333333333</LongitudeDegrees>
                        </Position>
                        <AltitudeMeters>21.220330376865164</AltitudeMeters>
                        <DistanceMeters>123.83022547916279</DistanceMeters>
                    </Trackpoint>
                    <Trackpoint>
                        <Time>2026-08-15T19:54:06.000+02:00</Time>
                        <Position>
                            <LatitudeDegrees>39.63498166666667</LatitudeDegrees>
                            <LongitudeDegrees>15.84424</LongitudeDegrees>
                        </Position>
                        <AltitudeMeters>21.152881465513484</AltitudeMeters>
                        <DistanceMeters>125.15853467321222</DistanceMeters>
                    </Trackpoint>
                    <Trackpoint>
                        <Time>2026-08-15T19:54:07.000+02:00</Time>
                        <Position>
                            <LatitudeDegrees>39.634995</LatitudeDegrees>
                            <LongitudeDegrees>15.844236666666667</LongitudeDegrees>
                        </Position>
                        <AltitudeMeters>21.0837292505088</AltitudeMeters>
                        <DistanceMeters>126.66836464982576</DistanceMeters>
                        <HeartRateBpm>
                            <Value>87</Value>
                        </HeartRateBpm>
                    </Trackpoint>
                    <Trackpoint>
                        <Time>2026-08-15T19:54:08.000+02:00</Time>
                        <Position>
                            <LatitudeDegrees>39.63500833333333</LatitudeDegrees>
                            <LongitudeDegrees>15.844235</LongitudeDegrees>
                        </Position>
                        <AltitudeMeters>21.01374273041037</AltitudeMeters>
                        <DistanceMeters>128.1578198192495</DistanceMeters>
                    </Trackpoint>
                    <Trackpoint>
                        <Time>2026-08-15T19:54:09.000+02:00</Time>
                        <Position>
                            <LatitudeDegrees>39.63502</LatitudeDegrees>
                            <LongitudeDegrees>15.844233333333333</LongitudeDegrees>
                        </Position>
                        <AltitudeMeters>20.943684036065626</AltitudeMeters>
                        <DistanceMeters>129.46292342501576</DistanceMeters>
                    </Trackpoint>
                    <Trackpoint>
                        <Time>2026-08-15T19:54:10.000+02:00</Time>
                        <Position>
                            <LatitudeDegrees>39.63503166666667</LatitudeDegrees>
                            <LongitudeDegrees>15.844233333333333</LongitudeDegrees>
                        </Position>
                        <AltitudeMeters>20.874215427388403</AltitudeMeters>
                        <DistanceMeters>130.76019960583366</DistanceMeters>
                        <HeartRateBpm>
                            <Value>87</Value>
                        </HeartRateBpm>
                    </Trackpoint>
                    <Trackpoint>
                        <Time>2026-08-15T19:54:11.000+02:00</Time>
                        <Position>
                            <LatitudeDegrees>39.635043333333336</LatitudeDegrees>
                            <LongitudeDegrees>15.844233333333333</LongitudeDegrees>
                        </Position>
                        <AltitudeMeters>20.80590629781375</AltitudeMeters>
                        <DistanceMeters>132.05747578594426</DistanceMeters>
                        <HeartRateBpm>
                            <Value>88</Value>
                        </HeartRateBpm>
                    </Trackpoint>
                    <Trackpoint>
                        <Time>2026-08-15T19:54:12.000+02:00</Time>
                        <Position>
                            <LatitudeDegrees>39.635055</LatitudeDegrees>
                            <LongitudeDegrees>15.844231666666667</LongitudeDegrees>
                        </Position>
                        <AltitudeMeters>20.739240120141613</AltitudeMeters>
                        <DistanceMeters>133.3625793845163</DistanceMeters>
                    </Trackpoint>
                    <Trackpoint>
                        <Time>2026-08-15T19:54:13.000+02:00</Time>
                        <Position>
                            <LatitudeDegrees>39.63506666666667</LatitudeDegrees>
                            <LongitudeDegrees>15.84423</LongitudeDegrees>
                        </Position>
                        <AltitudeMeters>20.674621276760913</AltitudeMeters>
                        <DistanceMeters>134.66768297978257</DistanceMeters>
                        <HeartRateBpm>
                            <Value>87</Value>
                        </HeartRateBpm>
                    </Trackpoint>
                    <Trackpoint>
                        <Time>2026-08-15T19:54:14.000+02:00</Time>
                        <Position>
                            <LatitudeDegrees>39.63507666666667</LatitudeDegrees>
                            <LongitudeDegrees>15.844223333333334</LongitudeDegrees>
                        </Position>
                        <AltitudeMeters>20.612381725837793</AltitudeMeters>
                        <DistanceMeters>135.91762436249684</DistanceMeters>
                    </Trackpoint>
                    <Trackpoint>
                        <Time>2026-08-15T19:54:15.000+02:00</Time>
                        <Position>
                            <LatitudeDegrees>39.635083333333334</LatitudeDegrees>
                            <LongitudeDegrees>15.844215</LongitudeDegrees>
                        </Position>
                        <AltitudeMeters>20.552787462966272</AltitudeMeters>
                        <DistanceMeters>136.94659184404892</DistanceMeters>
                    </Trackpoint>
                    <Trackpoint>
                        <Time>2026-08-15T19:54:16.000+02:00</Time>
                        <Position>
                            <LatitudeDegrees>39.635086666666666</LatitudeDegrees>
                            <LongitudeDegrees>15.844203333333333</LongitudeDegrees>
                        </Position>
                        <AltitudeMeters>20.455938704050688</AltitudeMeters>
                        <DistanceMeters>138.01219327519578</DistanceMeters>
                        <HeartRateBpm>
                            <Value>87</Value>
                        </HeartRateBpm>
                    </Trackpoint>
                    <Trackpoint>
                        <Time>2026-08-15T19:54:17.000+02:00</Time>
                        <Position>
                            <LatitudeDegrees>39.635086666666666</LatitudeDegrees>
                            <LongitudeDegrees>15.844186666666667</LongitudeDegrees>
                        </Position>
                        <AltitudeMeters>20.364926355060994</AltitudeMeters>
                        <DistanceMeters>139.4394245675113</DistanceMeters>
                    </Trackpoint>
                    <Trackpoint>
                        <Time>2026-08-15T19:54:18.000+02:00</Time>
                        <Position>
                            <LatitudeDegrees>39.635085</LatitudeDegrees>
                            <LongitudeDegrees>15.84417</LongitudeDegrees>
                        </Position>
                        <AltitudeMeters>20.27982839881558</AltitudeMeters>
                        <DistanceMeters>140.878637765702</DistanceMeters>
                    </Trackpoint>
                    <Trackpoint>
                        <Time>2026-08-15T19:54:19.000+02:00</Time>
                        <Position>
                            <LatitudeDegrees>39.635081666666665</LatitudeDegrees>
                            <LongitudeDegrees>15.844151666666667</LongitudeDegrees>
                        </Position>
                        <AltitudeMeters>20.16055138940634</AltitudeMeters>
                        <DistanceMeters>142.49175239161647</DistanceMeters>
                        <HeartRateBpm>
                            <Value>88</Value>
                        </HeartRateBpm>
                    </Trackpoint>
                    <Trackpoint>
                        <Time>2026-08-15T19:54:20.000+02:00</Time>
                        <Position>
                            <LatitudeDegrees>39.63507833333333</LatitudeDegrees>
                            <LongitudeDegrees>15.844135</LongitudeDegrees>
                        </Position>
                        <AltitudeMeters>20.049989456042688</AltitudeMeters>
                        <DistanceMeters>143.96632732275924</DistanceMeters>
                    </Trackpoint>
                    <Trackpoint>
                        <Time>2026-08-15T19:54:21.000+02:00</Time>
                        <Position>
                            <LatitudeDegrees>39.635075</LatitudeDegrees>
                            <LongitudeDegrees>15.844118333333334</LongitudeDegrees>
                        </Position>
                        <AltitudeMeters>19.948022948831245</AltitudeMeters>
                        <DistanceMeters>145.44090232020673</DistanceMeters>
                    </Trackpoint>
                    <Trackpoint>
                        <Time>2026-08-15T19:54:22.000+02:00</Time>
                        <Position>
                            <LatitudeDegrees>39.63507</LatitudeDegrees>
                            <LongitudeDegrees>15.844103333333333</LongitudeDegrees>
                        </Position>
                        <AltitudeMeters>19.814361889909186</AltitudeMeters>
                        <DistanceMeters>146.84057037404386</DistanceMeters>
                        <HeartRateBpm>
                            <Value>88</Value>
                        </HeartRateBpm>
                    </Trackpoint>
                    <Trackpoint>
                        <Time>2026-08-15T19:54:23.000+02:00</Time>
                        <Position>
                            <LatitudeDegrees>39.635063333333335</LatitudeDegrees>
                            <LongitudeDegrees>15.844088333333334</LongitudeDegrees>
                        </Position>
                        <AltitudeMeters>19.69170664330765</AltitudeMeters>
                        <DistanceMeters>148.32363775780462</DistanceMeters>
                        <HeartRateBpm>
                            <Value>88</Value>
                        </HeartRateBpm>
                    </Trackpoint>
                    <Trackpoint>
                        <Time>2026-08-15T19:54:24.000+02:00</Time>
                        <Position>
                            <LatitudeDegrees>39.635055</LatitudeDegrees>
                            <LongitudeDegrees>15.844076666666666</LongitudeDegrees>
                        </Position>
                        <AltitudeMeters>19.579748020586454</AltitudeMeters>
                        <DistanceMeters>149.6862679116612</DistanceMeters>
                    </Trackpoint>
                    <Trackpoint>
                        <Time>2026-08-15T19:54:25.000+02:00</Time>
                        <Position>
                            <LatitudeDegrees>39.635045</LatitudeDegrees>
                            <LongitudeDegrees>15.844068333333333</LongitudeDegrees>
                        </Position>
                        <AltitudeMeters>19.438011940593746</AltitudeMeters>
                        <DistanceMeters>151.00751084345717</DistanceMeters>
                    </Trackpoint>
                    <Trackpoint>
                        <Time>2026-08-15T19:54:26.000+02:00</Time>
                        <Position>
                            <LatitudeDegrees>39.635035</LatitudeDegrees>
                            <LongitudeDegrees>15.84406</LongitudeDegrees>
                        </Position>
                        <AltitudeMeters>19.309021077535537</AltitudeMeters>
                        <DistanceMeters>152.32875382978284</DistanceMeters>
                        <HeartRateBpm>
                            <Value>88</Value>
                        </HeartRateBpm>
                    </Trackpoint>
                    <Trackpoint>
                        <Time>2026-08-15T19:54:27.000+02:00</Time>
                        <Position>
                            <LatitudeDegrees>39.635025</LatitudeDegrees>
                            <LongitudeDegrees>15.844051666666667</LongitudeDegrees>
                        </Position>
                        <AltitudeMeters>19.19229579625241</AltitudeMeters>
                        <DistanceMeters>153.6499968725711</DistanceMeters>
                    </Trackpoint>
                    <Trackpoint>
                        <Time>2026-08-15T19:54:28.000+02:00</Time>
                        <Position>
                            <LatitudeDegrees>39.63501333333333</LatitudeDegrees>
                            <LongitudeDegrees>15.844045</LongitudeDegrees>
                        </Position>
                        <AltitudeMeters>19.087305459963233</AltitudeMeters>
                        <DistanceMeters>155.06733394945283</DistanceMeters>
                    </Trackpoint>
                    <Trackpoint>
                        <Time>2026-08-15T19:54:29.000+02:00</Time>
                        <Position>
                            <LatitudeDegrees>39.63500333333333</LatitudeDegrees>
                            <LongitudeDegrees>15.844036666666666</LongitudeDegrees>
                        </Position>
                        <AltitudeMeters>18.953374087631303</AltitudeMeters>
                        <DistanceMeters>156.38857711341646</DistanceMeters>
                        <HeartRateBpm>
                            <Value>88</Value>
                        </HeartRateBpm>
                    </Trackpoint>
                    <Trackpoint>
                        <Time>2026-08-15T19:54:30.000+02:00</Time>
                        <Position>
                            <LatitudeDegrees>39.634993333333334</LatitudeDegrees>
                            <LongitudeDegrees>15.84403</LongitudeDegrees>
                        </Position>
                        <AltitudeMeters>18.832841281904372</AltitudeMeters>
                        <DistanceMeters>157.6385187719329</DistanceMeters>
                        <HeartRateBpm>
                            <Value>89</Value>
                        </HeartRateBpm>
                    </Trackpoint>
                    <Trackpoint>
                        <Time>2026-08-15T19:54:31.000+02:00</Time>
                        <Position>
                            <LatitudeDegrees>39.634985</LatitudeDegrees>
                            <LongitudeDegrees>15.844023333333332</LongitudeDegrees>
                        </Position>
                        <AltitudeMeters>18.725062409039705</AltitudeMeters>
                        <DistanceMeters>158.72689124388643</DistanceMeters>
                    </Trackpoint>
                    <Trackpoint>
                        <Time>2026-08-15T19:54:32.000+02:00</Time>
                        <Position>
                            <LatitudeDegrees>39.634975</LatitudeDegrees>
                            <LongitudeDegrees>15.844016666666667</LongitudeDegrees>
                        </Position>
                        <AltitudeMeters>18.589253040271487</AltitudeMeters>
                        <DistanceMeters>159.97683297213993</DistanceMeters>
                    </Trackpoint>
                    <Trackpoint>
                        <Time>2026-08-15T19:54:33.000+02:00</Time>
                        <Position>
                            <LatitudeDegrees>39.634966666666664</LatitudeDegrees>
                            <LongitudeDegrees>15.84401</LongitudeDegrees>
                        </Position>
                        <AltitudeMeters>18.46765014608457</AltitudeMeters>
                        <DistanceMeters>161.06520552346035</DistanceMeters>
                        <HeartRateBpm>
                            <Value>89</Value>
                        </HeartRateBpm>
                    </Trackpoint>
                    <Trackpoint>
                        <Time>2026-08-15T19:54:34.000+02:00</Time>
                        <Position>
                            <LatitudeDegrees>39.63495833333333</LatitudeDegrees>
                            <LongitudeDegrees>15.843998333333333</LongitudeDegrees>
                        </Position>
                        <AltitudeMeters>18.35951247774123</AltitudeMeters>
                        <DistanceMeters>162.427836701445</DistanceMeters>
                    </Trackpoint>
                    <Trackpoint>
                        <Time>2026-08-15T19:54:35.000+02:00</Time>
                        <Position>
                            <LatitudeDegrees>39.63495</LatitudeDegrees>
                            <LongitudeDegrees>15.843983333333334</LongitudeDegrees>
                        </Position>
                        <AltitudeMeters>18.264071121880008</AltitudeMeters>
                        <DistanceMeters>164.01169370062559</DistanceMeters>
                    </Trackpoint>
                    <Trackpoint>
                        <Time>2026-08-15T19:54:36.000+02:00</Time>
                        <Position>
                            <LatitudeDegrees>39.63494166666667</LatitudeDegrees>
                            <LongitudeDegrees>15.843966666666667</LongitudeDegrees>
                        </Position>
                        <AltitudeMeters>18.140434305985245</AltitudeMeters>
                        <DistanceMeters>165.71334963237055</DistanceMeters>
                        <HeartRateBpm>
                            <Value>89</Value>
                        </HeartRateBpm>
                    </Trackpoint>
                    <Trackpoint>
                        <Time>2026-08-15T19:54:37.000+02:00</Time>
                        <Position>
                            <LatitudeDegrees>39.634935</LatitudeDegrees>
                            <LongitudeDegrees>15.843946666666668</LongitudeDegrees>
                        </Position>
                        <AltitudeMeters>18.03074734837379</AltitudeMeters>
                        <DistanceMeters>167.5795767525839</DistanceMeters>
                    </Trackpoint>
                    <Trackpoint>
                        <Time>2026-08-15T19:54:38.000+02:00</Time>
                        <Position>
                            <LatitudeDegrees>39.634928333333335</LatitudeDegrees>
                            <LongitudeDegrees>15.843926666666666</LongitudeDegrees>
                        </Position>
                        <AltitudeMeters>17.934191834328995</AltitudeMeters>
                        <DistanceMeters>169.44580402399865</DistanceMeters>
                    </Trackpoint>
                    <Trackpoint>
                        <Time>2026-08-15T19:54:39.000+02:00</Time>
                        <Position>
                            <LatitudeDegrees>39.634925</LatitudeDegrees>
                            <LongitudeDegrees>15.843905</LongitudeDegrees>
                        </Position>
                        <AltitudeMeters>17.849934974615554</AltitudeMeters>
                        <DistanceMeters>171.337868843882</DistanceMeters>
                        <HeartRateBpm>
                            <Value>89</Value>
                        </HeartRateBpm>
                    </Trackpoint>
                    <Trackpoint>
                        <Time>2026-08-15T19:54:40.000+02:00</Time>
                        <Position>
                            <LatitudeDegrees>39.63492166666666</LatitudeDegrees>
                            <LongitudeDegrees>15.843885</LongitudeDegrees>
                        </Position>
                        <AltitudeMeters>17.77713926097625</AltitudeMeters>
                        <DistanceMeters>173.09019869831292</DistanceMeters>
                    </Trackpoint>
                    <Trackpoint>
                        <Time>2026-08-15T19:54:41.000+02:00</Time>
                        <Position>
                            <LatitudeDegrees>39.63492</LatitudeDegrees>
                            <LongitudeDegrees>15.843866666666667</LongitudeDegrees>
                        </Position>
                        <AltitudeMeters>17.674864885363775</AltitudeMeters>
                        <DistanceMeters>174.6710573644651</DistanceMeters>
                    </Trackpoint>
                    <Trackpoint>
                        <Time>2026-08-15T19:54:42.000+02:00</Time>
                        <Position>
                            <LatitudeDegrees>39.63491666666667</LatitudeDegrees>
                            <LongitudeDegrees>15.843846666666666</LongitudeDegrees>
                        </Position>
                        <AltitudeMeters>17.58522741923942</AltitudeMeters>
                        <DistanceMeters>176.42338733974265</DistanceMeters>
                        <HeartRateBpm>
                            <Value>89</Value>
                        </HeartRateBpm>
                    </Trackpoint>
                    <Trackpoint>
                        <Time>2026-08-15T19:54:43.000+02:00</Time>
                        <Position>
                            <LatitudeDegrees>39.63491333333333</LatitudeDegrees>
                            <LongitudeDegrees>15.843828333333333</LongitudeDegrees>
                        </Position>
                        <AltitudeMeters>17.507394860563043</AltitudeMeters>
                        <DistanceMeters>178.03650568428992</DistanceMeters>
                    </Trackpoint>
                    <Trackpoint>
                        <Time>2026-08-15T19:54:44.000+02:00</Time>
                        <Position>
                            <LatitudeDegrees>39.63491</LatitudeDegrees>
                            <LongitudeDegrees>15.84381</LongitudeDegrees>
                        </Position>
                        <AltitudeMeters>17.440534984622552</AltitudeMeters>
                        <DistanceMeters>179.64962410214181</DistanceMeters>
                    </Trackpoint>
                    <Trackpoint>
                        <Time>2026-08-15T19:54:45.000+02:00</Time>
                        <Position>
                            <LatitudeDegrees>39.634905</LatitudeDegrees>
                            <LongitudeDegrees>15.843791666666666</LongitudeDegrees>
                        </Position>
                        <AltitudeMeters>17.343717121371167</AltitudeMeters>
                        <DistanceMeters>181.31512054975715</DistanceMeters>
                        <HeartRateBpm>
                            <Value>89</Value>
                        </HeartRateBpm>
                    </Trackpoint>
                    <Trackpoint>
                        <Time>2026-08-15T19:54:46.000+02:00</Time>
                        <Position>
                            <LatitudeDegrees>39.634901666666664</LatitudeDegrees>
                            <LongitudeDegrees>15.843773333333333</LongitudeDegrees>
                        </Position>
                        <AltitudeMeters>17.25906923937541</AltitudeMeters>
                        <DistanceMeters>182.9282391515808</DistanceMeters>
                        <HeartRateBpm>
                            <Value>88</Value>
                        </HeartRateBpm>
                    </Trackpoint>
                    <Trackpoint>
                        <Time>2026-08-15T19:54:47.000+02:00</Time>
                        <Position>
                            <LatitudeDegrees>39.63489666666667</LatitudeDegrees>
                            <LongitudeDegrees>15.843755</LongitudeDegrees>
                        </Position>
                        <AltitudeMeters>17.145668443482187</AltitudeMeters>
                        <DistanceMeters>184.59373577748153</DistanceMeters>
                    </Trackpoint>
                    <Trackpoint>
                        <Time>2026-08-15T19:54:48.000+02:00</Time>
                        <Position>
                            <LatitudeDegrees>39.63489166666667</LatitudeDegrees>
                            <LongitudeDegrees>15.843738333333333</LongitudeDegrees>
                        </Position>
                        <AltitudeMeters>17.045638223456862</AltitudeMeters>
                        <DistanceMeters>186.1254372050603</DistanceMeters>
                    </Trackpoint>
                    <Trackpoint>
                        <Time>2026-08-15T19:54:49.000+02:00</Time>
                        <Position>
                            <LatitudeDegrees>39.634888333333336</LatitudeDegrees>
                            <LongitudeDegrees>15.843721666666667</LongitudeDegrees>
                        </Position>
                        <AltitudeMeters>16.95814661618331</AltitudeMeters>
                        <DistanceMeters>187.6000159303273</DistanceMeters>
                        <HeartRateBpm>
                            <Value>88</Value>
                        </HeartRateBpm>
                    </Trackpoint>
                    <Trackpoint>
                        <Time>2026-08-15T19:54:50.000+02:00</Time>
                        <Position>
                            <LatitudeDegrees>39.634885</LatitudeDegrees>
                            <LongitudeDegrees>15.843705</LongitudeDegrees>
                        </Position>
                        <AltitudeMeters>16.8422485890123</AltitudeMeters>
                        <DistanceMeters>189.07459472260376</DistanceMeters>
                    </Trackpoint>
                    <Trackpoint>
                        <Time>2026-08-15T19:54:51.000+02:00</Time>
                        <Position>
                            <LatitudeDegrees>39.634881666666665</LatitudeDegrees>
                            <LongitudeDegrees>15.843688333333333</LongitudeDegrees>
                        </Position>
                        <AltitudeMeters>16.74004518629266</AltitudeMeters>
                        <DistanceMeters>190.54917358127054</DistanceMeters>
                        <HeartRateBpm>
                            <Value>89</Value>
                        </HeartRateBpm>
                    </Trackpoint>
                    <Trackpoint>
                        <Time>2026-08-15T19:54:52.000+02:00</Time>
                        <Position>
                            <LatitudeDegrees>39.63487833333333</LatitudeDegrees>
                            <LongitudeDegrees>15.843671666666667</LongitudeDegrees>
                        </Position>
                        <AltitudeMeters>16.6105759358734</AltitudeMeters>
                        <DistanceMeters>192.02375250624175</DistanceMeters>
                    </Trackpoint>
                    <Trackpoint>
                        <Time>2026-08-15T19:54:53.000+02:00</Time>
                        <Position>
                            <LatitudeDegrees>39.63487166666667</LatitudeDegrees>
                            <LongitudeDegrees>15.843656666666666</LongitudeDegrees>
                        </Position>
                        <AltitudeMeters>16.495917852706157</AltitudeMeters>
                        <DistanceMeters>193.5068229732529</DistanceMeters>
                        <HeartRateBpm>
                            <Value>90</Value>
                        </HeartRateBpm>
                    </Trackpoint>
                    <Trackpoint>
                        <Time>2026-08-15T19:54:54.000+02:00</Time>
                        <Position>
                            <LatitudeDegrees>39.634865</LatitudeDegrees>
                            <LongitudeDegrees>15.843641666666667</LongitudeDegrees>
                        </Position>
                        <AltitudeMeters>16.39518520824863</AltitudeMeters>
                        <DistanceMeters>194.98989354725092</DistanceMeters>
                    </Trackpoint>
                    <Trackpoint>
                        <Time>2026-08-15T19:54:55.000+02:00</Time>
                        <Position>
                            <LatitudeDegrees>39.634858333333334</LatitudeDegrees>
                            <LongitudeDegrees>15.843626666666667</LongitudeDegrees>
                        </Position>
                        <AltitudeMeters>16.26737337646292</AltitudeMeters>
                        <DistanceMeters>196.4729642281182</DistanceMeters>
                        <HeartRateBpm>
                            <Value>91</Value>
                        </HeartRateBpm>
                    </Trackpoint>
                    <Trackpoint>
                        <Time>2026-08-15T19:54:56.000+02:00</Time>
                        <Position>
                            <LatitudeDegrees>39.63485166666667</LatitudeDegrees>
                            <LongitudeDegrees>15.843611666666666</LongitudeDegrees>
                        </Position>
                        <AltitudeMeters>16.154519304396914</AltitudeMeters>
                        <DistanceMeters>197.95603501644413</DistanceMeters>
                    </Trackpoint>
                    <Trackpoint>
                        <Time>2026-08-15T19:54:57.000+02:00</Time>
                        <Position>
                            <LatitudeDegrees>39.634845</LatitudeDegrees>
                            <LongitudeDegrees>15.843598333333333</LongitudeDegrees>
                        </Position>
                        <AltitudeMeters>16.055701115867123</AltitudeMeters>
                        <DistanceMeters>199.31736111180618</DistanceMeters>
                        <HeartRateBpm>
                            <Value>92</Value>
                        </HeartRateBpm>
                    </Trackpoint>
                    <Trackpoint>
                        <Time>2026-08-15T19:54:58.000+02:00</Time>
                        <Position>
                            <LatitudeDegrees>39.634838333333335</LatitudeDegrees>
                            <LongitudeDegrees>15.843583333333333</LongitudeDegrees>
                        </Position>
                        <AltitudeMeters>15.929881777048507</AltitudeMeters>
                        <DistanceMeters>200.80043211434176</DistanceMeters>
                    </Trackpoint>
                    <Trackpoint>
                        <Time>2026-08-15T19:54:59.000+02:00</Time>
                        <Position>
                            <LatitudeDegrees>39.63483333333333</LatitudeDegrees>
                            <LongitudeDegrees>15.843566666666666</LongitudeDegrees>
                        </Position>
                        <AltitudeMeters>15.819069375607768</AltitudeMeters>
                        <DistanceMeters>202.33213466341644</DistanceMeters>
                        <HeartRateBpm>
                            <Value>93</Value>
                        </HeartRateBpm>
                    </Trackpoint>
                    <Trackpoint>
                        <Time>2026-08-15T19:55:00.000+02:00</Time>
                        <Position>
                            <LatitudeDegrees>39.63483</LatitudeDegrees>
                            <LongitudeDegrees>15.84355</LongitudeDegrees>
                        </Position>
                        <AltitudeMeters>15.722316525140291</AltitudeMeters>
                        <DistanceMeters>203.80671455380195</DistanceMeters>
                    </Trackpoint>
                    <Trackpoint>
                        <Time>2026-08-15T19:55:01.000+02:00</Time>
                        <Position>
                            <LatitudeDegrees>39.634825</LatitudeDegrees>
                            <LongitudeDegrees>15.843533333333333</LongitudeDegrees>
                        </Position>
                        <AltitudeMeters>15.63866983230341</AltitudeMeters>
                        <DistanceMeters>205.33841726309024</DistanceMeters>
                        <HeartRateBpm>
                            <Value>95</Value>
                        </HeartRateBpm>
                    </Trackpoint>
                    <Trackpoint>
                        <Time>2026-08-15T19:55:02.000+02:00</Time>
                        <Position>
                            <LatitudeDegrees>39.63482166666667</LatitudeDegrees>
                            <LongitudeDegrees>15.843518333333334</LongitudeDegrees>
                        </Position>
                        <AltitudeMeters>15.56717957210182</AltitudeMeters>
                        <DistanceMeters>206.67533740133638</DistanceMeters>
                    </Trackpoint>
                    <Trackpoint>
                        <Time>2026-08-15T19:55:03.000+02:00</Time>
                        <Position>
                            <LatitudeDegrees>39.634818333333335</LatitudeDegrees>
                            <LongitudeDegrees>15.843503333333333</LongitudeDegrees>
                        </Position>
                        <AltitudeMeters>15.466802046859947</AltitudeMeters>
                        <DistanceMeters>208.01225759931634</DistanceMeters>
                        <HeartRateBpm>
                            <Value>96</Value>
                        </HeartRateBpm>
                    </Trackpoint>
                    <Trackpoint>
                        <Time>2026-08-15T19:55:04.000+02:00</Time>
                        <Position>
                            <LatitudeDegrees>39.634813333333334</LatitudeDegrees>
                            <LongitudeDegrees>15.84349</LongitudeDegrees>
                        </Position>
                        <AltitudeMeters>15.379557132523725</AltitudeMeters>
                        <DistanceMeters>209.28221509295184</DistanceMeters>
                    </Trackpoint>
                    <Trackpoint>
                        <Time>2026-08-15T19:55:05.000+02:00</Time>
                        <Position>
                            <LatitudeDegrees>39.63480833333333</LatitudeDegrees>
                            <LongitudeDegrees>15.843478333333334</LongitudeDegrees>
                        </Position>
                        <AltitudeMeters>15.304525138952702</AltitudeMeters>
                        <DistanceMeters>210.42556167780748</DistanceMeters>
                    </Trackpoint>
                    <Trackpoint>
                        <Time>2026-08-15T19:55:06.000+02:00</Time>
                        <Position>
                            <LatitudeDegrees>39.63480166666667</LatitudeDegrees>
                            <LongitudeDegrees>15.843466666666666</LongitudeDegrees>
                        </Position>
                        <AltitudeMeters>15.240793920293811</AltitudeMeters>
                        <DistanceMeters>211.66961131817718</DistanceMeters>
                        <HeartRateBpm>
                            <Value>96</Value>
                        </HeartRateBpm>
                    </Trackpoint>
                    <Trackpoint>
                        <Time>2026-08-15T19:55:07.000+02:00</Time>
                        <Position>
                            <LatitudeDegrees>39.634793333333334</LatitudeDegrees>
                            <LongitudeDegrees>15.843456666666667</LongitudeDegrees>
                        </Position>
                        <AltitudeMeters>15.18746637818089</AltitudeMeters>
                        <DistanceMeters>212.9313393721548</DistanceMeters>
                        <HeartRateBpm>
                            <Value>95</Value>
                        </HeartRateBpm>
                    </Trackpoint>
                    <Trackpoint>
                        <Time>2026-08-15T19:55:08.000+02:00</Time>
                        <Position>
                            <LatitudeDegrees>39.634785</LatitudeDegrees>
                            <LongitudeDegrees>15.843448333333333</LongitudeDegrees>
                        </Position>
                        <AltitudeMeters>15.143666834856603</AltitudeMeters>
                        <DistanceMeters>214.10090643954436</DistanceMeters>
                    </Trackpoint>
                    <Trackpoint>
                        <Time>2026-08-15T19:55:09.000+02:00</Time>
                        <Position>
                            <LatitudeDegrees>39.634773333333335</LatitudeDegrees>
                            <LongitudeDegrees>15.84344</LongitudeDegrees>
                        </Position>
                        <AltitudeMeters>15.108546365926651</AltitudeMeters>
                        <DistanceMeters>215.5815067589884</DistanceMeters>
                    </Trackpoint>
                    <Trackpoint>
                        <Time>2026-08-15T19:55:10.000+02:00</Time>
                        <Position>
                            <LatitudeDegrees>39.63476166666667</LatitudeDegrees>
                            <LongitudeDegrees>15.843435</LongitudeDegrees>
                        </Position>
                        <AltitudeMeters>15.081287180314046</AltitudeMeters>
                        <DistanceMeters>216.94761663887374</DistanceMeters>
                        <HeartRateBpm>
                            <Value>95</Value>
                        </HeartRateBpm>
                    </Trackpoint>
                    <Trackpoint>
                        <Time>2026-08-15T19:55:11.000+02:00</Time>
                        <Position>
                            <LatitudeDegrees>39.63475</LatitudeDegrees>
                            <LongitudeDegrees>15.84343</LongitudeDegrees>
                        </Position>
                        <AltitudeMeters>15.061106132305913</AltitudeMeters>
                        <DistanceMeters>218.31372654197924</DistanceMeters>
                        <HeartRateBpm>
                            <Value>94</Value>
                        </HeartRateBpm>
                    </Trackpoint>
                    <Trackpoint>
                        <Time>2026-08-15T19:55:12.000+02:00</Time>
                        <Position>
                            <LatitudeDegrees>39.63473666666667</LatitudeDegrees>
                            <LongitudeDegrees>15.843428333333334</LongitudeDegrees>
                        </Position>
                        <AltitudeMeters>15.047257447471942</AltitudeMeters>
                        <DistanceMeters>219.80318176247798</DistanceMeters>
                    </Trackpoint>
                    <Trackpoint>
                        <Time>2026-08-15T19:55:13.000+02:00</Time>
                        <Position>
                            <LatitudeDegrees>39.634725</LatitudeDegrees>
                            <LongitudeDegrees>15.843425</LongitudeDegrees>
                        </Position>
                        <AltitudeMeters>15.03903474076908</AltitudeMeters>
                        <DistanceMeters>221.13149117384702</DistanceMeters>
                    </Trackpoint>
                    <Trackpoint>
                        <Time>2026-08-15T19:55:14.000+02:00</Time>
                        <Position>
                            <LatitudeDegrees>39.63471333333333</LatitudeDegrees>
                            <LongitudeDegrees>15.843421666666666</LongitudeDegrees>
                        </Position>
                        <AltitudeMeters>14.995666395753636</AltitudeMeters>
                        <DistanceMeters>222.45980059625268</DistanceMeters>
                        <HeartRateBpm>
                            <Value>94</Value>
                        </HeartRateBpm>
                    </Trackpoint>
                    <Trackpoint>
                        <Time>2026-08-15T19:55:15.000+02:00</Time>
                        <Position>
                            <LatitudeDegrees>39.634701666666665</LatitudeDegrees>
                            <LongitudeDegrees>15.843416666666666</LongitudeDegrees>
                        </Position>
                        <AltitudeMeters>14.959466783996524</AltitudeMeters>
                        <DistanceMeters>223.825910593127</DistanceMeters>
                        <HeartRateBpm>
                            <Value>92</Value>
                        </HeartRateBpm>
                    </Trackpoint>
                    <Trackpoint>
                        <Time>2026-08-15T19:55:16.000+02:00</Time>
                        <Position>
                            <LatitudeDegrees>39.63469166666667</LatitudeDegrees>
                            <LongitudeDegrees>15.84341</LongitudeDegrees>
                        </Position>
                        <AltitudeMeters>14.929827424595754</AltitudeMeters>
                        <DistanceMeters>225.07585338877965</DistanceMeters>
                        <HeartRateBpm>
                            <Value>93</Value>
                        </HeartRateBpm>
                    </Trackpoint>
                    <Trackpoint>
                        <Time>2026-08-15T19:55:17.000+02:00</Time>
                        <Position>
                            <LatitudeDegrees>39.634681666666665</LatitudeDegrees>
                            <LongitudeDegrees>15.843405</LongitudeDegrees>
                        </Position>
                        <AltitudeMeters>14.906158989971276</AltitudeMeters>
                        <DistanceMeters>226.26739281231212</DistanceMeters>
                    </Trackpoint>
                    <Trackpoint>
                        <Time>2026-08-15T19:55:18.000+02:00</Time>
                        <Position>
                            <LatitudeDegrees>39.63467</LatitudeDegrees>
                            <LongitudeDegrees>15.843401666666667</LongitudeDegrees>
                        </Position>
                        <AltitudeMeters>14.88789426980084</AltitudeMeters>
                        <DistanceMeters>227.59570227245405</DistanceMeters>
                    </Trackpoint>
                    <Trackpoint>
                        <Time>2026-08-15T19:55:19.000+02:00</Time>
                        <Position>
                            <LatitudeDegrees>39.634658333333334</LatitudeDegrees>
                            <LongitudeDegrees>15.8434</LongitudeDegrees>
                        </Position>
                        <AltitudeMeters>14.874490537863384</AltitudeMeters>
                        <DistanceMeters>228.9008059571932</DistanceMeters>
                        <HeartRateBpm>
                            <Value>93</Value>
                        </HeartRateBpm>
                    </Trackpoint>
                    <Trackpoint>
                        <Time>2026-08-15T19:55:20.000+02:00</Time>
                        <Position>
                            <LatitudeDegrees>39.63464666666667</LatitudeDegrees>
                            <LongitudeDegrees>15.8434</LongitudeDegrees>
                        </Position>
                        <AltitudeMeters>14.86543137851099</AltitudeMeters>
                        <DistanceMeters>230.1980821380111</DistanceMeters>
                    </Trackpoint>
                    <Trackpoint>
                        <Time>2026-08-15T19:55:21.000+02:00</Time>
                        <Position>
                            <LatitudeDegrees>39.634635</LatitudeDegrees>
                            <LongitudeDegrees>15.843401666666667</LongitudeDegrees>
                        </Position>
                        <AltitudeMeters>14.86022802704204</AltitudeMeters>
                        <DistanceMeters>231.50318582801512</DistanceMeters>
                    </Trackpoint>
                    <Trackpoint>
                        <Time>2026-08-15T19:55:22.000+02:00</Time>
                        <Position>
                            <LatitudeDegrees>39.634625</LatitudeDegrees>
                            <LongitudeDegrees>15.843405</LongitudeDegrees>
                        </Position>
                        <AltitudeMeters>14.858420275617107</AltitudeMeters>
                        <DistanceMeters>232.65119092178543</DistanceMeters>
                        <HeartRateBpm>
                            <Value>93</Value>
                        </HeartRateBpm>
                    </Trackpoint>
                    <Trackpoint>
                        <Time>2026-08-15T19:55:23.000+02:00</Time>
                        <Position>
                            <LatitudeDegrees>39.634613333333334</LatitudeDegrees>
                            <LongitudeDegrees>15.84341</LongitudeDegrees>
                        </Position>
                        <AltitudeMeters>14.859576993594066</AltitudeMeters>
                        <DistanceMeters>234.01730109011558</DistanceMeters>
                        <HeartRateBpm>
                            <Value>94</Value>
                        </HeartRateBpm>
                    </Trackpoint>
                    <Trackpoint>
                        <Time>2026-08-15T19:55:24.000+02:00</Time>
                        <Position>
                            <LatitudeDegrees>39.63460333333333</LatitudeDegrees>
                            <LongitudeDegrees>15.843416666666666</LongitudeDegrees>
                        </Position>
                        <AltitudeMeters>14.863296308303237</AltitudeMeters>
                        <DistanceMeters>235.26724421937044</DistanceMeters>
                    </Trackpoint>
                    <Trackpoint>
                        <Time>2026-08-15T19:55:25.000+02:00</Time>
                        <Position>
                            <LatitudeDegrees>39.634593333333335</LatitudeDegrees>
                            <LongitudeDegrees>15.843421666666666</LongitudeDegrees>
                        </Position>
                        <AltitudeMeters>14.86920548937556</AltitudeMeters>
                        <DistanceMeters>236.45878383862262</DistanceMeters>
                    </Trackpoint>
                    <Trackpoint>
                        <Time>2026-08-15T19:55:26.000+02:00</Time>
                        <Position>
                            <LatitudeDegrees>39.63458166666667</LatitudeDegrees>
                            <LongitudeDegrees>15.84343</LongitudeDegrees>
                        </Position>
                        <AltitudeMeters>14.836854571169823</AltitudeMeters>
                        <DistanceMeters>237.93938511108942</DistanceMeters>
                        <HeartRateBpm>
                            <Value>94</Value>
                        </HeartRateBpm>
                    </Trackpoint>
                    <Trackpoint>
                        <Time>2026-08-15T19:55:27.000+02:00</Time>
                        <Position>
                            <LatitudeDegrees>39.634568333333334</LatitudeDegrees>
                            <LongitudeDegrees>15.843436666666667</LongitudeDegrees>
                        </Position>
                        <AltitudeMeters>14.808866158949233</AltitudeMeters>
                        <DistanceMeters>239.52810467404333</DistanceMeters>
                    </Trackpoint>
                    <Trackpoint>
                        <Time>2026-08-15T19:55:28.000+02:00</Time>
                        <Position>
                            <LatitudeDegrees>39.634555</LatitudeDegrees>
                            <LongitudeDegrees>15.843443333333333</LongitudeDegrees>
                        </Position>
                        <AltitudeMeters>14.784925486707559</AltitudeMeters>
                        <DistanceMeters>241.11682427587982</DistanceMeters>
                    </Trackpoint>
                    <Trackpoint>
                        <Time>2026-08-15T19:55:29.000+02:00</Time>
                        <Position>
                            <LatitudeDegrees>39.634541666666664</LatitudeDegrees>
                            <LongitudeDegrees>15.843451666666667</LongitudeDegrees>
                        </Position>
                        <AltitudeMeters>14.764721601822716</AltitudeMeters>
                        <DistanceMeters>242.76223060165674</DistanceMeters>
                        <HeartRateBpm>
                            <Value>94</Value>
                        </HeartRateBpm>
                    </Trackpoint>
                    <Trackpoint>
                        <Time>2026-08-15T19:55:30.000+02:00</Time>
                        <Position>
                            <LatitudeDegrees>39.634526666666666</LatitudeDegrees>
                            <LongitudeDegrees>15.84346</LongitudeDegrees>
                        </Position>
                        <AltitudeMeters>14.66760582019289</AltitudeMeters>
                        <DistanceMeters>244.57640652887835</DistanceMeters>
                    </Trackpoint>
                    <Trackpoint>
                        <Time>2026-08-15T19:55:31.000+02:00</Time>
                        <Position>
                            <LatitudeDegrees>39.63451333333333</LatitudeDegrees>
                            <LongitudeDegrees>15.843466666666666</LongitudeDegrees>
                        </Position>
                        <AltitudeMeters>14.579299640799064</AltitudeMeters>
                        <DistanceMeters>246.16512625418775</DistanceMeters>
                        <HeartRateBpm>
                            <Value>95</Value>
                        </HeartRateBpm>
                    </Trackpoint>
                    <Trackpoint>
                        <Time>2026-08-15T19:55:32.000+02:00</Time>
                        <Position>
                            <LatitudeDegrees>39.63449833333333</LatitudeDegrees>
                            <LongitudeDegrees>15.843471666666666</LongitudeDegrees>
                        </Position>
                        <AltitudeMeters>14.499463585728172</AltitudeMeters>
                        <DistanceMeters>247.88713408522693</DistanceMeters>
                        <HeartRateBpm>
                            <Value>97</Value>
                        </HeartRateBpm>
                    </Trackpoint>
                    <Trackpoint>
                        <Time>2026-08-15T19:55:33.000+02:00</Time>
                        <Position>
                            <LatitudeDegrees>39.634485</LatitudeDegrees>
                            <LongitudeDegrees>15.843475</LongitudeDegrees>
                        </Position>
                        <AltitudeMeters>14.387618041462856</AltitudeMeters>
                        <DistanceMeters>249.3969644500172</DistanceMeters>
                    </Trackpoint>
                    <Trackpoint>
                        <Time>2026-08-15T19:55:34.000+02:00</Time>
                        <Position>
                            <LatitudeDegrees>39.63447</LatitudeDegrees>
                            <LongitudeDegrees>15.843478333333334</LongitudeDegrees>
                        </Position>
                        <AltitudeMeters>14.286301639578022</AltitudeMeters>
                        <DistanceMeters>251.08914052484815</DistanceMeters>
                    </Trackpoint>
                    <Trackpoint>
                        <Time>2026-08-15T19:55:35.000+02:00</Time>
                        <Position>
                            <LatitudeDegrees>39.634456666666665</LatitudeDegrees>
                            <LongitudeDegrees>15.84348</LongitudeDegrees>
                        </Position>
                        <AltitudeMeters>14.195069264033888</AltitudeMeters>
                        <DistanceMeters>252.5785958007055</DistanceMeters>
                        <HeartRateBpm>
                            <Value>97</Value>
                        </HeartRateBpm>
                    </Trackpoint>
                    <Trackpoint>
                        <Time>2026-08-15T19:55:36.000+02:00</Time>
                        <Position>
                            <LatitudeDegrees>39.634445</LatitudeDegrees>
                            <LongitudeDegrees>15.843481666666667</LongitudeDegrees>
                        </Position>
                        <AltitudeMeters>14.073334562986533</AltitudeMeters>
                        <DistanceMeters>253.88369953361018</DistanceMeters>
                        <HeartRateBpm>
                            <Value>96</Value>
                        </HeartRateBpm>
                    </Trackpoint>
                    <Trackpoint>
                        <Time>2026-08-15T19:55:37.000+02:00</Time>
                        <Position>
                            <LatitudeDegrees>39.634433333333334</LatitudeDegrees>
                            <LongitudeDegrees>15.843486666666667</LongitudeDegrees>
                        </Position>
                        <AltitudeMeters>13.963529469116288</AltitudeMeters>
                        <DistanceMeters>255.24981005114776</DistanceMeters>
                    </Trackpoint>
                    <Trackpoint>
                        <Time>2026-08-15T19:55:38.000+02:00</Time>
                        <Position>
                            <LatitudeDegrees>39.63442166666667</LatitudeDegrees>
                            <LongitudeDegrees>15.84349</LongitudeDegrees>
                        </Position>
                        <AltitudeMeters>13.824997190196552</AltitudeMeters>
                        <DistanceMeters>256.5781197314477</DistanceMeters>
                        <HeartRateBpm>
                            <Value>97</Value>
                        </HeartRateBpm>
                    </Trackpoint>
                    <Trackpoint>
                        <Time>2026-08-15T19:55:39.000+02:00</Time>
                        <Position>
                            <LatitudeDegrees>39.63440833333333</LatitudeDegrees>
                            <LongitudeDegrees>15.843495</LongitudeDegrees>
                        </Position>
                        <AltitudeMeters>13.700091972504438</AltitudeMeters>
                        <DistanceMeters>258.1213110173766</DistanceMeters>
                    </Trackpoint>
                    <Trackpoint>
                        <Time>2026-08-15T19:55:40.000+02:00</Time>
                        <Position>
                            <LatitudeDegrees>39.63439666666667</LatitudeDegrees>
                            <LongitudeDegrees>15.8435</LongitudeDegrees>
                        </Position>
                        <AltitudeMeters>13.588179776787621</AltitudeMeters>
                        <DistanceMeters>259.487421606049</DistanceMeters>
                    </Trackpoint>
                    <Trackpoint>
                        <Time>2026-08-15T19:55:41.000+02:00</Time>
                        <Position>
                            <LatitudeDegrees>39.63438333333333</LatitudeDegrees>
                            <LongitudeDegrees>15.843503333333333</LongitudeDegrees>
                        </Position>
                        <AltitudeMeters>13.448483148956331</AltitudeMeters>
                        <DistanceMeters>260.9972520494099</DistanceMeters>
                        <HeartRateBpm>
                            <Value>97</Value>
                        </HeartRateBpm>
                    </Trackpoint>
                    <Trackpoint>
                        <Time>2026-08-15T19:55:42.000+02:00</Time>
                        <Position>
                            <LatitudeDegrees>39.63437166666667</LatitudeDegrees>
                            <LongitudeDegrees>15.843506666666666</LongitudeDegrees>
                        </Position>
                        <AltitudeMeters>13.323242808393733</AltitudeMeters>
                        <DistanceMeters>262.3255617741072</DistanceMeters>
                    </Trackpoint>
                    <Trackpoint>
                        <Time>2026-08-15T19:55:43.000+02:00</Time>
                        <Position>
                            <LatitudeDegrees>39.63435833333333</LatitudeDegrees>
                            <LongitudeDegrees>15.843508333333332</LongitudeDegrees>
                        </Position>
                        <AltitudeMeters>13.211718440357677</AltitudeMeters>
                        <DistanceMeters>263.81501706940594</DistanceMeters>
                    </Trackpoint>
                    <Trackpoint>
                        <Time>2026-08-15T19:55:44.000+02:00</Time>
                        <Position>
                            <LatitudeDegrees>39.634346666666666</LatitudeDegrees>
                            <LongitudeDegrees>15.843511666666666</LongitudeDegrees>
                        </Position>
                        <AltitudeMeters>13.113139605825172</AltitudeMeters>
                        <DistanceMeters>265.143326816905</DistanceMeters>
                        <HeartRateBpm>
                            <Value>97</Value>
                        </HeartRateBpm>
                    </Trackpoint>
                    <Trackpoint>
                        <Time>2026-08-15T19:55:45.000+02:00</Time>
                        <Position>
                            <LatitudeDegrees>39.634335</LatitudeDegrees>
                            <LongitudeDegrees>15.843515</LongitudeDegrees>
                        </Position>
                        <AltitudeMeters>13.02671689392919</AltitudeMeters>
                        <DistanceMeters>266.4716365741175</DistanceMeters>
                    </Trackpoint>
                    <Trackpoint>
                        <Time>2026-08-15T19:55:46.000+02:00</Time>
                        <Position>
                            <LatitudeDegrees>39.634323333333334</LatitudeDegrees>
                            <LongitudeDegrees>15.84352</LongitudeDegrees>
                        </Position>
                        <AltitudeMeters>12.951651779842123</AltitudeMeters>
                        <DistanceMeters>267.8377473043877</DistanceMeters>
                        <HeartRateBpm>
                            <Value>96</Value>
                        </HeartRateBpm>
                    </Trackpoint>
                    <Trackpoint>
                        <Time>2026-08-15T19:55:47.000+02:00</Time>
                        <Position>
                            <LatitudeDegrees>39.63431166666667</LatitudeDegrees>
                            <LongitudeDegrees>15.843523333333334</LongitudeDegrees>
                        </Position>
                        <AltitudeMeters>12.847039261406794</AltitudeMeters>
                        <DistanceMeters>269.16605708223307</DistanceMeters>
                    </Trackpoint>
                    <Trackpoint>
                        <Time>2026-08-15T19:55:48.000+02:00</Time>
                        <Position>
                            <LatitudeDegrees>39.634298333333334</LatitudeDegrees>
                            <LongitudeDegrees>15.843525</LongitudeDegrees>
                        </Position>
                        <AltitudeMeters>12.755025762738612</AltitudeMeters>
                        <DistanceMeters>270.6555123901245</DistanceMeters>
                        <HeartRateBpm>
                            <Value>95</Value>
                        </HeartRateBpm>
                    </Trackpoint>
                    <Trackpoint>
                        <Time>2026-08-15T19:55:49.000+02:00</Time>
                        <Position>
                            <LatitudeDegrees>39.634285</LatitudeDegrees>
                            <LongitudeDegrees>15.843525</LongitudeDegrees>
                        </Position>
                        <AltitudeMeters>12.674806418216447</AltitudeMeters>
                        <DistanceMeters>272.13811373912546</DistanceMeters>
                    </Trackpoint>
                    <Trackpoint>
                        <Time>2026-08-15T19:55:50.000+02:00</Time>
                        <Position>
                            <LatitudeDegrees>39.63427166666666</LatitudeDegrees>
                            <LongitudeDegrees>15.843525</LongitudeDegrees>
                        </Position>
                        <AltitudeMeters>12.605572659642897</AltitudeMeters>
                        <DistanceMeters>273.62071508812636</DistanceMeters>
                        <HeartRateBpm>
                            <Value>96</Value>
                        </HeartRateBpm>
                    </Trackpoint>
                    <Trackpoint>
                        <Time>2026-08-15T19:55:51.000+02:00</Time>
                        <Position>
                            <LatitudeDegrees>39.634258333333335</LatitudeDegrees>
                            <LongitudeDegrees>15.843523333333334</LongitudeDegrees>
                        </Position>
                        <AltitudeMeters>12.546520238178738</AltitudeMeters>
                        <DistanceMeters>275.11017040322207</DistanceMeters>
                    </Trackpoint>
                    <Trackpoint>
                        <Time>2026-08-15T19:55:52.000+02:00</Time>
                        <Position>
                            <LatitudeDegrees>39.634245</LatitudeDegrees>
                            <LongitudeDegrees>15.843523333333334</LongitudeDegrees>
                        </Position>
                        <AltitudeMeters>12.496856147718782</AltitudeMeters>
                        <DistanceMeters>276.59277175222303</DistanceMeters>
                    </Trackpoint>
                    <Trackpoint>
                        <Time>2026-08-15T19:55:53.000+02:00</Time>
                        <Position>
                            <LatitudeDegrees>39.634233333333334</LatitudeDegrees>
                            <LongitudeDegrees>15.843525</LongitudeDegrees>
                        </Position>
                        <AltitudeMeters>12.455804530134028</AltitudeMeters>
                        <DistanceMeters>277.8978755328873</DistanceMeters>
                        <HeartRateBpm>
                            <Value>96</Value>
                        </HeartRateBpm>
                    </Trackpoint>
                    <Trackpoint>
                        <Time>2026-08-15T19:55:54.000+02:00</Time>
                        <Position>
                            <LatitudeDegrees>39.63422166666667</LatitudeDegrees>
                            <LongitudeDegrees>15.843528333333333</LongitudeDegrees>
                        </Position>
                        <AltitudeMeters>12.422611641680701</AltitudeMeters>
                        <DistanceMeters>279.2261853912334</DistanceMeters>
                    </Trackpoint>
                    <Trackpoint>
                        <Time>2026-08-15T19:55:55.000+02:00</Time>
                        <Position>
                            <LatitudeDegrees>39.63421</LatitudeDegrees>
                            <LongitudeDegrees>15.843531666666667</LongitudeDegrees>
                        </Position>
                        <AltitudeMeters>12.396549958162018</AltitudeMeters>
                        <DistanceMeters>280.55449525929293</DistanceMeters>
                        <HeartRateBpm>
                            <Value>97</Value>
                        </HeartRateBpm>
                    </Trackpoint>
                    <Trackpoint>
                        <Time>2026-08-15T19:55:56.000+02:00</Time>
                        <Position>
                            <LatitudeDegrees>39.6342</LatitudeDegrees>
                            <LongitudeDegrees>15.843536666666667</LongitudeDegrees>
                        </Position>
                        <AltitudeMeters>12.376921494217024</AltitudeMeters>
                        <DistanceMeters>281.746035754183</DistanceMeters>
                    </Trackpoint>
                    <Trackpoint>
                        <Time>2026-08-15T19:55:57.000+02:00</Time>
                        <Position>
                            <LatitudeDegrees>39.63419</LatitudeDegrees>
                            <LongitudeDegrees>15.843541666666667</LongitudeDegrees>
                        </Position>
                        <AltitudeMeters>12.363060409488952</AltitudeMeters>
                        <DistanceMeters>282.9375762712179</DistanceMeters>
                        <HeartRateBpm>
                            <Value>93</Value>
                        </HeartRateBpm>
                    </Trackpoint>
                    <Trackpoint>
                        <Time>2026-08-15T19:55:58.000+02:00</Time>
                        <Position>
                            <LatitudeDegrees>39.63417833333333</LatitudeDegrees>
                            <LongitudeDegrees>15.843546666666667</LongitudeDegrees>
                        </Position>
                        <AltitudeMeters>12.354334971471614</AltitudeMeters>
                        <DistanceMeters>284.30368728346514</DistanceMeters>
                    </Trackpoint>
                    <Trackpoint>
                        <Time>2026-08-15T19:55:59.000+02:00</Time>
                        <Position>
                            <LatitudeDegrees>39.634168333333335</LatitudeDegrees>
                            <LongitudeDegrees>15.843551666666666</LongitudeDegrees>
                        </Position>
                        <AltitudeMeters>12.350148941617872</AltitudeMeters>
                        <DistanceMeters>285.49522784813024</DistanceMeters>
                    </Trackpoint>
                    <Trackpoint>
                        <Time>2026-08-15T19:56:00.000+02:00</Time>
                        <Position>
                            <LatitudeDegrees>39.63415666666667</LatitudeDegrees>
                            <LongitudeDegrees>15.843553333333332</LongitudeDegrees>
                        </Position>
                        <AltitudeMeters>12.349942447883445</AltitudeMeters>
                        <DistanceMeters>286.8003316460635</DistanceMeters>
                        <HeartRateBpm>
                            <Value>93</Value>
                        </HeartRateBpm>
                    </Trackpoint>
                    <Trackpoint>
                        <Time>2026-08-15T19:56:01.000+02:00</Time>
                        <Position>
                            <LatitudeDegrees>39.634143333333334</LatitudeDegrees>
                            <LongitudeDegrees>15.843555</LongitudeDegrees>
                        </Position>
                        <AltitudeMeters>12.353192403329883</AltitudeMeters>
                        <DistanceMeters>288.28978698386965</DistanceMeters>
                        <HeartRateBpm>
                            <Value>92</Value>
                        </HeartRateBpm>
                    </Trackpoint>
                    <Trackpoint>
                        <Time>2026-08-15T19:56:02.000+02:00</Time>
                        <Position>
                            <LatitudeDegrees>39.63413166666667</LatitudeDegrees>
                            <LongitudeDegrees>15.843558333333334</LongitudeDegrees>
                        </Position>
                        <AltitudeMeters>12.359412526773957</AltitudeMeters>
                        <DistanceMeters>289.618096922084</DistanceMeters>
                    </Trackpoint>
                    <Trackpoint>
                        <Time>2026-08-15T19:56:03.000+02:00</Time>
                        <Position>
                            <LatitudeDegrees>39.63412</LatitudeDegrees>
                            <LongitudeDegrees>15.843561666666666</LongitudeDegrees>
                        </Position>
                        <AltitudeMeters>12.368153017792098</AltitudeMeters>
                        <DistanceMeters>290.9464068698949</DistanceMeters>
                        <HeartRateBpm>
                            <Value>94</Value>
                        </HeartRateBpm>
                    </Trackpoint>
                    <Trackpoint>
                        <Time>2026-08-15T19:56:04.000+02:00</Time>
                        <Position>
                            <LatitudeDegrees>39.63410666666667</LatitudeDegrees>
                            <LongitudeDegrees>15.843565</LongitudeDegrees>
                        </Position>
                        <AltitudeMeters>12.378999934708064</AltitudeMeters>
                        <DistanceMeters>292.4562375291523</DistanceMeters>
                    </Trackpoint>
                    <Trackpoint>
                        <Time>2026-08-15T19:56:05.000+02:00</Time>
                        <Position>
                            <LatitudeDegrees>39.634095</LatitudeDegrees>
                            <LongitudeDegrees>15.843568333333334</LongitudeDegrees>
                        </Position>
                        <AltitudeMeters>12.391574320543832</AltitudeMeters>
                        <DistanceMeters>293.78454749919104</DistanceMeters>
                        <HeartRateBpm>
                            <Value>92</Value>
                        </HeartRateBpm>
                    </Trackpoint>
                    <Trackpoint>
                        <Time>2026-08-15T19:56:06.000+02:00</Time>
                        <Position>
                            <LatitudeDegrees>39.634083333333336</LatitudeDegrees>
                            <LongitudeDegrees>15.843571666666667</LongitudeDegrees>
                        </Position>
                        <AltitudeMeters>12.405531118327907</AltitudeMeters>
                        <DistanceMeters>295.11285748020777</DistanceMeters>
                    </Trackpoint>
                    <Trackpoint>
                        <Time>2026-08-15T19:56:07.000+02:00</Time>
                        <Position>
                            <LatitudeDegrees>39.63407333333333</LatitudeDegrees>
                            <LongitudeDegrees>15.843576666666667</LongitudeDegrees>
                        </Position>
                        <AltitudeMeters>12.420557913656742</AltitudeMeters>
                        <DistanceMeters>296.3043982568382</DistanceMeters>
                        <HeartRateBpm>
                            <Value>91</Value>
                        </HeartRateBpm>
                    </Trackpoint>
                    <Trackpoint>
                        <Time>2026-08-15T19:56:08.000+02:00</Time>
                        <Position>
                            <LatitudeDegrees>39.63406166666667</LatitudeDegrees>
                            <LongitudeDegrees>15.84358</LongitudeDegrees>
                        </Position>
                        <AltitudeMeters>12.436373539014953</AltitudeMeters>
                        <DistanceMeters>297.6327082563776</DistanceMeters>
                    </Trackpoint>
                    <Trackpoint>
                        <Time>2026-08-15T19:56:09.000+02:00</Time>
                        <Position>
                            <LatitudeDegrees>39.634051666666664</LatitudeDegrees>
                            <LongitudeDegrees>15.843586666666667</LongitudeDegrees>
                        </Position>
                        <AltitudeMeters>12.452726571095795</AltitudeMeters>
                        <DistanceMeters>298.8826534657657</DistanceMeters>
                        <HeartRateBpm>
                            <Value>90</Value>
                        </HeartRateBpm>
                    </Trackpoint>
                    <Trackpoint>
                        <Time>2026-08-15T19:56:10.000+02:00</Time>
                        <Position>
                            <LatitudeDegrees>39.63404166666667</LatitudeDegrees>
                            <LongitudeDegrees>15.843593333333333</LongitudeDegrees>
                        </Position>
                        <AltitudeMeters>12.46939374923862</AltitudeMeters>
                        <DistanceMeters>300.13259871159016</DistanceMeters>
                    </Trackpoint>
                    <Trackpoint>
                        <Time>2026-08-15T19:56:11.000+02:00</Time>
                        <Position>
                            <LatitudeDegrees>39.634031666666665</LatitudeDegrees>
                            <LongitudeDegrees>15.8436</LongitudeDegrees>
                        </Position>
                        <AltitudeMeters>12.486178340125669</AltitudeMeters>
                        <DistanceMeters>301.3825439958631</DistanceMeters>
                        <HeartRateBpm>
                            <Value>91</Value>
                        </HeartRateBpm>
                    </Trackpoint>
                    <Trackpoint>
                        <Time>2026-08-15T19:56:12.000+02:00</Time>
                        <Position>
                            <LatitudeDegrees>39.63402166666667</LatitudeDegrees>
                            <LongitudeDegrees>15.843606666666666</LongitudeDegrees>
                        </Position>
                        <AltitudeMeters>12.50290847106426</AltitudeMeters>
                        <DistanceMeters>302.63248931695284</DistanceMeters>
                    </Trackpoint>
                    <Trackpoint>
                        <Time>2026-08-15T19:56:13.000+02:00</Time>
                        <Position>
                            <LatitudeDegrees>39.63401</LatitudeDegrees>
                            <LongitudeDegrees>15.843615</LongitudeDegrees>
                        </Position>
                        <AltitudeMeters>12.479329445887632</AltitudeMeters>
                        <DistanceMeters>304.1130934319028</DistanceMeters>
                    </Trackpoint>
                    <Trackpoint>
                        <Time>2026-08-15T19:56:14.000+02:00</Time>
                        <Position>
                            <LatitudeDegrees>39.63399666666667</LatitudeDegrees>
                            <LongitudeDegrees>15.843621666666667</LongitudeDegrees>
                        </Position>
                        <AltitudeMeters>12.458252469032251</AltitudeMeters>
                        <DistanceMeters>305.70181469024396</DistanceMeters>
                        <HeartRateBpm>
                            <Value>91</Value>
                        </HeartRateBpm>
                    </Trackpoint>
                    <Trackpoint>
                        <Time>2026-08-15T19:56:15.000+02:00</Time>
                        <Position>
                            <LatitudeDegrees>39.633981666666664</LatitudeDegrees>
                            <LongitudeDegrees>15.843626666666667</LongitudeDegrees>
                        </Position>
                        <AltitudeMeters>12.439543826179726</AltitudeMeters>
                        <DistanceMeters>307.4238233171587</DistanceMeters>
                        <HeartRateBpm>
                            <Value>93</Value>
                        </HeartRateBpm>
                    </Trackpoint>
                    <Trackpoint>
                        <Time>2026-08-15T19:56:16.000+02:00</Time>
                        <Position>
                            <LatitudeDegrees>39.633965</LatitudeDegrees>
                            <LongitudeDegrees>15.84363</LongitudeDegrees>
                        </Position>
                        <AltitudeMeters>12.382959372124699</AltitudeMeters>
                        <DistanceMeters>309.29892971375324</DistanceMeters>
                    </Trackpoint>
                    <Trackpoint>
                        <Time>2026-08-15T19:56:17.000+02:00</Time>
                        <Position>
                            <LatitudeDegrees>39.633948333333336</LatitudeDegrees>
                            <LongitudeDegrees>15.84363</LongitudeDegrees>
                        </Position>
                        <AltitudeMeters>12.331296798729522</AltitudeMeters>
                        <DistanceMeters>311.1521814005349</DistanceMeters>
                        <HeartRateBpm>
                            <Value>91</Value>
                        </HeartRateBpm>
                    </Trackpoint>
                    <Trackpoint>
                        <Time>2026-08-15T19:56:18.000+02:00</Time>
                        <Position>
                            <LatitudeDegrees>39.63393166666667</LatitudeDegrees>
                            <LongitudeDegrees>15.84363</LongitudeDegrees>
                        </Position>
                        <AltitudeMeters>12.244282110469008</AltitudeMeters>
                        <DistanceMeters>313.0054330866093</DistanceMeters>
                        <HeartRateBpm>
                            <Value>93</Value>
                        </HeartRateBpm>
                    </Trackpoint>
                    <Trackpoint>
                        <Time>2026-08-15T19:56:19.000+02:00</Time>
                        <Position>
                            <LatitudeDegrees>39.633916666666664</LatitudeDegrees>
                            <LongitudeDegrees>15.84363</LongitudeDegrees>
                        </Position>
                        <AltitudeMeters>12.164663573588426</AltitudeMeters>
                        <DistanceMeters>314.6733596052079</DistanceMeters>
                        <HeartRateBpm>
                            <Value>93</Value>
                        </HeartRateBpm>
                    </Trackpoint>
                    <Trackpoint>
                        <Time>2026-08-15T19:56:20.000+02:00</Time>
                        <Position>
                            <LatitudeDegrees>39.63390166666667</LatitudeDegrees>
                            <LongitudeDegrees>15.84363</LongitudeDegrees>
                        </Position>
                        <AltitudeMeters>12.092207240311728</AltitudeMeters>
                        <DistanceMeters>316.3412861223919</DistanceMeters>
                        <HeartRateBpm>
                            <Value>92</Value>
                        </HeartRateBpm>
                    </Trackpoint>
                    <Trackpoint>
                        <Time>2026-08-15T19:56:21.000+02:00</Time>
                        <Position>
                            <LatitudeDegrees>39.633885</LatitudeDegrees>
                            <LongitudeDegrees>15.84363</LongitudeDegrees>
                        </Position>
                        <AltitudeMeters>11.986537290865451</AltitudeMeters>
                        <DistanceMeters>318.1945378084663</DistanceMeters>
                    </Trackpoint>
                    <Trackpoint>
                        <Time>2026-08-15T19:56:22.000+02:00</Time>
                        <Position>
                            <LatitudeDegrees>39.63386833333333</LatitudeDegrees>
                            <LongitudeDegrees>15.84363</LongitudeDegrees>
                        </Position>
                        <AltitudeMeters>11.890293676202424</AltitudeMeters>
                        <DistanceMeters>320.047789495248</DistanceMeters>
                        <HeartRateBpm>
                            <Value>93</Value>
                        </HeartRateBpm>
                    </Trackpoint>
                    <Trackpoint>
                        <Time>2026-08-15T19:56:23.000+02:00</Time>
                        <Position>
                            <LatitudeDegrees>39.633851666666665</LatitudeDegrees>
                            <LongitudeDegrees>15.843628333333333</LongitudeDegrees>
                        </Position>
                        <AltitudeMeters>11.803129507736125</AltitudeMeters>
                        <DistanceMeters>321.9065289675771</DistanceMeters>
                    </Trackpoint>
                    <Trackpoint>
                        <Time>2026-08-15T19:56:24.000+02:00</Time>
                        <Position>
                            <LatitudeDegrees>39.63383833333333</LatitudeDegrees>
                            <LongitudeDegrees>15.843626666666667</LongitudeDegrees>
                        </Position>
                        <AltitudeMeters>11.684553061872352</AltitudeMeters>
                        <DistanceMeters>323.3959843656843</DistanceMeters>
                    </Trackpoint>
                    <Trackpoint>
                        <Time>2026-08-15T19:56:25.000+02:00</Time>
                        <Position>
                            <LatitudeDegrees>39.633828333333334</LatitudeDegrees>
                            <LongitudeDegrees>15.843625</LongitudeDegrees>
                        </Position>
                        <AltitudeMeters>11.577086893516453</AltitudeMeters>
                        <DistanceMeters>324.5170578167867</DistanceMeters>
                        <HeartRateBpm>
                            <Value>93</Value>
                        </HeartRateBpm>
                    </Trackpoint>
                    <Trackpoint>
                        <Time>2026-08-15T19:56:26.000+02:00</Time>
                        <Position>
                            <LatitudeDegrees>39.63381833333333</LatitudeDegrees>
                            <LongitudeDegrees>15.843623333333333</LongitudeDegrees>
                        </Position>
                        <AltitudeMeters>11.480266516457327</AltitudeMeters>
                        <DistanceMeters>325.6381312704812</DistanceMeters>
                        <HeartRateBpm>
                            <Value>92</Value>
                        </HeartRateBpm>
                    </Trackpoint>
                    <Trackpoint>
                        <Time>2026-08-15T19:56:27.000+02:00</Time>
                        <Position>
                            <LatitudeDegrees>39.63381</LatitudeDegrees>
                            <LongitudeDegrees>15.843621666666667</LongitudeDegrees>
                        </Position>
                        <AltitudeMeters>11.353483530154458</AltitudeMeters>
                        <DistanceMeters>326.57568451912095</DistanceMeters>
                    </Trackpoint>
                    <Trackpoint>
                        <Time>2026-08-15T19:56:28.000+02:00</Time>
                        <Position>
                            <LatitudeDegrees>39.63380166666666</LatitudeDegrees>
                            <LongitudeDegrees>15.84362</LongitudeDegrees>
                        </Position>
                        <AltitudeMeters>11.23914569886601</AltitudeMeters>
                        <DistanceMeters>327.51323777041955</DistanceMeters>
                    </Trackpoint>
                    <Trackpoint>
                        <Time>2026-08-15T19:56:29.000+02:00</Time>
                        <Position>
                            <LatitudeDegrees>39.63379166666667</LatitudeDegrees>
                            <LongitudeDegrees>15.84362</LongitudeDegrees>
                        </Position>
                        <AltitudeMeters>11.096570447046805</AltitudeMeters>
                        <DistanceMeters>328.6251887816398</DistanceMeters>
                        <HeartRateBpm>
                            <Value>92</Value>
                        </HeartRateBpm>
                    </Trackpoint>
                    <Trackpoint>
                        <Time>2026-08-15T19:56:30.000+02:00</Time>
                        <Position>
                            <LatitudeDegrees>39.633781666666664</LatitudeDegrees>
                            <LongitudeDegrees>15.84362</LongitudeDegrees>
                        </Position>
                        <AltitudeMeters>10.968085076032105</AltitudeMeters>
                        <DistanceMeters>329.7371397942747</DistanceMeters>
                    </Trackpoint>
                    <Trackpoint>
                        <Time>2026-08-15T19:56:31.000+02:00</Time>
                        <Position>
                            <LatitudeDegrees>39.63377</LatitudeDegrees>
                            <LongitudeDegrees>15.84362</LongitudeDegrees>
                        </Position>
                        <AltitudeMeters>10.853027844302206</AltitudeMeters>
                        <DistanceMeters>331.0344159743853</DistanceMeters>
                    </Trackpoint>
                    <Trackpoint>
                        <Time>2026-08-15T19:56:32.000+02:00</Time>
                        <Position>
                            <LatitudeDegrees>39.633761666666665</LatitudeDegrees>
                            <LongitudeDegrees>15.843615</LongitudeDegrees>
                        </Position>
                        <AltitudeMeters>10.710593196189736</AltitudeMeters>
                        <DistanceMeters>332.05518601638045</DistanceMeters>
                        <HeartRateBpm>
                            <Value>93</Value>
                        </HeartRateBpm>
                    </Trackpoint>
                    <Trackpoint>
                        <Time>2026-08-15T19:56:33.000+02:00</Time>
                        <Position>
                            <LatitudeDegrees>39.633768333333336</LatitudeDegrees>
                            <LongitudeDegrees>15.843596666666667</LongitudeDegrees>
                        </Position>
                        <AltitudeMeters>10.582993664693218</AltitudeMeters>
                        <DistanceMeters>333.79138236587954</DistanceMeters>
                    </Trackpoint>
                    <Trackpoint>
                        <Time>2026-08-15T19:56:34.000+02:00</Time>
                        <Position>
                            <LatitudeDegrees>39.633785</LatitudeDegrees>
                            <LongitudeDegrees>15.84357</LongitudeDegrees>
                        </Position>
                        <AltitudeMeters>10.469460937681294</AltitudeMeters>
                        <DistanceMeters>336.7323739639337</DistanceMeters>
                        <HeartRateBpm>
                            <Value>94</Value>
                        </HeartRateBpm>
                    </Trackpoint>
                    <Trackpoint>
                        <Time>2026-08-15T19:56:35.000+02:00</Time>
                        <Position>
                            <LatitudeDegrees>39.633808333333334</LatitudeDegrees>
                            <LongitudeDegrees>15.843535</LongitudeDegrees>
                        </Position>
                        <AltitudeMeters>10.329090998016074</AltitudeMeters>
                        <DistanceMeters>340.69660897361126</DistanceMeters>
                    </Trackpoint>
                    <Trackpoint>
                        <Time>2026-08-15T19:56:36.000+02:00</Time>
                        <Position>
                            <LatitudeDegrees>39.63383833333333</LatitudeDegrees>
                            <LongitudeDegrees>15.843496666666667</LongitudeDegrees>
                        </Position>
                        <AltitudeMeters>10.204005873916225</AltitudeMeters>
                        <DistanceMeters>345.3767779601069</DistanceMeters>
                        <HeartRateBpm>
                            <Value>93</Value>
                        </HeartRateBpm>
                    </Trackpoint>
                    <Trackpoint>
                        <Time>2026-08-15T19:56:37.000+02:00</Time>
                        <Position>
                            <LatitudeDegrees>39.633871666666664</LatitudeDegrees>
                            <LongitudeDegrees>15.843461666666666</LongitudeDegrees>
                        </Position>
                        <AltitudeMeters>10.093354498690351</AltitudeMeters>
                        <DistanceMeters>350.14349688968525</DistanceMeters>
                    </Trackpoint>
                    <Trackpoint>
                        <Time>2026-08-15T19:56:38.000+02:00</Time>
                        <Position>
                            <LatitudeDegrees>39.63389333333333</LatitudeDegrees>
                            <LongitudeDegrees>15.843433333333333</LongitudeDegrees>
                        </Position>
                        <AltitudeMeters>9.996263605059664</AltitudeMeters>
                        <DistanceMeters>353.5627774142404</DistanceMeters>
                        <HeartRateBpm>
                            <Value>92</Value>
                        </HeartRateBpm>
                    </Trackpoint>
                    <Trackpoint>
                        <Time>2026-08-15T19:56:39.000+02:00</Time>
                        <Position>
                            <LatitudeDegrees>39.63390833333333</LatitudeDegrees>
                            <LongitudeDegrees>15.843411666666666</LongitudeDegrees>
                        </Position>
                        <AltitudeMeters>9.87174278465544</AltitudeMeters>
                        <DistanceMeters>356.0576939621577</DistanceMeters>
                    </Trackpoint>
                    <Trackpoint>
                        <Time>2026-08-15T19:56:40.000+02:00</Time>
                        <Position>
                            <LatitudeDegrees>39.63392</LatitudeDegrees>
                            <LongitudeDegrees>15.843391666666667</LongitudeDegrees>
                        </Position>
                        <AltitudeMeters>9.761844594198783</AltitudeMeters>
                        <DistanceMeters>358.2062491334942</DistanceMeters>
                        <HeartRateBpm>
                            <Value>90</Value>
                        </HeartRateBpm>
                    </Trackpoint>
                    <Trackpoint>
                        <Time>2026-08-15T19:56:41.000+02:00</Time>
                        <Position>
                            <LatitudeDegrees>39.63393</LatitudeDegrees>
                            <LongitudeDegrees>15.843371666666666</LongitudeDegrees>
                        </Position>
                        <AltitudeMeters>9.66566383032206</AltitudeMeters>
                        <DistanceMeters>360.2482574504803</DistanceMeters>
                        <HeartRateBpm>
                            <Value>88</Value>
                        </HeartRateBpm>
                    </Trackpoint>
                    <Trackpoint>
                        <Time>2026-08-15T19:56:42.000+02:00</Time>
                        <Position>
                            <LatitudeDegrees>39.63393666666666</LatitudeDegrees>
                            <LongitudeDegrees>15.843350000000001</LongitudeDegrees>
                        </Position>
                        <AltitudeMeters>9.582286905198224</AltitudeMeters>
                        <DistanceMeters>362.24629477945797</DistanceMeters>
                    </Trackpoint>
                    <Trackpoint>
                        <Time>2026-08-15T19:56:43.000+02:00</Time>
                        <Position>
                            <LatitudeDegrees>39.63394</LatitudeDegrees>
                            <LongitudeDegrees>15.843326666666666</LongitudeDegrees>
                        </Position>
                        <AltitudeMeters>9.510801464617192</AltitudeMeters>
                        <DistanceMeters>364.2785381189822</DistanceMeters>
                    </Trackpoint>
                    <Trackpoint>
                        <Time>2026-08-15T19:56:44.000+02:00</Time>
                        <Position>
                            <LatitudeDegrees>39.633941666666665</LatitudeDegrees>
                            <LongitudeDegrees>15.843305</LongitudeDegrees>
                        </Position>
                        <AltitudeMeters>9.4101987200383</AltitudeMeters>
                        <DistanceMeters>366.14320193612707</DistanceMeters>
                        <HeartRateBpm>
                            <Value>90</Value>
                        </HeartRateBpm>
                    </Trackpoint>
                    <Trackpoint>
                        <Time>2026-08-15T19:56:45.000+02:00</Time>
                        <Position>
                            <LatitudeDegrees>39.63393833333333</LatitudeDegrees>
                            <LongitudeDegrees>15.843281666666666</LongitudeDegrees>
                        </Position>
                        <AltitudeMeters>9.322530994224751</AltitudeMeters>
                        <DistanceMeters>368.1754452279196</DistanceMeters>
                        <HeartRateBpm>
                            <Value>92</Value>
                        </HeartRateBpm>
                    </Trackpoint>
                    <Trackpoint>
                        <Time>2026-08-15T19:56:46.000+02:00</Time>
                        <Position>
                            <LatitudeDegrees>39.63393166666667</LatitudeDegrees>
                            <LongitudeDegrees>15.84326</LongitudeDegrees>
                        </Position>
                        <AltitudeMeters>9.246908604257476</AltitudeMeters>
                        <DistanceMeters>370.1734825156372</DistanceMeters>
                    </Trackpoint>
                    <Trackpoint>
                        <Time>2026-08-15T19:56:47.000+02:00</Time>
                        <Position>
                            <LatitudeDegrees>39.633923333333335</LatitudeDegrees>
                            <LongitudeDegrees>15.843238333333334</LongitudeDegrees>
                        </Position>
                        <AltitudeMeters>9.182447014117985</AltitudeMeters>
                        <DistanceMeters>372.2474310475696</DistanceMeters>
                        <HeartRateBpm>
                            <Value>93</Value>
                        </HeartRateBpm>
                    </Trackpoint>
                    <Trackpoint>
                        <Time>2026-08-15T19:56:48.000+02:00</Time>
                        <Position>
                            <LatitudeDegrees>39.633915</LatitudeDegrees>
                            <LongitudeDegrees>15.843218333333333</LongitudeDegrees>
                        </Position>
                        <AltitudeMeters>9.128274396927365</AltitudeMeters>
                        <DistanceMeters>374.1947365871048</DistanceMeters>
                    </Trackpoint>
                    <Trackpoint>
                        <Time>2026-08-15T19:56:49.000+02:00</Time>
                        <Position>
                            <LatitudeDegrees>39.633905</LatitudeDegrees>
                            <LongitudeDegrees>15.843198333333333</LongitudeDegrees>
                        </Position>
                        <AltitudeMeters>9.08353808110529</AltitudeMeters>
                        <DistanceMeters>376.2367452157409</DistanceMeters>
                        <HeartRateBpm>
                            <Value>92</Value>
                        </HeartRateBpm>
                    </Trackpoint>
                    <Trackpoint>
                        <Time>2026-08-15T19:56:50.000+02:00</Time>
                        <Position>
                            <LatitudeDegrees>39.633896666666665</LatitudeDegrees>
                            <LongitudeDegrees>15.843181666666666</LongitudeDegrees>
                        </Position>
                        <AltitudeMeters>9.04740996763174</AltitudeMeters>
                        <DistanceMeters>377.9384192313258</DistanceMeters>
                    </Trackpoint>
                    <Trackpoint>
                        <Time>2026-08-15T19:56:51.000+02:00</Time>
                        <Position>
                            <LatitudeDegrees>39.63388833333333</LatitudeDegrees>
                            <LongitudeDegrees>15.843163333333333</LongitudeDegrees>
                        </Position>
                        <AltitudeMeters>9.019091003678584</AltitudeMeters>
                        <DistanceMeters>379.7614599440786</DistanceMeters>
                        <HeartRateBpm>
                            <Value>90</Value>
                        </HeartRateBpm>
                    </Trackpoint>
                    <Trackpoint>
                        <Time>2026-08-15T19:56:52.000+02:00</Time>
                        <Position>
                            <LatitudeDegrees>39.633885</LatitudeDegrees>
                            <LongitudeDegrees>15.843145</LongitudeDegrees>
                        </Position>
                        <AltitudeMeters>8.997814795420929</AltitudeMeters>
                        <DistanceMeters>381.37460100283533</DistanceMeters>
                    </Trackpoint>
                    <Trackpoint>
                        <Time>2026-08-15T19:56:53.000+02:00</Time>
                        <Position>
                            <LatitudeDegrees>39.63388333333333</LatitudeDegrees>
                            <LongitudeDegrees>15.84313</LongitudeDegrees>
                        </Position>
                        <AltitudeMeters>8.982850439933515</AltitudeMeters>
                        <DistanceMeters>382.672431502301</DistanceMeters>
                        <HeartRateBpm>
                            <Value>89</Value>
                        </HeartRateBpm>
                    </Trackpoint>
                    <Trackpoint>
                        <Time>2026-08-15T19:56:54.000+02:00</Time>
                        <Position>
                            <LatitudeDegrees>39.63388833333333</LatitudeDegrees>
                            <LongitudeDegrees>15.843115</LongitudeDegrees>
                        </Position>
                        <AltitudeMeters>8.973504652811537</AltitudeMeters>
                        <DistanceMeters>384.07211977886163</DistanceMeters>
                    </Trackpoint>
                    <Trackpoint>
                        <Time>2026-08-15T19:56:55.000+02:00</Time>
                        <Position>
                            <LatitudeDegrees>39.633898333333335</LatitudeDegrees>
                            <LongitudeDegrees>15.843098333333334</LongitudeDegrees>
                        </Position>
                        <AltitudeMeters>8.9691232646062</AltitudeMeters>
                        <DistanceMeters>385.8813998834822</DistanceMeters>
                        <HeartRateBpm>
                            <Value>90</Value>
                        </HeartRateBpm>
                    </Trackpoint>
                    <Trackpoint>
                        <Time>2026-08-15T19:56:56.000+02:00</Time>
                        <Position>
                            <LatitudeDegrees>39.63391</LatitudeDegrees>
                            <LongitudeDegrees>15.843085</LongitudeDegrees>
                        </Position>
                        <AltitudeMeters>8.969092155403427</AltitudeMeters>
                        <DistanceMeters>387.6095905915871</DistanceMeters>
                    </Trackpoint>
                    <Trackpoint>
                        <Time>2026-08-15T19:56:57.000+02:00</Time>
                        <Position>
                            <LatitudeDegrees>39.63392</LatitudeDegrees>
                            <LongitudeDegrees>15.843075</LongitudeDegrees>
                        </Position>
                        <AltitudeMeters>9.012943698602742</AltitudeMeters>
                        <DistanceMeters>389.01307767572627</DistanceMeters>
                        <HeartRateBpm>
                            <Value>91</Value>
                        </HeartRateBpm>
                    </Trackpoint>
                    <Trackpoint>
                        <Time>2026-08-15T19:56:58.000+02:00</Time>
                        <Position>
                            <LatitudeDegrees>39.63393166666667</LatitudeDegrees>
                            <LongitudeDegrees>15.843066666666667</LongitudeDegrees>
                        </Position>
                        <AltitudeMeters>9.057206366937802</AltitudeMeters>
                        <DistanceMeters>390.4936822380481</DistanceMeters>
                    </Trackpoint>
                    <Trackpoint>
                        <Time>2026-08-15T19:56:59.000+02:00</Time>
                        <Position>
                            <LatitudeDegrees>39.63394</LatitudeDegrees>
                            <LongitudeDegrees>15.84306</LongitudeDegrees>
                        </Position>
                        <AltitudeMeters>9.141519530222734</AltitudeMeters>
                        <DistanceMeters>391.5820592699652</DistanceMeters>
                        <HeartRateBpm>
                            <Value>94</Value>
                        </HeartRateBpm>
                    </Trackpoint>
                    <Trackpoint>
                        <Time>2026-08-15T19:57:00.000+02:00</Time>
                        <Position>
                            <LatitudeDegrees>39.633948333333336</LatitudeDegrees>
                            <LongitudeDegrees>15.843056666666667</LongitudeDegrees>
                        </Position>
                        <AltitudeMeters>9.222540246184641</AltitudeMeters>
                        <DistanceMeters>392.55165594440535</DistanceMeters>
                    </Trackpoint>
                    <Trackpoint>
                        <Time>2026-08-15T19:57:01.000+02:00</Time>
                        <Position>
                            <LatitudeDegrees>39.633955</LatitudeDegrees>
                            <LongitudeDegrees>15.843055</LongitudeDegrees>
                        </Position>
                        <AltitudeMeters>9.299948006407869</AltitudeMeters>
                        <DistanceMeters>393.3065713367241</DistanceMeters>
                        <HeartRateBpm>
                            <Value>96</Value>
                        </HeartRateBpm>
                    </Trackpoint>
                    <Trackpoint>
                        <Time>2026-08-15T19:57:02.000+02:00</Time>
                        <Position>
                            <LatitudeDegrees>39.633963333333334</LatitudeDegrees>
                            <LongitudeDegrees>15.843051666666666</LongitudeDegrees>
                        </Position>
                        <AltitudeMeters>9.413604254092206</AltitudeMeters>
                        <DistanceMeters>394.2761679929415</DistanceMeters>
                    </Trackpoint>
                    <Trackpoint>
                        <Time>2026-08-15T19:57:03.000+02:00</Time>
                        <Position>
                            <LatitudeDegrees>39.63397166666667</LatitudeDegrees>
                            <LongitudeDegrees>15.84305</LongitudeDegrees>
                        </Position>
                        <AltitudeMeters>9.520394246186477</AltitudeMeters>
                        <DistanceMeters>395.2137211941196</DistanceMeters>
                        <HeartRateBpm>
                            <Value>98</Value>
                        </HeartRateBpm>
                    </Trackpoint>
                    <Trackpoint>
                        <Time>2026-08-15T19:57:04.000+02:00</Time>
                        <Position>
                            <LatitudeDegrees>39.633981666666664</LatitudeDegrees>
                            <LongitudeDegrees>15.843048333333334</LongitudeDegrees>
                        </Position>
                        <AltitudeMeters>9.620228865024357</AltitudeMeters>
                        <DistanceMeters>396.33479460683577</DistanceMeters>
                    </Trackpoint>
                    <Trackpoint>
                        <Time>2026-08-15T19:57:05.000+02:00</Time>
                        <Position>
                            <LatitudeDegrees>39.63399166666667</LatitudeDegrees>
                            <LongitudeDegrees>15.843046666666666</LongitudeDegrees>
                        </Position>
                        <AltitudeMeters>9.753201559154968</AltitudeMeters>
                        <DistanceMeters>397.4558680176614</DistanceMeters>
                        <HeartRateBpm>
                            <Value>100</Value>
                        </HeartRateBpm>
                    </Trackpoint>
                    <Trackpoint>
                        <Time>2026-08-15T19:57:06.000+02:00</Time>
                        <Position>
                            <LatitudeDegrees>39.63400166666667</LatitudeDegrees>
                            <LongitudeDegrees>15.843045</LongitudeDegrees>
                        </Position>
                        <AltitudeMeters>9.876427962790602</AltitudeMeters>
                        <DistanceMeters>398.57694142582557</DistanceMeters>
                        <HeartRateBpm>
                            <Value>102</Value>
                        </HeartRateBpm>
                    </Trackpoint>
                    <Trackpoint>
                        <Time>2026-08-15T19:57:07.000+02:00</Time>
                        <Position>
                            <LatitudeDegrees>39.634013333333336</LatitudeDegrees>
                            <LongitudeDegrees>15.843046666666666</LongitudeDegrees>
                        </Position>
                        <AltitudeMeters>9.9900457757979</AltitudeMeters>
                        <DistanceMeters>399.88204525943553</DistanceMeters>
                    </Trackpoint>
                    <Trackpoint>
                        <Time>2026-08-15T19:57:08.000+02:00</Time>
                        <Position>
                            <LatitudeDegrees>39.634025</LatitudeDegrees>
                            <LongitudeDegrees>15.843046666666666</LongitudeDegrees>
                        </Position>
                        <AltitudeMeters>10.094264055247223</AltitudeMeters>
                        <DistanceMeters>401.17932143954613</DistanceMeters>
                        <HeartRateBpm>
                            <Value>101</Value>
                        </HeartRateBpm>
                    </Trackpoint>
                    <Trackpoint>
                        <Time>2026-08-15T19:57:09.000+02:00</Time>
                        <Position>
                            <LatitudeDegrees>39.63403666666667</LatitudeDegrees>
                            <LongitudeDegrees>15.843045</LongitudeDegrees>
                        </Position>
                        <AltitudeMeters>10.229457859271413</AltitudeMeters>
                        <DistanceMeters>402.48442526718816</DistanceMeters>
                    </Trackpoint>
                    <Trackpoint>
                        <Time>2026-08-15T19:57:10.000+02:00</Time>
                        <Position>
                            <LatitudeDegrees>39.63404833333333</LatitudeDegrees>
                            <LongitudeDegrees>15.843043333333334</LongitudeDegrees>
                        </Position>
                        <AltitudeMeters>10.353007428147466</AltitudeMeters>
                        <DistanceMeters>403.78952909219777</DistanceMeters>
                        <HeartRateBpm>
                            <Value>102</Value>
                        </HeartRateBpm>
                    </Trackpoint>
                    <Trackpoint>
                        <Time>2026-08-15T19:57:11.000+02:00</Time>
                        <Position>
                            <LatitudeDegrees>39.63406166666667</LatitudeDegrees>
                            <LongitudeDegrees>15.84304</LongitudeDegrees>
                        </Position>
                        <AltitudeMeters>10.46529784217671</AltitudeMeters>
                        <DistanceMeters>405.2993597976077</DistanceMeters>
                        <HeartRateBpm>
                            <Value>102</Value>
                        </HeartRateBpm>
                    </Trackpoint>
                    <Trackpoint>
                        <Time>2026-08-15T19:57:12.000+02:00</Time>
                        <Position>
                            <LatitudeDegrees>39.634075</LatitudeDegrees>
                            <LongitudeDegrees>15.843036666666666</LongitudeDegrees>
                        </Position>
                        <AltitudeMeters>10.566768280917662</AltitudeMeters>
                        <DistanceMeters>406.8091904919724</DistanceMeters>
                        <HeartRateBpm>
                            <Value>100</Value>
                        </HeartRateBpm>
                    </Trackpoint>
                    <Trackpoint>
                        <Time>2026-08-15T19:57:13.000+02:00</Time>
                        <Position>
                            <LatitudeDegrees>39.63408666666667</LatitudeDegrees>
                            <LongitudeDegrees>15.843033333333333</LongitudeDegrees>
                        </Position>
                        <AltitudeMeters>10.657900794144616</AltitudeMeters>
                        <DistanceMeters>408.1375004797466</DistanceMeters>
                    </Trackpoint>
                    <Trackpoint>
                        <Time>2026-08-15T19:57:14.000+02:00</Time>
                        <Position>
                            <LatitudeDegrees>39.634098333333334</LatitudeDegrees>
                            <LongitudeDegrees>15.843031666666667</LongitudeDegrees>
                        </Position>
                        <AltitudeMeters>10.73921015480378</AltitudeMeters>
                        <DistanceMeters>409.4426042941775</DistanceMeters>
                        <HeartRateBpm>
                            <Value>99</Value>
                        </HeartRateBpm>
                    </Trackpoint>
                    <Trackpoint>
                        <Time>2026-08-15T19:57:15.000+02:00</Time>
                        <Position>
                            <LatitudeDegrees>39.63411</LatitudeDegrees>
                            <LongitudeDegrees>15.84303</LongitudeDegrees>
                        </Position>
                        <AltitudeMeters>10.811234745761944</AltitudeMeters>
                        <DistanceMeters>410.7477081052729</DistanceMeters>
                    </Trackpoint>
                    <Trackpoint>
                        <Time>2026-08-15T19:57:16.000+02:00</Time>
                        <Position>
                            <LatitudeDegrees>39.634121666666665</LatitudeDegrees>
                            <LongitudeDegrees>15.843028333333333</LongitudeDegrees>
                        </Position>
                        <AltitudeMeters>10.914634434510479</AltitudeMeters>
                        <DistanceMeters>412.05281191373587</DistanceMeters>
                        <HeartRateBpm>
                            <Value>103</Value>
                        </HeartRateBpm>
                    </Trackpoint>
                    <Trackpoint>
                        <Time>2026-08-15T19:57:17.000+02:00</Time>
                        <Position>
                            <LatitudeDegrees>39.63413666666667</LatitudeDegrees>
                            <LongitudeDegrees>15.843025</LongitudeDegrees>
                        </Position>
                        <AltitudeMeters>11.007032973615859</AltitudeMeters>
                        <DistanceMeters>413.74498823243397</DistanceMeters>
                    </Trackpoint>
                    <Trackpoint>
                        <Time>2026-08-15T19:57:18.000+02:00</Time>
                        <Position>
                            <LatitudeDegrees>39.63415333333333</LatitudeDegrees>
                            <LongitudeDegrees>15.84302</LongitudeDegrees>
                        </Position>
                        <AltitudeMeters>11.089020838011365</AltitudeMeters>
                        <DistanceMeters>415.6470596889313</DistanceMeters>
                    </Trackpoint>
                    <Trackpoint>
                        <Time>2026-08-15T19:57:19.000+02:00</Time>
                        <Position>
                            <LatitudeDegrees>39.63417166666667</LatitudeDegrees>
                            <LongitudeDegrees>15.843015</LongitudeDegrees>
                        </Position>
                        <AltitudeMeters>11.16120759933292</AltitudeMeters>
                        <DistanceMeters>417.73011742142694</DistanceMeters>
                        <HeartRateBpm>
                            <Value>103</Value>
                        </HeartRateBpm>
                    </Trackpoint>
                    <Trackpoint>
                        <Time>2026-08-15T19:57:20.000+02:00</Time>
                        <Position>
                            <LatitudeDegrees>39.634188333333334</LatitudeDegrees>
                            <LongitudeDegrees>15.843008333333334</LongitudeDegrees>
                        </Position>
                        <AltitudeMeters>11.264319732772707</AltitudeMeters>
                        <DistanceMeters>419.66931019781964</DistanceMeters>
                    </Trackpoint>
                    <Trackpoint>
                        <Time>2026-08-15T19:57:21.000+02:00</Time>
                        <Position>
                            <LatitudeDegrees>39.634205</LatitudeDegrees>
                            <LongitudeDegrees>15.843003333333334</LongitudeDegrees>
                        </Position>
                        <AltitudeMeters>11.35604300131265</AltitudeMeters>
                        <DistanceMeters>421.5713815829536</DistanceMeters>
                    </Trackpoint>
                    <Trackpoint>
                        <Time>2026-08-15T19:57:22.000+02:00</Time>
                        <Position>
                            <LatitudeDegrees>39.63421666666667</LatitudeDegrees>
                            <LongitudeDegrees>15.842998333333334</LongitudeDegrees>
                        </Position>
                        <AltitudeMeters>11.437025321771658</AltitudeMeters>
                        <DistanceMeters>422.93749254279487</DistanceMeters>
                        <HeartRateBpm>
                            <Value>104</Value>
                        </HeartRateBpm>
                    </Trackpoint>
                    <Trackpoint>
                        <Time>2026-08-15T19:57:23.000+02:00</Time>
                        <Position>
                            <LatitudeDegrees>39.63422666666666</LatitudeDegrees>
                            <LongitudeDegrees>15.842993333333334</LongitudeDegrees>
                        </Position>
                        <AltitudeMeters>11.548035212308575</AltitudeMeters>
                        <DistanceMeters>424.1290329998559</DistanceMeters>
                    </Trackpoint>
                    <Trackpoint>
                        <Time>2026-08-15T19:57:24.000+02:00</Time>
                        <Position>
                            <LatitudeDegrees>39.634235</LatitudeDegrees>
                            <LongitudeDegrees>15.84299</LongitudeDegrees>
                        </Position>
                        <AltitudeMeters>11.646803297099737</AltitudeMeters>
                        <DistanceMeters>425.0986293267156</DistanceMeters>
                        <HeartRateBpm>
                            <Value>105</Value>
                        </HeartRateBpm>
                    </Trackpoint>
                    <Trackpoint>
                        <Time>2026-08-15T19:57:25.000+02:00</Time>
                        <Position>
                            <LatitudeDegrees>39.63424333333333</LatitudeDegrees>
                            <LongitudeDegrees>15.842988333333333</LongitudeDegrees>
                        </Position>
                        <AltitudeMeters>11.734024382610516</AltitudeMeters>
                        <DistanceMeters>426.0361824419077</DistanceMeters>
                    </Trackpoint>
                    <Trackpoint>
                        <Time>2026-08-15T19:57:26.000+02:00</Time>
                        <Position>
                            <LatitudeDegrees>39.634251666666664</LatitudeDegrees>
                            <LongitudeDegrees>15.842985</LongitudeDegrees>
                        </Position>
                        <AltitudeMeters>11.850515200616634</AltitudeMeters>
                        <DistanceMeters>427.00577874776377</DistanceMeters>
                        <HeartRateBpm>
                            <Value>104</Value>
                        </HeartRateBpm>
                    </Trackpoint>
                    <Trackpoint>
                        <Time>2026-08-15T19:57:27.000+02:00</Time>
                        <Position>
                            <LatitudeDegrees>39.63426166666667</LatitudeDegrees>
                            <LongitudeDegrees>15.842983333333333</LongitudeDegrees>
                        </Position>
                        <AltitudeMeters>11.954055289005229</AltitudeMeters>
                        <DistanceMeters>428.12685208763247</DistanceMeters>
                    </Trackpoint>
                    <Trackpoint>
                        <Time>2026-08-15T19:57:28.000+02:00</Time>
                        <Position>
                            <LatitudeDegrees>39.63427333333333</LatitudeDegrees>
                            <LongitudeDegrees>15.84298</LongitudeDegrees>
                        </Position>
                        <AltitudeMeters>12.0854945255937</AltitudeMeters>
                        <DistanceMeters>429.45516191056606</DistanceMeters>
                        <HeartRateBpm>
                            <Value>102</Value>
                        </HeartRateBpm>
                    </Trackpoint>
                    <Trackpoint>
                        <Time>2026-08-15T19:57:29.000+02:00</Time>
                        <Position>
                            <LatitudeDegrees>39.63428666666667</LatitudeDegrees>
                            <LongitudeDegrees>15.842976666666667</LongitudeDegrees>
                        </Position>
                        <AltitudeMeters>12.202653991220224</AltitudeMeters>
                        <DistanceMeters>430.9649924397449</DistanceMeters>
                    </Trackpoint>
                    <Trackpoint>
                        <Time>2026-08-15T19:57:30.000+02:00</Time>
                        <Position>
                            <LatitudeDegrees>39.6343</LatitudeDegrees>
                            <LongitudeDegrees>15.842971666666667</LongitudeDegrees>
                        </Position>
                        <AltitudeMeters>12.34643200872074</AltitudeMeters>
                        <DistanceMeters>432.5081839346265</DistanceMeters>
                        <HeartRateBpm>
                            <Value>101</Value>
                        </HeartRateBpm>
                    </Trackpoint>
                    <Trackpoint>
                        <Time>2026-08-15T19:57:31.000+02:00</Time>
                        <Position>
                            <LatitudeDegrees>39.63431333333333</LatitudeDegrees>
                            <LongitudeDegrees>15.842966666666667</LongitudeDegrees>
                        </Position>
                        <AltitudeMeters>12.474703644081742</AltitudeMeters>
                        <DistanceMeters>434.0513754066093</DistanceMeters>
                    </Trackpoint>
                    <Trackpoint>
                        <Time>2026-08-15T19:57:32.000+02:00</Time>
                        <Position>
                            <LatitudeDegrees>39.634325</LatitudeDegrees>
                            <LongitudeDegrees>15.842961666666667</LongitudeDegrees>
                        </Position>
                        <AltitudeMeters>12.588319505899115</AltitudeMeters>
                        <DistanceMeters>435.41748615619446</DistanceMeters>
                    </Trackpoint>
                    <Trackpoint>
                        <Time>2026-08-15T19:57:33.000+02:00</Time>
                        <Position>
                            <LatitudeDegrees>39.63433666666667</LatitudeDegrees>
                            <LongitudeDegrees>15.842956666666666</LongitudeDegrees>
                        </Position>
                        <AltitudeMeters>12.688154532404331</AltitudeMeters>
                        <DistanceMeters>436.7835968839883</DistanceMeters>
                        <HeartRateBpm>
                            <Value>102</Value>
                        </HeartRateBpm>
                    </Trackpoint>
                    <Trackpoint>
                        <Time>2026-08-15T19:57:34.000+02:00</Time>
                        <Position>
                            <LatitudeDegrees>39.63435</LatitudeDegrees>
                            <LongitudeDegrees>15.842951666666666</LongitudeDegrees>
                        </Position>
                        <AltitudeMeters>12.815202635518343</AltitudeMeters>
                        <DistanceMeters>438.32678829224386</DistanceMeters>
                    </Trackpoint>
                    <Trackpoint>
                        <Time>2026-08-15T19:57:35.000+02:00</Time>
                        <Position>
                            <LatitudeDegrees>39.63436166666666</LatitudeDegrees>
                            <LongitudeDegrees>15.842948333333334</LongitudeDegrees>
                        </Position>
                        <AltitudeMeters>12.92741632025853</AltitudeMeters>
                        <DistanceMeters>439.6550980368455</DistanceMeters>
                        <HeartRateBpm>
                            <Value>103</Value>
                        </HeartRateBpm>
                    </Trackpoint>
                    <Trackpoint>
                        <Time>2026-08-15T19:57:36.000+02:00</Time>
                        <Position>
                            <LatitudeDegrees>39.63437666666667</LatitudeDegrees>
                            <LongitudeDegrees>15.842945</LongitudeDegrees>
                        </Position>
                        <AltitudeMeters>13.025707157188988</AltitudeMeters>
                        <DistanceMeters>441.3472741877839</DistanceMeters>
                    </Trackpoint>
                    <Trackpoint>
                        <Time>2026-08-15T19:57:37.000+02:00</Time>
                        <Position>
                            <LatitudeDegrees>39.634393333333335</LatitudeDegrees>
                            <LongitudeDegrees>15.842943333333334</LongitudeDegrees>
                        </Position>
                        <AltitudeMeters>13.110996175241784</AltitudeMeters>
                        <DistanceMeters>443.2060135769378</DistanceMeters>
                        <HeartRateBpm>
                            <Value>106</Value>
                        </HeartRateBpm>
                    </Trackpoint>
                    <Trackpoint>
                        <Time>2026-08-15T19:57:38.000+02:00</Time>
                        <Position>
                            <LatitudeDegrees>39.634411666666665</LatitudeDegrees>
                            <LongitudeDegrees>15.84294</LongitudeDegrees>
                        </Position>
                        <AltitudeMeters>13.184204032633266</AltitudeMeters>
                        <DistanceMeters>445.26447824069703</DistanceMeters>
                    </Trackpoint>
                    <Trackpoint>
                        <Time>2026-08-15T19:57:39.000+02:00</Time>
                        <Position>
                            <LatitudeDegrees>39.634433333333334</LatitudeDegrees>
                            <LongitudeDegrees>15.842938333333333</LongitudeDegrees>
                        </Position>
                        <AltitudeMeters>13.24624248796226</AltitudeMeters>
                        <DistanceMeters>447.6779292855087</DistanceMeters>
                        <HeartRateBpm>
                            <Value>105</Value>
                        </HeartRateBpm>
                    </Trackpoint>
                    <Trackpoint>
                        <Time>2026-08-15T19:57:40.000+02:00</Time>
                        <Position>
                            <LatitudeDegrees>39.634455</LatitudeDegrees>
                            <LongitudeDegrees>15.842936666666667</LongitudeDegrees>
                        </Position>
                        <AltitudeMeters>13.298007079424325</AltitudeMeters>
                        <DistanceMeters>450.0913803283667</DistanceMeters>
                    </Trackpoint>
                    <Trackpoint>
                        <Time>2026-08-15T19:57:41.000+02:00</Time>
                        <Position>
                            <LatitudeDegrees>39.634476666666664</LatitudeDegrees>
                            <LongitudeDegrees>15.842935</LongitudeDegrees>
                        </Position>
                        <AltitudeMeters>13.340370920966228</AltitudeMeters>
                        <DistanceMeters>452.5048313671689</DistanceMeters>
                        <HeartRateBpm>
                            <Value>106</Value>
                        </HeartRateBpm>
                    </Trackpoint>
                    <Trackpoint>
                        <Time>2026-08-15T19:57:42.000+02:00</Time>
                        <Position>
                            <LatitudeDegrees>39.63449833333333</LatitudeDegrees>
                            <LongitudeDegrees>15.842931666666667</LongitudeDegrees>
                        </Position>
                        <AltitudeMeters>13.37417952582679</AltitudeMeters>
                        <DistanceMeters>454.9309098168919</DistanceMeters>
                    </Trackpoint>
                    <Trackpoint>
                        <Time>2026-08-15T19:57:43.000+02:00</Time>
                        <Position>
                            <LatitudeDegrees>39.63452</LatitudeDegrees>
                            <LongitudeDegrees>15.842929999999999</LongitudeDegrees>
                        </Position>
                        <AltitudeMeters>13.400246570152738</AltitudeMeters>
                        <DistanceMeters>457.34436085112895</DistanceMeters>
                        <HeartRateBpm>
                            <Value>105</Value>
                        </HeartRateBpm>
                    </Trackpoint>
                    <Trackpoint>
                        <Time>2026-08-15T19:57:44.000+02:00</Time>
                        <Position>
                            <LatitudeDegrees>39.63454</LatitudeDegrees>
                            <LongitudeDegrees>15.842928333333333</LongitudeDegrees>
                        </Position>
                        <AltitudeMeters>13.419350512138218</AltitudeMeters>
                        <DistanceMeters>459.5728380063098</DistanceMeters>
                    </Trackpoint>
                    <Trackpoint>
                        <Time>2026-08-15T19:57:45.000+02:00</Time>
                        <Position>
                            <LatitudeDegrees>39.63456</LatitudeDegrees>
                            <LongitudeDegrees>15.842926666666667</LongitudeDegrees>
                        </Position>
                        <AltitudeMeters>13.39212597968029</AltitudeMeters>
                        <DistanceMeters>461.80131515814185</DistanceMeters>
                        <HeartRateBpm>
                            <Value>109</Value>
                        </HeartRateBpm>
                    </Trackpoint>
                    <Trackpoint>
                        <Time>2026-08-15T19:57:46.000+02:00</Time>
                        <Position>
                            <LatitudeDegrees>39.63458</LatitudeDegrees>
                            <LongitudeDegrees>15.842923333333333</LongitudeDegrees>
                        </Position>
                        <AltitudeMeters>13.362212257075136</AltitudeMeters>
                        <DistanceMeters>464.04346167330374</DistanceMeters>
                    </Trackpoint>
                    <Trackpoint>
                        <Time>2026-08-15T19:57:47.000+02:00</Time>
                        <Position>
                            <LatitudeDegrees>39.63460166666667</LatitudeDegrees>
                            <LongitudeDegrees>15.84292</LongitudeDegrees>
                        </Position>
                        <AltitudeMeters>13.330242830210699</AltitudeMeters>
                        <DistanceMeters>466.46954007215373</DistanceMeters>
                    </Trackpoint>
                    <Trackpoint>
                        <Time>2026-08-15T19:57:48.000+02:00</Time>
                        <Position>
                            <LatitudeDegrees>39.63462333333333</LatitudeDegrees>
                            <LongitudeDegrees>15.842916666666667</LongitudeDegrees>
                        </Position>
                        <AltitudeMeters>13.256680758109155</AltitudeMeters>
                        <DistanceMeters>468.8956184605161</DistanceMeters>
                        <HeartRateBpm>
                            <Value>109</Value>
                        </HeartRateBpm>
                    </Trackpoint>
                    <Trackpoint>
                        <Time>2026-08-15T19:57:49.000+02:00</Time>
                        <Position>
                            <LatitudeDegrees>39.63464333333334</LatitudeDegrees>
                            <LongitudeDegrees>15.842915</LongitudeDegrees>
                        </Position>
                        <AltitudeMeters>13.184972266959987</AltitudeMeters>
                        <DistanceMeters>471.124095602042</DistanceMeters>
                        <HeartRateBpm>
                            <Value>111</Value>
                        </HeartRateBpm>
                    </Trackpoint>
                    <Trackpoint>
                        <Time>2026-08-15T19:57:50.000+02:00</Time>
                        <Position>
                            <LatitudeDegrees>39.634665</LatitudeDegrees>
                            <LongitudeDegrees>15.842911666666666</LongitudeDegrees>
                        </Position>
                        <AltitudeMeters>13.115540929066599</AltitudeMeters>
                        <DistanceMeters>473.5501739701743</DistanceMeters>
                    </Trackpoint>
                    <Trackpoint>
                        <Time>2026-08-15T19:57:51.000+02:00</Time>
                        <Position>
                            <LatitudeDegrees>39.634685</LatitudeDegrees>
                            <LongitudeDegrees>15.842906666666666</LongitudeDegrees>
                        </Position>
                        <AltitudeMeters>13.008627213865639</AltitudeMeters>
                        <DistanceMeters>475.8149193013995</DistanceMeters>
                        <HeartRateBpm>
                            <Value>113</Value>
                        </HeartRateBpm>
                    </Trackpoint>
                    <Trackpoint>
                        <Time>2026-08-15T19:57:52.000+02:00</Time>
                        <Position>
                            <LatitudeDegrees>39.634705</LatitudeDegrees>
                            <LongitudeDegrees>15.842901666666666</LongitudeDegrees>
                        </Position>
                        <AltitudeMeters>12.907445828151175</AltitudeMeters>
                        <DistanceMeters>478.07966460986296</DistanceMeters>
                    </Trackpoint>
                    <Trackpoint>
                        <Time>2026-08-15T19:57:53.000+02:00</Time>
                        <Position>
                            <LatitudeDegrees>39.63472333333333</LatitudeDegrees>
                            <LongitudeDegrees>15.842895</LongitudeDegrees>
                        </Position>
                        <AltitudeMeters>12.772077224545562</AltitudeMeters>
                        <DistanceMeters>480.1966713103105</DistanceMeters>
                        <HeartRateBpm>
                            <Value>115</Value>
                        </HeartRateBpm>
                    </Trackpoint>
                    <Trackpoint>
                        <Time>2026-08-15T19:57:54.000+02:00</Time>
                        <Position>
                            <LatitudeDegrees>39.63474333333333</LatitudeDegrees>
                            <LongitudeDegrees>15.84289</LongitudeDegrees>
                        </Position>
                        <AltitudeMeters>12.645566502538664</AltitudeMeters>
                        <DistanceMeters>482.4614165732713</DistanceMeters>
                        <HeartRateBpm>
                            <Value>114</Value>
                        </HeartRateBpm>
                    </Trackpoint>
                    <Trackpoint>
                        <Time>2026-08-15T19:57:55.000+02:00</Time>
                        <Position>
                            <LatitudeDegrees>39.63476333333333</LatitudeDegrees>
                            <LongitudeDegrees>15.842881666666667</LongitudeDegrees>
                        </Position>
                        <AltitudeMeters>12.527923768087629</AltitudeMeters>
                        <DistanceMeters>484.7970090912724</DistanceMeters>
                    </Trackpoint>
                    <Trackpoint>
                        <Time>2026-08-15T19:57:56.000+02:00</Time>
                        <Position>
                            <LatitudeDegrees>39.63478333333333</LatitudeDegrees>
                            <LongitudeDegrees>15.842875</LongitudeDegrees>
                        </Position>
                        <AltitudeMeters>12.378969164859289</AltitudeMeters>
                        <DistanceMeters>487.0930189839243</DistanceMeters>
                        <HeartRateBpm>
                            <Value>115</Value>
                        </HeartRateBpm>
                    </Trackpoint>
                    <Trackpoint>
                        <Time>2026-08-15T19:57:57.000+02:00</Time>
                        <Position>
                            <LatitudeDegrees>39.63480333333333</LatitudeDegrees>
                            <LongitudeDegrees>15.842866666666666</LongitudeDegrees>
                        </Position>
                        <AltitudeMeters>12.24149503559399</AltitudeMeters>
                        <DistanceMeters>489.42861137592524</DistanceMeters>
                    </Trackpoint>
                    <Trackpoint>
                        <Time>2026-08-15T19:57:58.000+02:00</Time>
                        <Position>
                            <LatitudeDegrees>39.63482333333333</LatitudeDegrees>
                            <LongitudeDegrees>15.84286</LongitudeDegrees>
                        </Position>
                        <AltitudeMeters>12.115267640305333</AltitudeMeters>
                        <DistanceMeters>491.7246211864926</DistanceMeters>
                        <HeartRateBpm>
                            <Value>114</Value>
                        </HeartRateBpm>
                    </Trackpoint>
                    <Trackpoint>
                        <Time>2026-08-15T19:57:59.000+02:00</Time>
                        <Position>
                            <LatitudeDegrees>39.63484166666667</LatitudeDegrees>
                            <LongitudeDegrees>15.842851666666666</LongitudeDegrees>
                        </Position>
                        <AltitudeMeters>11.999979289503358</AltitudeMeters>
                        <DistanceMeters>493.88449308761767</DistanceMeters>
                    </Trackpoint>
                    <Trackpoint>
                        <Time>2026-08-15T19:58:00.000+02:00</Time>
                        <Position>
                            <LatitudeDegrees>39.634861666666666</LatitudeDegrees>
                            <LongitudeDegrees>15.842846666666667</LongitudeDegrees>
                        </Position>
                        <AltitudeMeters>11.85515496129401</AltitudeMeters>
                        <DistanceMeters>496.14923821209914</DistanceMeters>
                        <HeartRateBpm>
                            <Value>116</Value>
                        </HeartRateBpm>
                    </Trackpoint>
                    <Trackpoint>
                        <Time>2026-08-15T19:58:01.000+02:00</Time>
                        <Position>
                            <LatitudeDegrees>39.634881666666665</LatitudeDegrees>
                            <LongitudeDegrees>15.84284</LongitudeDegrees>
                        </Position>
                        <AltitudeMeters>11.723314227304613</AltitudeMeters>
                        <DistanceMeters>498.445247903645</DistanceMeters>
                    </Trackpoint>
                    <Trackpoint>
                        <Time>2026-08-15T19:58:02.000+02:00</Time>
                        <Position>
                            <LatitudeDegrees>39.634903333333334</LatitudeDegrees>
                            <LongitudeDegrees>15.842835000000001</LongitudeDegrees>
                        </Position>
                        <AltitudeMeters>11.603972557856094</AltitudeMeters>
                        <DistanceMeters>500.89222679944316</DistanceMeters>
                        <HeartRateBpm>
                            <Value>115</Value>
                        </HeartRateBpm>
                    </Trackpoint>
                    <Trackpoint>
                        <Time>2026-08-15T19:58:03.000+02:00</Time>
                        <Position>
                            <LatitudeDegrees>39.63492333333333</LatitudeDegrees>
                            <LongitudeDegrees>15.84283</LongitudeDegrees>
                        </Position>
                        <AltitudeMeters>11.496592891846655</AltitudeMeters>
                        <DistanceMeters>503.1569718525053</DistanceMeters>
                    </Trackpoint>
                    <Trackpoint>
                        <Time>2026-08-15T19:58:04.000+02:00</Time>
                        <Position>
                            <LatitudeDegrees>39.63494333333333</LatitudeDegrees>
                            <LongitudeDegrees>15.842823333333333</LongitudeDegrees>
                        </Position>
                        <AltitudeMeters>11.400597570918707</AltitudeMeters>
                        <DistanceMeters>505.45298141675124</DistanceMeters>
                    </Trackpoint>
                    <Trackpoint>
                        <Time>2026-08-15T19:58:05.000+02:00</Time>
                        <Position>
                            <LatitudeDegrees>39.63496333333333</LatitudeDegrees>
                            <LongitudeDegrees>15.842816666666666</LongitudeDegrees>
                        </Position>
                        <AltitudeMeters>11.31537907742548</AltitudeMeters>
                        <DistanceMeters>507.74899094077546</DistanceMeters>
                        <HeartRateBpm>
                            <Value>115</Value>
                        </HeartRateBpm>
                    </Trackpoint>
                    <Trackpoint>
                        <Time>2026-08-15T19:58:06.000+02:00</Time>
                        <Position>
                            <LatitudeDegrees>39.63498166666667</LatitudeDegrees>
                            <LongitudeDegrees>15.842808333333334</LongitudeDegrees>
                        </Position>
                        <AltitudeMeters>11.24030963396311</AltitudeMeters>
                        <DistanceMeters>509.90886236403855</DistanceMeters>
                        <HeartRateBpm>
                            <Value>116</Value>
                        </HeartRateBpm>
                    </Trackpoint>
                    <Trackpoint>
                        <Time>2026-08-15T19:58:07.000+02:00</Time>
                        <Position>
                            <LatitudeDegrees>39.63500166666667</LatitudeDegrees>
                            <LongitudeDegrees>15.8428</LongitudeDegrees>
                        </Position>
                        <AltitudeMeters>11.174749725219991</AltitudeMeters>
                        <DistanceMeters>512.2444541301187</DistanceMeters>
                    </Trackpoint>
                    <Trackpoint>
                        <Time>2026-08-15T19:58:08.000+02:00</Time>
                        <Position>
                            <LatitudeDegrees>39.63502</LatitudeDegrees>
                            <LongitudeDegrees>15.842791666666667</LongitudeDegrees>
                        </Position>
                        <AltitudeMeters>11.118055604921123</AltitudeMeters>
                        <DistanceMeters>514.4043254227213</DistanceMeters>
                        <HeartRateBpm>
                            <Value>118</Value>
                        </HeartRateBpm>
                    </Trackpoint>
                    <Trackpoint>
                        <Time>2026-08-15T19:58:09.000+02:00</Time>
                        <Position>
                            <LatitudeDegrees>39.635040000000004</LatitudeDegrees>
                            <LongitudeDegrees>15.842781666666667</LongitudeDegrees>
                        </Position>
                        <AltitudeMeters>11.069585851818982</AltitudeMeters>
                        <DistanceMeters>516.7874027424475</DistanceMeters>
                    </Trackpoint>
                    <Trackpoint>
                        <Time>2026-08-15T19:58:10.000+02:00</Time>
                        <Position>
                            <LatitudeDegrees>39.635061666666665</LatitudeDegrees>
                            <LongitudeDegrees>15.842773333333334</LongitudeDegrees>
                        </Position>
                        <AltitudeMeters>11.028707039105552</AltitudeMeters>
                        <DistanceMeters>519.3000952188376</DistanceMeters>
                        <HeartRateBpm>
                            <Value>119</Value>
                        </HeartRateBpm>
                    </Trackpoint>
                    <Trackpoint>
                        <Time>2026-08-15T19:58:11.000+02:00</Time>
                        <Position>
                            <LatitudeDegrees>39.635083333333334</LatitudeDegrees>
                            <LongitudeDegrees>15.842766666666666</LongitudeDegrees>
                        </Position>
                        <AltitudeMeters>10.994798581387634</AltitudeMeters>
                        <DistanceMeters>521.7760382840752</DistanceMeters>
                    </Trackpoint>
                    <Trackpoint>
                        <Time>2026-08-15T19:58:12.000+02:00</Time>
                        <Position>
                            <LatitudeDegrees>39.635105</LatitudeDegrees>
                            <LongitudeDegrees>15.84276</LongitudeDegrees>
                        </Position>
                        <AltitudeMeters>10.967256822568121</AltitudeMeters>
                        <DistanceMeters>524.2519813087697</DistanceMeters>
                        <HeartRateBpm>
                            <Value>118</Value>
                        </HeartRateBpm>
                    </Trackpoint>
                    <Trackpoint>
                        <Time>2026-08-15T19:58:13.000+02:00</Time>
                        <Position>
                            <LatitudeDegrees>39.635126666666665</LatitudeDegrees>
                            <LongitudeDegrees>15.842753333333333</LongitudeDegrees>
                        </Position>
                        <AltitudeMeters>10.985604432331828</AltitudeMeters>
                        <DistanceMeters>526.7279242909192</DistanceMeters>
                    </Trackpoint>
                    <Trackpoint>
                        <Time>2026-08-15T19:58:14.000+02:00</Time>
                        <Position>
                            <LatitudeDegrees>39.63515</LatitudeDegrees>
                            <LongitudeDegrees>15.842748333333333</LongitudeDegrees>
                        </Position>
                        <AltitudeMeters>11.006342763230986</AltitudeMeters>
                        <DistanceMeters>529.3575688881647</DistanceMeters>
                    </Trackpoint>
                    <Trackpoint>
                        <Time>2026-08-15T19:58:15.000+02:00</Time>
                        <Position>
                            <LatitudeDegrees>39.635171666666665</LatitudeDegrees>
                            <LongitudeDegrees>15.842743333333333</LongitudeDegrees>
                        </Position>
                        <AltitudeMeters>11.02896319318486</AltitudeMeters>
                        <DistanceMeters>531.8045474926827</DistanceMeters>
                        <HeartRateBpm>
                            <Value>118</Value>
                        </HeartRateBpm>
                    </Trackpoint>
                    <Trackpoint>
                        <Time>2026-08-15T19:58:16.000+02:00</Time>
                        <Position>
                            <LatitudeDegrees>39.635195</LatitudeDegrees>
                            <LongitudeDegrees>15.842738333333333</LongitudeDegrees>
                        </Position>
                        <AltitudeMeters>11.093112671476451</AltitudeMeters>
                        <DistanceMeters>534.4341920446187</DistanceMeters>
                        <HeartRateBpm>
                            <Value>119</Value>
                        </HeartRateBpm>
                    </Trackpoint>
                    <Trackpoint>
                        <Time>2026-08-15T19:58:17.000+02:00</Time>
                        <Position>
                            <LatitudeDegrees>39.635218333333334</LatitudeDegrees>
                            <LongitudeDegrees>15.842735</LongitudeDegrees>
                        </Position>
                        <AltitudeMeters>11.15544105961912</AltitudeMeters>
                        <DistanceMeters>537.0443991692808</DistanceMeters>
                        <HeartRateBpm>
                            <Value>120</Value>
                        </HeartRateBpm>
                    </Trackpoint>
                    <Trackpoint>
                        <Time>2026-08-15T19:58:18.000+02:00</Time>
                        <Position>
                            <LatitudeDegrees>39.63524</LatitudeDegrees>
                            <LongitudeDegrees>15.84273</LongitudeDegrees>
                        </Position>
                        <AltitudeMeters>11.21560789366934</AltitudeMeters>
                        <DistanceMeters>539.4913777011799</DistanceMeters>
                    </Trackpoint>
                    <Trackpoint>
                        <Time>2026-08-15T19:58:19.000+02:00</Time>
                        <Position>
                            <LatitudeDegrees>39.635263333333334</LatitudeDegrees>
                            <LongitudeDegrees>15.842723333333334</LongitudeDegrees>
                        </Position>
                        <AltitudeMeters>11.313443771217683</AltitudeMeters>
                        <DistanceMeters>542.1479956001293</DistanceMeters>
                    </Trackpoint>
                    <Trackpoint>
                        <Time>2026-08-15T19:58:20.000+02:00</Time>
                        <Position>
                            <LatitudeDegrees>39.635286666666666</LatitudeDegrees>
                            <LongitudeDegrees>15.842716666666666</LongitudeDegrees>
                        </Position>
                        <AltitudeMeters>11.405793937615034</AltitudeMeters>
                        <DistanceMeters>544.8046134583864</DistanceMeters>
                        <HeartRateBpm>
                            <Value>120</Value>
                        </HeartRateBpm>
                    </Trackpoint>
                    <Trackpoint>
                        <Time>2026-08-15T19:58:21.000+02:00</Time>
                        <Position>
                            <LatitudeDegrees>39.63531</LatitudeDegrees>
                            <LongitudeDegrees>15.842711666666666</LongitudeDegrees>
                        </Position>
                        <AltitudeMeters>11.492521679645414</AltitudeMeters>
                        <DistanceMeters>547.4342578937202</DistanceMeters>
                        <HeartRateBpm>
                            <Value>121</Value>
                        </HeartRateBpm>
                    </Trackpoint>
                    <Trackpoint>
                        <Time>2026-08-15T19:58:22.000+02:00</Time>
                        <Position>
                            <LatitudeDegrees>39.635335</LatitudeDegrees>
                            <LongitudeDegrees>15.842706666666666</LongitudeDegrees>
                        </Position>
                        <AltitudeMeters>11.613666710339146</AltitudeMeters>
                        <DistanceMeters>550.2469162184093</DistanceMeters>
                    </Trackpoint>
                    <Trackpoint>
                        <Time>2026-08-15T19:58:23.000+02:00</Time>
                        <Position>
                            <LatitudeDegrees>39.635358333333336</LatitudeDegrees>
                            <LongitudeDegrees>15.842701666666667</LongitudeDegrees>
                        </Position>
                        <AltitudeMeters>11.726286099108266</AltitudeMeters>
                        <DistanceMeters>552.8765606056833</DistanceMeters>
                        <HeartRateBpm>
                            <Value>120</Value>
                        </HeartRateBpm>
                    </Trackpoint>
                    <Trackpoint>
                        <Time>2026-08-15T19:58:24.000+02:00</Time>
                        <Position>
                            <LatitudeDegrees>39.63538</LatitudeDegrees>
                            <LongitudeDegrees>15.8427</LongitudeDegrees>
                        </Position>
                        <AltitudeMeters>11.830455334504038</AltitudeMeters>
                        <DistanceMeters>555.2900115342803</DistanceMeters>
                    </Trackpoint>
                    <Trackpoint>
                        <Time>2026-08-15T19:58:25.000+02:00</Time>
                        <Position>
                            <LatitudeDegrees>39.635403333333336</LatitudeDegrees>
                            <LongitudeDegrees>15.842696666666667</LongitudeDegrees>
                        </Position>
                        <AltitudeMeters>11.966424682107876</AltitudeMeters>
                        <DistanceMeters>557.9002185768627</DistanceMeters>
                    </Trackpoint>
                    <Trackpoint>
                        <Time>2026-08-15T19:58:26.000+02:00</Time>
                        <Position>
                            <LatitudeDegrees>39.63542666666667</LatitudeDegrees>
                            <LongitudeDegrees>15.842694999999999</LongitudeDegrees>
                        </Position>
                        <AltitudeMeters>12.091458370517419</AltitudeMeters>
                        <DistanceMeters>560.4986934465187</DistanceMeters>
                        <HeartRateBpm>
                            <Value>120</Value>
                        </HeartRateBpm>
                    </Trackpoint>
                    <Trackpoint>
                        <Time>2026-08-15T19:58:27.000+02:00</Time>
                        <Position>
                            <LatitudeDegrees>39.63545</LatitudeDegrees>
                            <LongitudeDegrees>15.842691666666667</LongitudeDegrees>
                        </Position>
                        <AltitudeMeters>12.205834171672358</AltitudeMeters>
                        <DistanceMeters>563.1089004673385</DistanceMeters>
                    </Trackpoint>
                    <Trackpoint>
                        <Time>2026-08-15T19:58:28.000+02:00</Time>
                        <Position>
                            <LatitudeDegrees>39.63547333333333</LatitudeDegrees>
                            <LongitudeDegrees>15.842686666666667</LongitudeDegrees>
                        </Position>
                        <AltitudeMeters>12.349998517315393</AltitudeMeters>
                        <DistanceMeters>565.7385447373566</DistanceMeters>
                    </Trackpoint>
                    <Trackpoint>
                        <Time>2026-08-15T19:58:29.000+02:00</Time>
                        <Position>
                            <LatitudeDegrees>39.635495</LatitudeDegrees>
                            <LongitudeDegrees>15.842681666666667</LongitudeDegrees>
                        </Position>
                        <AltitudeMeters>12.481404664321737</AltitudeMeters>
                        <DistanceMeters>568.1855229930172</DistanceMeters>
                        <HeartRateBpm>
                            <Value>122</Value>
                        </HeartRateBpm>
                    </Trackpoint>
                    <Trackpoint>
                        <Time>2026-08-15T19:58:30.000+02:00</Time>
                        <Position>
                            <LatitudeDegrees>39.63551833333333</LatitudeDegrees>
                            <LongitudeDegrees>15.842673333333334</LongitudeDegrees>
                        </Position>
                        <AltitudeMeters>12.600511455525126</AltitudeMeters>
                        <DistanceMeters>570.8764230388515</DistanceMeters>
                    </Trackpoint>
                    <Trackpoint>
                        <Time>2026-08-15T19:58:31.000+02:00</Time>
                        <Position>
                            <LatitudeDegrees>39.63554</LatitudeDegrees>
                            <LongitudeDegrees>15.842665</LongitudeDegrees>
                        </Position>
                        <AltitudeMeters>12.747937798932934</AltitudeMeters>
                        <DistanceMeters>573.3891141144367</DistanceMeters>
                    </Trackpoint>
                    <Trackpoint>
                        <Time>2026-08-15T19:58:32.000+02:00</Time>
                        <Position>
                            <LatitudeDegrees>39.63556166666667</LatitudeDegrees>
                            <LongitudeDegrees>15.842658333333333</LongitudeDegrees>
                        </Position>
                        <AltitudeMeters>12.881300359956654</AltitudeMeters>
                        <DistanceMeters>575.8650562694121</DistanceMeters>
                        <HeartRateBpm>
                            <Value>122</Value>
                        </HeartRateBpm>
                    </Trackpoint>
                    <Trackpoint>
                        <Time>2026-08-15T19:58:33.000+02:00</Time>
                        <Position>
                            <LatitudeDegrees>39.635585</LatitudeDegrees>
                            <LongitudeDegrees>15.842651666666667</LongitudeDegrees>
                        </Position>
                        <AltitudeMeters>13.00121199603815</AltitudeMeters>
                        <DistanceMeters>578.5216735985548</DistanceMeters>
                        <HeartRateBpm>
                            <Value>123</Value>
                        </HeartRateBpm>
                    </Trackpoint>
                    <Trackpoint>
                        <Time>2026-08-15T19:58:34.000+02:00</Time>
                        <Position>
                            <LatitudeDegrees>39.63560666666667</LatitudeDegrees>
                            <LongitudeDegrees>15.842645</LongitudeDegrees>
                        </Position>
                        <AltitudeMeters>13.108330034583284</AltitudeMeters>
                        <DistanceMeters>580.9976156679584</DistanceMeters>
                    </Trackpoint>
                    <Trackpoint>
                        <Time>2026-08-15T19:58:35.000+02:00</Time>
                        <Position>
                            <LatitudeDegrees>39.63563</LatitudeDegrees>
                            <LongitudeDegrees>15.84264</LongitudeDegrees>
                        </Position>
                        <AltitudeMeters>13.243450287438387</AltitudeMeters>
                        <DistanceMeters>583.627259780731</DistanceMeters>
                        <HeartRateBpm>
                            <Value>127</Value>
                        </HeartRateBpm>
                    </Trackpoint>
                    <Trackpoint>
                        <Time>2026-08-15T19:58:36.000+02:00</Time>
                        <Position>
                            <LatitudeDegrees>39.63565166666667</LatitudeDegrees>
                            <LongitudeDegrees>15.842635</LongitudeDegrees>
                        </Position>
                        <AltitudeMeters>13.364345941995998</AltitudeMeters>
                        <DistanceMeters>586.0742378660568</DistanceMeters>
                    </Trackpoint>
                    <Trackpoint>
                        <Time>2026-08-15T19:58:37.000+02:00</Time>
                        <Position>
                            <LatitudeDegrees>39.635675</LatitudeDegrees>
                            <LongitudeDegrees>15.84263</LongitudeDegrees>
                        </Position>
                        <AltitudeMeters>13.471767226430178</AltitudeMeters>
                        <DistanceMeters>588.7038819335198</DistanceMeters>
                        <HeartRateBpm>
                            <Value>125</Value>
                        </HeartRateBpm>
                    </Trackpoint>
                    <Trackpoint>
                        <Time>2026-08-15T19:58:38.000+02:00</Time>
                        <Position>
                            <LatitudeDegrees>39.63569666666667</LatitudeDegrees>
                            <LongitudeDegrees>15.842625</LongitudeDegrees>
                        </Position>
                        <AltitudeMeters>13.566490934320788</AltitudeMeters>
                        <DistanceMeters>591.1508599707547</DistanceMeters>
                    </Trackpoint>
                    <Trackpoint>
                        <Time>2026-08-15T19:58:39.000+02:00</Time>
                        <Position>
                            <LatitudeDegrees>39.63571833333334</LatitudeDegrees>
                            <LongitudeDegrees>15.842618333333334</LongitudeDegrees>
                        </Position>
                        <AltitudeMeters>13.649309682525047</AltitudeMeters>
                        <DistanceMeters>593.6268018275947</DistanceMeters>
                        <HeartRateBpm>
                            <Value>126</Value>
                        </HeartRateBpm>
                    </Trackpoint>
                    <Trackpoint>
                        <Time>2026-08-15T19:58:40.000+02:00</Time>
                        <Position>
                            <LatitudeDegrees>39.635738333333336</LatitudeDegrees>
                            <LongitudeDegrees>15.842611666666667</LongitudeDegrees>
                        </Position>
                        <AltitudeMeters>13.761128444446804</AltitudeMeters>
                        <DistanceMeters>595.92280976054</DistanceMeters>
                    </Trackpoint>
                    <Trackpoint>
                        <Time>2026-08-15T19:58:41.000+02:00</Time>
                        <Position>
                            <LatitudeDegrees>39.63576</LatitudeDegrees>
                            <LongitudeDegrees>15.842605</LongitudeDegrees>
                        </Position>
                        <AltitudeMeters>13.85980587107133</AltitudeMeters>
                        <DistanceMeters>598.3987515380257</DistanceMeters>
                        <HeartRateBpm>
                            <Value>127</Value>
                        </HeartRateBpm>
                    </Trackpoint>
                    <Trackpoint>
                        <Time>2026-08-15T19:58:42.000+02:00</Time>
                        <Position>
                            <LatitudeDegrees>39.63578</LatitudeDegrees>
                            <LongitudeDegrees>15.842600000000001</LongitudeDegrees>
                        </Position>
                        <AltitudeMeters>13.946156286349714</AltitudeMeters>
                        <DistanceMeters>600.663495587825</DistanceMeters>
                    </Trackpoint>
                    <Trackpoint>
                        <Time>2026-08-15T19:58:43.000+02:00</Time>
                        <Position>
                            <LatitudeDegrees>39.635801666666666</LatitudeDegrees>
                            <LongitudeDegrees>15.842595</LongitudeDegrees>
                        </Position>
                        <AltitudeMeters>14.021001433645937</AltitudeMeters>
                        <DistanceMeters>603.1104735113815</DistanceMeters>
                        <HeartRateBpm>
                            <Value>129</Value>
                        </HeartRateBpm>
                    </Trackpoint>
                    <Trackpoint>
                        <Time>2026-08-15T19:58:44.000+02:00</Time>
                        <Position>
                            <LatitudeDegrees>39.635825</LatitudeDegrees>
                            <LongitudeDegrees>15.842591666666667</LongitudeDegrees>
                        </Position>
                        <AltitudeMeters>14.085161840695346</AltitudeMeters>
                        <DistanceMeters>605.7206803622994</DistanceMeters>
                        <HeartRateBpm>
                            <Value>130</Value>
                        </HeartRateBpm>
                    </Trackpoint>
                    <Trackpoint>
                        <Time>2026-08-15T19:58:45.000+02:00</Time>
                        <Position>
                            <LatitudeDegrees>39.635848333333335</LatitudeDegrees>
                            <LongitudeDegrees>15.84259</LongitudeDegrees>
                        </Position>
                        <AltitudeMeters>14.139449335089923</AltitudeMeters>
                        <DistanceMeters>608.3191551855662</DistanceMeters>
                    </Trackpoint>
                    <Trackpoint>
                        <Time>2026-08-15T19:58:46.000+02:00</Time>
                        <Position>
                            <LatitudeDegrees>39.63587166666667</LatitudeDegrees>
                            <LongitudeDegrees>15.842586666666667</LongitudeDegrees>
                        </Position>
                        <AltitudeMeters>14.14455462259752</AltitudeMeters>
                        <DistanceMeters>610.9293620160978</DistanceMeters>
                    </Trackpoint>
                    <Trackpoint>
                        <Time>2026-08-15T19:58:47.000+02:00</Time>
                        <Position>
                            <LatitudeDegrees>39.635895</LatitudeDegrees>
                            <LongitudeDegrees>15.842583333333334</LongitudeDegrees>
                        </Position>
                        <AltitudeMeters>14.144192255502801</AltitudeMeters>
                        <DistanceMeters>613.5395688354263</DistanceMeters>
                        <HeartRateBpm>
                            <Value>130</Value>
                        </HeartRateBpm>
                    </Trackpoint>
                    <Trackpoint>
                        <Time>2026-08-15T19:58:48.000+02:00</Time>
                        <Position>
                            <LatitudeDegrees>39.63592</LatitudeDegrees>
                            <LongitudeDegrees>15.84258</LongitudeDegrees>
                        </Position>
                        <AltitudeMeters>14.139086944817912</AltitudeMeters>
                        <DistanceMeters>616.33406283499</DistanceMeters>
                        <HeartRateBpm>
                            <Value>132</Value>
                        </HeartRateBpm>
                    </Trackpoint>
                    <Trackpoint>
                        <Time>2026-08-15T19:58:49.000+02:00</Time>
                        <Position>
                            <LatitudeDegrees>39.63594333333333</LatitudeDegrees>
                            <LongitudeDegrees>15.842575</LongitudeDegrees>
                        </Position>
                        <AltitudeMeters>14.129911982329444</AltitudeMeters>
                        <DistanceMeters>618.9637066312665</DistanceMeters>
                    </Trackpoint>
                    <Trackpoint>
                        <Time>2026-08-15T19:58:50.000+02:00</Time>
                        <Position>
                            <LatitudeDegrees>39.63596666666667</LatitudeDegrees>
                            <LongitudeDegrees>15.842568333333332</LongitudeDegrees>
                        </Position>
                        <AltitudeMeters>14.07718374548945</AltitudeMeters>
                        <DistanceMeters>621.6203232842453</DistanceMeters>
                    </Trackpoint>
                    <Trackpoint>
                        <Time>2026-08-15T19:58:51.000+02:00</Time>
                        <Position>
                            <LatitudeDegrees>39.63599</LatitudeDegrees>
                            <LongitudeDegrees>15.842558333333333</LongitudeDegrees>
                        </Position>
                        <AltitudeMeters>14.024413012002068</AltitudeMeters>
                        <DistanceMeters>624.3525383457658</DistanceMeters>
                        <HeartRateBpm>
                            <Value>132</Value>
                        </HeartRateBpm>
                    </Trackpoint>
                    <Trackpoint>
                        <Time>2026-08-15T19:58:52.000+02:00</Time>
                        <Position>
                            <LatitudeDegrees>39.63601333333333</LatitudeDegrees>
                            <LongitudeDegrees>15.842548333333333</LongitudeDegrees>
                        </Position>
                        <AltitudeMeters>13.97209705538663</AltitudeMeters>
                        <DistanceMeters>627.084753317507</DistanceMeters>
                        <HeartRateBpm>
                            <Value>135</Value>
                        </HeartRateBpm>
                    </Trackpoint>
                    <Trackpoint>
                        <Time>2026-08-15T19:58:53.000+02:00</Time>
                        <Position>
                            <LatitudeDegrees>39.636035</LatitudeDegrees>
                            <LongitudeDegrees>15.842536666666668</LongitudeDegrees>
                        </Position>
                        <AltitudeMeters>13.920663307861266</AltitudeMeters>
                        <DistanceMeters>629.6929084694234</DistanceMeters>
                    </Trackpoint>
                    <Trackpoint>
                        <Time>2026-08-15T19:58:54.000+02:00</Time>
                        <Position>
                            <LatitudeDegrees>39.63605833333333</LatitudeDegrees>
                            <LongitudeDegrees>15.842525</LongitudeDegrees>
                        </Position>
                        <AltitudeMeters>13.870474591938567</AltitudeMeters>
                        <DistanceMeters>632.4731600656686</DistanceMeters>
                        <HeartRateBpm>
                            <Value>134</Value>
                        </HeartRateBpm>
                    </Trackpoint>
                    <Trackpoint>
                        <Time>2026-08-15T19:58:55.000+02:00</Time>
                        <Position>
                            <LatitudeDegrees>39.63608166666667</LatitudeDegrees>
                            <LongitudeDegrees>15.842515</LongitudeDegrees>
                        </Position>
                        <AltitudeMeters>13.781728258160275</AltitudeMeters>
                        <DistanceMeters>635.2053747722676</DistanceMeters>
                    </Trackpoint>
                    <Trackpoint>
                        <Time>2026-08-15T19:58:56.000+02:00</Time>
                        <Position>
                            <LatitudeDegrees>39.63610333333333</LatitudeDegrees>
                            <LongitudeDegrees>15.842506666666667</LongitudeDegrees>
                        </Position>
                        <AltitudeMeters>13.697611601059263</AltitudeMeters>
                        <DistanceMeters>637.718064196641</DistanceMeters>
                    </Trackpoint>
                    <Trackpoint>
                        <Time>2026-08-15T19:58:57.000+02:00</Time>
                        <Position>
                            <LatitudeDegrees>39.63612666666667</LatitudeDegrees>
                            <LongitudeDegrees>15.842498333333333</LongitudeDegrees>
                        </Position>
                        <AltitudeMeters>13.618297556532328</AltitudeMeters>
                        <DistanceMeters>640.4089625787448</DistanceMeters>
                        <HeartRateBpm>
                            <Value>134</Value>
                        </HeartRateBpm>
                    </Trackpoint>
                    <Trackpoint>
                        <Time>2026-08-15T19:58:58.000+02:00</Time>
                        <Position>
                            <LatitudeDegrees>39.63615</LatitudeDegrees>
                            <LongitudeDegrees>15.842491666666668</LongitudeDegrees>
                        </Position>
                        <AltitudeMeters>13.543891499316157</AltitudeMeters>
                        <DistanceMeters>643.0655789058187</DistanceMeters>
                        <HeartRateBpm>
                            <Value>133</Value>
                        </HeartRateBpm>
                    </Trackpoint>
                    <Trackpoint>
                        <Time>2026-08-15T19:58:59.000+02:00</Time>
                        <Position>
                            <LatitudeDegrees>39.636175</LatitudeDegrees>
                            <LongitudeDegrees>15.842485</LongitudeDegrees>
                        </Position>
                        <AltitudeMeters>13.474439174391788</AltitudeMeters>
                        <DistanceMeters>645.9034702372012</DistanceMeters>
                        <HeartRateBpm>
                            <Value>133</Value>
                        </HeartRateBpm>
                    </Trackpoint>
                    <Trackpoint>
                        <Time>2026-08-15T19:59:00.000+02:00</Time>
                        <Position>
                            <LatitudeDegrees>39.63619833333333</LatitudeDegrees>
                            <LongitudeDegrees>15.84248</LongitudeDegrees>
                        </Position>
                        <AltitudeMeters>13.369828131950262</AltitudeMeters>
                        <DistanceMeters>648.5331137765153</DistanceMeters>
                        <HeartRateBpm>
                            <Value>132</Value>
                        </HeartRateBpm>
                    </Trackpoint>
                    <Trackpoint>
                        <Time>2026-08-15T19:59:01.000+02:00</Time>
                        <Position>
                            <LatitudeDegrees>39.636223333333334</LatitudeDegrees>
                            <LongitudeDegrees>15.842476666666666</LongitudeDegrees>
                        </Position>
                        <AltitudeMeters>13.272945069715506</AltitudeMeters>
                        <DistanceMeters>651.3276076482189</DistanceMeters>
                    </Trackpoint>
                    <Trackpoint>
                        <Time>2026-08-15T19:59:02.000+02:00</Time>
                        <Position>
                            <LatitudeDegrees>39.636248333333334</LatitudeDegrees>
                            <LongitudeDegrees>15.842473333333333</LongitudeDegrees>
                        </Position>
                        <AltitudeMeters>13.183673116787991</AltitudeMeters>
                        <DistanceMeters>654.122101508681</DistanceMeters>
                    </Trackpoint>
                    <Trackpoint>
                        <Time>2026-08-15T19:59:03.000+02:00</Time>
                        <Position>
                            <LatitudeDegrees>39.636271666666666</LatitudeDegrees>
                            <LongitudeDegrees>15.84247</LongitudeDegrees>
                        </Position>
                        <AltitudeMeters>13.101839907761216</AltitudeMeters>
                        <DistanceMeters>656.7323081587015</DistanceMeters>
                        <HeartRateBpm>
                            <Value>132</Value>
                        </HeartRateBpm>
                    </Trackpoint>
                    <Trackpoint>
                        <Time>2026-08-15T19:59:04.000+02:00</Time>
                        <Position>
                            <LatitudeDegrees>39.636295</LatitudeDegrees>
                            <LongitudeDegrees>15.842468333333333</LongitudeDegrees>
                        </Position>
                        <AltitudeMeters>13.027226509917</AltitudeMeters>
                        <DistanceMeters>659.3307829299356</DistanceMeters>
                    </Trackpoint>
                    <Trackpoint>
                        <Time>2026-08-15T19:59:05.000+02:00</Time>
                        <Position>
                            <LatitudeDegrees>39.636316666666666</LatitudeDegrees>
                            <LongitudeDegrees>15.842465</LongitudeDegrees>
                        </Position>
                        <AltitudeMeters>12.959575606546387</AltitudeMeters>
                        <DistanceMeters>661.7568604968117</DistanceMeters>
                    </Trackpoint>
                    <Trackpoint>
                        <Time>2026-08-15T19:59:06.000+02:00</Time>
                        <Position>
                            <LatitudeDegrees>39.636336666666665</LatitudeDegrees>
                            <LongitudeDegrees>15.842459999999999</LongitudeDegrees>
                        </Position>
                        <AltitudeMeters>12.89859895828943</AltitudeMeters>
                        <DistanceMeters>664.0216038952182</DistanceMeters>
                        <HeartRateBpm>
                            <Value>133</Value>
                        </HeartRateBpm>
                    </Trackpoint>
                    <Trackpoint>
                        <Time>2026-08-15T19:59:07.000+02:00</Time>
                        <Position>
                            <LatitudeDegrees>39.636356666666664</LatitudeDegrees>
                            <LongitudeDegrees>15.842455</LongitudeDegrees>
                        </Position>
                        <AltitudeMeters>12.843984168225525</AltitudeMeters>
                        <DistanceMeters>666.2863472708109</DistanceMeters>
                        <HeartRateBpm>
                            <Value>135</Value>
                        </HeartRateBpm>
                    </Trackpoint>
                    <Trackpoint>
                        <Time>2026-08-15T19:59:08.000+02:00</Time>
                        <Position>
                            <LatitudeDegrees>39.63637833333333</LatitudeDegrees>
                            <LongitudeDegrees>15.842451666666667</LongitudeDegrees>
                        </Position>
                        <AltitudeMeters>12.795400779538241</AltitudeMeters>
                        <DistanceMeters>668.7124248070436</DistanceMeters>
                    </Trackpoint>
                    <Trackpoint>
                        <Time>2026-08-15T19:59:09.000+02:00</Time>
                        <Position>
                            <LatitudeDegrees>39.63639833333333</LatitudeDegrees>
                            <LongitudeDegrees>15.842446666666667</LongitudeDegrees>
                        </Position>
                        <AltitudeMeters>12.752505736994323</AltitudeMeters>
                        <DistanceMeters>670.977168133927</DistanceMeters>
                        <HeartRateBpm>
                            <Value>134</Value>
                        </HeartRateBpm>
                    </Trackpoint>
                    <Trackpoint>
                        <Time>2026-08-15T19:59:10.000+02:00</Time>
                        <Position>
                            <LatitudeDegrees>39.63642</LatitudeDegrees>
                            <LongitudeDegrees>15.842441666666666</LongitudeDegrees>
                        </Position>
                        <AltitudeMeters>12.714948245282564</AltitudeMeters>
                        <DistanceMeters>673.4241453870662</DistanceMeters>
                    </Trackpoint>
                    <Trackpoint>
                        <Time>2026-08-15T19:59:11.000+02:00</Time>
                        <Position>
                            <LatitudeDegrees>39.63644166666667</LatitudeDegrees>
                            <LongitudeDegrees>15.842438333333334</LongitudeDegrees>
                        </Position>
                        <AltitudeMeters>12.682374058518056</AltitudeMeters>
                        <DistanceMeters>675.8502228932832</DistanceMeters>
                        <HeartRateBpm>
                            <Value>132</Value>
                        </HeartRateBpm>
                    </Trackpoint>
                    <Trackpoint>
                        <Time>2026-08-15T19:59:12.000+02:00</Time>
                        <Position>
                            <LatitudeDegrees>39.63646333333333</LatitudeDegrees>
                            <LongitudeDegrees>15.842433333333334</LongitudeDegrees>
                        </Position>
                        <AltitudeMeters>12.654429235991364</AltitudeMeters>
                        <DistanceMeters>678.2972000987437</DistanceMeters>
                    </Trackpoint>
                    <Trackpoint>
                        <Time>2026-08-15T19:59:13.000+02:00</Time>
                        <Position>
                            <LatitudeDegrees>39.636485</LatitudeDegrees>
                            <LongitudeDegrees>15.84243</LongitudeDegrees>
                        </Position>
                        <AltitudeMeters>12.6307633995872</AltitudeMeters>
                        <DistanceMeters>680.7232775839211</DistanceMeters>
                        <HeartRateBpm>
                            <Value>133</Value>
                        </HeartRateBpm>
                    </Trackpoint>
                    <Trackpoint>
                        <Time>2026-08-15T19:59:14.000+02:00</Time>
                        <Position>
                            <LatitudeDegrees>39.63650666666667</LatitudeDegrees>
                            <LongitudeDegrees>15.842426666666666</LongitudeDegrees>
                        </Position>
                        <AltitudeMeters>12.611032528266678</AltitudeMeters>
                        <DistanceMeters>683.1493550578763</DistanceMeters>
                    </Trackpoint>
                    <Trackpoint>
                        <Time>2026-08-15T19:59:15.000+02:00</Time>
                        <Position>
                            <LatitudeDegrees>39.63652833333333</LatitudeDegrees>
                            <LongitudeDegrees>15.842423333333333</LongitudeDegrees>
                        </Position>
                        <AltitudeMeters>12.594901324650952</AltitudeMeters>
                        <DistanceMeters>685.5754325212798</DistanceMeters>
                    </Trackpoint>
                    <Trackpoint>
                        <Time>2026-08-15T19:59:16.000+02:00</Time>
                        <Position>
                            <LatitudeDegrees>39.63655</LatitudeDegrees>
                            <LongitudeDegrees>15.84242</LongitudeDegrees>
                        </Position>
                        <AltitudeMeters>12.582045188108351</AltitudeMeters>
                        <DistanceMeters>688.0015099741634</DistanceMeters>
                        <HeartRateBpm>
                            <Value>133</Value>
                        </HeartRateBpm>
                    </Trackpoint>
                    <Trackpoint>
                        <Time>2026-08-15T19:59:17.000+02:00</Time>
                        <Position>
                            <LatitudeDegrees>39.63657166666667</LatitudeDegrees>
                            <LongitudeDegrees>15.842416666666667</LongitudeDegrees>
                        </Position>
                        <AltitudeMeters>12.572151827874738</AltitudeMeters>
                        <DistanceMeters>690.4275874172616</DistanceMeters>
                        <HeartRateBpm>
                            <Value>135</Value>
                        </HeartRateBpm>
                    </Trackpoint>
                    <Trackpoint>
                        <Time>2026-08-15T19:59:18.000+02:00</Time>
                        <Position>
                            <LatitudeDegrees>39.63659333333333</LatitudeDegrees>
                            <LongitudeDegrees>15.842413333333333</LongitudeDegrees>
                        </Position>
                        <AltitudeMeters>12.564922548667163</AltitudeMeters>
                        <DistanceMeters>692.8536648484353</DistanceMeters>
                    </Trackpoint>
                    <Trackpoint>
                        <Time>2026-08-15T19:59:19.000+02:00</Time>
                        <Position>
                            <LatitudeDegrees>39.63661333333334</LatitudeDegrees>
                            <LongitudeDegrees>15.842408333333333</LongitudeDegrees>
                        </Position>
                        <AltitudeMeters>12.560073240019893</AltitudeMeters>
                        <DistanceMeters>695.1184079243552</DistanceMeters>
                    </Trackpoint>
                    <Trackpoint>
                        <Time>2026-08-15T19:59:20.000+02:00</Time>
                        <Position>
                            <LatitudeDegrees>39.636635</LatitudeDegrees>
                            <LongitudeDegrees>15.842403333333333</LongitudeDegrees>
                        </Position>
                        <AltitudeMeters>12.557335099212324</AltitudeMeters>
                        <DistanceMeters>697.5653849439295</DistanceMeters>
                        <HeartRateBpm>
                            <Value>135</Value>
                        </HeartRateBpm>
                    </Trackpoint>
                    <Trackpoint>
                        <Time>2026-08-15T19:59:21.000+02:00</Time>
                        <Position>
                            <LatitudeDegrees>39.636655</LatitudeDegrees>
                            <LongitudeDegrees>15.842398333333334</LongitudeDegrees>
                        </Position>
                        <AltitudeMeters>12.51634911055979</AltitudeMeters>
                        <DistanceMeters>699.8301279704453</DistanceMeters>
                    </Trackpoint>
                    <Trackpoint>
                        <Time>2026-08-15T19:59:22.000+02:00</Time>
                        <Position>
                            <LatitudeDegrees>39.636676666666666</LatitudeDegrees>
                            <LongitudeDegrees>15.842393333333334</LongitudeDegrees>
                        </Position>
                        <AltitudeMeters>12.47981671631803</AltitudeMeters>
                        <DistanceMeters>702.2771049455863</DistanceMeters>
                    </Trackpoint>
                    <Trackpoint>
                        <Time>2026-08-15T19:59:23.000+02:00</Time>
                        <Position>
                            <LatitudeDegrees>39.636696666666666</LatitudeDegrees>
                            <LongitudeDegrees>15.842386666666666</LongitudeDegrees>
                        </Position>
                        <AltitudeMeters>12.447490738021461</AltitudeMeters>
                        <DistanceMeters>704.57311091252</DistanceMeters>
                        <HeartRateBpm>
                            <Value>135</Value>
                        </HeartRateBpm>
                    </Trackpoint>
                    <Trackpoint>
                        <Time>2026-08-15T19:59:24.000+02:00</Time>
                        <Position>
                            <LatitudeDegrees>39.636718333333334</LatitudeDegrees>
                            <LongitudeDegrees>15.84238</LongitudeDegrees>
                        </Position>
                        <AltitudeMeters>12.379011409892808</AltitudeMeters>
                        <DistanceMeters>707.0490508663602</DistanceMeters>
                    </Trackpoint>
                    <Trackpoint>
                        <Time>2026-08-15T19:59:25.000+02:00</Time>
                        <Position>
                            <LatitudeDegrees>39.63674</LatitudeDegrees>
                            <LongitudeDegrees>15.842371666666667</LongitudeDegrees>
                        </Position>
                        <AltitudeMeters>12.317060008531318</AltitudeMeters>
                        <DistanceMeters>709.5617384260069</DistanceMeters>
                    </Trackpoint>
                    <Trackpoint>
                        <Time>2026-08-15T19:59:26.000+02:00</Time>
                        <Position>
                            <LatitudeDegrees>39.636761666666665</LatitudeDegrees>
                            <LongitudeDegrees>15.842363333333333</LongitudeDegrees>
                        </Position>
                        <AltitudeMeters>12.261352523584986</AltitudeMeters>
                        <DistanceMeters>712.074425920892</DistanceMeters>
                        <HeartRateBpm>
                            <Value>135</Value>
                        </HeartRateBpm>
                    </Trackpoint>
                    <Trackpoint>
                        <Time>2026-08-15T19:59:27.000+02:00</Time>
                        <Position>
                            <LatitudeDegrees>39.636783333333334</LatitudeDegrees>
                            <LongitudeDegrees>15.842356666666667</LongitudeDegrees>
                        </Position>
                        <AltitudeMeters>12.171478233060892</AltitudeMeters>
                        <DistanceMeters>714.5503657516623</DistanceMeters>
                        <HeartRateBpm>
                            <Value>136</Value>
                        </HeartRateBpm>
                    </Trackpoint>
                    <Trackpoint>
                        <Time>2026-08-15T19:59:28.000+02:00</Time>
                        <Position>
                            <LatitudeDegrees>39.636805</LatitudeDegrees>
                            <LongitudeDegrees>15.84235</LongitudeDegrees>
                        </Position>
                        <AltitudeMeters>12.090055671164084</AltitudeMeters>
                        <DistanceMeters>717.0263055406381</DistanceMeters>
                    </Trackpoint>
                    <Trackpoint>
                        <Time>2026-08-15T19:59:29.000+02:00</Time>
                        <Position>
                            <LatitudeDegrees>39.636825</LatitudeDegrees>
                            <LongitudeDegrees>15.842343333333334</LongitudeDegrees>
                        </Position>
                        <AltitudeMeters>11.976622432825975</AltitudeMeters>
                        <DistanceMeters>719.3223112441457</DistanceMeters>
                    </Trackpoint>
                    <Trackpoint>
                        <Time>2026-08-15T19:59:30.000+02:00</Time>
                        <Position>
                            <LatitudeDegrees>39.63684666666666</LatitudeDegrees>
                            <LongitudeDegrees>15.842338333333334</LongitudeDegrees>
                        </Position>
                        <AltitudeMeters>11.87373209886119</AltitudeMeters>
                        <DistanceMeters>721.7692880344613</DistanceMeters>
                        <HeartRateBpm>
                            <Value>137</Value>
                        </HeartRateBpm>
                    </Trackpoint>
                    <Trackpoint>
                        <Time>2026-08-15T19:59:31.000+02:00</Time>
                        <Position>
                            <LatitudeDegrees>39.63686833333333</LatitudeDegrees>
                            <LongitudeDegrees>15.842335</LongitudeDegrees>
                        </Position>
                        <AltitudeMeters>11.780952402030806</AltitudeMeters>
                        <DistanceMeters>724.195365333519</DistanceMeters>
                    </Trackpoint>
                    <Trackpoint>
                        <Time>2026-08-15T19:59:32.000+02:00</Time>
                        <Position>
                            <LatitudeDegrees>39.63689</LatitudeDegrees>
                            <LongitudeDegrees>15.842331666666666</LongitudeDegrees>
                        </Position>
                        <AltitudeMeters>11.697813901886018</AltitudeMeters>
                        <DistanceMeters>726.6214426213546</DistanceMeters>
                        <HeartRateBpm>
                            <Value>136</Value>
                        </HeartRateBpm>
                    </Trackpoint>
                    <Trackpoint>
                        <Time>2026-08-15T19:59:33.000+02:00</Time>
                        <Position>
                            <LatitudeDegrees>39.63691166666667</LatitudeDegrees>
                            <LongitudeDegrees>15.842328333333333</LongitudeDegrees>
                        </Position>
                        <AltitudeMeters>11.583713257097752</AltitudeMeters>
                        <DistanceMeters>729.0475198993407</DistanceMeters>
                    </Trackpoint>
                    <Trackpoint>
                        <Time>2026-08-15T19:59:34.000+02:00</Time>
                        <Position>
                            <LatitudeDegrees>39.63693333333333</LatitudeDegrees>
                            <LongitudeDegrees>15.842323333333333</LongitudeDegrees>
                        </Position>
                        <AltitudeMeters>11.481071936397072</AltitudeMeters>
                        <DistanceMeters>731.4944965957866</DistanceMeters>
                        <HeartRateBpm>
                            <Value>137</Value>
                        </HeartRateBpm>
                    </Trackpoint>
                    <Trackpoint>
                        <Time>2026-08-15T19:59:35.000+02:00</Time>
                        <Position>
                            <LatitudeDegrees>39.636955</LatitudeDegrees>
                            <LongitudeDegrees>15.84232</LongitudeDegrees>
                        </Position>
                        <AltitudeMeters>11.389334451379069</AltitudeMeters>
                        <DistanceMeters>733.920573852733</DistanceMeters>
                    </Trackpoint>
                    <Trackpoint>
                        <Time>2026-08-15T19:59:36.000+02:00</Time>
                        <Position>
                            <LatitudeDegrees>39.63697833333333</LatitudeDegrees>
                            <LongitudeDegrees>15.842313333333333</LongitudeDegrees>
                        </Position>
                        <AltitudeMeters>11.307917006445194</AltitudeMeters>
                        <DistanceMeters>736.577188709999</DistanceMeters>
                        <HeartRateBpm>
                            <Value>138</Value>
                        </HeartRateBpm>
                    </Trackpoint>
                    <Trackpoint>
                        <Time>2026-08-15T19:59:37.000+02:00</Time>
                        <Position>
                            <LatitudeDegrees>39.637</LatitudeDegrees>
                            <LongitudeDegrees>15.842305</LongitudeDegrees>
                        </Position>
                        <AltitudeMeters>11.236216672551762</AltitudeMeters>
                        <DistanceMeters>739.089875507932</DistanceMeters>
                    </Trackpoint>
                    <Trackpoint>
                        <Time>2026-08-15T19:59:38.000+02:00</Time>
                        <Position>
                            <LatitudeDegrees>39.63702166666667</LatitudeDegrees>
                            <LongitudeDegrees>15.842296666666666</LongitudeDegrees>
                        </Position>
                        <AltitudeMeters>11.133513523314377</AltitudeMeters>
                        <DistanceMeters>741.6025622416269</DistanceMeters>
                        <HeartRateBpm>
                            <Value>140</Value>
                        </HeartRateBpm>
                    </Trackpoint>
                    <Trackpoint>
                        <Time>2026-08-15T19:59:39.000+02:00</Time>
                        <Position>
                            <LatitudeDegrees>39.63704333333333</LatitudeDegrees>
                            <LongitudeDegrees>15.842288333333332</LongitudeDegrees>
                        </Position>
                        <AltitudeMeters>11.042128202131718</AltitudeMeters>
                        <DistanceMeters>744.1152489119164</DistanceMeters>
                    </Trackpoint>
                    <Trackpoint>
                        <Time>2026-08-15T19:59:40.000+02:00</Time>
                        <Position>
                            <LatitudeDegrees>39.637065</LatitudeDegrees>
                            <LongitudeDegrees>15.842281666666667</LongitudeDegrees>
                        </Position>
                        <AltitudeMeters>10.961419015239866</AltitudeMeters>
                        <DistanceMeters>746.5911882059839</DistanceMeters>
                        <HeartRateBpm>
                            <Value>141</Value>
                        </HeartRateBpm>
                    </Trackpoint>
                    <Trackpoint>
                        <Time>2026-08-15T19:59:41.000+02:00</Time>
                        <Position>
                            <LatitudeDegrees>39.63708666666667</LatitudeDegrees>
                            <LongitudeDegrees>15.842273333333333</LongitudeDegrees>
                        </Position>
                        <AltitudeMeters>10.890729456054691</AltitudeMeters>
                        <DistanceMeters>749.1038747499863</DistanceMeters>
                    </Trackpoint>
                    <Trackpoint>
                        <Time>2026-08-15T19:59:42.000+02:00</Time>
                        <Position>
                            <LatitudeDegrees>39.63710666666667</LatitudeDegrees>
                            <LongitudeDegrees>15.842266666666667</LongitudeDegrees>
                        </Position>
                        <AltitudeMeters>10.829396276090538</AltitudeMeters>
                        <DistanceMeters>751.3998798748555</DistanceMeters>
                        <HeartRateBpm>
                            <Value>144</Value>
                        </HeartRateBpm>
                    </Trackpoint>
                    <Trackpoint>
                        <Time>2026-08-15T19:59:43.000+02:00</Time>
                        <Position>
                            <LatitudeDegrees>39.63712666666667</LatitudeDegrees>
                            <LongitudeDegrees>15.842258333333334</LongitudeDegrees>
                        </Position>
                        <AltitudeMeters>10.776756553916146</AltitudeMeters>
                        <DistanceMeters>753.7354649426877</DistanceMeters>
                    </Trackpoint>
                    <Trackpoint>
                        <Time>2026-08-15T19:59:44.000+02:00</Time>
                        <Position>
                            <LatitudeDegrees>39.637146666666666</LatitudeDegrees>
                            <LongitudeDegrees>15.84225</LongitudeDegrees>
                        </Position>
                        <AltitudeMeters>10.732153828472647</AltitudeMeters>
                        <DistanceMeters>756.0710499481504</DistanceMeters>
                        <HeartRateBpm>
                            <Value>141</Value>
                        </HeartRateBpm>
                    </Trackpoint>
                    <Trackpoint>
                        <Time>2026-08-15T19:59:45.000+02:00</Time>
                        <Position>
                            <LatitudeDegrees>39.637166666666666</LatitudeDegrees>
                            <LongitudeDegrees>15.84224</LongitudeDegrees>
                        </Position>
                        <AltitudeMeters>10.69494336304578</AltitudeMeters>
                        <DistanceMeters>758.4541178065147</DistanceMeters>
                    </Trackpoint>
                    <Trackpoint>
                        <Time>2026-08-15T19:59:46.000+02:00</Time>
                        <Position>
                            <LatitudeDegrees>39.637186666666665</LatitudeDegrees>
                            <LongitudeDegrees>15.84223</LongitudeDegrees>
                        </Position>
                        <AltitudeMeters>10.664496605538437</AltitudeMeters>
                        <DistanceMeters>760.8371855764681</DistanceMeters>
                        <HeartRateBpm>
                            <Value>145</Value>
                        </HeartRateBpm>
                    </Trackpoint>
                    <Trackpoint>
                        <Time>2026-08-15T19:59:47.000+02:00</Time>
                        <Position>
                            <LatitudeDegrees>39.637208333333334</LatitudeDegrees>
                            <LongitudeDegrees>15.842218333333333</LongitudeDegrees>
                        </Position>
                        <AltitudeMeters>10.640204909517204</AltitudeMeters>
                        <DistanceMeters>763.4453342369928</DistanceMeters>
                    </Trackpoint>
                    <Trackpoint>
                        <Time>2026-08-15T19:59:48.000+02:00</Time>
                        <Position>
                            <LatitudeDegrees>39.63723</LatitudeDegrees>
                            <LongitudeDegrees>15.842208333333334</LongitudeDegrees>
                        </Position>
                        <AltitudeMeters>10.621482578888115</AltitudeMeters>
                        <DistanceMeters>766.0022164302301</DistanceMeters>
                        <HeartRateBpm>
                            <Value>145</Value>
                        </HeartRateBpm>
                    </Trackpoint>
                    <Trackpoint>
                        <Time>2026-08-15T19:59:49.000+02:00</Time>
                        <Position>
                            <LatitudeDegrees>39.637251666666664</LatitudeDegrees>
                            <LongitudeDegrees>15.842198333333334</LongitudeDegrees>
                        </Position>
                        <AltitudeMeters>10.607769297066252</AltitudeMeters>
                        <DistanceMeters>768.559098532208</DistanceMeters>
                    </Trackpoint>
                    <Trackpoint>
                        <Time>2026-08-15T19:59:50.000+02:00</Time>
                        <Position>
                            <LatitudeDegrees>39.63727333333333</LatitudeDegrees>
                            <LongitudeDegrees>15.84219</LongitudeDegrees>
                        </Position>
                        <AltitudeMeters>10.598531999208808</AltitudeMeters>
                        <DistanceMeters>771.0717845292822</DistanceMeters>
                        <HeartRateBpm>
                            <Value>143</Value>
                        </HeartRateBpm>
                    </Trackpoint>
                    <Trackpoint>
                        <Time>2026-08-15T19:59:51.000+02:00</Time>
                        <Position>
                            <LatitudeDegrees>39.63729333333333</LatitudeDegrees>
                            <LongitudeDegrees>15.842181666666667</LongitudeDegrees>
                        </Position>
                        <AltitudeMeters>10.633372249183331</AltitudeMeters>
                        <DistanceMeters>773.4073690717569</DistanceMeters>
                    </Trackpoint>
                    <Trackpoint>
                        <Time>2026-08-15T19:59:52.000+02:00</Time>
                        <Position>
                            <LatitudeDegrees>39.63731333333333</LatitudeDegrees>
                            <LongitudeDegrees>15.842175</LongitudeDegrees>
                        </Position>
                        <AltitudeMeters>10.668876766207127</AltitudeMeters>
                        <DistanceMeters>775.7033737732</DistanceMeters>
                        <HeartRateBpm>
                            <Value>145</Value>
                        </HeartRateBpm>
                    </Trackpoint>
                    <Trackpoint>
                        <Time>2026-08-15T19:59:53.000+02:00</Time>
                        <Position>
                            <LatitudeDegrees>39.63733333333333</LatitudeDegrees>
                            <LongitudeDegrees>15.842168333333333</LongitudeDegrees>
                        </Position>
                        <AltitudeMeters>10.70462711808284</AltitudeMeters>
                        <DistanceMeters>777.9993784329153</DistanceMeters>
                        <HeartRateBpm>
                            <Value>148</Value>
                        </HeartRateBpm>
                    </Trackpoint>
                    <Trackpoint>
                        <Time>2026-08-15T19:59:54.000+02:00</Time>
                        <Position>
                            <LatitudeDegrees>39.63735333333333</LatitudeDegrees>
                            <LongitudeDegrees>15.842161666666666</LongitudeDegrees>
                        </Position>
                        <AltitudeMeters>10.740257784936496</AltitudeMeters>
                        <DistanceMeters>780.2953830522724</DistanceMeters>
                        <HeartRateBpm>
                            <Value>148</Value>
                        </HeartRateBpm>
                    </Trackpoint>
                    <Trackpoint>
                        <Time>2026-08-15T19:59:55.000+02:00</Time>
                        <Position>
                            <LatitudeDegrees>39.637375</LatitudeDegrees>
                            <LongitudeDegrees>15.842156666666666</LongitudeDegrees>
                        </Position>
                        <AltitudeMeters>10.815558589822379</AltitudeMeters>
                        <DistanceMeters>782.742359271039</DistanceMeters>
                    </Trackpoint>
                    <Trackpoint>
                        <Time>2026-08-15T19:59:56.000+02:00</Time>
                        <Position>
                            <LatitudeDegrees>39.63739666666667</LatitudeDegrees>
                            <LongitudeDegrees>15.842153333333334</LongitudeDegrees>
                        </Position>
                        <AltitudeMeters>10.887320738565947</AltitudeMeters>
                        <DistanceMeters>785.1684363135425</DistanceMeters>
                    </Trackpoint>
                    <Trackpoint>
                        <Time>2026-08-15T19:59:57.000+02:00</Time>
                        <Position>
                            <LatitudeDegrees>39.637418333333336</LatitudeDegrees>
                            <LongitudeDegrees>15.84215</LongitudeDegrees>
                        </Position>
                        <AltitudeMeters>10.955342466943945</AltitudeMeters>
                        <DistanceMeters>787.5945133448557</DistanceMeters>
                        <HeartRateBpm>
                            <Value>147</Value>
                        </HeartRateBpm>
                    </Trackpoint>
                    <Trackpoint>
                        <Time>2026-08-15T19:59:58.000+02:00</Time>
                        <Position>
                            <LatitudeDegrees>39.63744</LatitudeDegrees>
                            <LongitudeDegrees>15.842146666666666</LongitudeDegrees>
                        </Position>
                        <AltitudeMeters>11.019483478659257</AltitudeMeters>
                        <DistanceMeters>790.0205903656492</DistanceMeters>
                    </Trackpoint>
                    <Trackpoint>
                        <Time>2026-08-15T19:59:59.000+02:00</Time>
                        <Position>
                            <LatitudeDegrees>39.63746</LatitudeDegrees>
                            <LongitudeDegrees>15.842145</LongitudeDegrees>
                        </Position>
                        <AltitudeMeters>11.119764148808137</AltitudeMeters>
                        <DistanceMeters>792.2490671342612</DistanceMeters>
                        <HeartRateBpm>
                            <Value>146</Value>
                        </HeartRateBpm>
                    </Trackpoint>
                    <Trackpoint>
                        <Time>2026-08-15T20:00:00.000+02:00</Time>
                        <Position>
                            <LatitudeDegrees>39.637476666666664</LatitudeDegrees>
                            <LongitudeDegrees>15.842146666666666</LongitudeDegrees>
                        </Position>
                        <AltitudeMeters>11.21320871268865</AltitudeMeters>
                        <DistanceMeters>794.1078060356251</DistanceMeters>
                    </Trackpoint>
                    <Trackpoint>
                        <Time>2026-08-15T20:00:01.000+02:00</Time>
                        <Position>
                            <LatitudeDegrees>39.63749166666667</LatitudeDegrees>
                            <LongitudeDegrees>15.842148333333334</LongitudeDegrees>
                        </Position>
                        <AltitudeMeters>11.299848414994237</AltitudeMeters>
                        <DistanceMeters>795.7818273463384</DistanceMeters>
                        <HeartRateBpm>
                            <Value>145</Value>
                        </HeartRateBpm>
                    </Trackpoint>
                    <Trackpoint>
                        <Time>2026-08-15T20:00:02.000+02:00</Time>
                        <Position>
                            <LatitudeDegrees>39.637505</LatitudeDegrees>
                            <LongitudeDegrees>15.842151666666666</LongitudeDegrees>
                        </Position>
                        <AltitudeMeters>11.379773779547076</AltitudeMeters>
                        <DistanceMeters>797.2916553639697</DistanceMeters>
                    </Trackpoint>
                    <Trackpoint>
                        <Time>2026-08-15T20:00:03.000+02:00</Time>
                        <Position>
                            <LatitudeDegrees>39.63751833333333</LatitudeDegrees>
                            <LongitudeDegrees>15.842153333333334</LongitudeDegrees>
                        </Position>
                        <AltitudeMeters>11.453125945327843</AltitudeMeters>
                        <DistanceMeters>798.7811100378678</DistanceMeters>
                        <HeartRateBpm>
                            <Value>143</Value>
                        </HeartRateBpm>
                    </Trackpoint>
                    <Trackpoint>
                        <Time>2026-08-15T20:00:04.000+02:00</Time>
                        <Position>
                            <LatitudeDegrees>39.63753</LatitudeDegrees>
                            <LongitudeDegrees>15.842156666666666</LongitudeDegrees>
                        </Position>
                        <AltitudeMeters>11.56019467957932</AltitudeMeters>
                        <DistanceMeters>800.1094169720831</DistanceMeters>
                    </Trackpoint>
                    <Trackpoint>
                        <Time>2026-08-15T20:00:05.000+02:00</Time>
                        <Position>
                            <LatitudeDegrees>39.637541666666664</LatitudeDegrees>
                            <LongitudeDegrees>15.842156666666666</LongitudeDegrees>
                        </Position>
                        <AltitudeMeters>11.658260645499436</AltitudeMeters>
                        <DistanceMeters>801.4066931521937</DistanceMeters>
                        <HeartRateBpm>
                            <Value>141</Value>
                        </HeartRateBpm>
                    </Trackpoint>
                    <Trackpoint>
                        <Time>2026-08-15T20:00:06.000+02:00</Time>
                        <Position>
                            <LatitudeDegrees>39.637555</LatitudeDegrees>
                            <LongitudeDegrees>15.842155</LongitudeDegrees>
                        </Position>
                        <AltitudeMeters>11.74759787262842</AltitudeMeters>
                        <DistanceMeters>802.8961478181122</DistanceMeters>
                    </Trackpoint>
                    <Trackpoint>
                        <Time>2026-08-15T20:00:07.000+02:00</Time>
                        <Position>
                            <LatitudeDegrees>39.63757</LatitudeDegrees>
                            <LongitudeDegrees>15.842153333333334</LongitudeDegrees>
                        </Position>
                        <AltitudeMeters>11.828525564441954</AltitudeMeters>
                        <DistanceMeters>804.5701691150223</DistanceMeters>
                        <HeartRateBpm>
                            <Value>139</Value>
                        </HeartRateBpm>
                    </Trackpoint>
                    <Trackpoint>
                        <Time>2026-08-15T20:00:08.000+02:00</Time>
                        <Position>
                            <LatitudeDegrees>39.637586666666664</LatitudeDegrees>
                            <LongitudeDegrees>15.84215</LongitudeDegrees>
                        </Position>
                        <AltitudeMeters>11.901399164628454</AltitudeMeters>
                        <DistanceMeters>806.4452732477266</DistanceMeters>
                    </Trackpoint>
                    <Trackpoint>
                        <Time>2026-08-15T20:00:09.000+02:00</Time>
                        <Position>
                            <LatitudeDegrees>39.63760333333333</LatitudeDegrees>
                            <LongitudeDegrees>15.842146666666666</LongitudeDegrees>
                        </Position>
                        <AltitudeMeters>11.966602264319896</AltitudeMeters>
                        <DistanceMeters>808.320377369961</DistanceMeters>
                        <HeartRateBpm>
                            <Value>138</Value>
                        </HeartRateBpm>
                    </Trackpoint>
                    <Trackpoint>
                        <Time>2026-08-15T20:00:10.000+02:00</Time>
                        <Position>
                            <LatitudeDegrees>39.63762333333333</LatitudeDegrees>
                            <LongitudeDegrees>15.842141666666667</LongitudeDegrees>
                        </Position>
                        <AltitudeMeters>12.02453931473179</AltitudeMeters>
                        <DistanceMeters>810.5851192632157</DistanceMeters>
                    </Trackpoint>
                    <Trackpoint>
                        <Time>2026-08-15T20:00:11.000+02:00</Time>
                        <Position>
                            <LatitudeDegrees>39.637645</LatitudeDegrees>
                            <LongitudeDegrees>15.842136666666667</LongitudeDegrees>
                        </Position>
                        <AltitudeMeters>12.075629106853214</AltitudeMeters>
                        <DistanceMeters>813.0320951895407</DistanceMeters>
                        <HeartRateBpm>
                            <Value>137</Value>
                        </HeartRateBpm>
                    </Trackpoint>
                    <Trackpoint>
                        <Time>2026-08-15T20:00:12.000+02:00</Time>
                        <Position>
                            <LatitudeDegrees>39.63766833333333</LatitudeDegrees>
                            <LongitudeDegrees>15.842128333333333</LongitudeDegrees>
                        </Position>
                        <AltitudeMeters>12.080192972101711</AltitudeMeters>
                        <DistanceMeters>815.7229893537616</DistanceMeters>
                    </Trackpoint>
                    <Trackpoint>
                        <Time>2026-08-15T20:00:13.000+02:00</Time>
                        <Position>
                            <LatitudeDegrees>39.63769</LatitudeDegrees>
                            <LongitudeDegrees>15.842121666666667</LongitudeDegrees>
                        </Position>
                        <AltitudeMeters>12.081600070434467</AltitudeMeters>
                        <DistanceMeters>818.1989274585068</DistanceMeters>
                        <HeartRateBpm>
                            <Value>136</Value>
                        </HeartRateBpm>
                    </Trackpoint>
                    <Trackpoint>
                        <Time>2026-08-15T20:00:14.000+02:00</Time>
                        <Position>
                            <LatitudeDegrees>39.63771333333333</LatitudeDegrees>
                            <LongitudeDegrees>15.842113333333334</LongitudeDegrees>
                        </Position>
                        <AltitudeMeters>12.08025375670119</AltitudeMeters>
                        <DistanceMeters>820.8898214996826</DistanceMeters>
                    </Trackpoint>
                    <Trackpoint>
                        <Time>2026-08-15T20:00:15.000+02:00</Time>
                        <Position>
                            <LatitudeDegrees>39.63773333333334</LatitudeDegrees>
                            <LongitudeDegrees>15.842106666666666</LongitudeDegrees>
                        </Position>
                        <AltitudeMeters>12.076529825744547</AltitudeMeters>
                        <DistanceMeters>823.185825339906</DistanceMeters>
                        <HeartRateBpm>
                            <Value>135</Value>
                        </HeartRateBpm>
                    </Trackpoint>
                    <Trackpoint>
                        <Time>2026-08-15T20:00:16.000+02:00</Time>
                        <Position>
                            <LatitudeDegrees>39.637753333333336</LatitudeDegrees>
                            <LongitudeDegrees>15.8421</LongitudeDegrees>
                        </Position>
                        <AltitudeMeters>12.030670641391472</AltitudeMeters>
                        <DistanceMeters>825.4818291377161</DistanceMeters>
                    </Trackpoint>
                    <Trackpoint>
                        <Time>2026-08-15T20:00:17.000+02:00</Time>
                        <Position>
                            <LatitudeDegrees>39.637773333333335</LatitudeDegrees>
                            <LongitudeDegrees>15.842095</LongitudeDegrees>
                        </Position>
                        <AltitudeMeters>11.98593590593665</AltitudeMeters>
                        <DistanceMeters>827.7465708547353</DistanceMeters>
                    </Trackpoint>
                    <Trackpoint>
                        <Time>2026-08-15T20:00:18.000+02:00</Time>
                        <Position>
                            <LatitudeDegrees>39.637793333333335</LatitudeDegrees>
                            <LongitudeDegrees>15.84209</LongitudeDegrees>
                        </Position>
                        <AltitudeMeters>11.942594068800364</AltitudeMeters>
                        <DistanceMeters>830.0113125490951</DistanceMeters>
                        <HeartRateBpm>
                            <Value>134</Value>
                        </HeartRateBpm>
                    </Trackpoint>
                    <Trackpoint>
                        <Time>2026-08-15T20:00:19.000+02:00</Time>
                        <Position>
                            <LatitudeDegrees>39.637813333333334</LatitudeDegrees>
                            <LongitudeDegrees>15.842086666666667</LongitudeDegrees>
                        </Position>
                        <AltitudeMeters>11.900865185812306</AltitudeMeters>
                        <DistanceMeters>832.2534573648987</DistanceMeters>
                    </Trackpoint>
                    <Trackpoint>
                        <Time>2026-08-15T20:00:20.000+02:00</Time>
                        <Position>
                            <LatitudeDegrees>39.63783333333333</LatitudeDegrees>
                            <LongitudeDegrees>15.842081666666667</LongitudeDegrees>
                        </Position>
                        <AltitudeMeters>11.860925253395282</AltitudeMeters>
                        <DistanceMeters>834.5181990124477</DistanceMeters>
                        <HeartRateBpm>
                            <Value>135</Value>
                        </HeartRateBpm>
                    </Trackpoint>
                    <Trackpoint>
                        <Time>2026-08-15T20:00:21.000+02:00</Time>
                        <Position>
                            <LatitudeDegrees>39.63785333333333</LatitudeDegrees>
                            <LongitudeDegrees>15.842076666666667</LongitudeDegrees>
                        </Position>
                        <AltitudeMeters>11.782804375813459</AltitudeMeters>
                        <DistanceMeters>836.782940635845</DistanceMeters>
                    </Trackpoint>
                    <Trackpoint>
                        <Time>2026-08-15T20:00:22.000+02:00</Time>
                        <Position>
                            <LatitudeDegrees>39.63787333333333</LatitudeDegrees>
                            <LongitudeDegrees>15.84207</LongitudeDegrees>
                        </Position>
                        <AltitudeMeters>11.709541156255987</AltitudeMeters>
                        <DistanceMeters>839.0789441881489</DistanceMeters>
                        <HeartRateBpm>
                            <Value>134</Value>
                        </HeartRateBpm>
                    </Trackpoint>
                    <Trackpoint>
                        <Time>2026-08-15T20:00:23.000+02:00</Time>
                        <Position>
                            <LatitudeDegrees>39.63789333333333</LatitudeDegrees>
                            <LongitudeDegrees>15.842065</LongitudeDegrees>
                        </Position>
                        <AltitudeMeters>11.641177331664176</AltitudeMeters>
                        <DistanceMeters>841.3436857647353</DistanceMeters>
                    </Trackpoint>
                    <Trackpoint>
                        <Time>2026-08-15T20:00:24.000+02:00</Time>
                        <Position>
                            <LatitudeDegrees>39.637915</LatitudeDegrees>
                            <LongitudeDegrees>15.842056666666666</LongitudeDegrees>
                        </Position>
                        <AltitudeMeters>11.577703484863706</AltitudeMeters>
                        <DistanceMeters>843.8563698817376</DistanceMeters>
                        <HeartRateBpm>
                            <Value>135</Value>
                        </HeartRateBpm>
                    </Trackpoint>
                    <Trackpoint>
                        <Time>2026-08-15T20:00:25.000+02:00</Time>
                        <Position>
                            <LatitudeDegrees>39.63793666666667</LatitudeDegrees>
                            <LongitudeDegrees>15.84205</LongitudeDegrees>
                        </Position>
                        <AltitudeMeters>11.478959875307028</AltitudeMeters>
                        <DistanceMeters>846.3323075170708</DistanceMeters>
                    </Trackpoint>
                    <Trackpoint>
                        <Time>2026-08-15T20:00:26.000+02:00</Time>
                        <Position>
                            <LatitudeDegrees>39.63795666666667</LatitudeDegrees>
                            <LongitudeDegrees>15.842043333333333</LongitudeDegrees>
                        </Position>
                        <AltitudeMeters>11.387793183548437</AltitudeMeters>
                        <DistanceMeters>848.6283108982935</DistanceMeters>
                        <HeartRateBpm>
                            <Value>134</Value>
                        </HeartRateBpm>
                    </Trackpoint>
                    <Trackpoint>
                        <Time>2026-08-15T20:00:27.000+02:00</Time>
                        <Position>
                            <LatitudeDegrees>39.637978333333336</LatitudeDegrees>
                            <LongitudeDegrees>15.842036666666667</LongitudeDegrees>
                        </Position>
                        <AltitudeMeters>11.30405320834443</AltitudeMeters>
                        <DistanceMeters>851.104248454334</DistanceMeters>
                    </Trackpoint>
                    <Trackpoint>
                        <Time>2026-08-15T20:00:28.000+02:00</Time>
                        <Position>
                            <LatitudeDegrees>39.638</LatitudeDegrees>
                            <LongitudeDegrees>15.842028333333333</LongitudeDegrees>
                        </Position>
                        <AltitudeMeters>11.187434363493086</AltitudeMeters>
                        <DistanceMeters>853.6169323215317</DistanceMeters>
                        <HeartRateBpm>
                            <Value>135</Value>
                        </HeartRateBpm>
                    </Trackpoint>
                    <Trackpoint>
                        <Time>2026-08-15T20:00:29.000+02:00</Time>
                        <Position>
                            <LatitudeDegrees>39.63802166666667</LatitudeDegrees>
                            <LongitudeDegrees>15.842021666666668</LongitudeDegrees>
                        </Position>
                        <AltitudeMeters>11.080634448921979</AltitudeMeters>
                        <DistanceMeters>856.0928697951077</DistanceMeters>
                    </Trackpoint>
                    <Trackpoint>
                        <Time>2026-08-15T20:00:30.000+02:00</Time>
                        <Position>
                            <LatitudeDegrees>39.638045</LatitudeDegrees>
                            <LongitudeDegrees>15.842015</LongitudeDegrees>
                        </Position>
                        <AltitudeMeters>10.983353135312067</AltitudeMeters>
                        <DistanceMeters>858.7494827612306</DistanceMeters>
                    </Trackpoint>
                    <Trackpoint>
                        <Time>2026-08-15T20:00:31.000+02:00</Time>
                        <Position>
                            <LatitudeDegrees>39.63806666666667</LatitudeDegrees>
                            <LongitudeDegrees>15.842008333333334</LongitudeDegrees>
                        </Position>
                        <AltitudeMeters>10.895241029899417</AltitudeMeters>
                        <DistanceMeters>861.2254201491705</DistanceMeters>
                        <HeartRateBpm>
                            <Value>135</Value>
                        </HeartRateBpm>
                    </Trackpoint>
                    <Trackpoint>
                        <Time>2026-08-15T20:00:32.000+02:00</Time>
                        <Position>
                            <LatitudeDegrees>39.638088333333336</LatitudeDegrees>
                            <LongitudeDegrees>15.842003333333333</LongitudeDegrees>
                        </Position>
                        <AltitudeMeters>10.815909404606566</AltitudeMeters>
                        <DistanceMeters>863.6723955960086</DistanceMeters>
                        <HeartRateBpm>
                            <Value>136</Value>
                        </HeartRateBpm>
                    </Trackpoint>
                    <Trackpoint>
                        <Time>2026-08-15T20:00:33.000+02:00</Time>
                        <Position>
                            <LatitudeDegrees>39.63811</LatitudeDegrees>
                            <LongitudeDegrees>15.841998333333333</LongitudeDegrees>
                        </Position>
                        <AltitudeMeters>10.704833001613</AltitudeMeters>
                        <DistanceMeters>866.1193710179862</DistanceMeters>
                    </Trackpoint>
                    <Trackpoint>
                        <Time>2026-08-15T20:00:34.000+02:00</Time>
                        <Position>
                            <LatitudeDegrees>39.638133333333336</LatitudeDegrees>
                            <LongitudeDegrees>15.841991666666667</LongitudeDegrees>
                        </Position>
                        <AltitudeMeters>10.604508363608064</AltitudeMeters>
                        <DistanceMeters>868.7759838281316</DistanceMeters>
                    </Trackpoint>
                    <Trackpoint>
                        <Time>2026-08-15T20:00:35.000+02:00</Time>
                        <Position>
                            <LatitudeDegrees>39.638153333333335</LatitudeDegrees>
                            <LongitudeDegrees>15.841985</LongitudeDegrees>
                        </Position>
                        <AltitudeMeters>10.514451764170683</AltitudeMeters>
                        <DistanceMeters>871.0719868050772</DistanceMeters>
                        <HeartRateBpm>
                            <Value>136</Value>
                        </HeartRateBpm>
                    </Trackpoint>
                    <Trackpoint>
                        <Time>2026-08-15T20:00:36.000+02:00</Time>
                        <Position>
                            <LatitudeDegrees>39.638175</LatitudeDegrees>
                            <LongitudeDegrees>15.841976666666667</LongitudeDegrees>
                        </Position>
                        <AltitudeMeters>10.434147626043423</AltitudeMeters>
                        <DistanceMeters>873.5846701595262</DistanceMeters>
                    </Trackpoint>
                    <Trackpoint>
                        <Time>2026-08-15T20:00:37.000+02:00</Time>
                        <Position>
                            <LatitudeDegrees>39.638196666666666</LatitudeDegrees>
                            <LongitudeDegrees>15.84197</LongitudeDegrees>
                        </Position>
                        <AltitudeMeters>10.363057526792428</AltitudeMeters>
                        <DistanceMeters>876.0606073000727</DistanceMeters>
                    </Trackpoint>
                    <Trackpoint>
                        <Time>2026-08-15T20:00:38.000+02:00</Time>
                        <Position>
                            <LatitudeDegrees>39.638216666666665</LatitudeDegrees>
                            <LongitudeDegrees>15.84196</LongitudeDegrees>
                        </Position>
                        <AltitudeMeters>10.30062822922124</AltitudeMeters>
                        <DistanceMeters>878.4436704879978</DistanceMeters>
                        <HeartRateBpm>
                            <Value>135</Value>
                        </HeartRateBpm>
                    </Trackpoint>
                    <Trackpoint>
                        <Time>2026-08-15T20:00:39.000+02:00</Time>
                        <Position>
                            <LatitudeDegrees>39.638238333333334</LatitudeDegrees>
                            <LongitudeDegrees>15.841951666666667</LongitudeDegrees>
                        </Position>
                        <AltitudeMeters>10.246298790380724</AltitudeMeters>
                        <DistanceMeters>880.9563536568803</DistanceMeters>
                    </Trackpoint>
                    <Trackpoint>
                        <Time>2026-08-15T20:00:40.000+02:00</Time>
                        <Position>
                            <LatitudeDegrees>39.63826</LatitudeDegrees>
                            <LongitudeDegrees>15.841941666666667</LongitudeDegrees>
                        </Position>
                        <AltitudeMeters>10.199506804498817</AltitudeMeters>
                        <DistanceMeters>883.5132315794792</DistanceMeters>
                        <HeartRateBpm>
                            <Value>136</Value>
                        </HeartRateBpm>
                    </Trackpoint>
                    <Trackpoint>
                        <Time>2026-08-15T20:00:41.000+02:00</Time>
                        <Position>
                            <LatitudeDegrees>39.638281666666664</LatitudeDegrees>
                            <LongitudeDegrees>15.841933333333333</LongitudeDegrees>
                        </Position>
                        <AltitudeMeters>10.159693835924426</AltitudeMeters>
                        <DistanceMeters>886.0259146207169</DistanceMeters>
                    </Trackpoint>
                    <Trackpoint>
                        <Time>2026-08-15T20:00:42.000+02:00</Time>
                        <Position>
                            <LatitudeDegrees>39.63830333333333</LatitudeDegrees>
                            <LongitudeDegrees>15.841925</LongitudeDegrees>
                        </Position>
                        <AltitudeMeters>10.126310098326</AltitudeMeters>
                        <DistanceMeters>888.5385975998279</DistanceMeters>
                    </Trackpoint>
                    <Trackpoint>
                        <Time>2026-08-15T20:00:43.000+02:00</Time>
                        <Position>
                            <LatitudeDegrees>39.638326666666664</LatitudeDegrees>
                            <LongitudeDegrees>15.841916666666666</LongitudeDegrees>
                        </Position>
                        <AltitudeMeters>10.098818435988402</AltitudeMeters>
                        <DistanceMeters>891.229489962274</DistanceMeters>
                        <HeartRateBpm>
                            <Value>135</Value>
                        </HeartRateBpm>
                    </Trackpoint>
                    <Trackpoint>
                        <Time>2026-08-15T20:00:44.000+02:00</Time>
                        <Position>
                            <LatitudeDegrees>39.63835</LatitudeDegrees>
                            <LongitudeDegrees>15.84191</LongitudeDegrees>
                        </Position>
                        <AltitudeMeters>10.076697662186659</AltitudeMeters>
                        <DistanceMeters>893.8861023880802</DistanceMeters>
                    </Trackpoint>
                    <Trackpoint>
                        <Time>2026-08-15T20:00:45.000+02:00</Time>
                        <Position>
                            <LatitudeDegrees>39.638371666666664</LatitudeDegrees>
                            <LongitudeDegrees>15.841903333333333</LongitudeDegrees>
                        </Position>
                        <AltitudeMeters>10.059445308352199</AltitudeMeters>
                        <DistanceMeters>896.3620391949711</DistanceMeters>
                        <HeartRateBpm>
                            <Value>136</Value>
                        </HeartRateBpm>
                    </Trackpoint>
                    <Trackpoint>
                        <Time>2026-08-15T20:00:46.000+02:00</Time>
                        <Position>
                            <LatitudeDegrees>39.638395</LatitudeDegrees>
                            <LongitudeDegrees>15.841898333333333</LongitudeDegrees>
                        </Position>
                        <AltitudeMeters>10.046579836150233</AltitudeMeters>
                        <DistanceMeters>898.991680521709</DistanceMeters>
                    </Trackpoint>
                    <Trackpoint>
                        <Time>2026-08-15T20:00:47.000+02:00</Time>
                        <Position>
                            <LatitudeDegrees>39.638418333333334</LatitudeDegrees>
                            <LongitudeDegrees>15.841891666666667</LongitudeDegrees>
                        </Position>
                        <AltitudeMeters>10.037642362715136</AltitudeMeters>
                        <DistanceMeters>901.6482928249372</DistanceMeters>
                        <HeartRateBpm>
                            <Value>137</Value>
                        </HeartRateBpm>
                    </Trackpoint>
                    <Trackpoint>
                        <Time>2026-08-15T20:00:48.000+02:00</Time>
                        <Position>
                            <LatitudeDegrees>39.638441666666665</LatitudeDegrees>
                            <LongitudeDegrees>15.841885</LongitudeDegrees>
                        </Position>
                        <AltitudeMeters>10.03219794719767</AltitudeMeters>
                        <DistanceMeters>904.3049050875892</DistanceMeters>
                    </Trackpoint>
                    <Trackpoint>
                        <Time>2026-08-15T20:00:49.000+02:00</Time>
                        <Position>
                            <LatitudeDegrees>39.638465</LatitudeDegrees>
                            <LongitudeDegrees>15.841876666666666</LongitudeDegrees>
                        </Position>
                        <AltitudeMeters>10.02983648451232</AltitudeMeters>
                        <DistanceMeters>906.9957970714892</DistanceMeters>
                    </Trackpoint>
                    <Trackpoint>
                        <Time>2026-08-15T20:00:50.000+02:00</Time>
                        <Position>
                            <LatitudeDegrees>39.638488333333335</LatitudeDegrees>
                            <LongitudeDegrees>15.84187</LongitudeDegrees>
                        </Position>
                        <AltitudeMeters>10.030173249778857</AltitudeMeters>
                        <DistanceMeters>909.6524092520051</DistanceMeters>
                        <HeartRateBpm>
                            <Value>137</Value>
                        </HeartRateBpm>
                    </Trackpoint>
                    <Trackpoint>
                        <Time>2026-08-15T20:00:51.000+02:00</Time>
                        <Position>
                            <LatitudeDegrees>39.63851</LatitudeDegrees>
                            <LongitudeDegrees>15.841863333333333</LongitudeDegrees>
                        </Position>
                        <AltitudeMeters>10.032849134468597</AltitudeMeters>
                        <DistanceMeters>912.1283457955806</DistanceMeters>
                    </Trackpoint>
                    <Trackpoint>
                        <Time>2026-08-15T20:00:52.000+02:00</Time>
                        <Position>
                            <LatitudeDegrees>39.638531666666665</LatitudeDegrees>
                            <LongitudeDegrees>15.841856666666667</LongitudeDegrees>
                        </Position>
                        <AltitudeMeters>10.037530612727881</AltitudeMeters>
                        <DistanceMeters>914.6042822993002</DistanceMeters>
                    </Trackpoint>
                    <Trackpoint>
                        <Time>2026-08-15T20:00:53.000+02:00</Time>
                        <Position>
                            <LatitudeDegrees>39.638553333333334</LatitudeDegrees>
                            <LongitudeDegrees>15.84185</LongitudeDegrees>
                        </Position>
                        <AltitudeMeters>10.043909473789602</AltitudeMeters>
                        <DistanceMeters>917.0802187610992</DistanceMeters>
                        <HeartRateBpm>
                            <Value>139</Value>
                        </HeartRateBpm>
                    </Trackpoint>
                    <Trackpoint>
                        <Time>2026-08-15T20:00:54.000+02:00</Time>
                        <Position>
                            <LatitudeDegrees>39.638575</LatitudeDegrees>
                            <LongitudeDegrees>15.841843333333333</LongitudeDegrees>
                        </Position>
                        <AltitudeMeters>10.051702353825378</AltitudeMeters>
                        <DistanceMeters>919.5561551823541</DistanceMeters>
                        <HeartRateBpm>
                            <Value>139</Value>
                        </HeartRateBpm>
                    </Trackpoint>
                    <Trackpoint>
                        <Time>2026-08-15T20:00:55.000+02:00</Time>
                        <Position>
                            <LatitudeDegrees>39.638598333333334</LatitudeDegrees>
                            <LongitudeDegrees>15.841836666666667</LongitudeDegrees>
                        </Position>
                        <AltitudeMeters>10.100756103699515</AltitudeMeters>
                        <DistanceMeters>922.2127671663916</DistanceMeters>
                    </Trackpoint>
                    <Trackpoint>
                        <Time>2026-08-15T20:00:56.000+02:00</Time>
                        <Position>
                            <LatitudeDegrees>39.63862</LatitudeDegrees>
                            <LongitudeDegrees>15.84183</LongitudeDegrees>
                        </Position>
                        <AltitudeMeters>10.147896612590609</AltitudeMeters>
                        <DistanceMeters>924.6887035020101</DistanceMeters>
                    </Trackpoint>
                    <Trackpoint>
                        <Time>2026-08-15T20:00:57.000+02:00</Time>
                        <Position>
                            <LatitudeDegrees>39.638643333333334</LatitudeDegrees>
                            <LongitudeDegrees>15.841823333333334</LongitudeDegrees>
                        </Position>
                        <AltitudeMeters>10.192937079877145</AltitudeMeters>
                        <DistanceMeters>927.3453154069259</DistanceMeters>
                        <HeartRateBpm>
                            <Value>140</Value>
                        </HeartRateBpm>
                    </Trackpoint>
                    <Trackpoint>
                        <Time>2026-08-15T20:00:58.000+02:00</Time>
                        <Position>
                            <LatitudeDegrees>39.638665</LatitudeDegrees>
                            <LongitudeDegrees>15.84182</LongitudeDegrees>
                        </Position>
                        <AltitudeMeters>10.235734915276355</AltitudeMeters>
                        <DistanceMeters>929.77139183294</DistanceMeters>
                    </Trackpoint>
                    <Trackpoint>
                        <Time>2026-08-15T20:00:59.000+02:00</Time>
                        <Position>
                            <LatitudeDegrees>39.638688333333334</LatitudeDegrees>
                            <LongitudeDegrees>15.841815</LongitudeDegrees>
                        </Position>
                        <AltitudeMeters>10.276187234797481</AltitudeMeters>
                        <DistanceMeters>932.401032863289</DistanceMeters>
                        <HeartRateBpm>
                            <Value>141</Value>
                        </HeartRateBpm>
                    </Trackpoint>
                    <Trackpoint>
                        <Time>2026-08-15T20:01:00.000+02:00</Time>
                        <Position>
                            <LatitudeDegrees>39.638711666666666</LatitudeDegrees>
                            <LongitudeDegrees>15.84181</LongitudeDegrees>
                        </Position>
                        <AltitudeMeters>10.314226580958236</AltitudeMeters>
                        <DistanceMeters>935.030673869467</DistanceMeters>
                    </Trackpoint>
                    <Trackpoint>
                        <Time>2026-08-15T20:01:01.000+02:00</Time>
                        <Position>
                            <LatitudeDegrees>39.638733333333334</LatitudeDegrees>
                            <LongitudeDegrees>15.841805</LongitudeDegrees>
                        </Position>
                        <AltitudeMeters>10.349816877552854</AltitudeMeters>
                        <DistanceMeters>937.4776486176899</DistanceMeters>
                        <HeartRateBpm>
                            <Value>145</Value>
                        </HeartRateBpm>
                    </Trackpoint>
                    <Trackpoint>
                        <Time>2026-08-15T20:01:02.000+02:00</Time>
                        <Position>
                            <LatitudeDegrees>39.638755</LatitudeDegrees>
                            <LongitudeDegrees>15.841798333333333</LongitudeDegrees>
                        </Position>
                        <AltitudeMeters>10.382949625717476</AltitudeMeters>
                        <DistanceMeters>939.9535846957103</DistanceMeters>
                    </Trackpoint>
                    <Trackpoint>
                        <Time>2026-08-15T20:01:03.000+02:00</Time>
                        <Position>
                            <LatitudeDegrees>39.638776666666665</LatitudeDegrees>
                            <LongitudeDegrees>15.841791666666667</LongitudeDegrees>
                        </Position>
                        <AltitudeMeters>10.413640344900482</AltitudeMeters>
                        <DistanceMeters>942.4295207324984</DistanceMeters>
                        <HeartRateBpm>
                            <Value>144</Value>
                        </HeartRateBpm>
                    </Trackpoint>
                    <Trackpoint>
                        <Time>2026-08-15T20:01:04.000+02:00</Time>
                        <Position>
                            <LatitudeDegrees>39.638796666666664</LatitudeDegrees>
                            <LongitudeDegrees>15.841783333333334</LongitudeDegrees>
                        </Position>
                        <AltitudeMeters>10.441925259587686</AltitudeMeters>
                        <DistanceMeters>944.7651005362161</DistanceMeters>
                    </Trackpoint>
                    <Trackpoint>
                        <Time>2026-08-15T20:01:05.000+02:00</Time>
                        <Position>
                            <LatitudeDegrees>39.63881833333333</LatitudeDegrees>
                            <LongitudeDegrees>15.841775</LongitudeDegrees>
                        </Position>
                        <AltitudeMeters>10.467858230230409</AltitudeMeters>
                        <DistanceMeters>947.2777820064523</DistanceMeters>
                        <HeartRateBpm>
                            <Value>148</Value>
                        </HeartRateBpm>
                    </Trackpoint>
                    <Trackpoint>
                        <Time>2026-08-15T20:01:06.000+02:00</Time>
                        <Position>
                            <LatitudeDegrees>39.63883833333333</LatitudeDegrees>
                            <LongitudeDegrees>15.841768333333333</LongitudeDegrees>
                        </Position>
                        <AltitudeMeters>10.491507924754012</AltitudeMeters>
                        <DistanceMeters>949.5737835776617</DistanceMeters>
                    </Trackpoint>
                    <Trackpoint>
                        <Time>2026-08-15T20:01:07.000+02:00</Time>
                        <Position>
                            <LatitudeDegrees>39.63886</LatitudeDegrees>
                            <LongitudeDegrees>15.841761666666667</LongitudeDegrees>
                        </Position>
                        <AltitudeMeters>10.512955225260837</AltitudeMeters>
                        <DistanceMeters>952.0497194565517</DistanceMeters>
                    </Trackpoint>
                    <Trackpoint>
                        <Time>2026-08-15T20:01:08.000+02:00</Time>
                        <Position>
                            <LatitudeDegrees>39.63888</LatitudeDegrees>
                            <LongitudeDegrees>15.841753333333333</LongitudeDegrees>
                        </Position>
                        <AltitudeMeters>10.532290863060748</AltitudeMeters>
                        <DistanceMeters>954.3852989975871</DistanceMeters>
                        <HeartRateBpm>
                            <Value>146</Value>
                        </HeartRateBpm>
                    </Trackpoint>
                    <Trackpoint>
                        <Time>2026-08-15T20:01:09.000+02:00</Time>
                        <Position>
                            <LatitudeDegrees>39.6389</LatitudeDegrees>
                            <LongitudeDegrees>15.841746666666667</LongitudeDegrees>
                        </Position>
                        <AltitudeMeters>10.549613273941082</AltitudeMeters>
                        <DistanceMeters>956.6813004422457</DistanceMeters>
                    </Trackpoint>
                    <Trackpoint>
                        <Time>2026-08-15T20:01:10.000+02:00</Time>
                        <Position>
                            <LatitudeDegrees>39.63892</LatitudeDegrees>
                            <LongitudeDegrees>15.841738333333334</LongitudeDegrees>
                        </Position>
                        <AltitudeMeters>10.524920658962808</AltitudeMeters>
                        <DistanceMeters>959.0168798578673</DistanceMeters>
                        <HeartRateBpm>
                            <Value>142</Value>
                        </HeartRateBpm>
                    </Trackpoint>
                    <Trackpoint>
                        <Time>2026-08-15T20:01:11.000+02:00</Time>
                        <Position>
                            <LatitudeDegrees>39.63894</LatitudeDegrees>
                            <LongitudeDegrees>15.841728333333334</LongitudeDegrees>
                        </Position>
                        <AltitudeMeters>10.501259649309826</AltitudeMeters>
                        <DistanceMeters>961.3999398272398</DistanceMeters>
                    </Trackpoint>
                    <Trackpoint>
                        <Time>2026-08-15T20:01:12.000+02:00</Time>
                        <Position>
                            <LatitudeDegrees>39.638958333333335</LatitudeDegrees>
                            <LongitudeDegrees>15.84172</LongitudeDegrees>
                        </Position>
                        <AltitudeMeters>10.478714598289882</AltitudeMeters>
                        <DistanceMeters>963.5597976963472</DistanceMeters>
                        <HeartRateBpm>
                            <Value>145</Value>
                        </HeartRateBpm>
                    </Trackpoint>
                    <Trackpoint>
                        <Time>2026-08-15T20:01:13.000+02:00</Time>
                        <Position>
                            <LatitudeDegrees>39.638978333333334</LatitudeDegrees>
                            <LongitudeDegrees>15.841711666666667</LongitudeDegrees>
                        </Position>
                        <AltitudeMeters>10.41724232760572</AltitudeMeters>
                        <DistanceMeters>965.8953769275007</DistanceMeters>
                    </Trackpoint>
                    <Trackpoint>
                        <Time>2026-08-15T20:01:14.000+02:00</Time>
                        <Position>
                            <LatitudeDegrees>39.638996666666664</LatitudeDegrees>
                            <LongitudeDegrees>15.841705</LongitudeDegrees>
                        </Position>
                        <AltitudeMeters>10.359824778950586</AltitudeMeters>
                        <DistanceMeters>968.0123741169439</DistanceMeters>
                        <HeartRateBpm>
                            <Value>141</Value>
                        </HeartRateBpm>
                    </Trackpoint>
                    <Trackpoint>
                        <Time>2026-08-15T20:01:15.000+02:00</Time>
                        <Position>
                            <LatitudeDegrees>39.63901333333333</LatitudeDegrees>
                            <LongitudeDegrees>15.841698333333333</LongitudeDegrees>
                        </Position>
                        <AltitudeMeters>10.3064619839747</AltitudeMeters>
                        <DistanceMeters>969.9515551692278</DistanceMeters>
                    </Trackpoint>
                    <Trackpoint>
                        <Time>2026-08-15T20:01:16.000+02:00</Time>
                        <Position>
                            <LatitudeDegrees>39.63903</LatitudeDegrees>
                            <LongitudeDegrees>15.841693333333334</LongitudeDegrees>
                        </Position>
                        <AltitudeMeters>10.257116191850388</AltitudeMeters>
                        <DistanceMeters>971.8536198311325</DistanceMeters>
                        <HeartRateBpm>
                            <Value>144</Value>
                        </HeartRateBpm>
                    </Trackpoint>
                    <Trackpoint>
                        <Time>2026-08-15T20:01:17.000+02:00</Time>
                        <Position>
                            <LatitudeDegrees>39.639046666666665</LatitudeDegrees>
                            <LongitudeDegrees>15.841686666666666</LongitudeDegrees>
                        </Position>
                        <AltitudeMeters>10.171611199911517</AltitudeMeters>
                        <DistanceMeters>973.7928008031796</DistanceMeters>
                    </Trackpoint>
                    <Trackpoint>
                        <Time>2026-08-15T20:01:18.000+02:00</Time>
                        <Position>
                            <LatitudeDegrees>39.639065</LatitudeDegrees>
                            <LongitudeDegrees>15.841681666666666</LongitudeDegrees>
                        </Position>
                        <AltitudeMeters>10.092787685323094</AltitudeMeters>
                        <DistanceMeters>975.8758523097079</DistanceMeters>
                        <HeartRateBpm>
                            <Value>141</Value>
                        </HeartRateBpm>
                    </Trackpoint>
                    <Trackpoint>
                        <Time>2026-08-15T20:01:19.000+02:00</Time>
                        <Position>
                            <LatitudeDegrees>39.63908166666667</LatitudeDegrees>
                            <LongitudeDegrees>15.841675</LongitudeDegrees>
                        </Position>
                        <AltitudeMeters>10.020498578319868</AltitudeMeters>
                        <DistanceMeters>977.815033196552</DistanceMeters>
                    </Trackpoint>
                    <Trackpoint>
                        <Time>2026-08-15T20:01:20.000+02:00</Time>
                        <Position>
                            <LatitudeDegrees>39.6391</LatitudeDegrees>
                            <LongitudeDegrees>15.84167</LongitudeDegrees>
                        </Position>
                        <AltitudeMeters>9.954555330368063</AltitudeMeters>
                        <DistanceMeters>979.8980846578554</DistanceMeters>
                        <HeartRateBpm>
                            <Value>142</Value>
                        </HeartRateBpm>
                    </Trackpoint>
                    <Trackpoint>
                        <Time>2026-08-15T20:01:21.000+02:00</Time>
                        <Position>
                            <LatitudeDegrees>39.639116666666666</LatitudeDegrees>
                            <LongitudeDegrees>15.841663333333333</LongitudeDegrees>
                        </Position>
                        <AltitudeMeters>9.894735143076065</AltitudeMeters>
                        <DistanceMeters>981.837265459061</DistanceMeters>
                    </Trackpoint>
                    <Trackpoint>
                        <Time>2026-08-15T20:01:22.000+02:00</Time>
                        <Position>
                            <LatitudeDegrees>39.639135</LatitudeDegrees>
                            <LongitudeDegrees>15.841656666666667</LongitudeDegrees>
                        </Position>
                        <AltitudeMeters>9.840787562519228</AltitudeMeters>
                        <DistanceMeters>983.9542623412966</DistanceMeters>
                        <HeartRateBpm>
                            <Value>140</Value>
                        </HeartRateBpm>
                    </Trackpoint>
                    <Trackpoint>
                        <Time>2026-08-15T20:01:23.000+02:00</Time>
                        <Position>
                            <LatitudeDegrees>39.63915333333333</LatitudeDegrees>
                            <LongitudeDegrees>15.84165</LongitudeDegrees>
                        </Position>
                        <AltitudeMeters>9.792440461258593</AltitudeMeters>
                        <DistanceMeters>986.0712591814389</DistanceMeters>
                    </Trackpoint>
                    <Trackpoint>
                        <Time>2026-08-15T20:01:24.000+02:00</Time>
                        <Position>
                            <LatitudeDegrees>39.63917166666667</LatitudeDegrees>
                            <LongitudeDegrees>15.841643333333334</LongitudeDegrees>
                        </Position>
                        <AltitudeMeters>9.749405433098952</AltitudeMeters>
                        <DistanceMeters>988.188255981992</DistanceMeters>
                        <HeartRateBpm>
                            <Value>141</Value>
                        </HeartRateBpm>
                    </Trackpoint>
                    <Trackpoint>
                        <Time>2026-08-15T20:01:25.000+02:00</Time>
                        <Position>
                            <LatitudeDegrees>39.63919</LatitudeDegrees>
                            <LongitudeDegrees>15.841636666666666</LongitudeDegrees>
                        </Position>
                        <AltitudeMeters>9.711382627798972</AltitudeMeters>
                        <DistanceMeters>990.3052527405251</DistanceMeters>
                    </Trackpoint>
                    <Trackpoint>
                        <Time>2026-08-15T20:01:26.000+02:00</Time>
                        <Position>
                            <LatitudeDegrees>39.63920666666667</LatitudeDegrees>
                            <LongitudeDegrees>15.84163</LongitudeDegrees>
                        </Position>
                        <AltitudeMeters>9.67806505457401</AltitudeMeters>
                        <DistanceMeters>992.2444333229693</DistanceMeters>
                        <HeartRateBpm>
                            <Value>138</Value>
                        </HeartRateBpm>
                    </Trackpoint>
                    <Trackpoint>
                        <Time>2026-08-15T20:01:27.000+02:00</Time>
                        <Position>
                            <LatitudeDegrees>39.639225</LatitudeDegrees>
                            <LongitudeDegrees>15.841623333333333</LongitudeDegrees>
                        </Position>
                        <AltitudeMeters>9.649142384376638</AltitudeMeters>
                        <DistanceMeters>994.361430004965</DistanceMeters>
                    </Trackpoint>
                    <Trackpoint>
                        <Time>2026-08-15T20:01:28.000+02:00</Time>
                        <Position>
                            <LatitudeDegrees>39.63924166666666</LatitudeDegrees>
                            <LongitudeDegrees>15.841616666666667</LongitudeDegrees>
                        </Position>
                        <AltitudeMeters>9.624304281653979</AltitudeMeters>
                        <DistanceMeters>996.3006105017704</DistanceMeters>
                    </Trackpoint>
                    <Trackpoint>
                        <Time>2026-08-15T20:01:29.000+02:00</Time>
                        <Position>
                            <LatitudeDegrees>39.63926</LatitudeDegrees>
                            <LongitudeDegrees>15.841611666666667</LongitudeDegrees>
                        </Position>
                        <AltitudeMeters>9.603243296614712</AltitudeMeters>
                        <DistanceMeters>998.3836617608247</DistanceMeters>
                        <HeartRateBpm>
                            <Value>138</Value>
                        </HeartRateBpm>
                    </Trackpoint>
                    <Trackpoint>
                        <Time>2026-08-15T20:01:30.000+02:00</Time>
                        <Position>
                            <LatitudeDegrees>39.63927833333333</LatitudeDegrees>
                            <LongitudeDegrees>15.841605</LongitudeDegrees>
                        </Position>
                        <AltitudeMeters>9.585657349039353</AltitudeMeters>
                        <DistanceMeters>1000.500658322754</DistanceMeters>
                    </Trackpoint>
                    <Trackpoint>
                        <Time>2026-08-15T20:01:31.000+02:00</Time>
                        <Position>
                            <LatitudeDegrees>39.63929666666667</LatitudeDegrees>
                            <LongitudeDegrees>15.8416</LongitudeDegrees>
                        </Position>
                        <AltitudeMeters>9.571251834378758</AltitudeMeters>
                        <DistanceMeters>1002.5837095351551</DistanceMeters>
                    </Trackpoint>
                    <Trackpoint>
                        <Time>2026-08-15T20:01:32.000+02:00</Time>
                        <Position>
                            <LatitudeDegrees>39.639315</LatitudeDegrees>
                            <LongitudeDegrees>15.841595</LongitudeDegrees>
                        </Position>
                        <AltitudeMeters>9.559741382348875</AltitudeMeters>
                        <DistanceMeters>1004.6667607235933</DistanceMeters>
                        <HeartRateBpm>
                            <Value>138</Value>
                        </HeartRateBpm>
                    </Trackpoint>
                    <Trackpoint>
                        <Time>2026-08-15T20:01:33.000+02:00</Time>
                        <Position>
                            <LatitudeDegrees>39.639335</LatitudeDegrees>
                            <LongitudeDegrees>15.84159</LongitudeDegrees>
                        </Position>
                        <AltitudeMeters>9.550851297482216</AltitudeMeters>
                        <DistanceMeters>1006.9315006137715</DistanceMeters>
                    </Trackpoint>
                    <Trackpoint>
                        <Time>2026-08-15T20:01:34.000+02:00</Time>
                        <Position>
                            <LatitudeDegrees>39.63935333333333</LatitudeDegrees>
                            <LongitudeDegrees>15.841583333333332</LongitudeDegrees>
                        </Position>
                        <AltitudeMeters>9.544318710173062</AltitudeMeters>
                        <DistanceMeters>1009.0484970086993</DistanceMeters>
                    </Trackpoint>
                    <Trackpoint>
                        <Time>2026-08-15T20:01:35.000+02:00</Time>
                        <Position>
                            <LatitudeDegrees>39.63937333333333</LatitudeDegrees>
                            <LongitudeDegrees>15.841578333333333</LongitudeDegrees>
                        </Position>
                        <AltitudeMeters>9.539893465685939</AltitudeMeters>
                        <DistanceMeters>1011.313236853322</DistanceMeters>
                        <HeartRateBpm>
                            <Value>138</Value>
                        </HeartRateBpm>
                    </Trackpoint>
                    <Trackpoint>
                        <Time>2026-08-15T20:01:36.000+02:00</Time>
                        <Position>
                            <LatitudeDegrees>39.63939166666667</LatitudeDegrees>
                            <LongitudeDegrees>15.841571666666667</LongitudeDegrees>
                        </Position>
                        <AltitudeMeters>9.53733877741436</AltitudeMeters>
                        <DistanceMeters>1013.4302331642933</DistanceMeters>
                    </Trackpoint>
                    <Trackpoint>
                        <Time>2026-08-15T20:01:37.000+02:00</Time>
                        <Position>
                            <LatitudeDegrees>39.63941166666667</LatitudeDegrees>
                            <LongitudeDegrees>15.841565</LongitudeDegrees>
                        </Position>
                        <AltitudeMeters>9.53643166940527</AltitudeMeters>
                        <DistanceMeters>1015.72623355892</DistanceMeters>
                    </Trackpoint>
                    <Trackpoint>
                        <Time>2026-08-15T20:01:38.000+02:00</Time>
                        <Position>
                            <LatitudeDegrees>39.63943</LatitudeDegrees>
                            <LongitudeDegrees>15.84156</LongitudeDegrees>
                        </Position>
                        <AltitudeMeters>9.536963231827867</AltitudeMeters>
                        <DistanceMeters>1017.8092846010366</DistanceMeters>
                        <HeartRateBpm>
                            <Value>138</Value>
                        </HeartRateBpm>
                    </Trackpoint>
                    <Trackpoint>
                        <Time>2026-08-15T20:01:39.000+02:00</Time>
                        <Position>
                            <LatitudeDegrees>39.63945</LatitudeDegrees>
                            <LongitudeDegrees>15.841553333333334</LongitudeDegrees>
                        </Position>
                        <AltitudeMeters>9.538738711684417</AltitudeMeters>
                        <DistanceMeters>1020.1052849169286</DistanceMeters>
                        <HeartRateBpm>
                            <Value>139</Value>
                        </HeartRateBpm>
                    </Trackpoint>
                    <Trackpoint>
                        <Time>2026-08-15T20:01:40.000+02:00</Time>
                        <Position>
                            <LatitudeDegrees>39.63946833333333</LatitudeDegrees>
                            <LongitudeDegrees>15.84155</LongitudeDegrees>
                        </Position>
                        <AltitudeMeters>9.541577459653995</AltitudeMeters>
                        <DistanceMeters>1022.1637466877628</DistanceMeters>
                    </Trackpoint>
                    <Trackpoint>
                        <Time>2026-08-15T20:01:41.000+02:00</Time>
                        <Position>
                            <LatitudeDegrees>39.63948833333333</LatitudeDegrees>
                            <LongitudeDegrees>15.841545</LongitudeDegrees>
                        </Position>
                        <AltitudeMeters>9.50520674690445</AltitudeMeters>
                        <DistanceMeters>1024.4284863978023</DistanceMeters>
                    </Trackpoint>
                    <Trackpoint>
                        <Time>2026-08-15T20:01:42.000+02:00</Time>
                        <Position>
                            <LatitudeDegrees>39.63950666666667</LatitudeDegrees>
                            <LongitudeDegrees>15.84154</LongitudeDegrees>
                        </Position>
                        <AltitudeMeters>9.472411878307991</AltitudeMeters>
                        <DistanceMeters>1026.5115373423712</DistanceMeters>
                        <HeartRateBpm>
                            <Value>139</Value>
                        </HeartRateBpm>
                    </Trackpoint>
                    <Trackpoint>
                        <Time>2026-08-15T20:01:43.000+02:00</Time>
                        <Position>
                            <LatitudeDegrees>39.63952666666667</LatitudeDegrees>
                            <LongitudeDegrees>15.841535</LongitudeDegrees>
                        </Position>
                        <AltitudeMeters>9.402920646611808</AltitudeMeters>
                        <DistanceMeters>1028.776277008193</DistanceMeters>
                        <HeartRateBpm>
                            <Value>140</Value>
                        </HeartRateBpm>
                    </Trackpoint>
                    <Trackpoint>
                        <Time>2026-08-15T20:01:44.000+02:00</Time>
                        <Position>
                            <LatitudeDegrees>39.63954666666667</LatitudeDegrees>
                            <LongitudeDegrees>15.841528333333333</LongitudeDegrees>
                        </Position>
                        <AltitudeMeters>9.339495394825587</AltitudeMeters>
                        <DistanceMeters>1031.0722771258422</DistanceMeters>
                    </Trackpoint>
                    <Trackpoint>
                        <Time>2026-08-15T20:01:45.000+02:00</Time>
                        <Position>
                            <LatitudeDegrees>39.639565</LatitudeDegrees>
                            <LongitudeDegrees>15.84152</LongitudeDegrees>
                        </Position>
                        <AltitudeMeters>9.241820782444028</AltitudeMeters>
                        <DistanceMeters>1033.232132926366</DistanceMeters>
                        <HeartRateBpm>
                            <Value>139</Value>
                        </HeartRateBpm>
                    </Trackpoint>
                    <Trackpoint>
                        <Time>2026-08-15T20:01:46.000+02:00</Time>
                        <Position>
                            <LatitudeDegrees>39.639585</LatitudeDegrees>
                            <LongitudeDegrees>15.841508333333334</LongitudeDegrees>
                        </Position>
                        <AltitudeMeters>9.112492905232612</AltitudeMeters>
                        <DistanceMeters>1035.67011064719</DistanceMeters>
                    </Trackpoint>
                    <Trackpoint>
                        <Time>2026-08-15T20:01:47.000+02:00</Time>
                        <Position>
                            <LatitudeDegrees>39.63960333333333</LatitudeDegrees>
                            <LongitudeDegrees>15.841493333333334</LongitudeDegrees>
                        </Position>
                        <AltitudeMeters>8.994166282518634</AltitudeMeters>
                        <DistanceMeters>1038.0795798378474</DistanceMeters>
                    </Trackpoint>
                    <Trackpoint>
                        <Time>2026-08-15T20:01:48.000+02:00</Time>
                        <Position>
                            <LatitudeDegrees>39.63962166666666</LatitudeDegrees>
                            <LongitudeDegrees>15.84148</LongitudeDegrees>
                        </Position>
                        <AltitudeMeters>8.846385992888546</AltitudeMeters>
                        <DistanceMeters>1040.4160939203448</DistanceMeters>
                        <HeartRateBpm>
                            <Value>139</Value>
                        </HeartRateBpm>
                    </Trackpoint>
                    <Trackpoint>
                        <Time>2026-08-15T20:01:49.000+02:00</Time>
                        <Position>
                            <LatitudeDegrees>39.63964</LatitudeDegrees>
                            <LongitudeDegrees>15.841465</LongitudeDegrees>
                        </Position>
                        <AltitudeMeters>8.671582284110809</AltitudeMeters>
                        <DistanceMeters>1042.8255627475512</DistanceMeters>
                    </Trackpoint>
                    <Trackpoint>
                        <Time>2026-08-15T20:01:50.000+02:00</Time>
                        <Position>
                            <LatitudeDegrees>39.63965833333334</LatitudeDegrees>
                            <LongitudeDegrees>15.841453333333334</LongitudeDegrees>
                        </Position>
                        <AltitudeMeters>8.472116565354593</AltitudeMeters>
                        <DistanceMeters>1045.0957584691066</DistanceMeters>
                    </Trackpoint>
                    <Trackpoint>
                        <Time>2026-08-15T20:01:51.000+02:00</Time>
                        <Position>
                            <LatitudeDegrees>39.63967666666667</LatitudeDegrees>
                            <LongitudeDegrees>15.841443333333334</LongitudeDegrees>
                        </Position>
                        <AltitudeMeters>8.16979262098027</AltitudeMeters>
                        <DistanceMeters>1047.3068700814988</DistanceMeters>
                        <HeartRateBpm>
                            <Value>139</Value>
                        </HeartRateBpm>
                    </Trackpoint>
                    <Trackpoint>
                        <Time>2026-08-15T20:01:52.000+02:00</Time>
                        <Position>
                            <LatitudeDegrees>39.639696666666666</LatitudeDegrees>
                            <LongitudeDegrees>15.841433333333333</LongitudeDegrees>
                        </Position>
                        <AltitudeMeters>7.852957151272919</AltitudeMeters>
                        <DistanceMeters>1049.689926685328</DistanceMeters>
                        <HeartRateBpm>
                            <Value>140</Value>
                        </HeartRateBpm>
                    </Trackpoint>
                    <Trackpoint>
                        <Time>2026-08-15T20:01:53.000+02:00</Time>
                        <Position>
                            <LatitudeDegrees>39.639715</LatitudeDegrees>
                            <LongitudeDegrees>15.841423333333333</LongitudeDegrees>
                        </Position>
                        <AltitudeMeters>7.523644216254669</AltitudeMeters>
                        <DistanceMeters>1051.9010381144699</DistanceMeters>
                        <HeartRateBpm>
                            <Value>140</Value>
                        </HeartRateBpm>
                    </Trackpoint>
                    <Trackpoint>
                        <Time>2026-08-15T20:01:54.000+02:00</Time>
                        <Position>
                            <LatitudeDegrees>39.639735</LatitudeDegrees>
                            <LongitudeDegrees>15.841411666666666</LongitudeDegrees>
                        </Position>
                        <AltitudeMeters>7.18373578023252</AltitudeMeters>
                        <DistanceMeters>1054.3390149481158</DistanceMeters>
                    </Trackpoint>
                    <Trackpoint>
                        <Time>2026-08-15T20:01:55.000+02:00</Time>
                        <Position>
                            <LatitudeDegrees>39.63975333333333</LatitudeDegrees>
                            <LongitudeDegrees>15.841401666666666</LongitudeDegrees>
                        </Position>
                        <AltitudeMeters>6.875070248731907</AltitudeMeters>
                        <DistanceMeters>1056.5501261928093</DistanceMeters>
                    </Trackpoint>
                    <Trackpoint>
                        <Time>2026-08-15T20:01:56.000+02:00</Time>
                        <Position>
                            <LatitudeDegrees>39.63977166666667</LatitudeDegrees>
                            <LongitudeDegrees>15.841391666666667</LongitudeDegrees>
                        </Position>
                        <AltitudeMeters>6.556295662249919</AltitudeMeters>
                        <DistanceMeters>1058.7612373510096</DistanceMeters>
                        <HeartRateBpm>
                            <Value>139</Value>
                        </HeartRateBpm>
                    </Trackpoint>
                    <Trackpoint>
                        <Time>2026-08-15T20:01:57.000+02:00</Time>
                        <Position>
                            <LatitudeDegrees>39.63979</LatitudeDegrees>
                            <LongitudeDegrees>15.841381666666667</LongitudeDegrees>
                        </Position>
                        <AltitudeMeters>6.268989345709097</AltitudeMeters>
                        <DistanceMeters>1060.9723484198976</DistanceMeters>
                    </Trackpoint>
                    <Trackpoint>
                        <Time>2026-08-15T20:01:58.000+02:00</Time>
                        <Position>
                            <LatitudeDegrees>39.639808333333335</LatitudeDegrees>
                            <LongitudeDegrees>15.841373333333333</LongitudeDegrees>
                        </Position>
                        <AltitudeMeters>6.011676608655494</AltitudeMeters>
                        <DistanceMeters>1063.132203391069</DistanceMeters>
                    </Trackpoint>
                    <Trackpoint>
                        <Time>2026-08-15T20:01:59.000+02:00</Time>
                        <Position>
                            <LatitudeDegrees>39.639828333333334</LatitudeDegrees>
                            <LongitudeDegrees>15.841365</LongitudeDegrees>
                        </Position>
                        <AltitudeMeters>5.78279786170059</AltitudeMeters>
                        <DistanceMeters>1065.4677799434423</DistanceMeters>
                        <HeartRateBpm>
                            <Value>139</Value>
                        </HeartRateBpm>
                    </Trackpoint>
                    <Trackpoint>
                        <Time>2026-08-15T20:02:00.000+02:00</Time>
                        <Position>
                            <LatitudeDegrees>39.639846666666664</LatitudeDegrees>
                            <LongitudeDegrees>15.841356666666666</LongitudeDegrees>
                        </Position>
                        <AltitudeMeters>5.580734347795003</AltitudeMeters>
                        <DistanceMeters>1067.6276347832809</DistanceMeters>
                        <HeartRateBpm>
                            <Value>140</Value>
                        </HeartRateBpm>
                    </Trackpoint>
                    <Trackpoint>
                        <Time>2026-08-15T20:02:01.000+02:00</Time>
                        <Position>
                            <LatitudeDegrees>39.63986666666667</LatitudeDegrees>
                            <LongitudeDegrees>15.84135</LongitudeDegrees>
                        </Position>
                        <AltitudeMeters>5.403831030103179</AltitudeMeters>
                        <DistanceMeters>1069.9236342454649</DistanceMeters>
                    </Trackpoint>
                    <Trackpoint>
                        <Time>2026-08-15T20:02:02.000+02:00</Time>
                        <Position>
                            <LatitudeDegrees>39.63988666666667</LatitudeDegrees>
                            <LongitudeDegrees>15.841341666666667</LongitudeDegrees>
                        </Position>
                        <AltitudeMeters>5.250416798354784</AltitudeMeters>
                        <DistanceMeters>1072.2592106133689</DistanceMeters>
                    </Trackpoint>
                    <Trackpoint>
                        <Time>2026-08-15T20:02:03.000+02:00</Time>
                        <Position>
                            <LatitudeDegrees>39.639905</LatitudeDegrees>
                            <LongitudeDegrees>15.841333333333333</LongitudeDegrees>
                        </Position>
                        <AltitudeMeters>5.1188221591764735</AltitudeMeters>
                        <DistanceMeters>1074.4190652549457</DistanceMeters>
                        <HeartRateBpm>
                            <Value>140</Value>
                        </HeartRateBpm>
                    </Trackpoint>
                    <Trackpoint>
                        <Time>2026-08-15T20:02:04.000+02:00</Time>
                        <Position>
                            <LatitudeDegrees>39.639925</LatitudeDegrees>
                            <LongitudeDegrees>15.841325</LongitudeDegrees>
                        </Position>
                        <AltitudeMeters>5.00739457751507</AltitudeMeters>
                        <DistanceMeters>1076.7546415020151</DistanceMeters>
                        <HeartRateBpm>
                            <Value>137</Value>
                        </HeartRateBpm>
                    </Trackpoint>
                    <Trackpoint>
                        <Time>2026-08-15T20:02:05.000+02:00</Time>
                        <Position>
                            <LatitudeDegrees>39.639945</LatitudeDegrees>
                            <LongitudeDegrees>15.841318333333334</LongitudeDegrees>
                        </Position>
                        <AltitudeMeters>4.954617641741539</AltitudeMeters>
                        <DistanceMeters>1079.0506408020738</DistanceMeters>
                    </Trackpoint>
                    <Trackpoint>
                        <Time>2026-08-15T20:02:06.000+02:00</Time>
                        <Position>
                            <LatitudeDegrees>39.639965</LatitudeDegrees>
                            <LongitudeDegrees>15.84131</LongitudeDegrees>
                        </Position>
                        <AltitudeMeters>4.956077814958832</AltitudeMeters>
                        <DistanceMeters>1081.386216923728</DistanceMeters>
                    </Trackpoint>
                    <Trackpoint>
                        <Time>2026-08-15T20:02:07.000+02:00</Time>
                        <Position>
                            <LatitudeDegrees>39.639985</LatitudeDegrees>
                            <LongitudeDegrees>15.841303333333332</LongitudeDegrees>
                        </Position>
                        <AltitudeMeters>4.967332492865664</AltitudeMeters>
                        <DistanceMeters>1083.6822161431369</DistanceMeters>
                        <HeartRateBpm>
                            <Value>137</Value>
                        </HeartRateBpm>
                    </Trackpoint>
                    <Trackpoint>
                        <Time>2026-08-15T20:02:08.000+02:00</Time>
                        <Position>
                            <LatitudeDegrees>39.640005</LatitudeDegrees>
                            <LongitudeDegrees>15.841295</LongitudeDegrees>
                        </Position>
                        <AltitudeMeters>5.027090654829579</AltitudeMeters>
                        <DistanceMeters>1086.0177921379457</DistanceMeters>
                        <HeartRateBpm>
                            <Value>136</Value>
                        </HeartRateBpm>
                    </Trackpoint>
                    <Trackpoint>
                        <Time>2026-08-15T20:02:09.000+02:00</Time>
                        <Position>
                            <LatitudeDegrees>39.640025</LatitudeDegrees>
                            <LongitudeDegrees>15.841285</LongitudeDegrees>
                        </Position>
                        <AltitudeMeters>5.131228961158573</AltitudeMeters>
                        <DistanceMeters>1088.4008472804428</DistanceMeters>
                    </Trackpoint>
                    <Trackpoint>
                        <Time>2026-08-15T20:02:10.000+02:00</Time>
                        <Position>
                            <LatitudeDegrees>39.640045</LatitudeDegrees>
                            <LongitudeDegrees>15.841276666666667</LongitudeDegrees>
                        </Position>
                        <AltitudeMeters>5.235648557455095</AltitudeMeters>
                        <DistanceMeters>1090.7364231498366</DistanceMeters>
                        <HeartRateBpm>
                            <Value>137</Value>
                        </HeartRateBpm>
                    </Trackpoint>
                    <Trackpoint>
                        <Time>2026-08-15T20:02:11.000+02:00</Time>
                        <Position>
                            <LatitudeDegrees>39.64006666666667</LatitudeDegrees>
                            <LongitudeDegrees>15.841268333333334</LongitudeDegrees>
                        </Position>
                        <AltitudeMeters>5.3794454578758035</AltitudeMeters>
                        <DistanceMeters>1093.2491009616706</DistanceMeters>
                    </Trackpoint>
                    <Trackpoint>
                        <Time>2026-08-15T20:02:12.000+02:00</Time>
                        <Position>
                            <LatitudeDegrees>39.64008833333333</LatitudeDegrees>
                            <LongitudeDegrees>15.84126</LongitudeDegrees>
                        </Position>
                        <AltitudeMeters>5.5589173259113505</AltitudeMeters>
                        <DistanceMeters>1095.7617787100205</DistanceMeters>
                        <HeartRateBpm>
                            <Value>136</Value>
                        </HeartRateBpm>
                    </Trackpoint>
                    <Trackpoint>
                        <Time>2026-08-15T20:02:13.000+02:00</Time>
                        <Position>
                            <LatitudeDegrees>39.64011</LatitudeDegrees>
                            <LongitudeDegrees>15.841253333333333</LongitudeDegrees>
                        </Position>
                        <AltitudeMeters>5.770517880506598</AltitudeMeters>
                        <DistanceMeters>1098.2377122094779</DistanceMeters>
                    </Trackpoint>
                    <Trackpoint>
                        <Time>2026-08-15T20:02:14.000+02:00</Time>
                        <Position>
                            <LatitudeDegrees>39.64013166666667</LatitudeDegrees>
                            <LongitudeDegrees>15.841245</LongitudeDegrees>
                        </Position>
                        <AltitudeMeters>5.970763343233756</AltitudeMeters>
                        <DistanceMeters>1100.7503898315376</DistanceMeters>
                        <HeartRateBpm>
                            <Value>138</Value>
                        </HeartRateBpm>
                    </Trackpoint>
                    <Trackpoint>
                        <Time>2026-08-15T20:02:15.000+02:00</Time>
                        <Position>
                            <LatitudeDegrees>39.64015166666667</LatitudeDegrees>
                            <LongitudeDegrees>15.841233333333333</LongitudeDegrees>
                        </Position>
                        <AltitudeMeters>6.239630008617503</AltitudeMeters>
                        <DistanceMeters>1103.1883641983559</DistanceMeters>
                    </Trackpoint>
                    <Trackpoint>
                        <Time>2026-08-15T20:02:16.000+02:00</Time>
                        <Position>
                            <LatitudeDegrees>39.64017333333334</LatitudeDegrees>
                            <LongitudeDegrees>15.841221666666666</LongitudeDegrees>
                        </Position>
                        <AltitudeMeters>6.53099594524731</AltitudeMeters>
                        <DistanceMeters>1105.796496455301</DistanceMeters>
                        <HeartRateBpm>
                            <Value>139</Value>
                        </HeartRateBpm>
                    </Trackpoint>
                    <Trackpoint>
                        <Time>2026-08-15T20:02:17.000+02:00</Time>
                        <Position>
                            <LatitudeDegrees>39.640193333333336</LatitudeDegrees>
                            <LongitudeDegrees>15.841211666666666</LongitudeDegrees>
                        </Position>
                        <AltitudeMeters>6.801904583572148</AltitudeMeters>
                        <DistanceMeters>1108.1795508488256</DistanceMeters>
                    </Trackpoint>
                    <Trackpoint>
                        <Time>2026-08-15T20:02:18.000+02:00</Time>
                        <Position>
                            <LatitudeDegrees>39.640215</LatitudeDegrees>
                            <LongitudeDegrees>15.841201666666667</LongitudeDegrees>
                        </Position>
                        <AltitudeMeters>7.092636745896794</AltitudeMeters>
                        <DistanceMeters>1110.7364206647383</DistanceMeters>
                        <HeartRateBpm>
                            <Value>141</Value>
                        </HeartRateBpm>
                    </Trackpoint>
                    <Trackpoint>
                        <Time>2026-08-15T20:02:19.000+02:00</Time>
                        <Position>
                            <LatitudeDegrees>39.640235</LatitudeDegrees>
                            <LongitudeDegrees>15.841195</LongitudeDegrees>
                        </Position>
                        <AltitudeMeters>7.360594772617338</AltitudeMeters>
                        <DistanceMeters>1113.0324193696606</DistanceMeters>
                        <HeartRateBpm>
                            <Value>137</Value>
                        </HeartRateBpm>
                    </Trackpoint>
                    <Trackpoint>
                        <Time>2026-08-15T20:02:20.000+02:00</Time>
                        <Position>
                            <LatitudeDegrees>39.640256666666666</LatitudeDegrees>
                            <LongitudeDegrees>15.841188333333333</LongitudeDegrees>
                        </Position>
                        <AltitudeMeters>7.646392631905608</AltitudeMeters>
                        <DistanceMeters>1115.5083525906916</DistanceMeters>
                    </Trackpoint>
                    <Trackpoint>
                        <Time>2026-08-15T20:02:21.000+02:00</Time>
                        <Position>
                            <LatitudeDegrees>39.640278333333335</LatitudeDegrees>
                            <LongitudeDegrees>15.841183333333333</LongitudeDegrees>
                        </Position>
                        <AltitudeMeters>7.907740341005844</AltitudeMeters>
                        <DistanceMeters>1117.955325664778</DistanceMeters>
                        <HeartRateBpm>
                            <Value>140</Value>
                        </HeartRateBpm>
                    </Trackpoint>
                    <Trackpoint>
                        <Time>2026-08-15T20:02:22.000+02:00</Time>
                        <Position>
                            <LatitudeDegrees>39.6403</LatitudeDegrees>
                            <LongitudeDegrees>15.841176666666666</LongitudeDegrees>
                        </Position>
                        <AltitudeMeters>8.145428563709359</AltitudeMeters>
                        <DistanceMeters>1120.4312588032803</DistanceMeters>
                    </Trackpoint>
                    <Trackpoint>
                        <Time>2026-08-15T20:02:23.000+02:00</Time>
                        <Position>
                            <LatitudeDegrees>39.640321666666665</LatitudeDegrees>
                            <LongitudeDegrees>15.84117</LongitudeDegrees>
                        </Position>
                        <AltitudeMeters>8.400470095413427</AltitudeMeters>
                        <DistanceMeters>1122.907191899173</DistanceMeters>
                        <HeartRateBpm>
                            <Value>136</Value>
                        </HeartRateBpm>
                    </Trackpoint>
                    <Trackpoint>
                        <Time>2026-08-15T20:02:24.000+02:00</Time>
                        <Position>
                            <LatitudeDegrees>39.640343333333334</LatitudeDegrees>
                            <LongitudeDegrees>15.841161666666666</LongitudeDegrees>
                        </Position>
                        <AltitudeMeters>8.630925697208626</AltitudeMeters>
                        <DistanceMeters>1125.4198689010407</DistanceMeters>
                    </Trackpoint>
                    <Trackpoint>
                        <Time>2026-08-15T20:02:25.000+02:00</Time>
                        <Position>
                            <LatitudeDegrees>39.64036333333333</LatitudeDegrees>
                            <LongitudeDegrees>15.841155</LongitudeDegrees>
                        </Position>
                        <AltitudeMeters>8.837891768986257</AltitudeMeters>
                        <DistanceMeters>1127.7158673426657</DistanceMeters>
                        <HeartRateBpm>
                            <Value>140</Value>
                        </HeartRateBpm>
                    </Trackpoint>
                    <Trackpoint>
                        <Time>2026-08-15T20:02:26.000+02:00</Time>
                        <Position>
                            <LatitudeDegrees>39.640385</LatitudeDegrees>
                            <LongitudeDegrees>15.841148333333333</LongitudeDegrees>
                        </Position>
                        <AltitudeMeters>9.062644923707959</AltitudeMeters>
                        <DistanceMeters>1130.1918003194078</DistanceMeters>
                    </Trackpoint>
                    <Trackpoint>
                        <Time>2026-08-15T20:02:27.000+02:00</Time>
                        <Position>
                            <LatitudeDegrees>39.640405</LatitudeDegrees>
                            <LongitudeDegrees>15.841143333333333</LongitudeDegrees>
                        </Position>
                        <AltitudeMeters>9.263470893708151</AltitudeMeters>
                        <DistanceMeters>1132.45653895668</DistanceMeters>
                        <HeartRateBpm>
                            <Value>138</Value>
                        </HeartRateBpm>
                    </Trackpoint>
                    <Trackpoint>
                        <Time>2026-08-15T20:02:28.000+02:00</Time>
                        <Position>
                            <LatitudeDegrees>39.64042666666667</LatitudeDegrees>
                            <LongitudeDegrees>15.841138333333333</LongitudeDegrees>
                        </Position>
                        <AltitudeMeters>9.44165523263914</AltitudeMeters>
                        <DistanceMeters>1134.9035118707975</DistanceMeters>
                    </Trackpoint>
                    <Trackpoint>
                        <Time>2026-08-15T20:02:29.000+02:00</Time>
                        <Position>
                            <LatitudeDegrees>39.64044833333333</LatitudeDegrees>
                            <LongitudeDegrees>15.841131666666666</LongitudeDegrees>
                        </Position>
                        <AltitudeMeters>9.598524847063869</AltitudeMeters>
                        <DistanceMeters>1137.3794447256364</DistanceMeters>
                        <HeartRateBpm>
                            <Value>139</Value>
                        </HeartRateBpm>
                    </Trackpoint>
                    <Trackpoint>
                        <Time>2026-08-15T20:02:30.000+02:00</Time>
                        <Position>
                            <LatitudeDegrees>39.64046833333333</LatitudeDegrees>
                            <LongitudeDegrees>15.841125</LongitudeDegrees>
                        </Position>
                        <AltitudeMeters>9.735430178022009</AltitudeMeters>
                        <DistanceMeters>1139.6754429524656</DistanceMeters>
                    </Trackpoint>
                    <Trackpoint>
                        <Time>2026-08-15T20:02:31.000+02:00</Time>
                        <Position>
                            <LatitudeDegrees>39.64049</LatitudeDegrees>
                            <LongitudeDegrees>15.841115</LongitudeDegrees>
                        </Position>
                        <AltitudeMeters>9.853729514068528</AltitudeMeters>
                        <DistanceMeters>1142.2323116280434</DistanceMeters>
                    </Trackpoint>
                    <Trackpoint>
                        <Time>2026-08-15T20:02:32.000+02:00</Time>
                        <Position>
                            <LatitudeDegrees>39.64050833333334</LatitudeDegrees>
                            <LongitudeDegrees>15.841101666666667</LongitudeDegrees>
                        </Position>
                        <AltitudeMeters>9.954775300740591</AltitudeMeters>
                        <DistanceMeters>1144.5688185595245</DistanceMeters>
                        <HeartRateBpm>
                            <Value>139</Value>
                        </HeartRateBpm>
                    </Trackpoint>
                    <Trackpoint>
                        <Time>2026-08-15T20:02:33.000+02:00</Time>
                        <Position>
                            <LatitudeDegrees>39.640528333333336</LatitudeDegrees>
                            <LongitudeDegrees>15.841088333333333</LongitudeDegrees>
                        </Position>
                        <AltitudeMeters>10.03990231062396</AltitudeMeters>
                        <DistanceMeters>1147.068660260604</DistanceMeters>
                        <HeartRateBpm>
                            <Value>141</Value>
                        </HeartRateBpm>
                    </Trackpoint>
                    <Trackpoint>
                        <Time>2026-08-15T20:02:34.000+02:00</Time>
                        <Position>
                            <LatitudeDegrees>39.64055</LatitudeDegrees>
                            <LongitudeDegrees>15.841075</LongitudeDegrees>
                        </Position>
                        <AltitudeMeters>10.11041753877432</AltitudeMeters>
                        <DistanceMeters>1149.7347141228986</DistanceMeters>
                    </Trackpoint>
                    <Trackpoint>
                        <Time>2026-08-15T20:02:35.000+02:00</Time>
                        <Position>
                            <LatitudeDegrees>39.64057</LatitudeDegrees>
                            <LongitudeDegrees>15.841063333333333</LongitudeDegrees>
                        </Position>
                        <AltitudeMeters>10.167591690016291</AltitudeMeters>
                        <DistanceMeters>1152.1726860143056</DistanceMeters>
                        <HeartRateBpm>
                            <Value>140</Value>
                        </HeartRateBpm>
                    </Trackpoint>
                    <Trackpoint>
                        <Time>2026-08-15T20:02:36.000+02:00</Time>
                        <Position>
                            <LatitudeDegrees>39.64059</LatitudeDegrees>
                            <LongitudeDegrees>15.841053333333333</LongitudeDegrees>
                        </Position>
                        <AltitudeMeters>10.21265212742062</AltitudeMeters>
                        <DistanceMeters>1154.5557386438127</DistanceMeters>
                    </Trackpoint>
                    <Trackpoint>
                        <Time>2026-08-15T20:02:37.000+02:00</Time>
                        <Position>
                            <LatitudeDegrees>39.64061</LatitudeDegrees>
                            <LongitudeDegrees>15.841045</LongitudeDegrees>
                        </Position>
                        <AltitudeMeters>10.246777154889049</AltitudeMeters>
                        <DistanceMeters>1156.8913127321998</DistanceMeters>
                        <HeartRateBpm>
                            <Value>141</Value>
                        </HeartRateBpm>
                    </Trackpoint>
                    <Trackpoint>
                        <Time>2026-08-15T20:02:38.000+02:00</Time>
                        <Position>
                            <LatitudeDegrees>39.64063</LatitudeDegrees>
                            <LongitudeDegrees>15.841036666666668</LongitudeDegrees>
                        </Position>
                        <AltitudeMeters>10.271091511110582</AltitudeMeters>
                        <DistanceMeters>1159.2268867568691</DistanceMeters>
                    </Trackpoint>
                    <Trackpoint>
                        <Time>2026-08-15T20:02:39.000+02:00</Time>
                        <Position>
                            <LatitudeDegrees>39.64065</LatitudeDegrees>
                            <LongitudeDegrees>15.841026666666666</LongitudeDegrees>
                        </Position>
                        <AltitudeMeters>10.286662957058729</AltitudeMeters>
                        <DistanceMeters>1161.6099391195473</DistanceMeters>
                        <HeartRateBpm>
                            <Value>140</Value>
                        </HeartRateBpm>
                    </Trackpoint>
                    <Trackpoint>
                        <Time>2026-08-15T20:02:40.000+02:00</Time>
                        <Position>
                            <LatitudeDegrees>39.64066833333333</LatitudeDegrees>
                            <LongitudeDegrees>15.841016666666667</LongitudeDegrees>
                        </Position>
                        <AltitudeMeters>10.294499844555892</AltitudeMeters>
                        <DistanceMeters>1163.8210459771815</DistanceMeters>
                    </Trackpoint>
                    <Trackpoint>
                        <Time>2026-08-15T20:02:41.000+02:00</Time>
                        <Position>
                            <LatitudeDegrees>39.64068666666667</LatitudeDegrees>
                            <LongitudeDegrees>15.841005</LongitudeDegrees>
                        </Position>
                        <AltitudeMeters>10.295549559128768</AltitudeMeters>
                        <DistanceMeters>1166.0912351624706</DistanceMeters>
                        <HeartRateBpm>
                            <Value>141</Value>
                        </HeartRateBpm>
                    </Trackpoint>
                    <Trackpoint>
                        <Time>2026-08-15T20:02:42.000+02:00</Time>
                        <Position>
                            <LatitudeDegrees>39.64070666666667</LatitudeDegrees>
                            <LongitudeDegrees>15.840993333333333</LongitudeDegrees>
                        </Position>
                        <AltitudeMeters>10.290697736319595</AltitudeMeters>
                        <DistanceMeters>1168.529206244208</DistanceMeters>
                        <HeartRateBpm>
                            <Value>140</Value>
                        </HeartRateBpm>
                    </Trackpoint>
                    <Trackpoint>
                        <Time>2026-08-15T20:02:43.000+02:00</Time>
                        <Position>
                            <LatitudeDegrees>39.640725</LatitudeDegrees>
                            <LongitudeDegrees>15.840983333333334</LongitudeDegrees>
                        </Position>
                        <AltitudeMeters>10.280768156714704</AltitudeMeters>
                        <DistanceMeters>1170.7403128314447</DistanceMeters>
                    </Trackpoint>
                    <Trackpoint>
                        <Time>2026-08-15T20:02:44.000+02:00</Time>
                        <Position>
                            <LatitudeDegrees>39.64074333333333</LatitudeDegrees>
                            <LongitudeDegrees>15.840973333333334</LongitudeDegrees>
                        </Position>
                        <AltitudeMeters>10.266523231126786</AltitudeMeters>
                        <DistanceMeters>1172.9514193293683</DistanceMeters>
                        <HeartRateBpm>
                            <Value>142</Value>
                        </HeartRateBpm>
                    </Trackpoint>
                    <Trackpoint>
                        <Time>2026-08-15T20:02:45.000+02:00</Time>
                        <Position>
                            <LatitudeDegrees>39.64076166666667</LatitudeDegrees>
                            <LongitudeDegrees>15.840965</LongitudeDegrees>
                        </Position>
                        <AltitudeMeters>10.248664993552868</AltitudeMeters>
                        <DistanceMeters>1175.11127105093</DistanceMeters>
                        <HeartRateBpm>
                            <Value>142</Value>
                        </HeartRateBpm>
                    </Trackpoint>
                    <Trackpoint>
                        <Time>2026-08-15T20:02:46.000+02:00</Time>
                        <Position>
                            <LatitudeDegrees>39.64078166666667</LatitudeDegrees>
                            <LongitudeDegrees>15.840956666666667</LongitudeDegrees>
                        </Position>
                        <AltitudeMeters>10.187730520026797</AltitudeMeters>
                        <DistanceMeters>1177.446844598184</DistanceMeters>
                        <HeartRateBpm>
                            <Value>138</Value>
                        </HeartRateBpm>
                    </Trackpoint>
                    <Trackpoint>
                        <Time>2026-08-15T20:02:47.000+02:00</Time>
                        <Position>
                            <LatitudeDegrees>39.64080166666667</LatitudeDegrees>
                            <LongitudeDegrees>15.840948333333333</LongitudeDegrees>
                        </Position>
                        <AltitudeMeters>10.12724411153339</AltitudeMeters>
                        <DistanceMeters>1179.78241808172</DistanceMeters>
                    </Trackpoint>
                    <Trackpoint>
                        <Time>2026-08-15T20:02:48.000+02:00</Time>
                        <Position>
                            <LatitudeDegrees>39.64082166666667</LatitudeDegrees>
                            <LongitudeDegrees>15.840941666666666</LongitudeDegrees>
                        </Position>
                        <AltitudeMeters>10.067710210195202</AltitudeMeters>
                        <DistanceMeters>1182.0784155835051</DistanceMeters>
                        <HeartRateBpm>
                            <Value>141</Value>
                        </HeartRateBpm>
                    </Trackpoint>
                    <Trackpoint>
                        <Time>2026-08-15T20:02:49.000+02:00</Time>
                        <Position>
                            <LatitudeDegrees>39.640843333333336</LatitudeDegrees>
                            <LongitudeDegrees>15.840933333333334</LongitudeDegrees>
                        </Position>
                        <AltitudeMeters>10.009557833723632</AltitudeMeters>
                        <DistanceMeters>1184.591091119669</DistanceMeters>
                    </Trackpoint>
                    <Trackpoint>
                        <Time>2026-08-15T20:02:50.000+02:00</Time>
                        <Position>
                            <LatitudeDegrees>39.640865</LatitudeDegrees>
                            <LongitudeDegrees>15.840925</LongitudeDegrees>
                        </Position>
                        <AltitudeMeters>9.913040523168998</AltitudeMeters>
                        <DistanceMeters>1187.1037665923486</DistanceMeters>
                        <HeartRateBpm>
                            <Value>144</Value>
                        </HeartRateBpm>
                    </Trackpoint>
                    <Trackpoint>
                        <Time>2026-08-15T20:02:51.000+02:00</Time>
                        <Position>
                            <LatitudeDegrees>39.64088666666667</LatitudeDegrees>
                            <LongitudeDegrees>15.840916666666667</LongitudeDegrees>
                        </Position>
                        <AltitudeMeters>9.82139255524857</AltitudeMeters>
                        <DistanceMeters>1189.6164420015436</DistanceMeters>
                    </Trackpoint>
                    <Trackpoint>
                        <Time>2026-08-15T20:02:52.000+02:00</Time>
                        <Position>
                            <LatitudeDegrees>39.640908333333336</LatitudeDegrees>
                            <LongitudeDegrees>15.840908333333333</LongitudeDegrees>
                        </Position>
                        <AltitudeMeters>9.73482541681704</AltitudeMeters>
                        <DistanceMeters>1192.1291173480097</DistanceMeters>
                        <HeartRateBpm>
                            <Value>142</Value>
                        </HeartRateBpm>
                    </Trackpoint>
                    <Trackpoint>
                        <Time>2026-08-15T20:02:53.000+02:00</Time>
                        <Position>
                            <LatitudeDegrees>39.640928333333335</LatitudeDegrees>
                            <LongitudeDegrees>15.8409</LongitudeDegrees>
                        </Position>
                        <AltitudeMeters>9.653475355473574</AltitudeMeters>
                        <DistanceMeters>1194.4646904322622</DistanceMeters>
                    </Trackpoint>
                    <Trackpoint>
                        <Time>2026-08-15T20:02:54.000+02:00</Time>
                        <Position>
                            <LatitudeDegrees>39.64095</LatitudeDegrees>
                            <LongitudeDegrees>15.840893333333334</LongitudeDegrees>
                        </Position>
                        <AltitudeMeters>9.577412036275655</AltitudeMeters>
                        <DistanceMeters>1196.9406223330861</DistanceMeters>
                        <HeartRateBpm>
                            <Value>139</Value>
                        </HeartRateBpm>
                    </Trackpoint>
                    <Trackpoint>
                        <Time>2026-08-15T20:02:55.000+02:00</Time>
                        <Position>
                            <LatitudeDegrees>39.64097</LatitudeDegrees>
                            <LongitudeDegrees>15.840885</LongitudeDegrees>
                        </Position>
                        <AltitudeMeters>9.506646676745222</AltitudeMeters>
                        <DistanceMeters>1199.2761952866686</DistanceMeters>
                    </Trackpoint>
                    <Trackpoint>
                        <Time>2026-08-15T20:02:56.000+02:00</Time>
                        <Position>
                            <LatitudeDegrees>39.640991666666665</LatitudeDegrees>
                            <LongitudeDegrees>15.840875</LongitudeDegrees>
                        </Position>
                        <AltitudeMeters>9.40103364756052</AltitudeMeters>
                        <DistanceMeters>1201.8330618822506</DistanceMeters>
                        <HeartRateBpm>
                            <Value>141</Value>
                        </HeartRateBpm>
                    </Trackpoint>
                    <Trackpoint>
                        <Time>2026-08-15T20:02:57.000+02:00</Time>
                        <Position>
                            <LatitudeDegrees>39.641011666666664</LatitudeDegrees>
                            <LongitudeDegrees>15.840866666666667</LongitudeDegrees>
                        </Position>
                        <AltitudeMeters>9.303427946182449</AltitudeMeters>
                        <DistanceMeters>1204.1686347038165</DistanceMeters>
                    </Trackpoint>
                    <Trackpoint>
                        <Time>2026-08-15T20:02:58.000+02:00</Time>
                        <Position>
                            <LatitudeDegrees>39.64103333333333</LatitudeDegrees>
                            <LongitudeDegrees>15.840856666666667</LongitudeDegrees>
                        </Position>
                        <AltitudeMeters>9.213682580896885</AltitudeMeters>
                        <DistanceMeters>1206.7255011272998</DistanceMeters>
                        <HeartRateBpm>
                            <Value>139</Value>
                        </HeartRateBpm>
                    </Trackpoint>
                    <Trackpoint>
                        <Time>2026-08-15T20:02:59.000+02:00</Time>
                        <Position>
                            <LatitudeDegrees>39.641055</LatitudeDegrees>
                            <LongitudeDegrees>15.840848333333334</LongitudeDegrees>
                        </Position>
                        <AltitudeMeters>9.131596717195091</AltitudeMeters>
                        <DistanceMeters>1209.2381760432684</DistanceMeters>
                    </Trackpoint>
                    <Trackpoint>
                        <Time>2026-08-15T20:03:00.000+02:00</Time>
                        <Position>
                            <LatitudeDegrees>39.641075</LatitudeDegrees>
                            <LongitudeDegrees>15.840838333333334</LongitudeDegrees>
                        </Position>
                        <AltitudeMeters>9.056924652310236</AltitudeMeters>
                        <DistanceMeters>1211.621226515115</DistanceMeters>
                        <HeartRateBpm>
                            <Value>141</Value>
                        </HeartRateBpm>
                    </Trackpoint>
                    <Trackpoint>
                        <Time>2026-08-15T20:03:01.000+02:00</Time>
                        <Position>
                            <LatitudeDegrees>39.641095</LatitudeDegrees>
                            <LongitudeDegrees>15.840828333333333</LongitudeDegrees>
                        </Position>
                        <AltitudeMeters>8.989384023803774</AltitudeMeters>
                        <DistanceMeters>1214.0042768974238</DistanceMeters>
                    </Trackpoint>
                    <Trackpoint>
                        <Time>2026-08-15T20:03:02.000+02:00</Time>
                        <Position>
                            <LatitudeDegrees>39.641115</LatitudeDegrees>
                            <LongitudeDegrees>15.840818333333333</LongitudeDegrees>
                        </Position>
                        <AltitudeMeters>8.928663276771923</AltitudeMeters>
                        <DistanceMeters>1216.3873271914165</DistanceMeters>
                        <HeartRateBpm>
                            <Value>139</Value>
                        </HeartRateBpm>
                    </Trackpoint>
                    <Trackpoint>
                        <Time>2026-08-15T20:03:03.000+02:00</Time>
                        <Position>
                            <LatitudeDegrees>39.641135</LatitudeDegrees>
                            <LongitudeDegrees>15.840805</LongitudeDegrees>
                        </Position>
                        <AltitudeMeters>8.874428417908526</AltitudeMeters>
                        <DistanceMeters>1218.8871643185576</DistanceMeters>
                    </Trackpoint>
                    <Trackpoint>
                        <Time>2026-08-15T20:03:04.000+02:00</Time>
                        <Position>
                            <LatitudeDegrees>39.641153333333335</LatitudeDegrees>
                            <LongitudeDegrees>15.840793333333334</LongitudeDegrees>
                        </Position>
                        <AltitudeMeters>8.826329087579742</AltitudeMeters>
                        <DistanceMeters>1221.1573505369213</DistanceMeters>
                        <HeartRateBpm>
                            <Value>140</Value>
                        </HeartRateBpm>
                    </Trackpoint>
                    <Trackpoint>
                        <Time>2026-08-15T20:03:05.000+02:00</Time>
                        <Position>
                            <LatitudeDegrees>39.641171666666665</LatitudeDegrees>
                            <LongitudeDegrees>15.840783333333333</LongitudeDegrees>
                        </Position>
                        <AltitudeMeters>8.784003983309946</AltitudeMeters>
                        <DistanceMeters>1223.3684549818527</DistanceMeters>
                    </Trackpoint>
                    <Trackpoint>
                        <Time>2026-08-15T20:03:06.000+02:00</Time>
                        <Position>
                            <LatitudeDegrees>39.64119</LatitudeDegrees>
                            <LongitudeDegrees>15.840773333333333</LongitudeDegrees>
                        </Position>
                        <AltitudeMeters>8.747085669714751</AltitudeMeters>
                        <DistanceMeters>1225.5795593387745</DistanceMeters>
                    </Trackpoint>
                    <Trackpoint>
                        <Time>2026-08-15T20:03:07.000+02:00</Time>
                        <Position>
                            <LatitudeDegrees>39.64120833333333</LatitudeDegrees>
                            <LongitudeDegrees>15.840763333333333</LongitudeDegrees>
                        </Position>
                        <AltitudeMeters>8.755310816651503</AltitudeMeters>
                        <DistanceMeters>1227.7906636077926</DistanceMeters>
                        <HeartRateBpm>
                            <Value>139</Value>
                        </HeartRateBpm>
                    </Trackpoint>
                    <Trackpoint>
                        <Time>2026-08-15T20:03:08.000+02:00</Time>
                        <Position>
                            <LatitudeDegrees>39.64122833333333</LatitudeDegrees>
                            <LongitudeDegrees>15.840755</LongitudeDegrees>
                        </Position>
                        <AltitudeMeters>8.765373493960253</AltitudeMeters>
                        <DistanceMeters>1230.1262357464554</DistanceMeters>
                    </Trackpoint>
                    <Trackpoint>
                        <Time>2026-08-15T20:03:09.000+02:00</Time>
                        <Position>
                            <LatitudeDegrees>39.64124666666667</LatitudeDegrees>
                            <LongitudeDegrees>15.840746666666666</LongitudeDegrees>
                        </Position>
                        <AltitudeMeters>8.776937526209643</AltitudeMeters>
                        <DistanceMeters>1232.2860858153742</DistanceMeters>
                        <HeartRateBpm>
                            <Value>140</Value>
                        </HeartRateBpm>
                    </Trackpoint>
                    <Trackpoint>
                        <Time>2026-08-15T20:03:10.000+02:00</Time>
                        <Position>
                            <LatitudeDegrees>39.64126666666667</LatitudeDegrees>
                            <LongitudeDegrees>15.840738333333334</LongitudeDegrees>
                        </Position>
                        <AltitudeMeters>8.82980310625899</AltitudeMeters>
                        <DistanceMeters>1234.6216578331178</DistanceMeters>
                    </Trackpoint>
                    <Trackpoint>
                        <Time>2026-08-15T20:03:11.000+02:00</Time>
                        <Position>
                            <LatitudeDegrees>39.641286666666666</LatitudeDegrees>
                            <LongitudeDegrees>15.84073</LongitudeDegrees>
                        </Position>
                        <AltitudeMeters>8.880755241764659</AltitudeMeters>
                        <DistanceMeters>1236.9572297878162</DistanceMeters>
                    </Trackpoint>
                    <Trackpoint>
                        <Time>2026-08-15T20:03:12.000+02:00</Time>
                        <Position>
                            <LatitudeDegrees>39.641306666666665</LatitudeDegrees>
                            <LongitudeDegrees>15.840721666666667</LongitudeDegrees>
                        </Position>
                        <AltitudeMeters>8.929571645882653</AltitudeMeters>
                        <DistanceMeters>1239.2928016802266</DistanceMeters>
                        <HeartRateBpm>
                            <Value>140</Value>
                        </HeartRateBpm>
                    </Trackpoint>
                    <Trackpoint>
                        <Time>2026-08-15T20:03:13.000+02:00</Time>
                        <Position>
                            <LatitudeDegrees>39.641328333333334</LatitudeDegrees>
                            <LongitudeDegrees>15.840713333333333</LongitudeDegrees>
                        </Position>
                        <AltitudeMeters>8.976079256244802</AltitudeMeters>
                        <DistanceMeters>1241.805475795311</DistanceMeters>
                        <HeartRateBpm>
                            <Value>141</Value>
                        </HeartRateBpm>
                    </Trackpoint>
                    <Trackpoint>
                        <Time>2026-08-15T20:03:14.000+02:00</Time>
                        <Position>
                            <LatitudeDegrees>39.64135</LatitudeDegrees>
                            <LongitudeDegrees>15.840705</LongitudeDegrees>
                        </Position>
                        <AltitudeMeters>9.020149353318342</AltitudeMeters>
                        <DistanceMeters>1244.318149847666</DistanceMeters>
                    </Trackpoint>
                    <Trackpoint>
                        <Time>2026-08-15T20:03:15.000+02:00</Time>
                        <Position>
                            <LatitudeDegrees>39.64137</LatitudeDegrees>
                            <LongitudeDegrees>15.840696666666666</LongitudeDegrees>
                        </Position>
                        <AltitudeMeters>9.10179891528495</AltitudeMeters>
                        <DistanceMeters>1246.653721539677</DistanceMeters>
                        <HeartRateBpm>
                            <Value>140</Value>
                        </HeartRateBpm>
                    </Trackpoint>
                    <Trackpoint>
                        <Time>2026-08-15T20:03:16.000+02:00</Time>
                        <Position>
                            <LatitudeDegrees>39.641391666666664</LatitudeDegrees>
                            <LongitudeDegrees>15.84069</LongitudeDegrees>
                        </Position>
                        <AltitudeMeters>9.178035813940648</AltitudeMeters>
                        <DistanceMeters>1249.1296525999787</DistanceMeters>
                    </Trackpoint>
                    <Trackpoint>
                        <Time>2026-08-15T20:03:17.000+02:00</Time>
                        <Position>
                            <LatitudeDegrees>39.64141333333333</LatitudeDegrees>
                            <LongitudeDegrees>15.840681666666667</LongitudeDegrees>
                        </Position>
                        <AltitudeMeters>9.248863827000187</AltitudeMeters>
                        <DistanceMeters>1251.6423264660075</DistanceMeters>
                    </Trackpoint>
                    <Trackpoint>
                        <Time>2026-08-15T20:03:18.000+02:00</Time>
                        <Position>
                            <LatitudeDegrees>39.641435</LatitudeDegrees>
                            <LongitudeDegrees>15.840673333333333</LongitudeDegrees>
                        </Position>
                        <AltitudeMeters>9.31433662859693</AltitudeMeters>
                        <DistanceMeters>1254.1550002693066</DistanceMeters>
                        <HeartRateBpm>
                            <Value>140</Value>
                        </HeartRateBpm>
                    </Trackpoint>
                    <Trackpoint>
                        <Time>2026-08-15T20:03:19.000+02:00</Time>
                        <Position>
                            <LatitudeDegrees>39.64145666666667</LatitudeDegrees>
                            <LongitudeDegrees>15.840666666666667</LongitudeDegrees>
                        </Position>
                        <AltitudeMeters>9.374550706481536</AltitudeMeters>
                        <DistanceMeters>1256.6309312058456</DistanceMeters>
                        <HeartRateBpm>
                            <Value>141</Value>
                        </HeartRateBpm>
                    </Trackpoint>
                    <Trackpoint>
                        <Time>2026-08-15T20:03:20.000+02:00</Time>
                        <Position>
                            <LatitudeDegrees>39.64147666666667</LatitudeDegrees>
                            <LongitudeDegrees>15.84066</LongitudeDegrees>
                        </Position>
                        <AltitudeMeters>9.429638814741804</AltitudeMeters>
                        <DistanceMeters>1258.926927363433</DistanceMeters>
                    </Trackpoint>
                    <Trackpoint>
                        <Time>2026-08-15T20:03:21.000+02:00</Time>
                        <Position>
                            <LatitudeDegrees>39.64149666666667</LatitudeDegrees>
                            <LongitudeDegrees>15.840651666666666</LongitudeDegrees>
                        </Position>
                        <AltitudeMeters>9.479763952394887</AltitudeMeters>
                        <DistanceMeters>1261.2624986561589</DistanceMeters>
                        <HeartRateBpm>
                            <Value>142</Value>
                        </HeartRateBpm>
                    </Trackpoint>
                    <Trackpoint>
                        <Time>2026-08-15T20:03:22.000+02:00</Time>
                        <Position>
                            <LatitudeDegrees>39.64151666666667</LatitudeDegrees>
                            <LongitudeDegrees>15.840646666666666</LongitudeDegrees>
                        </Position>
                        <AltitudeMeters>9.565219860216526</AltitudeMeters>
                        <DistanceMeters>1263.5272359931423</DistanceMeters>
                    </Trackpoint>
                    <Trackpoint>
                        <Time>2026-08-15T20:03:23.000+02:00</Time>
                        <Position>
                            <LatitudeDegrees>39.64153666666667</LatitudeDegrees>
                            <LongitudeDegrees>15.84064</LongitudeDegrees>
                        </Position>
                        <AltitudeMeters>9.643275611136897</AltitudeMeters>
                        <DistanceMeters>1265.823232026844</DistanceMeters>
                    </Trackpoint>
                    <Trackpoint>
                        <Time>2026-08-15T20:03:24.000+02:00</Time>
                        <Position>
                            <LatitudeDegrees>39.641556666666666</LatitudeDegrees>
                            <LongitudeDegrees>15.840635</LongitudeDegrees>
                        </Position>
                        <AltitudeMeters>9.714180241910416</AltitudeMeters>
                        <DistanceMeters>1268.0879693169636</DistanceMeters>
                        <HeartRateBpm>
                            <Value>142</Value>
                        </HeartRateBpm>
                    </Trackpoint>
                    <Trackpoint>
                        <Time>2026-08-15T20:03:25.000+02:00</Time>
                        <Position>
                            <LatitudeDegrees>39.641576666666666</LatitudeDegrees>
                            <LongitudeDegrees>15.840628333333333</LongitudeDegrees>
                        </Position>
                        <AltitudeMeters>9.778216561730387</AltitudeMeters>
                        <DistanceMeters>1270.3839652686443</DistanceMeters>
                    </Trackpoint>
                    <Trackpoint>
                        <Time>2026-08-15T20:03:26.000+02:00</Time>
                        <Position>
                            <LatitudeDegrees>39.641596666666665</LatitudeDegrees>
                            <LongitudeDegrees>15.840625</LongitudeDegrees>
                        </Position>
                        <AltitudeMeters>9.83569406176592</AltitudeMeters>
                        <DistanceMeters>1272.6261080974637</DistanceMeters>
                    </Trackpoint>
                    <Trackpoint>
                        <Time>2026-08-15T20:03:27.000+02:00</Time>
                        <Position>
                            <LatitudeDegrees>39.641618333333334</LatitudeDegrees>
                            <LongitudeDegrees>15.84062</LongitudeDegrees>
                        </Position>
                        <AltitudeMeters>9.886942511529956</AltitudeMeters>
                        <DistanceMeters>1275.0730797201377</DistanceMeters>
                        <HeartRateBpm>
                            <Value>142</Value>
                        </HeartRateBpm>
                    </Trackpoint>
                    <Trackpoint>
                        <Time>2026-08-15T20:03:28.000+02:00</Time>
                        <Position>
                            <LatitudeDegrees>39.64163833333333</LatitudeDegrees>
                            <LongitudeDegrees>15.840615</LongitudeDegrees>
                        </Position>
                        <AltitudeMeters>9.932306211129257</AltitudeMeters>
                        <DistanceMeters>1277.337816914734</DistanceMeters>
                    </Trackpoint>
                    <Trackpoint>
                        <Time>2026-08-15T20:03:29.000+02:00</Time>
                        <Position>
                            <LatitudeDegrees>39.64165833333333</LatitudeDegrees>
                            <LongitudeDegrees>15.840608333333334</LongitudeDegrees>
                        </Position>
                        <AltitudeMeters>9.972138866419431</AltitudeMeters>
                        <DistanceMeters>1279.6338126987491</DistanceMeters>
                        <HeartRateBpm>
                            <Value>143</Value>
                        </HeartRateBpm>
                    </Trackpoint>
                    <Trackpoint>
                        <Time>2026-08-15T20:03:30.000+02:00</Time>
                        <Position>
                            <LatitudeDegrees>39.64167833333333</LatitudeDegrees>
                            <LongitudeDegrees>15.8406</LongitudeDegrees>
                        </Position>
                        <AltitudeMeters>10.006799052634976</AltitudeMeters>
                        <DistanceMeters>1281.9693834194888</DistanceMeters>
                    </Trackpoint>
                    <Trackpoint>
                        <Time>2026-08-15T20:03:31.000+02:00</Time>
                        <Position>
                            <LatitudeDegrees>39.64169833333333</LatitudeDegrees>
                            <LongitudeDegrees>15.840591666666667</LongitudeDegrees>
                        </Position>
                        <AltitudeMeters>10.036646231123747</AltitudeMeters>
                        <DistanceMeters>1284.3049540765098</DistanceMeters>
                    </Trackpoint>
                    <Trackpoint>
                        <Time>2026-08-15T20:03:32.000+02:00</Time>
                        <Position>
                            <LatitudeDegrees>39.64171666666667</LatitudeDegrees>
                            <LongitudeDegrees>15.84058</LongitudeDegrees>
                        </Position>
                        <AltitudeMeters>10.062037283328333</AltitudeMeters>
                        <DistanceMeters>1286.5751367141204</DistanceMeters>
                        <HeartRateBpm>
                            <Value>142</Value>
                        </HeartRateBpm>
                    </Trackpoint>
                    <Trackpoint>
                        <Time>2026-08-15T20:03:33.000+02:00</Time>
                        <Position>
                            <LatitudeDegrees>39.641735</LatitudeDegrees>
                            <LongitudeDegrees>15.840568333333334</LongitudeDegrees>
                        </Position>
                        <AltitudeMeters>10.083323526068215</AltitudeMeters>
                        <DistanceMeters>1288.845319235197</DistanceMeters>
                    </Trackpoint>
                    <Trackpoint>
                        <Time>2026-08-15T20:03:34.000+02:00</Time>
                        <Position>
                            <LatitudeDegrees>39.641753333333334</LatitudeDegrees>
                            <LongitudeDegrees>15.840555</LongitudeDegrees>
                        </Position>
                        <AltitudeMeters>10.100848172434537</AltitudeMeters>
                        <DistanceMeters>1291.181816123226</DistanceMeters>
                        <HeartRateBpm>
                            <Value>143</Value>
                        </HeartRateBpm>
                    </Trackpoint>
                    <Trackpoint>
                        <Time>2026-08-15T20:03:35.000+02:00</Time>
                        <Position>
                            <LatitudeDegrees>39.64177166666666</LatitudeDegrees>
                            <LongitudeDegrees>15.840543333333333</LongitudeDegrees>
                        </Position>
                        <AltitudeMeters>10.11494420316584</AltitudeMeters>
                        <DistanceMeters>1293.4519984112353</DistanceMeters>
                    </Trackpoint>
                    <Trackpoint>
                        <Time>2026-08-15T20:03:36.000+02:00</Time>
                        <Position>
                            <LatitudeDegrees>39.64179</LatitudeDegrees>
                            <LongitudeDegrees>15.84053</LongitudeDegrees>
                        </Position>
                        <AltitudeMeters>10.125932614183418</AltitudeMeters>
                        <DistanceMeters>1295.7884950034897</DistanceMeters>
                    </Trackpoint>
                    <Trackpoint>
                        <Time>2026-08-15T20:03:37.000+02:00</Time>
                        <Position>
                            <LatitudeDegrees>39.64181</LatitudeDegrees>
                            <LongitudeDegrees>15.840518333333334</LongitudeDegrees>
                        </Position>
                        <AltitudeMeters>10.13412100698825</AltitudeMeters>
                        <DistanceMeters>1298.2264595554548</DistanceMeters>
                        <HeartRateBpm>
                            <Value>143</Value>
                        </HeartRateBpm>
                    </Trackpoint>
                    <Trackpoint>
                        <Time>2026-08-15T20:03:38.000+02:00</Time>
                        <Position>
                            <LatitudeDegrees>39.641828333333336</LatitudeDegrees>
                            <LongitudeDegrees>15.840506666666666</LongitudeDegrees>
                        </Position>
                        <AltitudeMeters>10.139802489819898</AltitudeMeters>
                        <DistanceMeters>1300.4966414832686</DistanceMeters>
                        <HeartRateBpm>
                            <Value>142</Value>
                        </HeartRateBpm>
                    </Trackpoint>
                    <Trackpoint>
                        <Time>2026-08-15T20:03:39.000+02:00</Time>
                        <Position>
                            <LatitudeDegrees>39.641848333333336</LatitudeDegrees>
                            <LongitudeDegrees>15.840496666666667</LongitudeDegrees>
                        </Position>
                        <AltitudeMeters>10.143254858817222</AltitudeMeters>
                        <DistanceMeters>1302.879688514704</DistanceMeters>
                    </Trackpoint>
                    <Trackpoint>
                        <Time>2026-08-15T20:03:40.000+02:00</Time>
                        <Position>
                            <LatitudeDegrees>39.64187</LatitudeDegrees>
                            <LongitudeDegrees>15.840486666666667</LongitudeDegrees>
                        </Position>
                        <AltitudeMeters>10.144740029870103</AltitudeMeters>
                        <DistanceMeters>1305.4365514677188</DistanceMeters>
                        <HeartRateBpm>
                            <Value>143</Value>
                        </HeartRateBpm>
                    </Trackpoint>
                    <Trackpoint>
                        <Time>2026-08-15T20:03:41.000+02:00</Time>
                        <Position>
                            <LatitudeDegrees>39.64189</LatitudeDegrees>
                            <LongitudeDegrees>15.840476666666667</LongitudeDegrees>
                        </Position>
                        <AltitudeMeters>10.14450369338254</AltitudeMeters>
                        <DistanceMeters>1307.8195983131263</DistanceMeters>
                        <HeartRateBpm>
                            <Value>143</Value>
                        </HeartRateBpm>
                    </Trackpoint>
                    <Trackpoint>
                        <Time>2026-08-15T20:03:42.000+02:00</Time>
                        <Position>
                            <LatitudeDegrees>39.641911666666665</LatitudeDegrees>
                            <LongitudeDegrees>15.840468333333334</LongitudeDegrees>
                        </Position>
                        <AltitudeMeters>10.142775165755541</AltitudeMeters>
                        <DistanceMeters>1310.3322707197567</DistanceMeters>
                        <HeartRateBpm>
                            <Value>144</Value>
                        </HeartRateBpm>
                    </Trackpoint>
                    <Trackpoint>
                        <Time>2026-08-15T20:03:43.000+02:00</Time>
                        <Position>
                            <LatitudeDegrees>39.641933333333334</LatitudeDegrees>
                            <LongitudeDegrees>15.84046</LongitudeDegrees>
                        </Position>
                        <AltitudeMeters>10.139767413020781</AltitudeMeters>
                        <DistanceMeters>1312.8449430621463</DistanceMeters>
                    </Trackpoint>
                    <Trackpoint>
                        <Time>2026-08-15T20:03:44.000+02:00</Time>
                        <Position>
                            <LatitudeDegrees>39.64195333333333</LatitudeDegrees>
                            <LongitudeDegrees>15.840451666666667</LongitudeDegrees>
                        </Position>
                        <AltitudeMeters>10.135677223693358</AltitudeMeters>
                        <DistanceMeters>1315.180512916014</DistanceMeters>
                        <HeartRateBpm>
                            <Value>145</Value>
                        </HeartRateBpm>
                    </Trackpoint>
                    <Trackpoint>
                        <Time>2026-08-15T20:03:45.000+02:00</Time>
                        <Position>
                            <LatitudeDegrees>39.641975</LatitudeDegrees>
                            <LongitudeDegrees>15.840443333333333</LongitudeDegrees>
                        </Position>
                        <AltitudeMeters>10.130685509547067</AltitudeMeters>
                        <DistanceMeters>1317.6931851363943</DistanceMeters>
                    </Trackpoint>
                    <Trackpoint>
                        <Time>2026-08-15T20:03:46.000+02:00</Time>
                        <Position>
                            <LatitudeDegrees>39.641995</LatitudeDegrees>
                            <LongitudeDegrees>15.840435</LongitudeDegrees>
                        </Position>
                        <AltitudeMeters>10.124957714633332</AltitudeMeters>
                        <DistanceMeters>1320.028754858918</DistanceMeters>
                        <HeartRateBpm>
                            <Value>143</Value>
                        </HeartRateBpm>
                    </Trackpoint>
                    <Trackpoint>
                        <Time>2026-08-15T20:03:47.000+02:00</Time>
                        <Position>
                            <LatitudeDegrees>39.64201666666666</LatitudeDegrees>
                            <LongitudeDegrees>15.840428333333334</LongitudeDegrees>
                        </Position>
                        <AltitudeMeters>10.118644314452625</AltitudeMeters>
                        <DistanceMeters>1322.5046847291082</DistanceMeters>
                    </Trackpoint>
                    <Trackpoint>
                        <Time>2026-08-15T20:03:48.000+02:00</Time>
                        <Position>
                            <LatitudeDegrees>39.642035</LatitudeDegrees>
                            <LongitudeDegrees>15.84042</LongitudeDegrees>
                        </Position>
                        <AltitudeMeters>10.111881388733956</AltitudeMeters>
                        <DistanceMeters>1324.6645321108201</DistanceMeters>
                        <HeartRateBpm>
                            <Value>144</Value>
                        </HeartRateBpm>
                    </Trackpoint>
                    <Trackpoint>
                        <Time>2026-08-15T20:03:49.000+02:00</Time>
                        <Position>
                            <LatitudeDegrees>39.642055</LatitudeDegrees>
                            <LongitudeDegrees>15.840408333333333</LongitudeDegrees>
                        </Position>
                        <AltitudeMeters>10.144897258414947</AltitudeMeters>
                        <DistanceMeters>1327.1024952119985</DistanceMeters>
                    </Trackpoint>
                    <Trackpoint>
                        <Time>2026-08-15T20:03:50.000+02:00</Time>
                        <Position>
                            <LatitudeDegrees>39.642075</LatitudeDegrees>
                            <LongitudeDegrees>15.840398333333333</LongitudeDegrees>
                        </Position>
                        <AltitudeMeters>10.174862764844026</AltitudeMeters>
                        <DistanceMeters>1329.4855412351308</DistanceMeters>
                        <HeartRateBpm>
                            <Value>143</Value>
                        </HeartRateBpm>
                    </Trackpoint>
                    <Trackpoint>
                        <Time>2026-08-15T20:03:51.000+02:00</Time>
                        <Position>
                            <LatitudeDegrees>39.642093333333335</LatitudeDegrees>
                            <LongitudeDegrees>15.840386666666667</LongitudeDegrees>
                        </Position>
                        <AltitudeMeters>10.201901145454041</AltitudeMeters>
                        <DistanceMeters>1331.7557214783794</DistanceMeters>
                    </Trackpoint>
                    <Trackpoint>
                        <Time>2026-08-15T20:03:52.000+02:00</Time>
                        <Position>
                            <LatitudeDegrees>39.642113333333334</LatitudeDegrees>
                            <LongitudeDegrees>15.840376666666666</LongitudeDegrees>
                        </Position>
                        <AltitudeMeters>10.226146651401356</AltitudeMeters>
                        <DistanceMeters>1334.1387673309732</DistanceMeters>
                        <HeartRateBpm>
                            <Value>145</Value>
                        </HeartRateBpm>
                    </Trackpoint>
                    <Trackpoint>
                        <Time>2026-08-15T20:03:53.000+02:00</Time>
                        <Position>
                            <LatitudeDegrees>39.642133333333334</LatitudeDegrees>
                            <LongitudeDegrees>15.840368333333334</LongitudeDegrees>
                        </Position>
                        <AltitudeMeters>10.247741843727788</AltitudeMeters>
                        <DistanceMeters>1336.4743366167597</DistanceMeters>
                    </Trackpoint>
                    <Trackpoint>
                        <Time>2026-08-15T20:03:54.000+02:00</Time>
                        <Position>
                            <LatitudeDegrees>39.64215333333333</LatitudeDegrees>
                            <LongitudeDegrees>15.84036</LongitudeDegrees>
                        </Position>
                        <AltitudeMeters>10.266835168810013</AltitudeMeters>
                        <DistanceMeters>1338.8099058402574</DistanceMeters>
                        <HeartRateBpm>
                            <Value>144</Value>
                        </HeartRateBpm>
                    </Trackpoint>
                    <Trackpoint>
                        <Time>2026-08-15T20:03:55.000+02:00</Time>
                        <Position>
                            <LatitudeDegrees>39.642175</LatitudeDegrees>
                            <LongitudeDegrees>15.840355</LongitudeDegrees>
                        </Position>
                        <AltitudeMeters>10.283578798840338</AltitudeMeters>
                        <DistanceMeters>1341.25687685993</DistanceMeters>
                        <HeartRateBpm>
                            <Value>145</Value>
                        </HeartRateBpm>
                    </Trackpoint>
                    <Trackpoint>
                        <Time>2026-08-15T20:03:56.000+02:00</Time>
                        <Position>
                            <LatitudeDegrees>39.642195</LatitudeDegrees>
                            <LongitudeDegrees>15.84035</LongitudeDegrees>
                        </Position>
                        <AltitudeMeters>10.298126722494187</AltitudeMeters>
                        <DistanceMeters>1343.5216134023601</DistanceMeters>
                    </Trackpoint>
                    <Trackpoint>
                        <Time>2026-08-15T20:03:57.000+02:00</Time>
                        <Position>
                            <LatitudeDegrees>39.64221666666667</LatitudeDegrees>
                            <LongitudeDegrees>15.840346666666667</LongitudeDegrees>
                        </Position>
                        <AltitudeMeters>10.3106330705671</AltitudeMeters>
                        <DistanceMeters>1345.9476881045932</DistanceMeters>
                        <HeartRateBpm>
                            <Value>146</Value>
                        </HeartRateBpm>
                    </Trackpoint>
                    <Trackpoint>
                        <Time>2026-08-15T20:03:58.000+02:00</Time>
                        <Position>
                            <LatitudeDegrees>39.64224</LatitudeDegrees>
                            <LongitudeDegrees>15.840343333333333</LongitudeDegrees>
                        </Position>
                        <AltitudeMeters>10.321250661182367</AltitudeMeters>
                        <DistanceMeters>1348.5578920611808</DistanceMeters>
                    </Trackpoint>
                    <Trackpoint>
                        <Time>2026-08-15T20:03:59.000+02:00</Time>
                        <Position>
                            <LatitudeDegrees>39.64226166666667</LatitudeDegrees>
                            <LongitudeDegrees>15.84034</LongitudeDegrees>
                        </Position>
                        <AltitudeMeters>10.330129749156221</AltitudeMeters>
                        <DistanceMeters>1350.983966740862</DistanceMeters>
                        <HeartRateBpm>
                            <Value>145</Value>
                        </HeartRateBpm>
                    </Trackpoint>
                    <Trackpoint>
                        <Time>2026-08-15T20:04:00.000+02:00</Time>
                        <Position>
                            <LatitudeDegrees>39.64228333333333</LatitudeDegrees>
                            <LongitudeDegrees>15.840338333333333</LongitudeDegrees>
                        </Position>
                        <AltitudeMeters>10.337416964238779</AltitudeMeters>
                        <DistanceMeters>1353.3974168271038</DistanceMeters>
                    </Trackpoint>
                    <Trackpoint>
                        <Time>2026-08-15T20:04:01.000+02:00</Time>
                        <Position>
                            <LatitudeDegrees>39.642305</LatitudeDegrees>
                            <LongitudeDegrees>15.840335</LongitudeDegrees>
                        </Position>
                        <AltitudeMeters>10.34325442320524</AltitudeMeters>
                        <DistanceMeters>1355.823491486447</DistanceMeters>
                        <HeartRateBpm>
                            <Value>148</Value>
                        </HeartRateBpm>
                    </Trackpoint>
                    <Trackpoint>
                        <Time>2026-08-15T20:04:02.000+02:00</Time>
                        <Position>
                            <LatitudeDegrees>39.64232666666667</LatitudeDegrees>
                            <LongitudeDegrees>15.840331666666668</LongitudeDegrees>
                        </Position>
                        <AltitudeMeters>10.347779001134379</AltitudeMeters>
                        <DistanceMeters>1358.2495661352377</DistanceMeters>
                    </Trackpoint>
                    <Trackpoint>
                        <Time>2026-08-15T20:04:03.000+02:00</Time>
                        <Position>
                            <LatitudeDegrees>39.64234833333333</LatitudeDegrees>
                            <LongitudeDegrees>15.840328333333334</LongitudeDegrees>
                        </Position>
                        <AltitudeMeters>10.351121747662654</AltitudeMeters>
                        <DistanceMeters>1360.6756407721034</DistanceMeters>
                        <HeartRateBpm>
                            <Value>146</Value>
                        </HeartRateBpm>
                    </Trackpoint>
                    <Trackpoint>
                        <Time>2026-08-15T20:04:04.000+02:00</Time>
                        <Position>
                            <LatitudeDegrees>39.64237</LatitudeDegrees>
                            <LongitudeDegrees>15.840323333333334</LongitudeDegrees>
                        </Position>
                        <AltitudeMeters>10.353407434526407</AltitudeMeters>
                        <DistanceMeters>1363.122611581305</DistanceMeters>
                    </Trackpoint>
                    <Trackpoint>
                        <Time>2026-08-15T20:04:05.000+02:00</Time>
                        <Position>
                            <LatitudeDegrees>39.64239166666667</LatitudeDegrees>
                            <LongitudeDegrees>15.840316666666666</LongitudeDegrees>
                        </Position>
                        <AltitudeMeters>10.354754221287212</AltitudeMeters>
                        <DistanceMeters>1365.59854073859</DistanceMeters>
                        <HeartRateBpm>
                            <Value>148</Value>
                        </HeartRateBpm>
                    </Trackpoint>
                    <Trackpoint>
                        <Time>2026-08-15T20:04:06.000+02:00</Time>
                        <Position>
                            <LatitudeDegrees>39.64241333333333</LatitudeDegrees>
                            <LongitudeDegrees>15.840311666666667</LongitudeDegrees>
                        </Position>
                        <AltitudeMeters>10.355273426763194</AltitudeMeters>
                        <DistanceMeters>1368.0455114994143</DistanceMeters>
                    </Trackpoint>
                    <Trackpoint>
                        <Time>2026-08-15T20:04:07.000+02:00</Time>
                        <Position>
                            <LatitudeDegrees>39.642435</LatitudeDegrees>
                            <LongitudeDegrees>15.840305</LongitudeDegrees>
                        </Position>
                        <AltitudeMeters>10.355069394350346</AltitudeMeters>
                        <DistanceMeters>1370.5214405748577</DistanceMeters>
                        <HeartRateBpm>
                            <Value>146</Value>
                        </HeartRateBpm>
                    </Trackpoint>
                    <Trackpoint>
                        <Time>2026-08-15T20:04:08.000+02:00</Time>
                        <Position>
                            <LatitudeDegrees>39.642455</LatitudeDegrees>
                            <LongitudeDegrees>15.840298333333333</LongitudeDegrees>
                        </Position>
                        <AltitudeMeters>10.354239440101987</AltitudeMeters>
                        <DistanceMeters>1372.817434723934</DistanceMeters>
                    </Trackpoint>
                    <Trackpoint>
                        <Time>2026-08-15T20:04:09.000+02:00</Time>
                        <Position>
                            <LatitudeDegrees>39.64247666666667</LatitudeDegrees>
                            <LongitudeDegrees>15.840293333333333</LongitudeDegrees>
                        </Position>
                        <AltitudeMeters>10.352873873132</AltitudeMeters>
                        <DistanceMeters>1375.2644054175987</DistanceMeters>
                        <HeartRateBpm>
                            <Value>148</Value>
                        </HeartRateBpm>
                    </Trackpoint>
                    <Trackpoint>
                        <Time>2026-08-15T20:04:10.000+02:00</Time>
                        <Position>
                            <LatitudeDegrees>39.642496666666666</LatitudeDegrees>
                            <LongitudeDegrees>15.840286666666668</LongitudeDegrees>
                        </Position>
                        <AltitudeMeters>10.351056078610256</AltitudeMeters>
                        <DistanceMeters>1377.5603994811654</DistanceMeters>
                    </Trackpoint>
                    <Trackpoint>
                        <Time>2026-08-15T20:04:11.000+02:00</Time>
                        <Position>
                            <LatitudeDegrees>39.642516666666666</LatitudeDegrees>
                            <LongitudeDegrees>15.84028</LongitudeDegrees>
                        </Position>
                        <AltitudeMeters>10.348862654319317</AltitudeMeters>
                        <DistanceMeters>1379.8563935043726</DistanceMeters>
                        <HeartRateBpm>
                            <Value>147</Value>
                        </HeartRateBpm>
                    </Trackpoint>
                    <Trackpoint>
                        <Time>2026-08-15T20:04:12.000+02:00</Time>
                        <Position>
                            <LatitudeDegrees>39.642536666666665</LatitudeDegrees>
                            <LongitudeDegrees>15.840273333333334</LongitudeDegrees>
                        </Position>
                        <AltitudeMeters>10.346363592433883</AltitudeMeters>
                        <DistanceMeters>1382.15238748585</DistanceMeters>
                    </Trackpoint>
                    <Trackpoint>
                        <Time>2026-08-15T20:04:13.000+02:00</Time>
                        <Position>
                            <LatitudeDegrees>39.642558333333334</LatitudeDegrees>
                            <LongitudeDegrees>15.840263333333333</LongitudeDegrees>
                        </Position>
                        <AltitudeMeters>10.343622498863219</AltitudeMeters>
                        <DistanceMeters>1384.7092475860904</DistanceMeters>
                        <HeartRateBpm>
                            <Value>148</Value>
                        </HeartRateBpm>
                    </Trackpoint>
                    <Trackpoint>
                        <Time>2026-08-15T20:04:14.000+02:00</Time>
                        <Position>
                            <LatitudeDegrees>39.64257833333333</LatitudeDegrees>
                            <LongitudeDegrees>15.84025</LongitudeDegrees>
                        </Position>
                        <AltitudeMeters>10.340696843157348</AltitudeMeters>
                        <DistanceMeters>1387.2090738311729</DistanceMeters>
                    </Trackpoint>
                    <Trackpoint>
                        <Time>2026-08-15T20:04:15.000+02:00</Time>
                        <Position>
                            <LatitudeDegrees>39.64259666666667</LatitudeDegrees>
                            <LongitudeDegrees>15.840236666666666</LongitudeDegrees>
                        </Position>
                        <AltitudeMeters>10.337638232616408</AltitudeMeters>
                        <DistanceMeters>1389.5455639169704</DistanceMeters>
                        <HeartRateBpm>
                            <Value>149</Value>
                        </HeartRateBpm>
                    </Trackpoint>
                    <Trackpoint>
                        <Time>2026-08-15T20:04:16.000+02:00</Time>
                        <Position>
                            <LatitudeDegrees>39.64261666666667</LatitudeDegrees>
                            <LongitudeDegrees>15.840221666666666</LongitudeDegrees>
                        </Position>
                        <AltitudeMeters>10.33449270485622</AltitudeMeters>
                        <DistanceMeters>1392.113703841797</DistanceMeters>
                    </Trackpoint>
                    <Trackpoint>
                        <Time>2026-08-15T20:04:17.000+02:00</Time>
                        <Position>
                            <LatitudeDegrees>39.642635</LatitudeDegrees>
                            <LongitudeDegrees>15.840206666666667</LongitudeDegrees>
                        </Position>
                        <AltitudeMeters>10.331301033669344</AltitudeMeters>
                        <DistanceMeters>1394.5231430182066</DistanceMeters>
                    </Trackpoint>
                    <Trackpoint>
                        <Time>2026-08-15T20:04:18.000+02:00</Time>
                        <Position>
                            <LatitudeDegrees>39.642653333333335</LatitudeDegrees>
                            <LongitudeDegrees>15.840191666666666</LongitudeDegrees>
                        </Position>
                        <AltitudeMeters>10.328099043577854</AltitudeMeters>
                        <DistanceMeters>1396.9325820129666</DistanceMeters>
                        <HeartRateBpm>
                            <Value>149</Value>
                        </HeartRateBpm>
                    </Trackpoint>
                    <Trackpoint>
                        <Time>2026-08-15T20:04:19.000+02:00</Time>
                        <Position>
                            <LatitudeDegrees>39.642671666666665</LatitudeDegrees>
                            <LongitudeDegrees>15.840178333333334</LongitudeDegrees>
                        </Position>
                        <AltitudeMeters>10.324917929000456</AltitudeMeters>
                        <DistanceMeters>1399.2690714925307</DistanceMeters>
                    </Trackpoint>
                    <Trackpoint>
                        <Time>2026-08-15T20:04:20.000+02:00</Time>
                        <Position>
                            <LatitudeDegrees>39.64268833333333</LatitudeDegrees>
                            <LongitudeDegrees>15.840163333333333</LongitudeDegrees>
                        </Position>
                        <AltitudeMeters>10.3217845744515</AltitudeMeters>
                        <DistanceMeters>1401.5238754267093</DistanceMeters>
                        <HeartRateBpm>
                            <Value>148</Value>
                        </HeartRateBpm>
                    </Trackpoint>
                    <Trackpoint>
                        <Time>2026-08-15T20:04:21.000+02:00</Time>
                        <Position>
                            <LatitudeDegrees>39.64270666666667</LatitudeDegrees>
                            <LongitudeDegrees>15.84015</LongitudeDegrees>
                        </Position>
                        <AltitudeMeters>10.278615867012375</AltitudeMeters>
                        <DistanceMeters>1403.8603646245576</DistanceMeters>
                    </Trackpoint>
                    <Trackpoint>
                        <Time>2026-08-15T20:04:22.000+02:00</Time>
                        <Position>
                            <LatitudeDegrees>39.642725</LatitudeDegrees>
                            <LongitudeDegrees>15.840138333333334</LongitudeDegrees>
                        </Position>
                        <AltitudeMeters>10.238369406757345</AltitudeMeters>
                        <DistanceMeters>1406.1305408526644</DistanceMeters>
                    </Trackpoint>
                    <Trackpoint>
                        <Time>2026-08-15T20:04:23.000+02:00</Time>
                        <Position>
                            <LatitudeDegrees>39.642743333333335</LatitudeDegrees>
                            <LongitudeDegrees>15.840125</LongitudeDegrees>
                        </Position>
                        <AltitudeMeters>10.201034646363713</AltitudeMeters>
                        <DistanceMeters>1408.4670297547348</DistanceMeters>
                        <HeartRateBpm>
                            <Value>148</Value>
                        </HeartRateBpm>
                    </Trackpoint>
                    <Trackpoint>
                        <Time>2026-08-15T20:04:24.000+02:00</Time>
                        <Position>
                            <LatitudeDegrees>39.642763333333335</LatitudeDegrees>
                            <LongitudeDegrees>15.840113333333333</LongitudeDegrees>
                        </Position>
                        <AltitudeMeters>10.126469295928043</AltitudeMeters>
                        <DistanceMeters>1410.9049886639546</DistanceMeters>
                        <HeartRateBpm>
                            <Value>147</Value>
                        </HeartRateBpm>
                    </Trackpoint>
                    <Trackpoint>
                        <Time>2026-08-15T20:04:25.000+02:00</Time>
                        <Position>
                            <LatitudeDegrees>39.642781666666664</LatitudeDegrees>
                            <LongitudeDegrees>15.840101666666667</LongitudeDegrees>
                        </Position>
                        <AltitudeMeters>10.057553453532591</AltitudeMeters>
                        <DistanceMeters>1413.1751645313473</DistanceMeters>
                    </Trackpoint>
                    <Trackpoint>
                        <Time>2026-08-15T20:04:26.000+02:00</Time>
                        <Position>
                            <LatitudeDegrees>39.64280333333333</LatitudeDegrees>
                            <LongitudeDegrees>15.840091666666666</LongitudeDegrees>
                        </Position>
                        <AltitudeMeters>9.95407787887969</AltitudeMeters>
                        <DistanceMeters>1415.7320236157148</DistanceMeters>
                        <HeartRateBpm>
                            <Value>148</Value>
                        </HeartRateBpm>
                    </Trackpoint>
                    <Trackpoint>
                        <Time>2026-08-15T20:04:27.000+02:00</Time>
                        <Position>
                            <LatitudeDegrees>39.64282333333333</LatitudeDegrees>
                            <LongitudeDegrees>15.840083333333332</LongitudeDegrees>
                        </Position>
                        <AltitudeMeters>9.818733662136587</AltitudeMeters>
                        <DistanceMeters>1418.06759072643</DistanceMeters>
                    </Trackpoint>
                    <Trackpoint>
                        <Time>2026-08-15T20:04:28.000+02:00</Time>
                        <Position>
                            <LatitudeDegrees>39.642845</LatitudeDegrees>
                            <LongitudeDegrees>15.840075</LongitudeDegrees>
                        </Position>
                        <AltitudeMeters>9.613915852392442</AltitudeMeters>
                        <DistanceMeters>1420.580260397553</DistanceMeters>
                        <HeartRateBpm>
                            <Value>147</Value>
                        </HeartRateBpm>
                    </Trackpoint>
                    <Trackpoint>
                        <Time>2026-08-15T20:04:29.000+02:00</Time>
                        <Position>
                            <LatitudeDegrees>39.642865</LatitudeDegrees>
                            <LongitudeDegrees>15.840065</LongitudeDegrees>
                        </Position>
                        <AltitudeMeters>9.42536809480089</AltitudeMeters>
                        <DistanceMeters>1422.963302906097</DistanceMeters>
                    </Trackpoint>
                    <Trackpoint>
                        <Time>2026-08-15T20:04:30.000+02:00</Time>
                        <Position>
                            <LatitudeDegrees>39.64288666666667</LatitudeDegrees>
                            <LongitudeDegrees>15.840055</LongitudeDegrees>
                        </Position>
                        <AltitudeMeters>9.212594620979571</AltitudeMeters>
                        <DistanceMeters>1425.5201616442625</DistanceMeters>
                        <HeartRateBpm>
                            <Value>146</Value>
                        </HeartRateBpm>
                    </Trackpoint>
                    <Trackpoint>
                        <Time>2026-08-15T20:04:31.000+02:00</Time>
                        <Position>
                            <LatitudeDegrees>39.64290666666667</LatitudeDegrees>
                            <LongitudeDegrees>15.840041666666666</LongitudeDegrees>
                        </Position>
                        <AltitudeMeters>9.018047517186973</AltitudeMeters>
                        <DistanceMeters>1428.0199854144732</DistanceMeters>
                    </Trackpoint>
                    <Trackpoint>
                        <Time>2026-08-15T20:04:32.000+02:00</Time>
                        <Position>
                            <LatitudeDegrees>39.64292666666667</LatitudeDegrees>
                            <LongitudeDegrees>15.840026666666667</LongitudeDegrees>
                        </Position>
                        <AltitudeMeters>8.80102881876916</AltitudeMeters>
                        <DistanceMeters>1430.5881224598725</DistanceMeters>
                        <HeartRateBpm>
                            <Value>145</Value>
                        </HeartRateBpm>
                    </Trackpoint>
                    <Trackpoint>
                        <Time>2026-08-15T20:04:33.000+02:00</Time>
                        <Position>
                            <LatitudeDegrees>39.64294666666667</LatitudeDegrees>
                            <LongitudeDegrees>15.840008333333333</LongitudeDegrees>
                        </Position>
                        <AltitudeMeters>8.6037987477708</AltitudeMeters>
                        <DistanceMeters>1433.3102425270147</DistanceMeters>
                        <HeartRateBpm>
                            <Value>145</Value>
                        </HeartRateBpm>
                    </Trackpoint>
                    <Trackpoint>
                        <Time>2026-08-15T20:04:34.000+02:00</Time>
                        <Position>
                            <LatitudeDegrees>39.642965</LatitudeDegrees>
                            <LongitudeDegrees>15.83999</LongitudeDegrees>
                        </Position>
                        <AltitudeMeters>8.425584237544422</AltitudeMeters>
                        <DistanceMeters>1435.8831769748733</DistanceMeters>
                    </Trackpoint>
                    <Trackpoint>
                        <Time>2026-08-15T20:04:35.000+02:00</Time>
                        <Position>
                            <LatitudeDegrees>39.642981666666664</LatitudeDegrees>
                            <LongitudeDegrees>15.839968333333333</LongitudeDegrees>
                        </Position>
                        <AltitudeMeters>8.22543103592772</AltitudeMeters>
                        <DistanceMeters>1438.5054409746429</DistanceMeters>
                    </Trackpoint>
                    <Trackpoint>
                        <Time>2026-08-15T20:04:36.000+02:00</Time>
                        <Position>
                            <LatitudeDegrees>39.64299833333333</LatitudeDegrees>
                            <LongitudeDegrees>15.839945</LongitudeDegrees>
                        </Position>
                        <AltitudeMeters>8.045371923784952</AltitudeMeters>
                        <DistanceMeters>1441.2305333062882</DistanceMeters>
                        <HeartRateBpm>
                            <Value>144</Value>
                        </HeartRateBpm>
                    </Trackpoint>
                    <Trackpoint>
                        <Time>2026-08-15T20:04:37.000+02:00</Time>
                        <Position>
                            <LatitudeDegrees>39.643013333333336</LatitudeDegrees>
                            <LongitudeDegrees>15.839921666666667</LongitudeDegrees>
                        </Position>
                        <AltitudeMeters>7.844327547426463</AltitudeMeters>
                        <DistanceMeters>1443.8331403538878</DistanceMeters>
                    </Trackpoint>
                    <Trackpoint>
                        <Time>2026-08-15T20:04:38.000+02:00</Time>
                        <Position>
                            <LatitudeDegrees>39.643026666666664</LatitudeDegrees>
                            <LongitudeDegrees>15.839898333333334</LongitudeDegrees>
                        </Position>
                        <AltitudeMeters>7.664213207420543</AltitudeMeters>
                        <DistanceMeters>1446.3210490541514</DistanceMeters>
                        <HeartRateBpm>
                            <Value>143</Value>
                        </HeartRateBpm>
                    </Trackpoint>
                    <Trackpoint>
                        <Time>2026-08-15T20:04:39.000+02:00</Time>
                        <Position>
                            <LatitudeDegrees>39.64304</LatitudeDegrees>
                            <LongitudeDegrees>15.839876666666667</LongitudeDegrees>
                        </Position>
                        <AltitudeMeters>7.503945785770477</AltitudeMeters>
                        <DistanceMeters>1448.695881144557</DistanceMeters>
                    </Trackpoint>
                    <Trackpoint>
                        <Time>2026-08-15T20:04:40.000+02:00</Time>
                        <Position>
                            <LatitudeDegrees>39.643053333333334</LatitudeDegrees>
                            <LongitudeDegrees>15.839855</LongitudeDegrees>
                        </Position>
                        <AltitudeMeters>7.3624001431588075</AltitudeMeters>
                        <DistanceMeters>1451.0707129557466</DistanceMeters>
                    </Trackpoint>
                    <Trackpoint>
                        <Time>2026-08-15T20:04:41.000+02:00</Time>
                        <Position>
                            <LatitudeDegrees>39.64306666666667</LatitudeDegrees>
                            <LongitudeDegrees>15.839835</LongitudeDegrees>
                        </Position>
                        <AltitudeMeters>7.2384251456895</AltitudeMeters>
                        <DistanceMeters>1453.3358166879195</DistanceMeters>
                        <HeartRateBpm>
                            <Value>143</Value>
                        </HeartRateBpm>
                    </Trackpoint>
                    <Trackpoint>
                        <Time>2026-08-15T20:04:42.000+02:00</Time>
                        <Position>
                            <LatitudeDegrees>39.64308166666667</LatitudeDegrees>
                            <LongitudeDegrees>15.839816666666668</LongitudeDegrees>
                        </Position>
                        <AltitudeMeters>7.1308578194522045</AltitudeMeters>
                        <DistanceMeters>1455.6262678477615</DistanceMeters>
                    </Trackpoint>
                    <Trackpoint>
                        <Time>2026-08-15T20:04:43.000+02:00</Time>
                        <Position>
                            <LatitudeDegrees>39.643098333333334</LatitudeDegrees>
                            <LongitudeDegrees>15.8398</LongitudeDegrees>
                        </Position>
                        <AltitudeMeters>7.038535748022002</AltitudeMeters>
                        <DistanceMeters>1457.9652974749572</DistanceMeters>
                    </Trackpoint>
                    <Trackpoint>
                        <Time>2026-08-15T20:04:44.000+02:00</Time>
                        <Position>
                            <LatitudeDegrees>39.643115</LatitudeDegrees>
                            <LongitudeDegrees>15.839783333333333</LongitudeDegrees>
                        </Position>
                        <AltitudeMeters>6.920201823551965</AltitudeMeters>
                        <DistanceMeters>1460.3043268930378</DistanceMeters>
                        <HeartRateBpm>
                            <Value>143</Value>
                        </HeartRateBpm>
                    </Trackpoint>
                    <Trackpoint>
                        <Time>2026-08-15T20:04:45.000+02:00</Time>
                        <Position>
                            <LatitudeDegrees>39.64313333333333</LatitudeDegrees>
                            <LongitudeDegrees>15.839766666666666</LongitudeDegrees>
                        </Position>
                        <AltitudeMeters>6.817663876070689</AltitudeMeters>
                        <DistanceMeters>1462.7927624184365</DistanceMeters>
                    </Trackpoint>
                    <Trackpoint>
                        <Time>2026-08-15T20:04:46.000+02:00</Time>
                        <Position>
                            <LatitudeDegrees>39.64315</LatitudeDegrees>
                            <LongitudeDegrees>15.839751666666666</LongitudeDegrees>
                        </Position>
                        <AltitudeMeters>6.7297933296141546</AltitudeMeters>
                        <DistanceMeters>1465.0475614677907</DistanceMeters>
                    </Trackpoint>
                    <Trackpoint>
                        <Time>2026-08-15T20:04:47.000+02:00</Time>
                        <Position>
                            <LatitudeDegrees>39.643168333333335</LatitudeDegrees>
                            <LongitudeDegrees>15.839738333333333</LongitudeDegrees>
                        </Position>
                        <AltitudeMeters>6.655473841830731</AltitudeMeters>
                        <DistanceMeters>1467.3840469421386</DistanceMeters>
                        <HeartRateBpm>
                            <Value>143</Value>
                        </HeartRateBpm>
                    </Trackpoint>
                    <Trackpoint>
                        <Time>2026-08-15T20:04:48.000+02:00</Time>
                        <Position>
                            <LatitudeDegrees>39.643185</LatitudeDegrees>
                            <LongitudeDegrees>15.839723333333334</LongitudeDegrees>
                        </Position>
                        <AltitudeMeters>6.593610091035829</AltitudeMeters>
                        <DistanceMeters>1469.6388456212178</DistanceMeters>
                    </Trackpoint>
                    <Trackpoint>
                        <Time>2026-08-15T20:04:49.000+02:00</Time>
                        <Position>
                            <LatitudeDegrees>39.64320166666667</LatitudeDegrees>
                            <LongitudeDegrees>15.839708333333334</LongitudeDegrees>
                        </Position>
                        <AltitudeMeters>6.543135208160674</AltitudeMeters>
                        <DistanceMeters>1471.8936441247122</DistanceMeters>
                        <HeartRateBpm>
                            <Value>142</Value>
                        </HeartRateBpm>
                    </Trackpoint>
                    <Trackpoint>
                        <Time>2026-08-15T20:04:50.000+02:00</Time>
                        <Position>
                            <LatitudeDegrees>39.64321833333333</LatitudeDegrees>
                            <LongitudeDegrees>15.839693333333333</LongitudeDegrees>
                        </Position>
                        <AltitudeMeters>6.50301696312739</AltitudeMeters>
                        <DistanceMeters>1474.1484424505672</DistanceMeters>
                    </Trackpoint>
                    <Trackpoint>
                        <Time>2026-08-15T20:04:51.000+02:00</Time>
                        <Position>
                            <LatitudeDegrees>39.64323666666667</LatitudeDegrees>
                            <LongitudeDegrees>15.839676666666666</LongitudeDegrees>
                        </Position>
                        <AltitudeMeters>6.472262812337283</AltitudeMeters>
                        <DistanceMeters>1476.6368767542185</DistanceMeters>
                        <HeartRateBpm>
                            <Value>143</Value>
                        </HeartRateBpm>
                    </Trackpoint>
                    <Trackpoint>
                        <Time>2026-08-15T20:04:52.000+02:00</Time>
                        <Position>
                            <LatitudeDegrees>39.643255</LatitudeDegrees>
                            <LongitudeDegrees>15.839663333333334</LongitudeDegrees>
                        </Position>
                        <AltitudeMeters>6.449923910495349</AltitudeMeters>
                        <DistanceMeters>1478.9733615288349</DistanceMeters>
                    </Trackpoint>
                    <Trackpoint>
                        <Time>2026-08-15T20:04:53.000+02:00</Time>
                        <Position>
                            <LatitudeDegrees>39.64327333333333</LatitudeDegrees>
                            <LongitudeDegrees>15.839648333333333</LongitudeDegrees>
                        </Position>
                        <AltitudeMeters>6.435098186025348</AltitudeMeters>
                        <DistanceMeters>1481.3827943848146</DistanceMeters>
                        <HeartRateBpm>
                            <Value>144</Value>
                        </HeartRateBpm>
                    </Trackpoint>
                    <Trackpoint>
                        <Time>2026-08-15T20:04:54.000+02:00</Time>
                        <Position>
                            <LatitudeDegrees>39.64329333333333</LatitudeDegrees>
                            <LongitudeDegrees>15.839635</LongitudeDegrees>
                        </Position>
                        <AltitudeMeters>6.426932574959991</AltitudeMeters>
                        <DistanceMeters>1483.8826152398287</DistanceMeters>
                    </Trackpoint>
                    <Trackpoint>
                        <Time>2026-08-15T20:04:55.000+02:00</Time>
                        <Position>
                            <LatitudeDegrees>39.64331333333333</LatitudeDegrees>
                            <LongitudeDegrees>15.839625</LongitudeDegrees>
                        </Position>
                        <AltitudeMeters>6.424624503513385</AltitudeMeters>
                        <DistanceMeters>1486.2656557530383</DistanceMeters>
                    </Trackpoint>
                    <Trackpoint>
                        <Time>2026-08-15T20:04:56.000+02:00</Time>
                        <Position>
                            <LatitudeDegrees>39.64333333333333</LatitudeDegrees>
                            <LongitudeDegrees>15.839613333333332</LongitudeDegrees>
                        </Position>
                        <AltitudeMeters>6.427422704642145</AltitudeMeters>
                        <DistanceMeters>1488.703611288426</DistanceMeters>
                        <HeartRateBpm>
                            <Value>144</Value>
                        </HeartRateBpm>
                    </Trackpoint>
                    <Trackpoint>
                        <Time>2026-08-15T20:04:57.000+02:00</Time>
                        <Position>
                            <LatitudeDegrees>39.64335333333333</LatitudeDegrees>
                            <LongitudeDegrees>15.839601666666667</LongitudeDegrees>
                        </Position>
                        <AltitudeMeters>6.43462744885253</AltitudeMeters>
                        <DistanceMeters>1491.141566704788</DistanceMeters>
                        <HeartRateBpm>
                            <Value>143</Value>
                        </HeartRateBpm>
                    </Trackpoint>
                    <Trackpoint>
                        <Time>2026-08-15T20:04:58.000+02:00</Time>
                        <Position>
                            <LatitudeDegrees>39.64337333333334</LatitudeDegrees>
                            <LongitudeDegrees>15.83959</LongitudeDegrees>
                        </Position>
                        <AltitudeMeters>6.445590264380338</AltitudeMeters>
                        <DistanceMeters>1493.57952200406</DistanceMeters>
                    </Trackpoint>
                    <Trackpoint>
                        <Time>2026-08-15T20:04:59.000+02:00</Time>
                        <Position>
                            <LatitudeDegrees>39.643393333333336</LatitudeDegrees>
                            <LongitudeDegrees>15.83958</LongitudeDegrees>
                        </Position>
                        <AltitudeMeters>6.419607211076418</AltitudeMeters>
                        <DistanceMeters>1495.9625621613593</DistanceMeters>
                        <HeartRateBpm>
                            <Value>144</Value>
                        </HeartRateBpm>
                    </Trackpoint>
                    <Trackpoint>
                        <Time>2026-08-15T20:05:00.000+02:00</Time>
                        <Position>
                            <LatitudeDegrees>39.643413333333335</LatitudeDegrees>
                            <LongitudeDegrees>15.839571666666666</LongitudeDegrees>
                        </Position>
                        <AltitudeMeters>6.3990681812155055</AltitudeMeters>
                        <DistanceMeters>1498.2981274128942</DistanceMeters>
                    </Trackpoint>
                    <Trackpoint>
                        <Time>2026-08-15T20:05:01.000+02:00</Time>
                        <Position>
                            <LatitudeDegrees>39.643433333333334</LatitudeDegrees>
                            <LongitudeDegrees>15.839563333333333</LongitudeDegrees>
                        </Position>
                        <AltitudeMeters>6.343340314900905</AltitudeMeters>
                        <DistanceMeters>1500.633692600793</DistanceMeters>
                        <HeartRateBpm>
                            <Value>143</Value>
                        </HeartRateBpm>
                    </Trackpoint>
                    <Trackpoint>
                        <Time>2026-08-15T20:05:02.000+02:00</Time>
                        <Position>
                            <LatitudeDegrees>39.643456666666665</LatitudeDegrees>
                            <LongitudeDegrees>15.839556666666667</LongitudeDegrees>
                        </Position>
                        <AltitudeMeters>6.294858836868123</AltitudeMeters>
                        <DistanceMeters>1503.2902959685885</DistanceMeters>
                    </Trackpoint>
                    <Trackpoint>
                        <Time>2026-08-15T20:05:03.000+02:00</Time>
                        <Position>
                            <LatitudeDegrees>39.643478333333334</LatitudeDegrees>
                            <LongitudeDegrees>15.839551666666667</LongitudeDegrees>
                        </Position>
                        <AltitudeMeters>6.2130134463708515</AltitudeMeters>
                        <DistanceMeters>1505.7372655765448</DistanceMeters>
                        <HeartRateBpm>
                            <Value>144</Value>
                        </HeartRateBpm>
                    </Trackpoint>
                    <Trackpoint>
                        <Time>2026-08-15T20:05:04.000+02:00</Time>
                        <Position>
                            <LatitudeDegrees>39.6435</LatitudeDegrees>
                            <LongitudeDegrees>15.839546666666667</LongitudeDegrees>
                        </Position>
                        <AltitudeMeters>6.140241948229421</AltitudeMeters>
                        <DistanceMeters>1508.184235161777</DistanceMeters>
                    </Trackpoint>
                    <Trackpoint>
                        <Time>2026-08-15T20:05:05.000+02:00</Time>
                        <Position>
                            <LatitudeDegrees>39.643523333333334</LatitudeDegrees>
                            <LongitudeDegrees>15.83954</LongitudeDegrees>
                        </Position>
                        <AltitudeMeters>6.076025260109261</AltitudeMeters>
                        <DistanceMeters>1510.8408384106367</DistanceMeters>
                        <HeartRateBpm>
                            <Value>142</Value>
                        </HeartRateBpm>
                    </Trackpoint>
                    <Trackpoint>
                        <Time>2026-08-15T20:05:06.000+02:00</Time>
                        <Position>
                            <LatitudeDegrees>39.643545</LatitudeDegrees>
                            <LongitudeDegrees>15.839535</LongitudeDegrees>
                        </Position>
                        <AltitudeMeters>5.979727069840917</AltitudeMeters>
                        <DistanceMeters>1513.287807947126</DistanceMeters>
                    </Trackpoint>
                    <Trackpoint>
                        <Time>2026-08-15T20:05:07.000+02:00</Time>
                        <Position>
                            <LatitudeDegrees>39.643566666666665</LatitudeDegrees>
                            <LongitudeDegrees>15.839528333333334</LongitudeDegrees>
                        </Position>
                        <AltitudeMeters>5.893750654179248</AltitudeMeters>
                        <DistanceMeters>1515.763734867524</DistanceMeters>
                    </Trackpoint>
                    <Trackpoint>
                        <Time>2026-08-15T20:05:08.000+02:00</Time>
                        <Position>
                            <LatitudeDegrees>39.643586666666664</LatitudeDegrees>
                            <LongitudeDegrees>15.839523333333334</LongitudeDegrees>
                        </Position>
                        <AltitudeMeters>5.777429325721805</AltitudeMeters>
                        <DistanceMeters>1518.028469781959</DistanceMeters>
                        <HeartRateBpm>
                            <Value>141</Value>
                        </HeartRateBpm>
                    </Trackpoint>
                    <Trackpoint>
                        <Time>2026-08-15T20:05:09.000+02:00</Time>
                        <Position>
                            <LatitudeDegrees>39.64360833333333</LatitudeDegrees>
                            <LongitudeDegrees>15.839518333333334</LongitudeDegrees>
                        </Position>
                        <AltitudeMeters>5.673123813451044</AltitudeMeters>
                        <DistanceMeters>1520.475439249104</DistanceMeters>
                    </Trackpoint>
                    <Trackpoint>
                        <Time>2026-08-15T20:05:10.000+02:00</Time>
                        <Position>
                            <LatitudeDegrees>39.64363</LatitudeDegrees>
                            <LongitudeDegrees>15.839515</LongitudeDegrees>
                        </Position>
                        <AltitudeMeters>5.580220717606587</AltitudeMeters>
                        <DistanceMeters>1522.901513265093</DistanceMeters>
                    </Trackpoint>
                    <Trackpoint>
                        <Time>2026-08-15T20:05:11.000+02:00</Time>
                        <Position>
                            <LatitudeDegrees>39.64365166666666</LatitudeDegrees>
                            <LongitudeDegrees>15.83951</LongitudeDegrees>
                        </Position>
                        <AltitudeMeters>5.498081326046713</AltitudeMeters>
                        <DistanceMeters>1525.348482684652</DistanceMeters>
                        <HeartRateBpm>
                            <Value>141</Value>
                        </HeartRateBpm>
                    </Trackpoint>
                    <Trackpoint>
                        <Time>2026-08-15T20:05:12.000+02:00</Time>
                        <Position>
                            <LatitudeDegrees>39.64367166666667</LatitudeDegrees>
                            <LongitudeDegrees>15.839506666666667</LongitudeDegrees>
                        </Position>
                        <AltitudeMeters>5.426050904557937</AltitudeMeters>
                        <DistanceMeters>1527.5906244240075</DistanceMeters>
                    </Trackpoint>
                    <Trackpoint>
                        <Time>2026-08-15T20:05:13.000+02:00</Time>
                        <Position>
                            <LatitudeDegrees>39.64369166666667</LatitudeDegrees>
                            <LongitudeDegrees>15.839501666666667</LongitudeDegrees>
                        </Position>
                        <AltitudeMeters>5.323360905154109</AltitudeMeters>
                        <DistanceMeters>1529.8553592148642</DistanceMeters>
                    </Trackpoint>
                    <Trackpoint>
                        <Time>2026-08-15T20:05:14.000+02:00</Time>
                        <Position>
                            <LatitudeDegrees>39.64371333333333</LatitudeDegrees>
                            <LongitudeDegrees>15.839498333333333</LongitudeDegrees>
                        </Position>
                        <AltitudeMeters>5.232286566208948</AltitudeMeters>
                        <DistanceMeters>1532.2814331889854</DistanceMeters>
                        <HeartRateBpm>
                            <Value>140</Value>
                        </HeartRateBpm>
                    </Trackpoint>
                    <Trackpoint>
                        <Time>2026-08-15T20:05:15.000+02:00</Time>
                        <Position>
                            <LatitudeDegrees>39.64373333333333</LatitudeDegrees>
                            <LongitudeDegrees>15.839493333333333</LongitudeDegrees>
                        </Position>
                        <AltitudeMeters>5.152144004195395</AltitudeMeters>
                        <DistanceMeters>1534.546167931773</DistanceMeters>
                    </Trackpoint>
                    <Trackpoint>
                        <Time>2026-08-15T20:05:16.000+02:00</Time>
                        <Position>
                            <LatitudeDegrees>39.643755</LatitudeDegrees>
                            <LongitudeDegrees>15.83949</LongitudeDegrees>
                        </Position>
                        <AltitudeMeters>5.082237706929769</AltitudeMeters>
                        <DistanceMeters>1536.972241886333</DistanceMeters>
                    </Trackpoint>
                    <Trackpoint>
                        <Time>2026-08-15T20:05:17.000+02:00</Time>
                        <Position>
                            <LatitudeDegrees>39.643775</LatitudeDegrees>
                            <LongitudeDegrees>15.839488333333334</LongitudeDegrees>
                        </Position>
                        <AltitudeMeters>5.021868547827972</AltitudeMeters>
                        <DistanceMeters>1539.2007178211306</DistanceMeters>
                        <HeartRateBpm>
                            <Value>140</Value>
                        </HeartRateBpm>
                    </Trackpoint>
                    <Trackpoint>
                        <Time>2026-08-15T20:05:18.000+02:00</Time>
                        <Position>
                            <LatitudeDegrees>39.64379666666667</LatitudeDegrees>
                            <LongitudeDegrees>15.839485</LongitudeDegrees>
                        </Position>
                        <AltitudeMeters>4.97034077653521</AltitudeMeters>
                        <DistanceMeters>1541.6267917554915</DistanceMeters>
                        <HeartRateBpm>
                            <Value>139</Value>
                        </HeartRateBpm>
                    </Trackpoint>
                    <Trackpoint>
                        <Time>2026-08-15T20:05:19.000+02:00</Time>
                        <Position>
                            <LatitudeDegrees>39.643818333333336</LatitudeDegrees>
                            <LongitudeDegrees>15.839483333333334</LongitudeDegrees>
                        </Position>
                        <AltitudeMeters>4.926968055841908</AltitudeMeters>
                        <DistanceMeters>1544.0402416558409</DistanceMeters>
                    </Trackpoint>
                    <Trackpoint>
                        <Time>2026-08-15T20:05:20.000+02:00</Time>
                        <Position>
                            <LatitudeDegrees>39.643838333333335</LatitudeDegrees>
                            <LongitudeDegrees>15.839481666666666</LongitudeDegrees>
                        </Position>
                        <AltitudeMeters>4.891078614460836</AltitudeMeters>
                        <DistanceMeters>1546.2687175815802</DistanceMeters>
                        <HeartRateBpm>
                            <Value>138</Value>
                        </HeartRateBpm>
                    </Trackpoint>
                    <Trackpoint>
                        <Time>2026-08-15T20:05:21.000+02:00</Time>
                        <Position>
                            <LatitudeDegrees>39.64386</LatitudeDegrees>
                            <LongitudeDegrees>15.839481666666666</LongitudeDegrees>
                        </Position>
                        <AltitudeMeters>4.8620195842991825</AltitudeMeters>
                        <DistanceMeters>1548.6779447736183</DistanceMeters>
                    </Trackpoint>
                    <Trackpoint>
                        <Time>2026-08-15T20:05:22.000+02:00</Time>
                        <Position>
                            <LatitudeDegrees>39.643881666666665</LatitudeDegrees>
                            <LongitudeDegrees>15.839483333333334</LongitudeDegrees>
                        </Position>
                        <AltitudeMeters>4.839160589402687</AltitudeMeters>
                        <DistanceMeters>1551.0913946655496</DistanceMeters>
                        <HeartRateBpm>
                            <Value>137</Value>
                        </HeartRateBpm>
                    </Trackpoint>
                    <Trackpoint>
                        <Time>2026-08-15T20:05:23.000+02:00</Time>
                        <Position>
                            <LatitudeDegrees>39.643903333333334</LatitudeDegrees>
                            <LongitudeDegrees>15.839485</LongitudeDegrees>
                        </Position>
                        <AltitudeMeters>4.821896651858661</AltitudeMeters>
                        <DistanceMeters>1553.5048445555267</DistanceMeters>
                    </Trackpoint>
                    <Trackpoint>
                        <Time>2026-08-15T20:05:24.000+02:00</Time>
                        <Position>
                            <LatitudeDegrees>39.643925</LatitudeDegrees>
                            <LongitudeDegrees>15.839486666666666</LongitudeDegrees>
                        </Position>
                        <AltitudeMeters>4.849756483335538</AltitudeMeters>
                        <DistanceMeters>1555.9182944421543</DistanceMeters>
                    </Trackpoint>
                    <Trackpoint>
                        <Time>2026-08-15T20:05:25.000+02:00</Time>
                        <Position>
                            <LatitudeDegrees>39.643946666666665</LatitudeDegrees>
                            <LongitudeDegrees>15.83949</LongitudeDegrees>
                        </Position>
                        <AltitudeMeters>4.87925381438624</AltitudeMeters>
                        <DistanceMeters>1558.3443683036821</DistanceMeters>
                        <HeartRateBpm>
                            <Value>137</Value>
                        </HeartRateBpm>
                    </Trackpoint>
                    <Trackpoint>
                        <Time>2026-08-15T20:05:26.000+02:00</Time>
                        <Position>
                            <LatitudeDegrees>39.64396833333333</LatitudeDegrees>
                            <LongitudeDegrees>15.839491666666667</LongitudeDegrees>
                        </Position>
                        <AltitudeMeters>4.909897785725617</AltitudeMeters>
                        <DistanceMeters>1560.757818185022</DistanceMeters>
                    </Trackpoint>
                    <Trackpoint>
                        <Time>2026-08-15T20:05:27.000+02:00</Time>
                        <Position>
                            <LatitudeDegrees>39.64399</LatitudeDegrees>
                            <LongitudeDegrees>15.839495</LongitudeDegrees>
                        </Position>
                        <AltitudeMeters>4.941251612687083</AltitudeMeters>
                        <DistanceMeters>1563.1838920261794</DistanceMeters>
                    </Trackpoint>
                    <Trackpoint>
                        <Time>2026-08-15T20:05:28.000+02:00</Time>
                        <Position>
                            <LatitudeDegrees>39.644011666666664</LatitudeDegrees>
                            <LongitudeDegrees>15.839498333333333</LongitudeDegrees>
                        </Position>
                        <AltitudeMeters>4.972929520825477</AltitudeMeters>
                        <DistanceMeters>1565.6099658554438</DistanceMeters>
                        <HeartRateBpm>
                            <Value>137</Value>
                        </HeartRateBpm>
                    </Trackpoint>
                    <Trackpoint>
                        <Time>2026-08-15T20:05:29.000+02:00</Time>
                        <Position>
                            <LatitudeDegrees>39.64403333333333</LatitudeDegrees>
                            <LongitudeDegrees>15.8395</LongitudeDegrees>
                        </Position>
                        <AltitudeMeters>5.0045936105343705</AltitudeMeters>
                        <DistanceMeters>1568.023415729558</DistanceMeters>
                    </Trackpoint>
                    <Trackpoint>
                        <Time>2026-08-15T20:05:30.000+02:00</Time>
                        <Position>
                            <LatitudeDegrees>39.644055</LatitudeDegrees>
                            <LongitudeDegrees>15.839503333333333</LongitudeDegrees>
                        </Position>
                        <AltitudeMeters>5.035950689255253</AltitudeMeters>
                        <DistanceMeters>1570.4494895384842</DistanceMeters>
                    </Trackpoint>
                    <Trackpoint>
                        <Time>2026-08-15T20:05:31.000+02:00</Time>
                        <Position>
                            <LatitudeDegrees>39.64407833333333</LatitudeDegrees>
                            <LongitudeDegrees>15.839506666666667</LongitudeDegrees>
                        </Position>
                        <AltitudeMeters>5.066749105068558</AltitudeMeters>
                        <DistanceMeters>1573.0596926654634</DistanceMeters>
                        <HeartRateBpm>
                            <Value>137</Value>
                        </HeartRateBpm>
                    </Trackpoint>
                    <Trackpoint>
                        <Time>2026-08-15T20:05:32.000+02:00</Time>
                        <Position>
                            <LatitudeDegrees>39.6441</LatitudeDegrees>
                            <LongitudeDegrees>15.839508333333333</LongitudeDegrees>
                        </Position>
                        <AltitudeMeters>5.13688161662586</AltitudeMeters>
                        <DistanceMeters>1575.473142530737</DistanceMeters>
                    </Trackpoint>
                    <Trackpoint>
                        <Time>2026-08-15T20:05:33.000+02:00</Time>
                        <Position>
                            <LatitudeDegrees>39.64412166666666</LatitudeDegrees>
                            <LongitudeDegrees>15.83951</LongitudeDegrees>
                        </Position>
                        <AltitudeMeters>5.203231916217899</AltitudeMeters>
                        <DistanceMeters>1577.8865923933663</DistanceMeters>
                    </Trackpoint>
                    <Trackpoint>
                        <Time>2026-08-15T20:05:34.000+02:00</Time>
                        <Position>
                            <LatitudeDegrees>39.644145</LatitudeDegrees>
                            <LongitudeDegrees>15.839511666666667</LongitudeDegrees>
                        </Position>
                        <AltitudeMeters>5.265680793784014</AltitudeMeters>
                        <DistanceMeters>1580.4850662763577</DistanceMeters>
                        <HeartRateBpm>
                            <Value>137</Value>
                        </HeartRateBpm>
                    </Trackpoint>
                    <Trackpoint>
                        <Time>2026-08-15T20:05:35.000+02:00</Time>
                        <Position>
                            <LatitudeDegrees>39.64416666666666</LatitudeDegrees>
                            <LongitudeDegrees>15.839513333333333</LongitudeDegrees>
                        </Position>
                        <AltitudeMeters>5.324161116071925</AltitudeMeters>
                        <DistanceMeters>1582.89851613279</DistanceMeters>
                    </Trackpoint>
                    <Trackpoint>
                        <Time>2026-08-15T20:05:36.000+02:00</Time>
                        <Position>
                            <LatitudeDegrees>39.64418833333333</LatitudeDegrees>
                            <LongitudeDegrees>15.839515</LongitudeDegrees>
                        </Position>
                        <AltitudeMeters>5.3786515817499705</AltitudeMeters>
                        <DistanceMeters>1585.3119659873007</DistanceMeters>
                    </Trackpoint>
                    <Trackpoint>
                        <Time>2026-08-15T20:05:37.000+02:00</Time>
                        <Position>
                            <LatitudeDegrees>39.64421</LatitudeDegrees>
                            <LongitudeDegrees>15.839516666666666</LongitudeDegrees>
                        </Position>
                        <AltitudeMeters>5.4291708733748845</AltitudeMeters>
                        <DistanceMeters>1587.7254158398578</DistanceMeters>
                        <HeartRateBpm>
                            <Value>137</Value>
                        </HeartRateBpm>
                    </Trackpoint>
                    <Trackpoint>
                        <Time>2026-08-15T20:05:38.000+02:00</Time>
                        <Position>
                            <LatitudeDegrees>39.64423166666667</LatitudeDegrees>
                            <LongitudeDegrees>15.83952</LongitudeDegrees>
                        </Position>
                        <AltitudeMeters>5.475772208345225</AltitudeMeters>
                        <DistanceMeters>1590.151489563705</DistanceMeters>
                        <HeartRateBpm>
                            <Value>137</Value>
                        </HeartRateBpm>
                    </Trackpoint>
                    <Trackpoint>
                        <Time>2026-08-15T20:05:39.000+02:00</Time>
                        <Position>
                            <LatitudeDegrees>39.64425333333333</LatitudeDegrees>
                            <LongitudeDegrees>15.83952</LongitudeDegrees>
                        </Position>
                        <AltitudeMeters>5.518538286972212</AltitudeMeters>
                        <DistanceMeters>1592.5607167550359</DistanceMeters>
                        <HeartRateBpm>
                            <Value>138</Value>
                        </HeartRateBpm>
                    </Trackpoint>
                    <Trackpoint>
                        <Time>2026-08-15T20:05:40.000+02:00</Time>
                        <Position>
                            <LatitudeDegrees>39.64427666666667</LatitudeDegrees>
                            <LongitudeDegrees>15.83952</LongitudeDegrees>
                        </Position>
                        <AltitudeMeters>5.5575766323462314</AltitudeMeters>
                        <DistanceMeters>1595.1552691166714</DistanceMeters>
                    </Trackpoint>
                    <Trackpoint>
                        <Time>2026-08-15T20:05:41.000+02:00</Time>
                        <Position>
                            <LatitudeDegrees>39.64429833333333</LatitudeDegrees>
                            <LongitudeDegrees>15.839518333333334</LongitudeDegrees>
                        </Position>
                        <AltitudeMeters>5.593015313728972</AltitudeMeters>
                        <DistanceMeters>1597.5687189570374</DistanceMeters>
                    </Trackpoint>
                    <Trackpoint>
                        <Time>2026-08-15T20:05:42.000+02:00</Time>
                        <Position>
                            <LatitudeDegrees>39.64432</LatitudeDegrees>
                            <LongitudeDegrees>15.839515</LongitudeDegrees>
                        </Position>
                        <AltitudeMeters>5.624999042718889</AltitudeMeters>
                        <DistanceMeters>1599.9947926379941</DistanceMeters>
                        <HeartRateBpm>
                            <Value>138</Value>
                        </HeartRateBpm>
                    </Trackpoint>
                    <Trackpoint>
                        <Time>2026-08-15T20:05:43.000+02:00</Time>
                        <Position>
                            <LatitudeDegrees>39.64434166666667</LatitudeDegrees>
                            <LongitudeDegrees>15.839513333333333</LongitudeDegrees>
                        </Position>
                        <AltitudeMeters>5.6536856293830615</AltitudeMeters>
                        <DistanceMeters>1602.4082424737944</DistanceMeters>
                        <HeartRateBpm>
                            <Value>137</Value>
                        </HeartRateBpm>
                    </Trackpoint>
                    <Trackpoint>
                        <Time>2026-08-15T20:05:44.000+02:00</Time>
                        <Position>
                            <LatitudeDegrees>39.64436166666667</LatitudeDegrees>
                            <LongitudeDegrees>15.839513333333333</LongitudeDegrees>
                        </Position>
                        <AltitudeMeters>5.6792427838843</AltitudeMeters>
                        <DistanceMeters>1604.6321444976495</DistanceMeters>
                    </Trackpoint>
                    <Trackpoint>
                        <Time>2026-08-15T20:05:45.000+02:00</Time>
                        <Position>
                            <LatitudeDegrees>39.64438333333333</LatitudeDegrees>
                            <LongitudeDegrees>15.839515</LongitudeDegrees>
                        </Position>
                        <AltitudeMeters>5.701845247822476</AltitudeMeters>
                        <DistanceMeters>1607.0455943276595</DistanceMeters>
                    </Trackpoint>
                    <Trackpoint>
                        <Time>2026-08-15T20:05:46.000+02:00</Time>
                        <Position>
                            <LatitudeDegrees>39.64440333333334</LatitudeDegrees>
                            <LongitudeDegrees>15.83952</LongitudeDegrees>
                        </Position>
                        <AltitudeMeters>5.721672238519071</AltitudeMeters>
                        <DistanceMeters>1609.310328286329</DistanceMeters>
                        <HeartRateBpm>
                            <Value>137</Value>
                        </HeartRateBpm>
                    </Trackpoint>
                    <Trackpoint>
                        <Time>2026-08-15T20:05:47.000+02:00</Time>
                        <Position>
                            <LatitudeDegrees>39.644425</LatitudeDegrees>
                            <LongitudeDegrees>15.839523333333334</LongitudeDegrees>
                        </Position>
                        <AltitudeMeters>5.779011194410849</AltitudeMeters>
                        <DistanceMeters>1611.736401915568</DistanceMeters>
                        <HeartRateBpm>
                            <Value>139</Value>
                        </HeartRateBpm>
                    </Trackpoint>
                    <Trackpoint>
                        <Time>2026-08-15T20:05:48.000+02:00</Time>
                        <Position>
                            <LatitudeDegrees>39.64444666666667</LatitudeDegrees>
                            <LongitudeDegrees>15.839526666666666</LongitudeDegrees>
                        </Position>
                        <AltitudeMeters>5.831105395260395</AltitudeMeters>
                        <DistanceMeters>1614.1624755342866</DistanceMeters>
                    </Trackpoint>
                    <Trackpoint>
                        <Time>2026-08-15T20:05:49.000+02:00</Time>
                        <Position>
                            <LatitudeDegrees>39.644466666666666</LatitudeDegrees>
                            <LongitudeDegrees>15.83953</LongitudeDegrees>
                        </Position>
                        <AltitudeMeters>5.878161405521117</AltitudeMeters>
                        <DistanceMeters>1616.4046168552932</DistanceMeters>
                    </Trackpoint>
                    <Trackpoint>
                        <Time>2026-08-15T20:05:50.000+02:00</Time>
                        <Position>
                            <LatitudeDegrees>39.644488333333335</LatitudeDegrees>
                            <LongitudeDegrees>15.839531666666666</LongitudeDegrees>
                        </Position>
                        <AltitudeMeters>5.920405479106895</AltitudeMeters>
                        <DistanceMeters>1618.8180666731807</DistanceMeters>
                        <HeartRateBpm>
                            <Value>139</Value>
                        </HeartRateBpm>
                    </Trackpoint>
                    <Trackpoint>
                        <Time>2026-08-15T20:05:51.000+02:00</Time>
                        <Position>
                            <LatitudeDegrees>39.64451</LatitudeDegrees>
                            <LongitudeDegrees>15.839531666666666</LongitudeDegrees>
                        </Position>
                        <AltitudeMeters>5.95807885379106</AltitudeMeters>
                        <DistanceMeters>1621.227293865219</DistanceMeters>
                    </Trackpoint>
                    <Trackpoint>
                        <Time>2026-08-15T20:05:52.000+02:00</Time>
                        <Position>
                            <LatitudeDegrees>39.644533333333335</LatitudeDegrees>
                            <LongitudeDegrees>15.83953</LongitudeDegrees>
                        </Position>
                        <AltitudeMeters>5.991433526799028</AltitudeMeters>
                        <DistanceMeters>1623.8257677034921</DistanceMeters>
                    </Trackpoint>
                    <Trackpoint>
                        <Time>2026-08-15T20:05:53.000+02:00</Time>
                        <Position>
                            <LatitudeDegrees>39.644555</LatitudeDegrees>
                            <LongitudeDegrees>15.83953</LongitudeDegrees>
                        </Position>
                        <AltitudeMeters>6.020728487470841</AltitudeMeters>
                        <DistanceMeters>1626.2349948955305</DistanceMeters>
                        <HeartRateBpm>
                            <Value>139</Value>
                        </HeartRateBpm>
                    </Trackpoint>
                    <Trackpoint>
                        <Time>2026-08-15T20:05:54.000+02:00</Time>
                        <Position>
                            <LatitudeDegrees>39.644576666666666</LatitudeDegrees>
                            <LongitudeDegrees>15.839531666666666</LongitudeDegrees>
                        </Position>
                        <AltitudeMeters>6.046226381793857</AltitudeMeters>
                        <DistanceMeters>1628.648444702639</DistanceMeters>
                        <HeartRateBpm>
                            <Value>141</Value>
                        </HeartRateBpm>
                    </Trackpoint>
                    <Trackpoint>
                        <Time>2026-08-15T20:05:55.000+02:00</Time>
                        <Position>
                            <LatitudeDegrees>39.644598333333334</LatitudeDegrees>
                            <LongitudeDegrees>15.83953</LongitudeDegrees>
                        </Position>
                        <AltitudeMeters>6.068190582906689</AltitudeMeters>
                        <DistanceMeters>1631.06189450781</DistanceMeters>
                    </Trackpoint>
                    <Trackpoint>
                        <Time>2026-08-15T20:05:56.000+02:00</Time>
                        <Position>
                            <LatitudeDegrees>39.64462</LatitudeDegrees>
                            <LongitudeDegrees>15.83953</LongitudeDegrees>
                        </Position>
                        <AltitudeMeters>6.086882641309769</AltitudeMeters>
                        <DistanceMeters>1633.4711217005556</DistanceMeters>
                        <HeartRateBpm>
                            <Value>142</Value>
                        </HeartRateBpm>
                    </Trackpoint>
                    <Trackpoint>
                        <Time>2026-08-15T20:05:57.000+02:00</Time>
                        <Position>
                            <LatitudeDegrees>39.644641666666665</LatitudeDegrees>
                            <LongitudeDegrees>15.839528333333334</LongitudeDegrees>
                        </Position>
                        <AltitudeMeters>6.102560088445241</AltitudeMeters>
                        <DistanceMeters>1635.8845714990266</DistanceMeters>
                    </Trackpoint>
                    <Trackpoint>
                        <Time>2026-08-15T20:05:58.000+02:00</Time>
                        <Position>
                            <LatitudeDegrees>39.644661666666664</LatitudeDegrees>
                            <LongitudeDegrees>15.839525</LongitudeDegrees>
                        </Position>
                        <AltitudeMeters>6.115474567491115</AltitudeMeters>
                        <DistanceMeters>1638.1267127168812</DistanceMeters>
                        <HeartRateBpm>
                            <Value>141</Value>
                        </HeartRateBpm>
                    </Trackpoint>
                    <Trackpoint>
                        <Time>2026-08-15T20:05:59.000+02:00</Time>
                        <Position>
                            <LatitudeDegrees>39.64468333333333</LatitudeDegrees>
                            <LongitudeDegrees>15.83952</LongitudeDegrees>
                        </Position>
                        <AltitudeMeters>6.125870265616559</AltitudeMeters>
                        <DistanceMeters>1640.573681020317</DistanceMeters>
                    </Trackpoint>
                    <Trackpoint>
                        <Time>2026-08-15T20:06:00.000+02:00</Time>
                        <Position>
                            <LatitudeDegrees>39.644705</LatitudeDegrees>
                            <LongitudeDegrees>15.839515</LongitudeDegrees>
                        </Position>
                        <AltitudeMeters>6.133982622533989</AltitudeMeters>
                        <DistanceMeters>1643.0206492996356</DistanceMeters>
                    </Trackpoint>
                    <Trackpoint>
                        <Time>2026-08-15T20:06:01.000+02:00</Time>
                        <Position>
                            <LatitudeDegrees>39.644726666666664</LatitudeDegrees>
                            <LongitudeDegrees>15.83951</LongitudeDegrees>
                        </Position>
                        <AltitudeMeters>6.140037290929262</AltitudeMeters>
                        <DistanceMeters>1645.4676175554853</DistanceMeters>
                        <HeartRateBpm>
                            <Value>141</Value>
                        </HeartRateBpm>
                    </Trackpoint>
                    <Trackpoint>
                        <Time>2026-08-15T20:06:02.000+02:00</Time>
                        <Position>
                            <LatitudeDegrees>39.64474833333333</LatitudeDegrees>
                            <LongitudeDegrees>15.839504999999999</LongitudeDegrees>
                        </Position>
                        <AltitudeMeters>6.1442493252259816</AltitudeMeters>
                        <DistanceMeters>1647.9145857878664</DistanceMeters>
                    </Trackpoint>
                    <Trackpoint>
                        <Time>2026-08-15T20:06:03.000+02:00</Time>
                        <Position>
                            <LatitudeDegrees>39.64477</LatitudeDegrees>
                            <LongitudeDegrees>15.8395</LongitudeDegrees>
                        </Position>
                        <AltitudeMeters>6.146822576118656</AltitudeMeters>
                        <DistanceMeters>1650.3615539974749</DistanceMeters>
                    </Trackpoint>
                    <Trackpoint>
                        <Time>2026-08-15T20:06:04.000+02:00</Time>
                        <Position>
                            <LatitudeDegrees>39.64479166666667</LatitudeDegrees>
                            <LongitudeDegrees>15.839495</LongitudeDegrees>
                        </Position>
                        <AltitudeMeters>6.147949269369273</AltitudeMeters>
                        <DistanceMeters>1652.8085221829183</DistanceMeters>
                        <HeartRateBpm>
                            <Value>142</Value>
                        </HeartRateBpm>
                    </Trackpoint>
                    <Trackpoint>
                        <Time>2026-08-15T20:06:05.000+02:00</Time>
                        <Position>
                            <LatitudeDegrees>39.64481166666667</LatitudeDegrees>
                            <LongitudeDegrees>15.83949</LongitudeDegrees>
                        </Position>
                        <AltitudeMeters>6.147809748482208</AltitudeMeters>
                        <DistanceMeters>1655.0732556636515</DistanceMeters>
                    </Trackpoint>
                    <Trackpoint>
                        <Time>2026-08-15T20:06:06.000+02:00</Time>
                        <Position>
                            <LatitudeDegrees>39.64483333333333</LatitudeDegrees>
                            <LongitudeDegrees>15.839485</LongitudeDegrees>
                        </Position>
                        <AltitudeMeters>6.186678367674962</AltitudeMeters>
                        <DistanceMeters>1657.5202238032664</DistanceMeters>
                    </Trackpoint>
                    <Trackpoint>
                        <Time>2026-08-15T20:06:07.000+02:00</Time>
                        <Position>
                            <LatitudeDegrees>39.644855</LatitudeDegrees>
                            <LongitudeDegrees>15.83948</LongitudeDegrees>
                        </Position>
                        <AltitudeMeters>6.221773108739862</AltitudeMeters>
                        <DistanceMeters>1659.9671919208054</DistanceMeters>
                        <HeartRateBpm>
                            <Value>142</Value>
                        </HeartRateBpm>
                    </Trackpoint>
                    <Trackpoint>
                        <Time>2026-08-15T20:06:08.000+02:00</Time>
                        <Position>
                            <LatitudeDegrees>39.64487666666667</LatitudeDegrees>
                            <LongitudeDegrees>15.839476666666666</LongitudeDegrees>
                        </Position>
                        <AltitudeMeters>6.253264871442731</AltitudeMeters>
                        <DistanceMeters>1662.393265330735</DistanceMeters>
                    </Trackpoint>
                    <Trackpoint>
                        <Time>2026-08-15T20:06:09.000+02:00</Time>
                        <Position>
                            <LatitudeDegrees>39.64489833333333</LatitudeDegrees>
                            <LongitudeDegrees>15.839476666666666</LongitudeDegrees>
                        </Position>
                        <AltitudeMeters>6.281335578238518</AltitudeMeters>
                        <DistanceMeters>1664.802492522773</DistanceMeters>
                    </Trackpoint>
                    <Trackpoint>
                        <Time>2026-08-15T20:06:10.000+02:00</Time>
                        <Position>
                            <LatitudeDegrees>39.64492</LatitudeDegrees>
                            <LongitudeDegrees>15.839475</LongitudeDegrees>
                        </Position>
                        <AltitudeMeters>6.306175025095027</AltitudeMeters>
                        <DistanceMeters>1667.2159422879868</DistanceMeters>
                        <HeartRateBpm>
                            <Value>142</Value>
                        </HeartRateBpm>
                    </Trackpoint>
                    <Trackpoint>
                        <Time>2026-08-15T20:06:11.000+02:00</Time>
                        <Position>
                            <LatitudeDegrees>39.64494333333333</LatitudeDegrees>
                            <LongitudeDegrees>15.839475</LongitudeDegrees>
                        </Position>
                        <AltitudeMeters>6.327978074422239</AltitudeMeters>
                        <DistanceMeters>1669.8104946489154</DistanceMeters>
                    </Trackpoint>
                    <Trackpoint>
                        <Time>2026-08-15T20:06:12.000+02:00</Time>
                        <Position>
                            <LatitudeDegrees>39.644965</LatitudeDegrees>
                            <LongitudeDegrees>15.839475</LongitudeDegrees>
                        </Position>
                        <AltitudeMeters>6.3469421711276235</AltitudeMeters>
                        <DistanceMeters>1672.2197218409538</DistanceMeters>
                    </Trackpoint>
                    <Trackpoint>
                        <Time>2026-08-15T20:06:13.000+02:00</Time>
                        <Position>
                            <LatitudeDegrees>39.64498833333333</LatitudeDegrees>
                            <LongitudeDegrees>15.839475</LongitudeDegrees>
                        </Position>
                        <AltitudeMeters>6.363265162311211</AltitudeMeters>
                        <DistanceMeters>1674.8142742018822</DistanceMeters>
                        <HeartRateBpm>
                            <Value>142</Value>
                        </HeartRateBpm>
                    </Trackpoint>
                    <Trackpoint>
                        <Time>2026-08-15T20:06:14.000+02:00</Time>
                        <Position>
                            <LatitudeDegrees>39.64500833333334</LatitudeDegrees>
                            <LongitudeDegrees>15.839473333333334</LongitudeDegrees>
                        </Position>
                        <AltitudeMeters>6.377143400855917</AltitudeMeters>
                        <DistanceMeters>1677.042749973692</DistanceMeters>
                        <HeartRateBpm>
                            <Value>143</Value>
                        </HeartRateBpm>
                    </Trackpoint>
                    <Trackpoint>
                        <Time>2026-08-15T20:06:15.000+02:00</Time>
                        <Position>
                            <LatitudeDegrees>39.64503</LatitudeDegrees>
                            <LongitudeDegrees>15.839473333333334</LongitudeDegrees>
                        </Position>
                        <AltitudeMeters>6.388770113128426</AltitudeMeters>
                        <DistanceMeters>1679.45197716573</DistanceMeters>
                    </Trackpoint>
                    <Trackpoint>
                        <Time>2026-08-15T20:06:16.000+02:00</Time>
                        <Position>
                            <LatitudeDegrees>39.64505166666667</LatitudeDegrees>
                            <LongitudeDegrees>15.839473333333334</LongitudeDegrees>
                        </Position>
                        <AltitudeMeters>6.398334011155337</AltitudeMeters>
                        <DistanceMeters>1681.8612043577684</DistanceMeters>
                    </Trackpoint>
                    <Trackpoint>
                        <Time>2026-08-15T20:06:17.000+02:00</Time>
                        <Position>
                            <LatitudeDegrees>39.645075</LatitudeDegrees>
                            <LongitudeDegrees>15.839471666666666</LongitudeDegrees>
                        </Position>
                        <AltitudeMeters>6.4060181299519385</AltitudeMeters>
                        <DistanceMeters>1684.4596781346668</DistanceMeters>
                        <HeartRateBpm>
                            <Value>144</Value>
                        </HeartRateBpm>
                    </Trackpoint>
                    <Trackpoint>
                        <Time>2026-08-15T20:06:18.000+02:00</Time>
                        <Position>
                            <LatitudeDegrees>39.64509666666667</LatitudeDegrees>
                            <LongitudeDegrees>15.839471666666666</LongitudeDegrees>
                        </Position>
                        <AltitudeMeters>6.4119988711324</AltitudeMeters>
                        <DistanceMeters>1686.8689053267049</DistanceMeters>
                    </Trackpoint>
                    <Trackpoint>
                        <Time>2026-08-15T20:06:19.000+02:00</Time>
                        <Position>
                            <LatitudeDegrees>39.64512</LatitudeDegrees>
                            <LongitudeDegrees>15.839473333333334</LongitudeDegrees>
                        </Position>
                        <AltitudeMeters>6.416445234497896</AltitudeMeters>
                        <DistanceMeters>1689.4673790985032</DistanceMeters>
                        <HeartRateBpm>
                            <Value>145</Value>
                        </HeartRateBpm>
                    </Trackpoint>
                    <Trackpoint>
                        <Time>2026-08-15T20:06:20.000+02:00</Time>
                        <Position>
                            <LatitudeDegrees>39.64514166666667</LatitudeDegrees>
                            <LongitudeDegrees>15.839471666666666</LongitudeDegrees>
                        </Position>
                        <AltitudeMeters>6.419518219962491</AltitudeMeters>
                        <DistanceMeters>1691.8808288366843</DistanceMeters>
                    </Trackpoint>
                    <Trackpoint>
                        <Time>2026-08-15T20:06:21.000+02:00</Time>
                        <Position>
                            <LatitudeDegrees>39.645165</LatitudeDegrees>
                            <LongitudeDegrees>15.839471666666666</LongitudeDegrees>
                        </Position>
                        <AltitudeMeters>6.421370382916797</AltitudeMeters>
                        <DistanceMeters>1694.475381197613</DistanceMeters>
                    </Trackpoint>
                    <Trackpoint>
                        <Time>2026-08-15T20:06:22.000+02:00</Time>
                        <Position>
                            <LatitudeDegrees>39.64518666666667</LatitudeDegrees>
                            <LongitudeDegrees>15.83947</LongitudeDegrees>
                        </Position>
                        <AltitudeMeters>6.422145526929431</AltitudeMeters>
                        <DistanceMeters>1696.888830930993</DistanceMeters>
                        <HeartRateBpm>
                            <Value>145</Value>
                        </HeartRateBpm>
                    </Trackpoint>
                    <Trackpoint>
                        <Time>2026-08-15T20:06:23.000+02:00</Time>
                        <Position>
                            <LatitudeDegrees>39.64520666666667</LatitudeDegrees>
                            <LongitudeDegrees>15.839466666666667</LongitudeDegrees>
                        </Position>
                        <AltitudeMeters>6.421978518530717</AltitudeMeters>
                        <DistanceMeters>1699.1309718625103</DistanceMeters>
                        <HeartRateBpm>
                            <Value>146</Value>
                        </HeartRateBpm>
                    </Trackpoint>
                    <Trackpoint>
                        <Time>2026-08-15T20:06:24.000+02:00</Time>
                        <Position>
                            <LatitudeDegrees>39.645228333333336</LatitudeDegrees>
                            <LongitudeDegrees>15.839461666666667</LongitudeDegrees>
                        </Position>
                        <AltitudeMeters>6.420995209698288</AltitudeMeters>
                        <DistanceMeters>1701.577939575664</DistanceMeters>
                    </Trackpoint>
                    <Trackpoint>
                        <Time>2026-08-15T20:06:25.000+02:00</Time>
                        <Position>
                            <LatitudeDegrees>39.645248333333335</LatitudeDegrees>
                            <LongitudeDegrees>15.839456666666667</LongitudeDegrees>
                        </Position>
                        <AltitudeMeters>6.419312454557921</AltitudeMeters>
                        <DistanceMeters>1703.8426725446568</DistanceMeters>
                        <HeartRateBpm>
                            <Value>145</Value>
                        </HeartRateBpm>
                    </Trackpoint>
                    <Trackpoint>
                        <Time>2026-08-15T20:06:26.000+02:00</Time>
                        <Position>
                            <LatitudeDegrees>39.645268333333334</LatitudeDegrees>
                            <LongitudeDegrees>15.839451666666667</LongitudeDegrees>
                        </Position>
                        <AltitudeMeters>6.417038207714426</AltitudeMeters>
                        <DistanceMeters>1706.1074054902942</DistanceMeters>
                    </Trackpoint>
                    <Trackpoint>
                        <Time>2026-08-15T20:06:27.000+02:00</Time>
                        <Position>
                            <LatitudeDegrees>39.64529</LatitudeDegrees>
                            <LongitudeDegrees>15.839448333333333</LongitudeDegrees>
                        </Position>
                        <AltitudeMeters>6.414271692527156</AltitudeMeters>
                        <DistanceMeters>1708.5334787002614</DistanceMeters>
                    </Trackpoint>
                    <Trackpoint>
                        <Time>2026-08-15T20:06:28.000+02:00</Time>
                        <Position>
                            <LatitudeDegrees>39.64531</LatitudeDegrees>
                            <LongitudeDegrees>15.839443333333334</LongitudeDegrees>
                        </Position>
                        <AltitudeMeters>6.4111036285346925</AltitudeMeters>
                        <DistanceMeters>1710.7982115970833</DistanceMeters>
                        <HeartRateBpm>
                            <Value>145</Value>
                        </HeartRateBpm>
                    </Trackpoint>
                    <Trackpoint>
                        <Time>2026-08-15T20:06:29.000+02:00</Time>
                        <Position>
                            <LatitudeDegrees>39.645331666666664</LatitudeDegrees>
                            <LongitudeDegrees>15.839441666666666</LongitudeDegrees>
                        </Position>
                        <AltitudeMeters>6.407616508106365</AltitudeMeters>
                        <DistanceMeters>1713.21166131208</DistanceMeters>
                        <HeartRateBpm>
                            <Value>146</Value>
                        </HeartRateBpm>
                    </Trackpoint>
                    <Trackpoint>
                        <Time>2026-08-15T20:06:30.000+02:00</Time>
                        <Position>
                            <LatitudeDegrees>39.64535333333333</LatitudeDegrees>
                            <LongitudeDegrees>15.839438333333334</LongitudeDegrees>
                        </Position>
                        <AltitudeMeters>6.403884913248649</AltitudeMeters>
                        <DistanceMeters>1715.6377344905604</DistanceMeters>
                    </Trackpoint>
                    <Trackpoint>
                        <Time>2026-08-15T20:06:31.000+02:00</Time>
                        <Position>
                            <LatitudeDegrees>39.645375</LatitudeDegrees>
                            <LongitudeDegrees>15.839436666666666</LongitudeDegrees>
                        </Position>
                        <AltitudeMeters>6.399975864317209</AltitudeMeters>
                        <DistanceMeters>1718.0511842009753</DistanceMeters>
                        <HeartRateBpm>
                            <Value>145</Value>
                        </HeartRateBpm>
                    </Trackpoint>
                    <Trackpoint>
                        <Time>2026-08-15T20:06:32.000+02:00</Time>
                        <Position>
                            <LatitudeDegrees>39.64539833333333</LatitudeDegrees>
                            <LongitudeDegrees>15.839436666666666</LongitudeDegrees>
                        </Position>
                        <AltitudeMeters>6.395949193176386</AltitudeMeters>
                        <DistanceMeters>1720.6457365611966</DistanceMeters>
                    </Trackpoint>
                    <Trackpoint>
                        <Time>2026-08-15T20:06:33.000+02:00</Time>
                        <Position>
                            <LatitudeDegrees>39.64542</LatitudeDegrees>
                            <LongitudeDegrees>15.839436666666666</LongitudeDegrees>
                        </Position>
                        <AltitudeMeters>6.391857934104086</AltitudeMeters>
                        <DistanceMeters>1723.0549637539423</DistanceMeters>
                    </Trackpoint>
                    <Trackpoint>
                        <Time>2026-08-15T20:06:34.000+02:00</Time>
                        <Position>
                            <LatitudeDegrees>39.64544333333333</LatitudeDegrees>
                            <LongitudeDegrees>15.839435</LongitudeDegrees>
                        </Position>
                        <AltitudeMeters>6.387748726458903</AltitudeMeters>
                        <DistanceMeters>1725.6534374883738</DistanceMeters>
                        <HeartRateBpm>
                            <Value>145</Value>
                        </HeartRateBpm>
                    </Trackpoint>
                    <Trackpoint>
                        <Time>2026-08-15T20:06:35.000+02:00</Time>
                        <Position>
                            <LatitudeDegrees>39.645465</LatitudeDegrees>
                            <LongitudeDegrees>15.839433333333334</LongitudeDegrees>
                        </Position>
                        <AltitudeMeters>6.383662223806015</AltitudeMeters>
                        <DistanceMeters>1728.0668871877904</DistanceMeters>
                        <HeartRateBpm>
                            <Value>146</Value>
                        </HeartRateBpm>
                    </Trackpoint>
                    <Trackpoint>
                        <Time>2026-08-15T20:06:36.000+02:00</Time>
                        <Position>
                            <LatitudeDegrees>39.64548833333333</LatitudeDegrees>
                            <LongitudeDegrees>15.839431666666666</LongitudeDegrees>
                        </Position>
                        <AltitudeMeters>6.379633504837956</AltitudeMeters>
                        <DistanceMeters>1730.6653609171221</DistanceMeters>
                        <HeartRateBpm>
                            <Value>146</Value>
                        </HeartRateBpm>
                    </Trackpoint>
                    <Trackpoint>
                        <Time>2026-08-15T20:06:37.000+02:00</Time>
                        <Position>
                            <LatitudeDegrees>39.64551</LatitudeDegrees>
                            <LongitudeDegrees>15.839428333333334</LongitudeDegrees>
                        </Position>
                        <AltitudeMeters>6.375692482024881</AltitudeMeters>
                        <DistanceMeters>1733.0914340202662</DistanceMeters>
                    </Trackpoint>
                    <Trackpoint>
                        <Time>2026-08-15T20:06:38.000+02:00</Time>
                        <Position>
                            <LatitudeDegrees>39.64553333333333</LatitudeDegrees>
                            <LongitudeDegrees>15.839425</LongitudeDegrees>
                        </Position>
                        <AltitudeMeters>6.3718643044864605</AltitudeMeters>
                        <DistanceMeters>1735.7016364905678</DistanceMeters>
                    </Trackpoint>
                    <Trackpoint>
                        <Time>2026-08-15T20:06:39.000+02:00</Time>
                        <Position>
                            <LatitudeDegrees>39.645556666666664</LatitudeDegrees>
                            <LongitudeDegrees>15.839423333333333</LongitudeDegrees>
                        </Position>
                        <AltitudeMeters>6.36816975209416</AltitudeMeters>
                        <DistanceMeters>1738.3001102121698</DistanceMeters>
                        <HeartRateBpm>
                            <Value>146</Value>
                        </HeartRateBpm>
                    </Trackpoint>
                    <Trackpoint>
                        <Time>2026-08-15T20:06:40.000+02:00</Time>
                        <Position>
                            <LatitudeDegrees>39.64558</LatitudeDegrees>
                            <LongitudeDegrees>15.839421666666667</LongitudeDegrees>
                        </Position>
                        <AltitudeMeters>6.364625618289</AltitudeMeters>
                        <DistanceMeters>1740.8985839325248</DistanceMeters>
                    </Trackpoint>
                    <Trackpoint>
                        <Time>2026-08-15T20:06:41.000+02:00</Time>
                        <Position>
                            <LatitudeDegrees>39.645601666666664</LatitudeDegrees>
                            <LongitudeDegrees>15.83942</LongitudeDegrees>
                        </Position>
                        <AltitudeMeters>6.361245079536789</AltitudeMeters>
                        <DistanceMeters>1743.3120336138525</DistanceMeters>
                        <HeartRateBpm>
                            <Value>147</Value>
                        </HeartRateBpm>
                    </Trackpoint>
                    <Trackpoint>
                        <Time>2026-08-15T20:06:42.000+02:00</Time>
                        <Position>
                            <LatitudeDegrees>39.645625</LatitudeDegrees>
                            <LongitudeDegrees>15.83942</LongitudeDegrees>
                        </Position>
                        <AltitudeMeters>6.358038049741508</AltitudeMeters>
                        <DistanceMeters>1745.9065859754883</DistanceMeters>
                    </Trackpoint>
                    <Trackpoint>
                        <Time>2026-08-15T20:06:43.000+02:00</Time>
                        <Position>
                            <LatitudeDegrees>39.645646666666664</LatitudeDegrees>
                            <LongitudeDegrees>15.83942</LongitudeDegrees>
                        </Position>
                        <AltitudeMeters>6.355011518299184</AltitudeMeters>
                        <DistanceMeters>1748.315813166819</DistanceMeters>
                    </Trackpoint>
                    <Trackpoint>
                        <Time>2026-08-15T20:06:44.000+02:00</Time>
                        <Position>
                            <LatitudeDegrees>39.64567</LatitudeDegrees>
                            <LongitudeDegrees>15.83942</LongitudeDegrees>
                        </Position>
                        <AltitudeMeters>6.35216987080087</AltitudeMeters>
                        <DistanceMeters>1750.9103655284548</DistanceMeters>
                        <HeartRateBpm>
                            <Value>147</Value>
                        </HeartRateBpm>
                    </Trackpoint>
                    <Trackpoint>
                        <Time>2026-08-15T20:06:45.000+02:00</Time>
                        <Position>
                            <LatitudeDegrees>39.645691666666664</LatitudeDegrees>
                            <LongitudeDegrees>15.839418333333333</LongitudeDegrees>
                        </Position>
                        <AltitudeMeters>6.3495151916857875</AltitudeMeters>
                        <DistanceMeters>1753.3238151988164</DistanceMeters>
                    </Trackpoint>
                    <Trackpoint>
                        <Time>2026-08-15T20:06:46.000+02:00</Time>
                        <Position>
                            <LatitudeDegrees>39.645715</LatitudeDegrees>
                            <LongitudeDegrees>15.839418333333333</LongitudeDegrees>
                        </Position>
                        <AltitudeMeters>6.34704754840608</AltitudeMeters>
                        <DistanceMeters>1755.918367560452</DistanceMeters>
                        <HeartRateBpm>
                            <Value>148</Value>
                        </HeartRateBpm>
                    </Trackpoint>
                    <Trackpoint>
                        <Time>2026-08-15T20:06:47.000+02:00</Time>
                        <Position>
                            <LatitudeDegrees>39.645738333333334</LatitudeDegrees>
                            <LongitudeDegrees>15.839416666666667</LongitudeDegrees>
                        </Position>
                        <AltitudeMeters>6.344765256894722</AltitudeMeters>
                        <DistanceMeters>1758.5168412614498</DistanceMeters>
                    </Trackpoint>
                    <Trackpoint>
                        <Time>2026-08-15T20:06:48.000+02:00</Time>
                        <Position>
                            <LatitudeDegrees>39.645761666666665</LatitudeDegrees>
                            <LongitudeDegrees>15.839413333333333</LongitudeDegrees>
                        </Position>
                        <AltitudeMeters>6.3426651283298465</AltitudeMeters>
                        <DistanceMeters>1761.1270436287032</DistanceMeters>
                        <HeartRateBpm>
                            <Value>147</Value>
                        </HeartRateBpm>
                    </Trackpoint>
                    <Trackpoint>
                        <Time>2026-08-15T20:06:49.000+02:00</Time>
                        <Position>
                            <LatitudeDegrees>39.645785000000004</LatitudeDegrees>
                            <LongitudeDegrees>15.839411666666667</LongitudeDegrees>
                        </Position>
                        <AltitudeMeters>6.340742697363897</AltitudeMeters>
                        <DistanceMeters>1763.725517325118</DistanceMeters>
                    </Trackpoint>
                    <Trackpoint>
                        <Time>2026-08-15T20:06:50.000+02:00</Time>
                        <Position>
                            <LatitudeDegrees>39.64581</LatitudeDegrees>
                            <LongitudeDegrees>15.839406666666667</LongitudeDegrees>
                        </Position>
                        <AltitudeMeters>6.338992432136485</AltitudeMeters>
                        <DistanceMeters>1766.5381657790183</DistanceMeters>
                        <HeartRateBpm>
                            <Value>148</Value>
                        </HeartRateBpm>
                    </Trackpoint>
                    <Trackpoint>
                        <Time>2026-08-15T20:06:51.000+02:00</Time>
                        <Position>
                            <LatitudeDegrees>39.645833333333336</LatitudeDegrees>
                            <LongitudeDegrees>15.839401666666667</LongitudeDegrees>
                        </Position>
                        <AltitudeMeters>6.337407926517486</AltitudeMeters>
                        <DistanceMeters>1769.1677996078736</DistanceMeters>
                    </Trackpoint>
                    <Trackpoint>
                        <Time>2026-08-15T20:06:52.000+02:00</Time>
                        <Position>
                            <LatitudeDegrees>39.64585666666667</LatitudeDegrees>
                            <LongitudeDegrees>15.839396666666667</LongitudeDegrees>
                        </Position>
                        <AltitudeMeters>6.335982075133559</AltitudeMeters>
                        <DistanceMeters>1771.7974334131663</DistanceMeters>
                    </Trackpoint>
                    <Trackpoint>
                        <Time>2026-08-15T20:06:53.000+02:00</Time>
                        <Position>
                            <LatitudeDegrees>39.64588</LatitudeDegrees>
                            <LongitudeDegrees>15.839391666666666</LongitudeDegrees>
                        </Position>
                        <AltitudeMeters>6.334707231818716</AltitudeMeters>
                        <DistanceMeters>1774.427067195029</DistanceMeters>
                        <HeartRateBpm>
                            <Value>148</Value>
                        </HeartRateBpm>
                    </Trackpoint>
                    <Trackpoint>
                        <Time>2026-08-15T20:06:54.000+02:00</Time>
                        <Position>
                            <LatitudeDegrees>39.64590166666667</LatitudeDegrees>
                            <LongitudeDegrees>15.839386666666666</LongitudeDegrees>
                        </Position>
                        <AltitudeMeters>6.333575352199451</AltitudeMeters>
                        <DistanceMeters>1776.8740341781456</DistanceMeters>
                    </Trackpoint>
                    <Trackpoint>
                        <Time>2026-08-15T20:06:55.000+02:00</Time>
                        <Position>
                            <LatitudeDegrees>39.645925</LatitudeDegrees>
                            <LongitudeDegrees>15.839383333333334</LongitudeDegrees>
                        </Position>
                        <AltitudeMeters>6.332578121179078</AltitudeMeters>
                        <DistanceMeters>1779.4842364716856</DistanceMeters>
                    </Trackpoint>
                    <Trackpoint>
                        <Time>2026-08-15T20:06:56.000+02:00</Time>
                        <Position>
                            <LatitudeDegrees>39.64594833333334</LatitudeDegrees>
                            <LongitudeDegrees>15.839381666666666</LongitudeDegrees>
                        </Position>
                        <AltitudeMeters>6.331707066125692</AltitudeMeters>
                        <DistanceMeters>1782.082710149589</DistanceMeters>
                        <HeartRateBpm>
                            <Value>149</Value>
                        </HeartRateBpm>
                    </Trackpoint>
                    <Trackpoint>
                        <Time>2026-08-15T20:06:57.000+02:00</Time>
                        <Position>
                            <LatitudeDegrees>39.64597</LatitudeDegrees>
                            <LongitudeDegrees>15.83938</LongitudeDegrees>
                        </Position>
                        <AltitudeMeters>6.330953656595269</AltitudeMeters>
                        <DistanceMeters>1784.496159786677</DistanceMeters>
                    </Trackpoint>
                    <Trackpoint>
                        <Time>2026-08-15T20:06:58.000+02:00</Time>
                        <Position>
                            <LatitudeDegrees>39.64599166666667</LatitudeDegrees>
                            <LongitudeDegrees>15.839378333333332</LongitudeDegrees>
                        </Position>
                        <AltitudeMeters>6.330309391437172</AltitudeMeters>
                        <DistanceMeters>1786.9096094211372</DistanceMeters>
                        <HeartRateBpm>
                            <Value>148</Value>
                        </HeartRateBpm>
                    </Trackpoint>
                    <Trackpoint>
                        <Time>2026-08-15T20:06:59.000+02:00</Time>
                        <Position>
                            <LatitudeDegrees>39.646015</LatitudeDegrees>
                            <LongitudeDegrees>15.839375</LongitudeDegrees>
                        </Position>
                        <AltitudeMeters>6.369871879775168</AltitudeMeters>
                        <DistanceMeters>1789.5198116740594</DistanceMeters>
                    </Trackpoint>
                    <Trackpoint>
                        <Time>2026-08-15T20:07:00.000+02:00</Time>
                        <Position>
                            <LatitudeDegrees>39.64603666666667</LatitudeDegrees>
                            <LongitudeDegrees>15.83937</LongitudeDegrees>
                        </Position>
                        <AltitudeMeters>6.406694508343556</AltitudeMeters>
                        <DistanceMeters>1791.9667785109466</DistanceMeters>
                    </Trackpoint>
                    <Trackpoint>
                        <Time>2026-08-15T20:07:01.000+02:00</Time>
                        <Position>
                            <LatitudeDegrees>39.646058333333336</LatitudeDegrees>
                            <LongitudeDegrees>15.839365</LongitudeDegrees>
                        </Position>
                        <AltitudeMeters>6.440795662498917</AltitudeMeters>
                        <DistanceMeters>1794.4137453250135</DistanceMeters>
                        <HeartRateBpm>
                            <Value>148</Value>
                        </HeartRateBpm>
                    </Trackpoint>
                    <Trackpoint>
                        <Time>2026-08-15T20:07:02.000+02:00</Time>
                        <Position>
                            <LatitudeDegrees>39.64608</LatitudeDegrees>
                            <LongitudeDegrees>15.83936</LongitudeDegrees>
                        </Position>
                        <AltitudeMeters>6.4722166581469995</AltitudeMeters>
                        <DistanceMeters>1796.860712114314</DistanceMeters>
                    </Trackpoint>
                    <Trackpoint>
                        <Time>2026-08-15T20:07:03.000+02:00</Time>
                        <Position>
                            <LatitudeDegrees>39.646103333333336</LatitudeDegrees>
                            <LongitudeDegrees>15.839356666666667</LongitudeDegrees>
                        </Position>
                        <AltitudeMeters>6.501018331627304</AltitudeMeters>
                        <DistanceMeters>1799.4709143280736</DistanceMeters>
                    </Trackpoint>
                    <Trackpoint>
                        <Time>2026-08-15T20:07:04.000+02:00</Time>
                        <Position>
                            <LatitudeDegrees>39.646125</LatitudeDegrees>
                            <LongitudeDegrees>15.839353333333333</LongitudeDegrees>
                        </Position>
                        <AltitudeMeters>6.527277897613512</AltitudeMeters>
                        <DistanceMeters>1801.8969871311936</DistanceMeters>
                        <HeartRateBpm>
                            <Value>148</Value>
                        </HeartRateBpm>
                    </Trackpoint>
                    <Trackpoint>
                        <Time>2026-08-15T20:07:05.000+02:00</Time>
                        <Position>
                            <LatitudeDegrees>39.646143333333335</LatitudeDegrees>
                            <LongitudeDegrees>15.839351666666667</LongitudeDegrees>
                        </Position>
                        <AltitudeMeters>6.551086068946146</AltitudeMeters>
                        <DistanceMeters>1803.940552393501</DistanceMeters>
                    </Trackpoint>
                    <Trackpoint>
                        <Time>2026-08-15T20:07:06.000+02:00</Time>
                        <Position>
                            <LatitudeDegrees>39.646161666666664</LatitudeDegrees>
                            <LongitudeDegrees>15.83935</LongitudeDegrees>
                        </Position>
                        <AltitudeMeters>6.572544430675967</AltitudeMeters>
                        <DistanceMeters>1805.9841176517555</DistanceMeters>
                    </Trackpoint>
                    <Trackpoint>
                        <Time>2026-08-15T20:07:07.000+02:00</Time>
                        <Position>
                            <LatitudeDegrees>39.646175</LatitudeDegrees>
                            <LongitudeDegrees>15.839348333333334</LongitudeDegrees>
                        </Position>
                        <AltitudeMeters>6.591763059246838</AltitudeMeters>
                        <DistanceMeters>1807.473570613337</DistanceMeters>
                        <HeartRateBpm>
                            <Value>149</Value>
                        </HeartRateBpm>
                    </Trackpoint>
                    <Trackpoint>
                        <Time>2026-08-15T20:07:08.000+02:00</Time>
                        <Position>
                            <LatitudeDegrees>39.64618333333333</LatitudeDegrees>
                            <LongitudeDegrees>15.83935</LongitudeDegrees>
                        </Position>
                        <AltitudeMeters>6.608858376659557</AltitudeMeters>
                        <DistanceMeters>1808.4111199787674</DistanceMeters>
                    </Trackpoint>
                    <Trackpoint>
                        <Time>2026-08-15T20:07:09.000+02:00</Time>
                        <Position>
                            <LatitudeDegrees>39.64618333333333</LatitudeDegrees>
                            <LongitudeDegrees>15.839355</LongitudeDegrees>
                        </Position>
                        <AltitudeMeters>6.623951228608998</AltitudeMeters>
                        <DistanceMeters>1808.83922067143</DistanceMeters>
                        <HeartRateBpm>
                            <Value>147</Value>
                        </HeartRateBpm>
                    </Trackpoint>
                    <Trackpoint>
                        <Time>2026-08-15T20:07:10.000+02:00</Time>
                        <Position>
                            <LatitudeDegrees>39.646175</LatitudeDegrees>
                            <LongitudeDegrees>15.839358333333333</LongitudeDegrees>
                        </Position>
                        <AltitudeMeters>6.637165174952368</AltitudeMeters>
                        <DistanceMeters>1809.8088024821038</DistanceMeters>
                    </Trackpoint>
                    <Trackpoint>
                        <Time>2026-08-15T20:07:11.000+02:00</Time>
                        <Position>
                            <LatitudeDegrees>39.646161666666664</LatitudeDegrees>
                            <LongitudeDegrees>15.839365</LongitudeDegrees>
                        </Position>
                        <AltitudeMeters>6.648624980424011</AltitudeMeters>
                        <DistanceMeters>1811.397487660468</DistanceMeters>
                    </Trackpoint>
                    <Trackpoint>
                        <Time>2026-08-15T20:07:12.000+02:00</Time>
                        <Position>
                            <LatitudeDegrees>39.646145</LatitudeDegrees>
                            <LongitudeDegrees>15.839368333333333</LongitudeDegrees>
                        </Position>
                        <AltitudeMeters>6.65845529324078</AltitudeMeters>
                        <DistanceMeters>1813.27258640616</DistanceMeters>
                        <HeartRateBpm>
                            <Value>147</Value>
                        </HeartRateBpm>
                    </Trackpoint>
                    <Trackpoint>
                        <Time>2026-08-15T20:07:13.000+02:00</Time>
                        <Position>
                            <LatitudeDegrees>39.646125</LatitudeDegrees>
                            <LongitudeDegrees>15.839371666666667</LongitudeDegrees>
                        </Position>
                        <AltitudeMeters>6.666779499121483</AltitudeMeters>
                        <DistanceMeters>1815.5147268453516</DistanceMeters>
                        <HeartRateBpm>
                            <Value>145</Value>
                        </HeartRateBpm>
                    </Trackpoint>
                    <Trackpoint>
                        <Time>2026-08-15T20:07:14.000+02:00</Time>
                        <Position>
                            <LatitudeDegrees>39.646105</LatitudeDegrees>
                            <LongitudeDegrees>15.839375</LongitudeDegrees>
                        </Position>
                        <AltitudeMeters>6.713824743895667</AltitudeMeters>
                        <DistanceMeters>1817.7568672943842</DistanceMeters>
                    </Trackpoint>
                    <Trackpoint>
                        <Time>2026-08-15T20:07:15.000+02:00</Time>
                        <Position>
                            <LatitudeDegrees>39.64609</LatitudeDegrees>
                            <LongitudeDegrees>15.83938</LongitudeDegrees>
                        </Position>
                        <AltitudeMeters>6.756770703992641</AltitudeMeters>
                        <DistanceMeters>1819.4788572848163</DistanceMeters>
                        <HeartRateBpm>
                            <Value>146</Value>
                        </HeartRateBpm>
                    </Trackpoint>
                    <Trackpoint>
                        <Time>2026-08-15T20:07:16.000+02:00</Time>
                        <Position>
                            <LatitudeDegrees>39.646075</LatitudeDegrees>
                            <LongitudeDegrees>15.839385</LongitudeDegrees>
                        </Position>
                        <AltitudeMeters>6.7957580591775875</AltitudeMeters>
                        <DistanceMeters>1821.2008472975838</DistanceMeters>
                    </Trackpoint>
                    <Trackpoint>
                        <Time>2026-08-15T20:07:17.000+02:00</Time>
                        <Position>
                            <LatitudeDegrees>39.64606</LatitudeDegrees>
                            <LongitudeDegrees>15.83939</LongitudeDegrees>
                        </Position>
                        <AltitudeMeters>6.830945812145291</AltitudeMeters>
                        <DistanceMeters>1822.922837334192</DistanceMeters>
                        <HeartRateBpm>
                            <Value>145</Value>
                        </HeartRateBpm>
                    </Trackpoint>
                    <Trackpoint>
                        <Time>2026-08-15T20:07:18.000+02:00</Time>
                        <Position>
                            <LatitudeDegrees>39.646045</LatitudeDegrees>
                            <LongitudeDegrees>15.839393333333334</LongitudeDegrees>
                        </Position>
                        <AltitudeMeters>6.862507389784617</AltitudeMeters>
                        <DistanceMeters>1824.6150053521392</DistanceMeters>
                    </Trackpoint>
                    <Trackpoint>
                        <Time>2026-08-15T20:07:19.000+02:00</Time>
                        <Position>
                            <LatitudeDegrees>39.646028333333334</LatitudeDegrees>
                            <LongitudeDegrees>15.839395</LongitudeDegrees>
                        </Position>
                        <AltitudeMeters>6.890627124403216</AltitudeMeters>
                        <DistanceMeters>1826.4737428952567</DistanceMeters>
                    </Trackpoint>
                    <Trackpoint>
                        <Time>2026-08-15T20:07:20.000+02:00</Time>
                        <Position>
                            <LatitudeDegrees>39.64601</LatitudeDegrees>
                            <LongitudeDegrees>15.839396666666667</LongitudeDegrees>
                        </Position>
                        <AltitudeMeters>6.9154970975697605</AltitudeMeters>
                        <DistanceMeters>1828.5173081741561</DistanceMeters>
                        <HeartRateBpm>
                            <Value>145</Value>
                        </HeartRateBpm>
                    </Trackpoint>
                    <Trackpoint>
                        <Time>2026-08-15T20:07:21.000+02:00</Time>
                        <Position>
                            <LatitudeDegrees>39.64599</LatitudeDegrees>
                            <LongitudeDegrees>15.8394</LongitudeDegrees>
                        </Position>
                        <AltitudeMeters>6.9373143281404825</AltitudeMeters>
                        <DistanceMeters>1830.7594486835744</DistanceMeters>
                        <HeartRateBpm>
                            <Value>144</Value>
                        </HeartRateBpm>
                    </Trackpoint>
                    <Trackpoint>
                        <Time>2026-08-15T20:07:22.000+02:00</Time>
                        <Position>
                            <LatitudeDegrees>39.64597</LatitudeDegrees>
                            <LongitudeDegrees>15.839403333333333</LongitudeDegrees>
                        </Position>
                        <AltitudeMeters>6.956278285261859</AltitudeMeters>
                        <DistanceMeters>1833.0015892035003</DistanceMeters>
                    </Trackpoint>
                    <Trackpoint>
                        <Time>2026-08-15T20:07:23.000+02:00</Time>
                        <Position>
                            <LatitudeDegrees>39.64594833333334</LatitudeDegrees>
                            <LongitudeDegrees>15.839406666666667</LongitudeDegrees>
                        </Position>
                        <AltitudeMeters>6.972588706647549</AltitudeMeters>
                        <DistanceMeters>1835.427662082585</DistanceMeters>
                        <HeartRateBpm>
                            <Value>146</Value>
                        </HeartRateBpm>
                    </Trackpoint>
                    <Trackpoint>
                        <Time>2026-08-15T20:07:24.000+02:00</Time>
                        <Position>
                            <LatitudeDegrees>39.645925</LatitudeDegrees>
                            <LongitudeDegrees>15.839411666666667</LongitudeDegrees>
                        </Position>
                        <AltitudeMeters>6.946337696542627</AltitudeMeters>
                        <DistanceMeters>1838.0572957955274</DistanceMeters>
                    </Trackpoint>
                    <Trackpoint>
                        <Time>2026-08-15T20:07:25.000+02:00</Time>
                        <Position>
                            <LatitudeDegrees>39.64590333333334</LatitudeDegrees>
                            <LongitudeDegrees>15.839415</LongitudeDegrees>
                        </Position>
                        <AltitudeMeters>6.920658491771825</AltitudeMeters>
                        <DistanceMeters>1840.4833686964298</DistanceMeters>
                        <HeartRateBpm>
                            <Value>145</Value>
                        </HeartRateBpm>
                    </Trackpoint>
                    <Trackpoint>
                        <Time>2026-08-15T20:07:26.000+02:00</Time>
                        <Position>
                            <LatitudeDegrees>39.64588</LatitudeDegrees>
                            <LongitudeDegrees>15.839418333333333</LongitudeDegrees>
                        </Position>
                        <AltitudeMeters>6.895714909579958</AltitudeMeters>
                        <DistanceMeters>1843.093570999748</DistanceMeters>
                    </Trackpoint>
                    <Trackpoint>
                        <Time>2026-08-15T20:07:27.000+02:00</Time>
                        <Position>
                            <LatitudeDegrees>39.64585833333334</LatitudeDegrees>
                            <LongitudeDegrees>15.83942</LongitudeDegrees>
                        </Position>
                        <AltitudeMeters>6.871642301362667</AltitudeMeters>
                        <DistanceMeters>1845.5070206478342</DistanceMeters>
                    </Trackpoint>
                    <Trackpoint>
                        <Time>2026-08-15T20:07:28.000+02:00</Time>
                        <Position>
                            <LatitudeDegrees>39.64583666666667</LatitudeDegrees>
                            <LongitudeDegrees>15.839423333333333</LongitudeDegrees>
                        </Position>
                        <AltitudeMeters>6.848550047024632</AltitudeMeters>
                        <DistanceMeters>1847.9330935811074</DistanceMeters>
                        <HeartRateBpm>
                            <Value>145</Value>
                        </HeartRateBpm>
                    </Trackpoint>
                    <Trackpoint>
                        <Time>2026-08-15T20:07:29.000+02:00</Time>
                        <Position>
                            <LatitudeDegrees>39.645815</LatitudeDegrees>
                            <LongitudeDegrees>15.839423333333333</LongitudeDegrees>
                        </Position>
                        <AltitudeMeters>6.826523962240397</AltitudeMeters>
                        <DistanceMeters>1850.342320773853</DistanceMeters>
                    </Trackpoint>
                    <Trackpoint>
                        <Time>2026-08-15T20:07:30.000+02:00</Time>
                        <Position>
                            <LatitudeDegrees>39.64579333333333</LatitudeDegrees>
                            <LongitudeDegrees>15.839425</LongitudeDegrees>
                        </Position>
                        <AltitudeMeters>6.765522602039741</AltitudeMeters>
                        <DistanceMeters>1852.755770430577</DistanceMeters>
                    </Trackpoint>
                    <Trackpoint>
                        <Time>2026-08-15T20:07:31.000+02:00</Time>
                        <Position>
                            <LatitudeDegrees>39.64577166666667</LatitudeDegrees>
                            <LongitudeDegrees>15.839425</LongitudeDegrees>
                        </Position>
                        <AltitudeMeters>6.708529860506547</AltitudeMeters>
                        <DistanceMeters>1855.1649976219078</DistanceMeters>
                        <HeartRateBpm>
                            <Value>146</Value>
                        </HeartRateBpm>
                    </Trackpoint>
                    <Trackpoint>
                        <Time>2026-08-15T20:07:32.000+02:00</Time>
                        <Position>
                            <LatitudeDegrees>39.64575166666667</LatitudeDegrees>
                            <LongitudeDegrees>15.839425</LongitudeDegrees>
                        </Position>
                        <AltitudeMeters>6.655547893654228</AltitudeMeters>
                        <DistanceMeters>1857.3888996450557</DistanceMeters>
                    </Trackpoint>
                    <Trackpoint>
                        <Time>2026-08-15T20:07:33.000+02:00</Time>
                        <Position>
                            <LatitudeDegrees>39.64573166666667</LatitudeDegrees>
                            <LongitudeDegrees>15.839425</LongitudeDegrees>
                        </Position>
                        <AltitudeMeters>6.6065412045101475</AltitudeMeters>
                        <DistanceMeters>1859.6128016689108</DistanceMeters>
                    </Trackpoint>
                    <Trackpoint>
                        <Time>2026-08-15T20:07:34.000+02:00</Time>
                        <Position>
                            <LatitudeDegrees>39.64571333333333</LatitudeDegrees>
                            <LongitudeDegrees>15.839423333333333</LongitudeDegrees>
                        </Position>
                        <AltitudeMeters>6.561441941312304</AltitudeMeters>
                        <DistanceMeters>1861.6563669898578</DistanceMeters>
                        <HeartRateBpm>
                            <Value>146</Value>
                        </HeartRateBpm>
                    </Trackpoint>
                    <Trackpoint>
                        <Time>2026-08-15T20:07:35.000+02:00</Time>
                        <Position>
                            <LatitudeDegrees>39.645693333333334</LatitudeDegrees>
                            <LongitudeDegrees>15.839425</LongitudeDegrees>
                        </Position>
                        <AltitudeMeters>6.520154798178243</AltitudeMeters>
                        <DistanceMeters>1863.8848426685167</DistanceMeters>
                    </Trackpoint>
                    <Trackpoint>
                        <Time>2026-08-15T20:07:36.000+02:00</Time>
                        <Position>
                            <LatitudeDegrees>39.645673333333335</LatitudeDegrees>
                            <LongitudeDegrees>15.839428333333334</LongitudeDegrees>
                        </Position>
                        <AltitudeMeters>6.482561525031382</AltitudeMeters>
                        <DistanceMeters>1866.1269833443093</DistanceMeters>
                        <HeartRateBpm>
                            <Value>144</Value>
                        </HeartRateBpm>
                    </Trackpoint>
                    <Trackpoint>
                        <Time>2026-08-15T20:07:37.000+02:00</Time>
                        <Position>
                            <LatitudeDegrees>39.645653333333335</LatitudeDegrees>
                            <LongitudeDegrees>15.839433333333334</LongitudeDegrees>
                        </Position>
                        <AltitudeMeters>6.44852505631532</AltitudeMeters>
                        <DistanceMeters>1868.3917158166546</DistanceMeters>
                    </Trackpoint>
                    <Trackpoint>
                        <Time>2026-08-15T20:07:38.000+02:00</Time>
                        <Position>
                            <LatitudeDegrees>39.64563166666667</LatitudeDegrees>
                            <LongitudeDegrees>15.839438333333334</LongitudeDegrees>
                        </Position>
                        <AltitudeMeters>6.417893270321149</AltitudeMeters>
                        <DistanceMeters>1870.8386830687612</DistanceMeters>
                    </Trackpoint>
                    <Trackpoint>
                        <Time>2026-08-15T20:07:39.000+02:00</Time>
                        <Position>
                            <LatitudeDegrees>39.64561166666667</LatitudeDegrees>
                            <LongitudeDegrees>15.839443333333334</LongitudeDegrees>
                        </Position>
                        <AltitudeMeters>6.390502392834334</AltitudeMeters>
                        <DistanceMeters>1873.1034155898706</DistanceMeters>
                        <HeartRateBpm>
                            <Value>144</Value>
                        </HeartRateBpm>
                    </Trackpoint>
                    <Trackpoint>
                        <Time>2026-08-15T20:07:40.000+02:00</Time>
                        <Position>
                            <LatitudeDegrees>39.64559</LatitudeDegrees>
                            <LongitudeDegrees>15.839446666666667</LongitudeDegrees>
                        </Position>
                        <AltitudeMeters>6.326074054673243</AltitudeMeters>
                        <DistanceMeters>1875.529488642915</DistanceMeters>
                        <HeartRateBpm>
                            <Value>143</Value>
                        </HeartRateBpm>
                    </Trackpoint>
                    <Trackpoint>
                        <Time>2026-08-15T20:07:41.000+02:00</Time>
                        <Position>
                            <LatitudeDegrees>39.64557</LatitudeDegrees>
                            <LongitudeDegrees>15.839448333333333</LongitudeDegrees>
                        </Position>
                        <AltitudeMeters>6.267368427867287</AltitudeMeters>
                        <DistanceMeters>1877.7579643378558</DistanceMeters>
                    </Trackpoint>
                    <Trackpoint>
                        <Time>2026-08-15T20:07:42.000+02:00</Time>
                        <Position>
                            <LatitudeDegrees>39.64555</LatitudeDegrees>
                            <LongitudeDegrees>15.839448333333333</LongitudeDegrees>
                        </Position>
                        <AltitudeMeters>6.214177491230147</AltitudeMeters>
                        <DistanceMeters>1879.9818663610035</DistanceMeters>
                    </Trackpoint>
                    <Trackpoint>
                        <Time>2026-08-15T20:07:43.000+02:00</Time>
                        <Position>
                            <LatitudeDegrees>39.64552833333333</LatitudeDegrees>
                            <LongitudeDegrees>15.839446666666667</LongitudeDegrees>
                        </Position>
                        <AltitudeMeters>6.166269286732715</AltitudeMeters>
                        <DistanceMeters>1882.3953160500482</DistanceMeters>
                        <HeartRateBpm>
                            <Value>143</Value>
                        </HeartRateBpm>
                    </Trackpoint>
                    <Trackpoint>
                        <Time>2026-08-15T20:07:44.000+02:00</Time>
                        <Position>
                            <LatitudeDegrees>39.64550833333333</LatitudeDegrees>
                            <LongitudeDegrees>15.839446666666667</LongitudeDegrees>
                        </Position>
                        <AltitudeMeters>6.123393238596763</AltitudeMeters>
                        <DistanceMeters>1884.619218073196</DistanceMeters>
                    </Trackpoint>
                    <Trackpoint>
                        <Time>2026-08-15T20:07:45.000+02:00</Time>
                        <Position>
                            <LatitudeDegrees>39.64548833333333</LatitudeDegrees>
                            <LongitudeDegrees>15.839448333333333</LongitudeDegrees>
                        </Position>
                        <AltitudeMeters>6.085284944115388</AltitudeMeters>
                        <DistanceMeters>1886.8476937789292</DistanceMeters>
                    </Trackpoint>
                    <Trackpoint>
                        <Time>2026-08-15T20:07:46.000+02:00</Time>
                        <Position>
                            <LatitudeDegrees>39.64546833333333</LatitudeDegrees>
                            <LongitudeDegrees>15.83945</LongitudeDegrees>
                        </Position>
                        <AltitudeMeters>6.051670461257829</AltitudeMeters>
                        <DistanceMeters>1889.0761694865994</DistanceMeters>
                        <HeartRateBpm>
                            <Value>143</Value>
                        </HeartRateBpm>
                    </Trackpoint>
                    <Trackpoint>
                        <Time>2026-08-15T20:07:47.000+02:00</Time>
                        <Position>
                            <LatitudeDegrees>39.645448333333334</LatitudeDegrees>
                            <LongitudeDegrees>15.839453333333333</LongitudeDegrees>
                        </Position>
                        <AltitudeMeters>5.982164113858848</AltitudeMeters>
                        <DistanceMeters>1891.3183102806395</DistanceMeters>
                    </Trackpoint>
                    <Trackpoint>
                        <Time>2026-08-15T20:07:48.000+02:00</Time>
                        <Position>
                            <LatitudeDegrees>39.645426666666665</LatitudeDegrees>
                            <LongitudeDegrees>15.839455</LongitudeDegrees>
                        </Position>
                        <AltitudeMeters>5.919422250157408</AltitudeMeters>
                        <DistanceMeters>1893.7317599820897</DistanceMeters>
                    </Trackpoint>
                    <Trackpoint>
                        <Time>2026-08-15T20:07:49.000+02:00</Time>
                        <Position>
                            <LatitudeDegrees>39.645406666666666</LatitudeDegrees>
                            <LongitudeDegrees>15.839458333333333</LongitudeDegrees>
                        </Position>
                        <AltitudeMeters>5.863137016170824</AltitudeMeters>
                        <DistanceMeters>1895.9739007980213</DistanceMeters>
                        <HeartRateBpm>
                            <Value>143</Value>
                        </HeartRateBpm>
                    </Trackpoint>
                    <Trackpoint>
                        <Time>2026-08-15T20:07:50.000+02:00</Time>
                        <Position>
                            <LatitudeDegrees>39.64538666666667</LatitudeDegrees>
                            <LongitudeDegrees>15.839461666666667</LongitudeDegrees>
                        </Position>
                        <AltitudeMeters>5.8129810156913955</AltitudeMeters>
                        <DistanceMeters>1898.2160416251277</DistanceMeters>
                    </Trackpoint>
                    <Trackpoint>
                        <Time>2026-08-15T20:07:51.000+02:00</Time>
                        <Position>
                            <LatitudeDegrees>39.645365</LatitudeDegrees>
                            <LongitudeDegrees>15.839463333333333</LongitudeDegrees>
                        </Position>
                        <AltitudeMeters>5.768612938809804</AltitudeMeters>
                        <DistanceMeters>1900.629491333413</DistanceMeters>
                    </Trackpoint>
                    <Trackpoint>
                        <Time>2026-08-15T20:07:52.000+02:00</Time>
                        <Position>
                            <LatitudeDegrees>39.64534333333334</LatitudeDegrees>
                            <LongitudeDegrees>15.839463333333333</LongitudeDegrees>
                        </Position>
                        <AltitudeMeters>5.729682577515162</AltitudeMeters>
                        <DistanceMeters>1903.038718525451</DistanceMeters>
                        <HeartRateBpm>
                            <Value>142</Value>
                        </HeartRateBpm>
                    </Trackpoint>
                    <Trackpoint>
                        <Time>2026-08-15T20:07:53.000+02:00</Time>
                        <Position>
                            <LatitudeDegrees>39.64532</LatitudeDegrees>
                            <LongitudeDegrees>15.839465</LongitudeDegrees>
                        </Position>
                        <AltitudeMeters>5.695835262502701</AltitudeMeters>
                        <DistanceMeters>1905.6371922719227</DistanceMeters>
                    </Trackpoint>
                    <Trackpoint>
                        <Time>2026-08-15T20:07:54.000+02:00</Time>
                        <Position>
                            <LatitudeDegrees>39.64529666666667</LatitudeDegrees>
                            <LongitudeDegrees>15.839466666666667</LongitudeDegrees>
                        </Position>
                        <AltitudeMeters>5.666715756209901</AltitudeMeters>
                        <DistanceMeters>1908.2356660210387</DistanceMeters>
                    </Trackpoint>
                    <Trackpoint>
                        <Time>2026-08-15T20:07:55.000+02:00</Time>
                        <Position>
                            <LatitudeDegrees>39.645273333333336</LatitudeDegrees>
                            <LongitudeDegrees>15.839465</LongitudeDegrees>
                        </Position>
                        <AltitudeMeters>5.641971637547992</AltitudeMeters>
                        <DistanceMeters>1910.834139772093</DistanceMeters>
                        <HeartRateBpm>
                            <Value>142</Value>
                        </HeartRateBpm>
                    </Trackpoint>
                    <Trackpoint>
                        <Time>2026-08-15T20:07:56.000+02:00</Time>
                        <Position>
                            <LatitudeDegrees>39.645248333333335</LatitudeDegrees>
                            <LongitudeDegrees>15.839465</LongitudeDegrees>
                        </Position>
                        <AltitudeMeters>5.621256213852583</AltitudeMeters>
                        <DistanceMeters>1913.6140173019119</DistanceMeters>
                    </Trackpoint>
                    <Trackpoint>
                        <Time>2026-08-15T20:07:57.000+02:00</Time>
                        <Position>
                            <LatitudeDegrees>39.645225</LatitudeDegrees>
                            <LongitudeDegrees>15.839466666666667</LongitudeDegrees>
                        </Position>
                        <AltitudeMeters>5.604230995295527</AltitudeMeters>
                        <DistanceMeters>1916.2124910591506</DistanceMeters>
                        <HeartRateBpm>
                            <Value>143</Value>
                        </HeartRateBpm>
                    </Trackpoint>
                    <Trackpoint>
                        <Time>2026-08-15T20:07:58.000+02:00</Time>
                        <Position>
                            <LatitudeDegrees>39.645201666666665</LatitudeDegrees>
                            <LongitudeDegrees>15.839468333333333</LongitudeDegrees>
                        </Position>
                        <AltitudeMeters>5.590567766427294</AltitudeMeters>
                        <DistanceMeters>1918.8109648190336</DistanceMeters>
                    </Trackpoint>
                    <Trackpoint>
                        <Time>2026-08-15T20:07:59.000+02:00</Time>
                        <Position>
                            <LatitudeDegrees>39.645176666666664</LatitudeDegrees>
                            <LongitudeDegrees>15.839471666666666</LongitudeDegrees>
                        </Position>
                        <AltitudeMeters>5.579950288698823</AltitudeMeters>
                        <DistanceMeters>1921.6054549060955</DistanceMeters>
                    </Trackpoint>
                    <Trackpoint>
                        <Time>2026-08-15T20:08:00.000+02:00</Time>
                        <Position>
                            <LatitudeDegrees>39.64515333333333</LatitudeDegrees>
                            <LongitudeDegrees>15.839475</LongitudeDegrees>
                        </Position>
                        <AltitudeMeters>5.572075666784412</AltitudeMeters>
                        <DistanceMeters>1924.2156575366896</DistanceMeters>
                        <HeartRateBpm>
                            <Value>143</Value>
                        </HeartRateBpm>
                    </Trackpoint>
                    <Trackpoint>
                        <Time>2026-08-15T20:08:01.000+02:00</Time>
                        <Position>
                            <LatitudeDegrees>39.64512833333333</LatitudeDegrees>
                            <LongitudeDegrees>15.839481666666666</LongitudeDegrees>
                        </Position>
                        <AltitudeMeters>5.566655410329484</AltitudeMeters>
                        <DistanceMeters>1927.053533960927</DistanceMeters>
                        <HeartRateBpm>
                            <Value>144</Value>
                        </HeartRateBpm>
                    </Trackpoint>
                    <Trackpoint>
                        <Time>2026-08-15T20:08:02.000+02:00</Time>
                        <Position>
                            <LatitudeDegrees>39.64510333333333</LatitudeDegrees>
                            <LongitudeDegrees>15.839488333333334</LongitudeDegrees>
                        </Position>
                        <AltitudeMeters>5.5634162214127905</AltitudeMeters>
                        <DistanceMeters>1929.891410426091</DistanceMeters>
                    </Trackpoint>
                    <Trackpoint>
                        <Time>2026-08-15T20:08:03.000+02:00</Time>
                        <Position>
                            <LatitudeDegrees>39.64507833333333</LatitudeDegrees>
                            <LongitudeDegrees>15.839495</LongitudeDegrees>
                        </Position>
                        <AltitudeMeters>5.5621005365720455</AltitudeMeters>
                        <DistanceMeters>1932.729286933348</DistanceMeters>
                        <HeartRateBpm>
                            <Value>143</Value>
                        </HeartRateBpm>
                    </Trackpoint>
                    <Trackpoint>
                        <Time>2026-08-15T20:08:04.000+02:00</Time>
                        <Position>
                            <LatitudeDegrees>39.645055</LatitudeDegrees>
                            <LongitudeDegrees>15.8395</LongitudeDegrees>
                        </Position>
                        <AltitudeMeters>5.5624668507228225</AltitudeMeters>
                        <DistanceMeters>1935.3589215231948</DistanceMeters>
                    </Trackpoint>
                    <Trackpoint>
                        <Time>2026-08-15T20:08:05.000+02:00</Time>
                        <Position>
                            <LatitudeDegrees>39.64503</LatitudeDegrees>
                            <LongitudeDegrees>15.839504999999999</LongitudeDegrees>
                        </Position>
                        <AltitudeMeters>5.564289848727039</AltitudeMeters>
                        <DistanceMeters>1938.17157068857</DistanceMeters>
                    </Trackpoint>
                    <Trackpoint>
                        <Time>2026-08-15T20:08:06.000+02:00</Time>
                        <Position>
                            <LatitudeDegrees>39.64500666666667</LatitudeDegrees>
                            <LongitudeDegrees>15.839508333333333</LongitudeDegrees>
                        </Position>
                        <AltitudeMeters>5.567360368761539</AltitudeMeters>
                        <DistanceMeters>1940.7817733860586</DistanceMeters>
                        <HeartRateBpm>
                            <Value>143</Value>
                        </HeartRateBpm>
                    </Trackpoint>
                    <Trackpoint>
                        <Time>2026-08-15T20:08:07.000+02:00</Time>
                        <Position>
                            <LatitudeDegrees>39.644983333333336</LatitudeDegrees>
                            <LongitudeDegrees>15.83951</LongitudeDegrees>
                        </Position>
                        <AltitudeMeters>5.571485220018295</AltitudeMeters>
                        <DistanceMeters>1943.3802471699803</DistanceMeters>
                        <HeartRateBpm>
                            <Value>144</Value>
                        </HeartRateBpm>
                    </Trackpoint>
                    <Trackpoint>
                        <Time>2026-08-15T20:08:08.000+02:00</Time>
                        <Position>
                            <LatitudeDegrees>39.64496</LatitudeDegrees>
                            <LongitudeDegrees>15.839511666666667</LongitudeDegrees>
                        </Position>
                        <AltitudeMeters>5.576486875652402</AltitudeMeters>
                        <DistanceMeters>1945.978720957959</DistanceMeters>
                    </Trackpoint>
                    <Trackpoint>
                        <Time>2026-08-15T20:08:09.000+02:00</Time>
                        <Position>
                            <LatitudeDegrees>39.644936666666666</LatitudeDegrees>
                            <LongitudeDegrees>15.839513333333333</LongitudeDegrees>
                        </Position>
                        <AltitudeMeters>5.582203060296954</AltitudeMeters>
                        <DistanceMeters>1948.5771947471696</DistanceMeters>
                    </Trackpoint>
                    <Trackpoint>
                        <Time>2026-08-15T20:08:10.000+02:00</Time>
                        <Position>
                            <LatitudeDegrees>39.644913333333335</LatitudeDegrees>
                            <LongitudeDegrees>15.839515</LongitudeDegrees>
                        </Position>
                        <AltitudeMeters>5.588486249897479</AltitudeMeters>
                        <DistanceMeters>1951.1756685397463</DistanceMeters>
                        <HeartRateBpm>
                            <Value>144</Value>
                        </HeartRateBpm>
                    </Trackpoint>
                    <Trackpoint>
                        <Time>2026-08-15T20:08:11.000+02:00</Time>
                        <Position>
                            <LatitudeDegrees>39.644888333333334</LatitudeDegrees>
                            <LongitudeDegrees>15.839518333333334</LongitudeDegrees>
                        </Position>
                        <AltitudeMeters>5.595203100093476</AltitudeMeters>
                        <DistanceMeters>1953.9701587476493</DistanceMeters>
                    </Trackpoint>
                    <Trackpoint>
                        <Time>2026-08-15T20:08:12.000+02:00</Time>
                        <Position>
                            <LatitudeDegrees>39.644866666666665</LatitudeDegrees>
                            <LongitudeDegrees>15.839521666666666</LongitudeDegrees>
                        </Position>
                        <AltitudeMeters>5.602233817899455</AltitudeMeters>
                        <DistanceMeters>1956.3962321526164</DistanceMeters>
                    </Trackpoint>
                    <Trackpoint>
                        <Time>2026-08-15T20:08:13.000+02:00</Time>
                        <Position>
                            <LatitudeDegrees>39.644843333333334</LatitudeDegrees>
                            <LongitudeDegrees>15.839525</LongitudeDegrees>
                        </Position>
                        <AltitudeMeters>5.6094714900199145</AltitudeMeters>
                        <DistanceMeters>1959.0064349230854</DistanceMeters>
                        <HeartRateBpm>
                            <Value>144</Value>
                        </HeartRateBpm>
                    </Trackpoint>
                    <Trackpoint>
                        <Time>2026-08-15T20:08:14.000+02:00</Time>
                        <Position>
                            <LatitudeDegrees>39.644821666666665</LatitudeDegrees>
                            <LongitudeDegrees>15.839526666666666</LongitudeDegrees>
                        </Position>
                        <AltitudeMeters>5.616821379777566</AltitudeMeters>
                        <DistanceMeters>1961.4198846983604</DistanceMeters>
                    </Trackpoint>
                    <Trackpoint>
                        <Time>2026-08-15T20:08:15.000+02:00</Time>
                        <Position>
                            <LatitudeDegrees>39.644801666666666</LatitudeDegrees>
                            <LongitudeDegrees>15.839526666666666</LongitudeDegrees>
                        </Position>
                        <AltitudeMeters>5.624200203346115</AltitudeMeters>
                        <DistanceMeters>1963.6437867215081</DistanceMeters>
                    </Trackpoint>
                    <Trackpoint>
                        <Time>2026-08-15T20:08:16.000+02:00</Time>
                        <Position>
                            <LatitudeDegrees>39.644783333333336</LatitudeDegrees>
                            <LongitudeDegrees>15.839526666666666</LongitudeDegrees>
                        </Position>
                        <AltitudeMeters>5.631535394761293</AltitudeMeters>
                        <DistanceMeters>1965.6823635764729</DistanceMeters>
                        <HeartRateBpm>
                            <Value>144</Value>
                        </HeartRateBpm>
                    </Trackpoint>
                    <Trackpoint>
                        <Time>2026-08-15T20:08:17.000+02:00</Time>
                        <Position>
                            <LatitudeDegrees>39.644765</LatitudeDegrees>
                            <LongitudeDegrees>15.839525</LongitudeDegrees>
                        </Position>
                        <AltitudeMeters>5.638764368038496</AltitudeMeters>
                        <DistanceMeters>1967.725929034066</DistanceMeters>
                        <HeartRateBpm>
                            <Value>143</Value>
                        </HeartRateBpm>
                    </Trackpoint>
                    <Trackpoint>
                        <Time>2026-08-15T20:08:18.000+02:00</Time>
                        <Position>
                            <LatitudeDegrees>39.644745</LatitudeDegrees>
                            <LongitudeDegrees>15.839523333333334</LongitudeDegrees>
                        </Position>
                        <AltitudeMeters>5.645833783653642</AltitudeMeters>
                        <DistanceMeters>1969.9544048380326</DistanceMeters>
                    </Trackpoint>
                    <Trackpoint>
                        <Time>2026-08-15T20:08:19.000+02:00</Time>
                        <Position>
                            <LatitudeDegrees>39.644725</LatitudeDegrees>
                            <LongitudeDegrees>15.839523333333334</LongitudeDegrees>
                        </Position>
                        <AltitudeMeters>5.652698825645848</AltitudeMeters>
                        <DistanceMeters>1972.1783068611803</DistanceMeters>
                    </Trackpoint>
                    <Trackpoint>
                        <Time>2026-08-15T20:08:20.000+02:00</Time>
                        <Position>
                            <LatitudeDegrees>39.64470333333333</LatitudeDegrees>
                            <LongitudeDegrees>15.839525</LongitudeDegrees>
                        </Position>
                        <AltitudeMeters>5.6593224946758625</AltitudeMeters>
                        <DistanceMeters>1974.591756650895</DistanceMeters>
                        <HeartRateBpm>
                            <Value>144</Value>
                        </HeartRateBpm>
                    </Trackpoint>
                    <Trackpoint>
                        <Time>2026-08-15T20:08:21.000+02:00</Time>
                        <Position>
                            <LatitudeDegrees>39.64468</LatitudeDegrees>
                            <LongitudeDegrees>15.839528333333334</LongitudeDegrees>
                        </Position>
                        <AltitudeMeters>5.665674921521872</AltitudeMeters>
                        <DistanceMeters>1977.2019594951066</DistanceMeters>
                    </Trackpoint>
                    <Trackpoint>
                        <Time>2026-08-15T20:08:22.000+02:00</Time>
                        <Position>
                            <LatitudeDegrees>39.64465666666667</LatitudeDegrees>
                            <LongitudeDegrees>15.839533333333334</LongitudeDegrees>
                        </Position>
                        <AltitudeMeters>5.6717327047125945</AltitudeMeters>
                        <DistanceMeters>1979.8315944864462</DistanceMeters>
                        <HeartRateBpm>
                            <Value>143</Value>
                        </HeartRateBpm>
                    </Trackpoint>
                    <Trackpoint>
                        <Time>2026-08-15T20:08:23.000+02:00</Time>
                        <Position>
                            <LatitudeDegrees>39.64463333333333</LatitudeDegrees>
                            <LongitudeDegrees>15.839536666666667</LongitudeDegrees>
                        </Position>
                        <AltitudeMeters>5.677478275284595</AltitudeMeters>
                        <DistanceMeters>1982.441797352392</DistanceMeters>
                    </Trackpoint>
                    <Trackpoint>
                        <Time>2026-08-15T20:08:24.000+02:00</Time>
                        <Position>
                            <LatitudeDegrees>39.64460833333333</LatitudeDegrees>
                            <LongitudeDegrees>15.839543333333333</LongitudeDegrees>
                        </Position>
                        <AltitudeMeters>5.682899291003968</AltitudeMeters>
                        <DistanceMeters>1985.2796746400875</DistanceMeters>
                        <HeartRateBpm>
                            <Value>144</Value>
                        </HeartRateBpm>
                    </Trackpoint>
                    <Trackpoint>
                        <Time>2026-08-15T20:08:25.000+02:00</Time>
                        <Position>
                            <LatitudeDegrees>39.64458333333333</LatitudeDegrees>
                            <LongitudeDegrees>15.839548333333333</LongitudeDegrees>
                        </Position>
                        <AltitudeMeters>5.687988061809281</AltitudeMeters>
                        <DistanceMeters>1988.0923242263773</DistanceMeters>
                    </Trackpoint>
                    <Trackpoint>
                        <Time>2026-08-15T20:08:26.000+02:00</Time>
                        <Position>
                            <LatitudeDegrees>39.64456</LatitudeDegrees>
                            <LongitudeDegrees>15.839553333333333</LongitudeDegrees>
                        </Position>
                        <AltitudeMeters>5.692741007709999</AltitudeMeters>
                        <DistanceMeters>1990.72195931515</DistanceMeters>
                    </Trackpoint>
                    <Trackpoint>
                        <Time>2026-08-15T20:08:27.000+02:00</Time>
                        <Position>
                            <LatitudeDegrees>39.644535</LatitudeDegrees>
                            <LongitudeDegrees>15.839558333333333</LongitudeDegrees>
                        </Position>
                        <AltitudeMeters>5.697158149909406</AltitudeMeters>
                        <DistanceMeters>1993.534608947644</DistanceMeters>
                        <HeartRateBpm>
                            <Value>144</Value>
                        </HeartRateBpm>
                    </Trackpoint>
                    <Trackpoint>
                        <Time>2026-08-15T20:08:28.000+02:00</Time>
                        <Position>
                            <LatitudeDegrees>39.64451</LatitudeDegrees>
                            <LongitudeDegrees>15.839561666666667</LongitudeDegrees>
                        </Position>
                        <AltitudeMeters>5.701242635510015</AltitudeMeters>
                        <DistanceMeters>1996.3290993150306</DistanceMeters>
                    </Trackpoint>
                    <Trackpoint>
                        <Time>2026-08-15T20:08:29.000+02:00</Time>
                        <Position>
                            <LatitudeDegrees>39.644486666666666</LatitudeDegrees>
                            <LongitudeDegrees>15.839565</LongitudeDegrees>
                        </Position>
                        <AltitudeMeters>5.70500029579935</AltitudeMeters>
                        <DistanceMeters>1998.9393022471975</DistanceMeters>
                    </Trackpoint>
                    <Trackpoint>
                        <Time>2026-08-15T20:08:30.000+02:00</Time>
                        <Position>
                            <LatitudeDegrees>39.644463333333334</LatitudeDegrees>
                            <LongitudeDegrees>15.839568333333334</LongitudeDegrees>
                        </Position>
                        <AltitudeMeters>5.708439237801383</AltitudeMeters>
                        <DistanceMeters>2001.5495051891617</DistanceMeters>
                        <HeartRateBpm>
                            <Value>145</Value>
                        </HeartRateBpm>
                    </Trackpoint>
                    <Trackpoint>
                        <Time>2026-08-15T20:08:31.000+02:00</Time>
                        <Position>
                            <LatitudeDegrees>39.64444</LatitudeDegrees>
                            <LongitudeDegrees>15.839568333333334</LongitudeDegrees>
                        </Position>
                        <AltitudeMeters>5.711569468510506</AltitudeMeters>
                        <DistanceMeters>2004.1440575500903</DistanceMeters>
                    </Trackpoint>
                    <Trackpoint>
                        <Time>2026-08-15T20:08:32.000+02:00</Time>
                        <Position>
                            <LatitudeDegrees>39.644416666666665</LatitudeDegrees>
                            <LongitudeDegrees>15.839566666666666</LongitudeDegrees>
                        </Position>
                        <AltitudeMeters>5.714402550997329</AltitudeMeters>
                        <DistanceMeters>2006.7425313989415</DistanceMeters>
                        <HeartRateBpm>
                            <Value>144</Value>
                        </HeartRateBpm>
                    </Trackpoint>
                    <Trackpoint>
                        <Time>2026-08-15T20:08:33.000+02:00</Time>
                        <Position>
                            <LatitudeDegrees>39.64439333333333</LatitudeDegrees>
                            <LongitudeDegrees>15.839563333333333</LongitudeDegrees>
                        </Position>
                        <AltitudeMeters>5.716951291385614</AltitudeMeters>
                        <DistanceMeters>2009.35273437323</DistanceMeters>
                    </Trackpoint>
                    <Trackpoint>
                        <Time>2026-08-15T20:08:34.000+02:00</Time>
                        <Position>
                            <LatitudeDegrees>39.64437</LatitudeDegrees>
                            <LongitudeDegrees>15.839558333333333</LongitudeDegrees>
                        </Position>
                        <AltitudeMeters>5.719229455544022</AltitudeMeters>
                        <DistanceMeters>2011.9823696528113</DistanceMeters>
                        <HeartRateBpm>
                            <Value>146</Value>
                        </HeartRateBpm>
                    </Trackpoint>
                    <Trackpoint>
                        <Time>2026-08-15T20:08:35.000+02:00</Time>
                        <Position>
                            <LatitudeDegrees>39.644346666666664</LatitudeDegrees>
                            <LongitudeDegrees>15.839551666666667</LongitudeDegrees>
                        </Position>
                        <AltitudeMeters>5.721251514212075</AltitudeMeters>
                        <DistanceMeters>2014.6389714012807</DistanceMeters>
                    </Trackpoint>
                    <Trackpoint>
                        <Time>2026-08-15T20:08:36.000+02:00</Time>
                        <Position>
                            <LatitudeDegrees>39.64432333333333</LatitudeDegrees>
                            <LongitudeDegrees>15.839545</LongitudeDegrees>
                        </Position>
                        <AltitudeMeters>5.682926409543678</AltitudeMeters>
                        <DistanceMeters>2017.2955731898717</DistanceMeters>
                        <HeartRateBpm>
                            <Value>145</Value>
                        </HeartRateBpm>
                    </Trackpoint>
                    <Trackpoint>
                        <Time>2026-08-15T20:08:37.000+02:00</Time>
                        <Position>
                            <LatitudeDegrees>39.6443</LatitudeDegrees>
                            <LongitudeDegrees>15.839535</LongitudeDegrees>
                        </Position>
                        <AltitudeMeters>5.647207749991641</AltitudeMeters>
                        <DistanceMeters>2020.0277559165859</DistanceMeters>
                    </Trackpoint>
                    <Trackpoint>
                        <Time>2026-08-15T20:08:38.000+02:00</Time>
                        <Position>
                            <LatitudeDegrees>39.64427833333333</LatitudeDegrees>
                            <LongitudeDegrees>15.839525</LongitudeDegrees>
                        </Position>
                        <AltitudeMeters>5.614084465557555</AltitudeMeters>
                        <DistanceMeters>2022.584608794435</DistanceMeters>
                    </Trackpoint>
                    <Trackpoint>
                        <Time>2026-08-15T20:08:39.000+02:00</Time>
                        <Position>
                            <LatitudeDegrees>39.644256666666664</LatitudeDegrees>
                            <LongitudeDegrees>15.839515</LongitudeDegrees>
                        </Position>
                        <AltitudeMeters>5.5835227654680155</AltitudeMeters>
                        <DistanceMeters>2025.1414617627</DistanceMeters>
                        <HeartRateBpm>
                            <Value>145</Value>
                        </HeartRateBpm>
                    </Trackpoint>
                    <Trackpoint>
                        <Time>2026-08-15T20:08:40.000+02:00</Time>
                        <Position>
                            <LatitudeDegrees>39.64423333333333</LatitudeDegrees>
                            <LongitudeDegrees>15.839503333333333</LongitudeDegrees>
                        </Position>
                        <AltitudeMeters>5.555469450503058</AltitudeMeters>
                        <DistanceMeters>2027.9216708071435</DistanceMeters>
                    </Trackpoint>
                    <Trackpoint>
                        <Time>2026-08-15T20:08:41.000+02:00</Time>
                        <Position>
                            <LatitudeDegrees>39.64421</LatitudeDegrees>
                            <LongitudeDegrees>15.839491666666667</LongitudeDegrees>
                        </Position>
                        <AltitudeMeters>5.529854969166174</AltitudeMeters>
                        <DistanceMeters>2030.7018799733562</DistanceMeters>
                        <HeartRateBpm>
                            <Value>146</Value>
                        </HeartRateBpm>
                    </Trackpoint>
                    <Trackpoint>
                        <Time>2026-08-15T20:08:42.000+02:00</Time>
                        <Position>
                            <LatitudeDegrees>39.64418833333333</LatitudeDegrees>
                            <LongitudeDegrees>15.839485</LongitudeDegrees>
                        </Position>
                        <AltitudeMeters>5.506596223015804</AltitudeMeters>
                        <DistanceMeters>2033.1778056707979</DistanceMeters>
                    </Trackpoint>
                    <Trackpoint>
                        <Time>2026-08-15T20:08:43.000+02:00</Time>
                        <Position>
                            <LatitudeDegrees>39.644165</LatitudeDegrees>
                            <LongitudeDegrees>15.83948</LongitudeDegrees>
                        </Position>
                        <AltitudeMeters>5.485599128113471</AltitudeMeters>
                        <DistanceMeters>2035.8074411570042</DistanceMeters>
                        <HeartRateBpm>
                            <Value>145</Value>
                        </HeartRateBpm>
                    </Trackpoint>
                    <Trackpoint>
                        <Time>2026-08-15T20:08:44.000+02:00</Time>
                        <Position>
                            <LatitudeDegrees>39.64414333333333</LatitudeDegrees>
                            <LongitudeDegrees>15.839476666666666</LongitudeDegrees>
                        </Position>
                        <AltitudeMeters>5.426654935258334</AltitudeMeters>
                        <DistanceMeters>2038.2335149131898</DistanceMeters>
                        <HeartRateBpm>
                            <Value>145</Value>
                        </HeartRateBpm>
                    </Trackpoint>
                    <Trackpoint>
                        <Time>2026-08-15T20:08:45.000+02:00</Time>
                        <Position>
                            <LatitudeDegrees>39.64412333333333</LatitudeDegrees>
                            <LongitudeDegrees>15.839476666666666</LongitudeDegrees>
                        </Position>
                        <AltitudeMeters>5.372592726787068</AltitudeMeters>
                        <DistanceMeters>2040.4574169363375</DistanceMeters>
                        <HeartRateBpm>
                            <Value>146</Value>
                        </HeartRateBpm>
                    </Trackpoint>
                    <Trackpoint>
                        <Time>2026-08-15T20:08:46.000+02:00</Time>
                        <Position>
                            <LatitudeDegrees>39.644105</LatitudeDegrees>
                            <LongitudeDegrees>15.839478333333334</LongitudeDegrees>
                        </Position>
                        <AltitudeMeters>5.283166128092494</AltitudeMeters>
                        <DistanceMeters>2042.5009824883375</DistanceMeters>
                    </Trackpoint>
                    <Trackpoint>
                        <Time>2026-08-15T20:08:47.000+02:00</Time>
                        <Position>
                            <LatitudeDegrees>39.644085</LatitudeDegrees>
                            <LongitudeDegrees>15.83948</LongitudeDegrees>
                        </Position>
                        <AltitudeMeters>5.201147496745082</AltitudeMeters>
                        <DistanceMeters>2044.7294583802304</DistanceMeters>
                    </Trackpoint>
                    <Trackpoint>
                        <Time>2026-08-15T20:08:48.000+02:00</Time>
                        <Position>
                            <LatitudeDegrees>39.644063333333335</LatitudeDegrees>
                            <LongitudeDegrees>15.839481666666666</LongitudeDegrees>
                        </Position>
                        <AltitudeMeters>5.086217682252165</AltitudeMeters>
                        <DistanceMeters>2047.142908246628</DistanceMeters>
                        <HeartRateBpm>
                            <Value>146</Value>
                        </HeartRateBpm>
                    </Trackpoint>
                    <Trackpoint>
                        <Time>2026-08-15T20:08:49.000+02:00</Time>
                        <Position>
                            <LatitudeDegrees>39.644041666666666</LatitudeDegrees>
                            <LongitudeDegrees>15.839481666666666</LongitudeDegrees>
                        </Position>
                        <AltitudeMeters>4.98106301082173</AltitudeMeters>
                        <DistanceMeters>2049.5521354393736</DistanceMeters>
                        <HeartRateBpm>
                            <Value>147</Value>
                        </HeartRateBpm>
                    </Trackpoint>
                    <Trackpoint>
                        <Time>2026-08-15T20:08:50.000+02:00</Time>
                        <Position>
                            <LatitudeDegrees>39.64402</LatitudeDegrees>
                            <LongitudeDegrees>15.839481666666666</LongitudeDegrees>
                        </Position>
                        <AltitudeMeters>4.84526759544321</AltitudeMeters>
                        <DistanceMeters>2051.9613626314117</DistanceMeters>
                    </Trackpoint>
                    <Trackpoint>
                        <Time>2026-08-15T20:08:51.000+02:00</Time>
                        <Position>
                            <LatitudeDegrees>39.643996666666666</LatitudeDegrees>
                            <LongitudeDegrees>15.83948</LongitudeDegrees>
                        </Position>
                        <AltitudeMeters>4.721412634255284</AltitudeMeters>
                        <DistanceMeters>2054.559836527864</DistanceMeters>
                    </Trackpoint>
                    <Trackpoint>
                        <Time>2026-08-15T20:08:52.000+02:00</Time>
                        <Position>
                            <LatitudeDegrees>39.643973333333335</LatitudeDegrees>
                            <LongitudeDegrees>15.839475</LongitudeDegrees>
                        </Position>
                        <AltitudeMeters>4.609076812826822</AltitudeMeters>
                        <DistanceMeters>2057.1894722072116</DistanceMeters>
                        <HeartRateBpm>
                            <Value>147</Value>
                        </HeartRateBpm>
                    </Trackpoint>
                    <Trackpoint>
                        <Time>2026-08-15T20:08:53.000+02:00</Time>
                        <Position>
                            <LatitudeDegrees>39.643951666666666</LatitudeDegrees>
                            <LongitudeDegrees>15.839471666666666</LongitudeDegrees>
                        </Position>
                        <AltitudeMeters>4.507787075463269</AltitudeMeters>
                        <DistanceMeters>2059.6155460564937</DistanceMeters>
                    </Trackpoint>
                    <Trackpoint>
                        <Time>2026-08-15T20:08:54.000+02:00</Time>
                        <Position>
                            <LatitudeDegrees>39.64393166666667</LatitudeDegrees>
                            <LongitudeDegrees>15.83947</LongitudeDegrees>
                        </Position>
                        <AltitudeMeters>4.417029858788789</AltitudeMeters>
                        <DistanceMeters>2061.8440219672384</DistanceMeters>
                    </Trackpoint>
                    <Trackpoint>
                        <Time>2026-08-15T20:08:55.000+02:00</Time>
                        <Position>
                            <LatitudeDegrees>39.64391</LatitudeDegrees>
                            <LongitudeDegrees>15.839468333333333</LongitudeDegrees>
                        </Position>
                        <AltitudeMeters>4.296155215079934</AltitudeMeters>
                        <DistanceMeters>2064.2574718537744</DistanceMeters>
                        <HeartRateBpm>
                            <Value>146</Value>
                        </HeartRateBpm>
                    </Trackpoint>
                    <Trackpoint>
                        <Time>2026-08-15T20:08:56.000+02:00</Time>
                        <Position>
                            <LatitudeDegrees>39.64389</LatitudeDegrees>
                            <LongitudeDegrees>15.83947</LongitudeDegrees>
                        </Position>
                        <AltitudeMeters>4.187536285077704</AltitudeMeters>
                        <DistanceMeters>2066.485947770043</DistanceMeters>
                    </Trackpoint>
                    <Trackpoint>
                        <Time>2026-08-15T20:08:57.000+02:00</Time>
                        <Position>
                            <LatitudeDegrees>39.64387</LatitudeDegrees>
                            <LongitudeDegrees>15.839471666666666</LongitudeDegrees>
                        </Position>
                        <AltitudeMeters>4.09056820819133</AltitudeMeters>
                        <DistanceMeters>2068.714423689643</DistanceMeters>
                    </Trackpoint>
                    <Trackpoint>
                        <Time>2026-08-15T20:08:58.000+02:00</Time>
                        <Position>
                            <LatitudeDegrees>39.64385</LatitudeDegrees>
                            <LongitudeDegrees>15.839473333333334</LongitudeDegrees>
                        </Position>
                        <AltitudeMeters>4.004617370201532</AltitudeMeters>
                        <DistanceMeters>2070.9428996111974</DistanceMeters>
                        <HeartRateBpm>
                            <Value>146</Value>
                        </HeartRateBpm>
                    </Trackpoint>
                    <Trackpoint>
                        <Time>2026-08-15T20:08:59.000+02:00</Time>
                        <Position>
                            <LatitudeDegrees>39.64382833333333</LatitudeDegrees>
                            <LongitudeDegrees>15.839476666666666</LongitudeDegrees>
                        </Position>
                        <AltitudeMeters>3.929031100068214</AltitudeMeters>
                        <DistanceMeters>2073.3689735203325</DistanceMeters>
                    </Trackpoint>
                    <Trackpoint>
                        <Time>2026-08-15T20:09:00.000+02:00</Time>
                        <Position>
                            <LatitudeDegrees>39.64380833333333</LatitudeDegrees>
                            <LongitudeDegrees>15.839481666666666</LongitudeDegrees>
                        </Position>
                        <AltitudeMeters>3.8631462650142567</AltitudeMeters>
                        <DistanceMeters>2075.633708151194</DistanceMeters>
                    </Trackpoint>
                    <Trackpoint>
                        <Time>2026-08-15T20:09:01.000+02:00</Time>
                        <Position>
                            <LatitudeDegrees>39.643786666666664</LatitudeDegrees>
                            <LongitudeDegrees>15.839485</LongitudeDegrees>
                        </Position>
                        <AltitudeMeters>3.8062968291525365</AltitudeMeters>
                        <DistanceMeters>2078.059782080592</DistanceMeters>
                        <HeartRateBpm>
                            <Value>146</Value>
                        </HeartRateBpm>
                    </Trackpoint>
                    <Trackpoint>
                        <Time>2026-08-15T20:09:02.000+02:00</Time>
                        <Position>
                            <LatitudeDegrees>39.643766666666664</LatitudeDegrees>
                            <LongitudeDegrees>15.839491666666667</LongitudeDegrees>
                        </Position>
                        <AltitudeMeters>3.7578204419694274</AltitudeMeters>
                        <DistanceMeters>2080.3557734967676</DistanceMeters>
                    </Trackpoint>
                    <Trackpoint>
                        <Time>2026-08-15T20:09:03.000+02:00</Time>
                        <Position>
                            <LatitudeDegrees>39.643746666666665</LatitudeDegrees>
                            <LongitudeDegrees>15.8395</LongitudeDegrees>
                        </Position>
                        <AltitudeMeters>3.717064123268388</AltitudeMeters>
                        <DistanceMeters>2082.6913376344883</DistanceMeters>
                    </Trackpoint>
                    <Trackpoint>
                        <Time>2026-08-15T20:09:04.000+02:00</Time>
                        <Position>
                            <LatitudeDegrees>39.643728333333335</LatitudeDegrees>
                            <LongitudeDegrees>15.839508333333333</LongitudeDegrees>
                        </Position>
                        <AltitudeMeters>3.6833891108086805</AltitudeMeters>
                        <DistanceMeters>2084.851179180303</DistanceMeters>
                        <HeartRateBpm>
                            <Value>146</Value>
                        </HeartRateBpm>
                    </Trackpoint>
                    <Trackpoint>
                        <Time>2026-08-15T20:09:05.000+02:00</Time>
                        <Position>
                            <LatitudeDegrees>39.643708333333336</LatitudeDegrees>
                            <LongitudeDegrees>15.839518333333334</LongitudeDegrees>
                        </Position>
                        <AltitudeMeters>3.6561749359372397</AltitudeMeters>
                        <DistanceMeters>2087.234217847983</DistanceMeters>
                        <HeartRateBpm>
                            <Value>147</Value>
                        </HeartRateBpm>
                    </Trackpoint>
                    <Trackpoint>
                        <Time>2026-08-15T20:09:06.000+02:00</Time>
                        <Position>
                            <LatitudeDegrees>39.64368833333333</LatitudeDegrees>
                            <LongitudeDegrees>15.839526666666666</LongitudeDegrees>
                        </Position>
                        <AltitudeMeters>3.63482279108992</AltitudeMeters>
                        <DistanceMeters>2089.5697821695053</DistanceMeters>
                    </Trackpoint>
                    <Trackpoint>
                        <Time>2026-08-15T20:09:07.000+02:00</Time>
                        <Position>
                            <LatitudeDegrees>39.64366666666667</LatitudeDegrees>
                            <LongitudeDegrees>15.839535</LongitudeDegrees>
                        </Position>
                        <AltitudeMeters>3.6187582512089813</AltitudeMeters>
                        <DistanceMeters>2092.0824493696455</DistanceMeters>
                        <HeartRateBpm>
                            <Value>146</Value>
                        </HeartRateBpm>
                    </Trackpoint>
                    <Trackpoint>
                        <Time>2026-08-15T20:09:08.000+02:00</Time>
                        <Position>
                            <LatitudeDegrees>39.643645</LatitudeDegrees>
                            <LongitudeDegrees>15.839541666666667</LongitudeDegrees>
                        </Position>
                        <AltitudeMeters>3.6475394145976385</AltitudeMeters>
                        <DistanceMeters>2094.558376100421</DistanceMeters>
                        <HeartRateBpm>
                            <Value>145</Value>
                        </HeartRateBpm>
                    </Trackpoint>
                    <Trackpoint>
                        <Time>2026-08-15T20:09:09.000+02:00</Time>
                        <Position>
                            <LatitudeDegrees>39.64362333333333</LatitudeDegrees>
                            <LongitudeDegrees>15.839548333333333</LongitudeDegrees>
                        </Position>
                        <AltitudeMeters>3.6777081122836592</AltitudeMeters>
                        <DistanceMeters>2097.0343028731186</DistanceMeters>
                    </Trackpoint>
                    <Trackpoint>
                        <Time>2026-08-15T20:09:10.000+02:00</Time>
                        <Position>
                            <LatitudeDegrees>39.64360166666667</LatitudeDegrees>
                            <LongitudeDegrees>15.839553333333333</LongitudeDegrees>
                        </Position>
                        <AltitudeMeters>3.708800207163614</AltitudeMeters>
                        <DistanceMeters>2099.4812723233676</DistanceMeters>
                    </Trackpoint>
                    <Trackpoint>
                        <Time>2026-08-15T20:09:11.000+02:00</Time>
                        <Position>
                            <LatitudeDegrees>39.64358</LatitudeDegrees>
                            <LongitudeDegrees>15.83956</LongitudeDegrees>
                        </Position>
                        <AltitudeMeters>3.7404041913228454</AltitudeMeters>
                        <DistanceMeters>2101.9571991785333</DistanceMeters>
                        <HeartRateBpm>
                            <Value>145</Value>
                        </HeartRateBpm>
                    </Trackpoint>
                    <Trackpoint>
                        <Time>2026-08-15T20:09:12.000+02:00</Time>
                        <Position>
                            <LatitudeDegrees>39.64356</LatitudeDegrees>
                            <LongitudeDegrees>15.839566666666666</LongitudeDegrees>
                        </Position>
                        <AltitudeMeters>3.8122640824660423</AltitudeMeters>
                        <DistanceMeters>2104.2531910188404</DistanceMeters>
                    </Trackpoint>
                    <Trackpoint>
                        <Time>2026-08-15T20:09:13.000+02:00</Time>
                        <Position>
                            <LatitudeDegrees>39.64353833333333</LatitudeDegrees>
                            <LongitudeDegrees>15.839573333333334</LongitudeDegrees>
                        </Position>
                        <AltitudeMeters>3.8811258664284356</AltitudeMeters>
                        <DistanceMeters>2106.7291179533017</DistanceMeters>
                    </Trackpoint>
                    <Trackpoint>
                        <Time>2026-08-15T20:09:14.000+02:00</Time>
                        <Position>
                            <LatitudeDegrees>39.64351666666666</LatitudeDegrees>
                            <LongitudeDegrees>15.83958</LongitudeDegrees>
                        </Position>
                        <AltitudeMeters>3.9467434884472725</AltitudeMeters>
                        <DistanceMeters>2109.2050449283092</DistanceMeters>
                        <HeartRateBpm>
                            <Value>146</Value>
                        </HeartRateBpm>
                    </Trackpoint>
                    <Trackpoint>
                        <Time>2026-08-15T20:09:15.000+02:00</Time>
                        <Position>
                            <LatitudeDegrees>39.643495</LatitudeDegrees>
                            <LongitudeDegrees>15.839585</LongitudeDegrees>
                        </Position>
                        <AltitudeMeters>4.04903958681322</AltitudeMeters>
                        <DistanceMeters>2111.6520144940955</DistanceMeters>
                    </Trackpoint>
                    <Trackpoint>
                        <Time>2026-08-15T20:09:16.000+02:00</Time>
                        <Position>
                            <LatitudeDegrees>39.64347333333333</LatitudeDegrees>
                            <LongitudeDegrees>15.83959</LongitudeDegrees>
                        </Position>
                        <AltitudeMeters>4.144948534017775</AltitudeMeters>
                        <DistanceMeters>2114.0989840846955</DistanceMeters>
                        <HeartRateBpm>
                            <Value>145</Value>
                        </HeartRateBpm>
                    </Trackpoint>
                    <Trackpoint>
                        <Time>2026-08-15T20:09:17.000+02:00</Time>
                        <Position>
                            <LatitudeDegrees>39.643451666666664</LatitudeDegrees>
                            <LongitudeDegrees>15.839595</LongitudeDegrees>
                        </Position>
                        <AltitudeMeters>4.234419384404016</AltitudeMeters>
                        <DistanceMeters>2116.545953698812</DistanceMeters>
                    </Trackpoint>
                    <Trackpoint>
                        <Time>2026-08-15T20:09:18.000+02:00</Time>
                        <Position>
                            <LatitudeDegrees>39.64343</LatitudeDegrees>
                            <LongitudeDegrees>15.839601666666667</LongitudeDegrees>
                        </Position>
                        <AltitudeMeters>4.357573903101683</AltitudeMeters>
                        <DistanceMeters>2119.0218808380664</DistanceMeters>
                        <HeartRateBpm>
                            <Value>146</Value>
                        </HeartRateBpm>
                    </Trackpoint>
                    <Trackpoint>
                        <Time>2026-08-15T20:09:19.000+02:00</Time>
                        <Position>
                            <LatitudeDegrees>39.64340833333333</LatitudeDegrees>
                            <LongitudeDegrees>15.83961</LongitudeDegrees>
                        </Position>
                        <AltitudeMeters>4.471547221851748</AltitudeMeters>
                        <DistanceMeters>2121.534548795832</DistanceMeters>
                    </Trackpoint>
                    <Trackpoint>
                        <Time>2026-08-15T20:09:20.000+02:00</Time>
                        <Position>
                            <LatitudeDegrees>39.643388333333334</LatitudeDegrees>
                            <LongitudeDegrees>15.839623333333334</LongitudeDegrees>
                        </Position>
                        <AltitudeMeters>4.6165947064552</AltitudeMeters>
                        <DistanceMeters>2124.034368783034</DistanceMeters>
                        <HeartRateBpm>
                            <Value>145</Value>
                        </HeartRateBpm>
                    </Trackpoint>
                    <Trackpoint>
                        <Time>2026-08-15T20:09:21.000+02:00</Time>
                        <Position>
                            <LatitudeDegrees>39.643366666666665</LatitudeDegrees>
                            <LongitudeDegrees>15.839638333333333</LongitudeDegrees>
                        </Position>
                        <AltitudeMeters>4.749991776540518</AltitudeMeters>
                        <DistanceMeters>2126.7645595009285</DistanceMeters>
                    </Trackpoint>
                    <Trackpoint>
                        <Time>2026-08-15T20:09:22.000+02:00</Time>
                        <Position>
                            <LatitudeDegrees>39.643346666666666</LatitudeDegrees>
                            <LongitudeDegrees>15.839653333333333</LongitudeDegrees>
                        </Position>
                        <AltitudeMeters>4.912138583715858</AltitudeMeters>
                        <DistanceMeters>2129.332692459383</DistanceMeters>
                        <HeartRateBpm>
                            <Value>147</Value>
                        </HeartRateBpm>
                    </Trackpoint>
                    <Trackpoint>
                        <Time>2026-08-15T20:09:23.000+02:00</Time>
                        <Position>
                            <LatitudeDegrees>39.64332666666667</LatitudeDegrees>
                            <LongitudeDegrees>15.83967</LongitudeDegrees>
                        </Position>
                        <AltitudeMeters>5.100563894601463</AltitudeMeters>
                        <DistanceMeters>2131.975085970168</DistanceMeters>
                    </Trackpoint>
                    <Trackpoint>
                        <Time>2026-08-15T20:09:24.000+02:00</Time>
                        <Position>
                            <LatitudeDegrees>39.64330666666667</LatitudeDegrees>
                            <LongitudeDegrees>15.839685</LongitudeDegrees>
                        </Position>
                        <AltitudeMeters>5.272771656319139</AltitudeMeters>
                        <DistanceMeters>2134.5432193007764</DistanceMeters>
                    </Trackpoint>
                    <Trackpoint>
                        <Time>2026-08-15T20:09:25.000+02:00</Time>
                        <Position>
                            <LatitudeDegrees>39.643285</LatitudeDegrees>
                            <LongitudeDegrees>15.839698333333333</LongitudeDegrees>
                        </Position>
                        <AltitudeMeters>5.429296945411496</AltitudeMeters>
                        <DistanceMeters>2137.2092536753667</DistanceMeters>
                        <HeartRateBpm>
                            <Value>147</Value>
                        </HeartRateBpm>
                    </Trackpoint>
                    <Trackpoint>
                        <Time>2026-08-15T20:09:26.000+02:00</Time>
                        <Position>
                            <LatitudeDegrees>39.643265</LatitudeDegrees>
                            <LongitudeDegrees>15.839711666666666</LongitudeDegrees>
                        </Position>
                        <AltitudeMeters>5.6108563668955735</AltitudeMeters>
                        <DistanceMeters>2139.7090745932114</DistanceMeters>
                    </Trackpoint>
                    <Trackpoint>
                        <Time>2026-08-15T20:09:27.000+02:00</Time>
                        <Position>
                            <LatitudeDegrees>39.64324333333333</LatitudeDegrees>
                            <LongitudeDegrees>15.839725</LongitudeDegrees>
                        </Position>
                        <AltitudeMeters>5.775182004643546</AltitudeMeters>
                        <DistanceMeters>2142.375109262368</DistanceMeters>
                    </Trackpoint>
                    <Trackpoint>
                        <Time>2026-08-15T20:09:28.000+02:00</Time>
                        <Position>
                            <LatitudeDegrees>39.64322166666667</LatitudeDegrees>
                            <LongitudeDegrees>15.83974</LongitudeDegrees>
                        </Position>
                        <AltitudeMeters>5.923016442701161</AltitudeMeters>
                        <DistanceMeters>2145.1053012465295</DistanceMeters>
                        <HeartRateBpm>
                            <Value>147</Value>
                        </HeartRateBpm>
                    </Trackpoint>
                    <Trackpoint>
                        <Time>2026-08-15T20:09:29.000+02:00</Time>
                        <Position>
                            <LatitudeDegrees>39.64320166666667</LatitudeDegrees>
                            <LongitudeDegrees>15.839753333333334</LongitudeDegrees>
                        </Position>
                        <AltitudeMeters>6.055157946913699</AltitudeMeters>
                        <DistanceMeters>2147.6051226411305</DistanceMeters>
                    </Trackpoint>
                    <Trackpoint>
                        <Time>2026-08-15T20:09:30.000+02:00</Time>
                        <Position>
                            <LatitudeDegrees>39.64318166666666</LatitudeDegrees>
                            <LongitudeDegrees>15.839768333333334</LongitudeDegrees>
                        </Position>
                        <AltitudeMeters>6.1724456814821735</AltitudeMeters>
                        <DistanceMeters>2150.1732571335524</DistanceMeters>
                        <HeartRateBpm>
                            <Value>148</Value>
                        </HeartRateBpm>
                    </Trackpoint>
                    <Trackpoint>
                        <Time>2026-08-15T20:09:31.000+02:00</Time>
                        <Position>
                            <LatitudeDegrees>39.643163333333334</LatitudeDegrees>
                            <LongitudeDegrees>15.839785</LongitudeDegrees>
                        </Position>
                        <AltitudeMeters>6.275746494812905</AltitudeMeters>
                        <DistanceMeters>2152.6616920867905</DistanceMeters>
                    </Trackpoint>
                    <Trackpoint>
                        <Time>2026-08-15T20:09:32.000+02:00</Time>
                        <Position>
                            <LatitudeDegrees>39.643145</LatitudeDegrees>
                            <LongitudeDegrees>15.839801666666666</LongitudeDegrees>
                        </Position>
                        <AltitudeMeters>6.365943190744067</AltitudeMeters>
                        <DistanceMeters>2155.150127258311</DistanceMeters>
                        <HeartRateBpm>
                            <Value>147</Value>
                        </HeartRateBpm>
                    </Trackpoint>
                    <Trackpoint>
                        <Time>2026-08-15T20:09:33.000+02:00</Time>
                        <Position>
                            <LatitudeDegrees>39.64313</LatitudeDegrees>
                            <LongitudeDegrees>15.83982</LongitudeDegrees>
                        </Position>
                        <AltitudeMeters>6.443924198464351</AltitudeMeters>
                        <DistanceMeters>2157.440577432837</DistanceMeters>
                        <HeartRateBpm>
                            <Value>148</Value>
                        </HeartRateBpm>
                    </Trackpoint>
                    <Trackpoint>
                        <Time>2026-08-15T20:09:34.000+02:00</Time>
                        <Position>
                            <LatitudeDegrees>39.64311333333333</LatitudeDegrees>
                            <LongitudeDegrees>15.839838333333333</LongitudeDegrees>
                        </Position>
                        <AltitudeMeters>6.510574552843373</AltitudeMeters>
                        <DistanceMeters>2159.8693067456156</DistanceMeters>
                    </Trackpoint>
                    <Trackpoint>
                        <Time>2026-08-15T20:09:35.000+02:00</Time>
                        <Position>
                            <LatitudeDegrees>39.643096666666665</LatitudeDegrees>
                            <LongitudeDegrees>15.839856666666666</LongitudeDegrees>
                        </Position>
                        <AltitudeMeters>6.566768096330905</AltitudeMeters>
                        <DistanceMeters>2162.2980363036418</DistanceMeters>
                    </Trackpoint>
                    <Trackpoint>
                        <Time>2026-08-15T20:09:36.000+02:00</Time>
                        <Position>
                            <LatitudeDegrees>39.64308</LatitudeDegrees>
                            <LongitudeDegrees>15.839875</LongitudeDegrees>
                        </Position>
                        <AltitudeMeters>6.613360813921433</AltitudeMeters>
                        <DistanceMeters>2164.726766105659</DistanceMeters>
                        <HeartRateBpm>
                            <Value>148</Value>
                        </HeartRateBpm>
                    </Trackpoint>
                    <Trackpoint>
                        <Time>2026-08-15T20:09:37.000+02:00</Time>
                        <Position>
                            <LatitudeDegrees>39.64306333333333</LatitudeDegrees>
                            <LongitudeDegrees>15.839893333333332</LongitudeDegrees>
                        </Position>
                        <AltitudeMeters>6.651185213799809</AltitudeMeters>
                        <DistanceMeters>2167.1554961527463</DistanceMeters>
                        <HeartRateBpm>
                            <Value>149</Value>
                        </HeartRateBpm>
                    </Trackpoint>
                    <Trackpoint>
                        <Time>2026-08-15T20:09:38.000+02:00</Time>
                        <Position>
                            <LatitudeDegrees>39.64304666666666</LatitudeDegrees>
                            <LongitudeDegrees>15.839911666666666</LongitudeDegrees>
                        </Position>
                        <AltitudeMeters>6.681045668069495</AltitudeMeters>
                        <DistanceMeters>2169.584226443825</DistanceMeters>
                    </Trackpoint>
                    <Trackpoint>
                        <Time>2026-08-15T20:09:39.000+02:00</Time>
                        <Position>
                            <LatitudeDegrees>39.64302833333333</LatitudeDegrees>
                            <LongitudeDegrees>15.83993</LongitudeDegrees>
                        </Position>
                        <AltitudeMeters>6.7037146303125725</AltitudeMeters>
                        <DistanceMeters>2172.1571597606385</DistanceMeters>
                    </Trackpoint>
                    <Trackpoint>
                        <Time>2026-08-15T20:09:40.000+02:00</Time>
                        <Position>
                            <LatitudeDegrees>39.643011666666666</LatitudeDegrees>
                            <LongitudeDegrees>15.839948333333334</LongitudeDegrees>
                        </Position>
                        <AltitudeMeters>6.719929649544315</AltitudeMeters>
                        <DistanceMeters>2174.5858905657715</DistanceMeters>
                        <HeartRateBpm>
                            <Value>149</Value>
                        </HeartRateBpm>
                    </Trackpoint>
                    <Trackpoint>
                        <Time>2026-08-15T20:09:41.000+02:00</Time>
                        <Position>
                            <LatitudeDegrees>39.64299333333334</LatitudeDegrees>
                            <LongitudeDegrees>15.839965</LongitudeDegrees>
                        </Position>
                        <AltitudeMeters>6.730391103316966</AltitudeMeters>
                        <DistanceMeters>2177.074327530886</DistanceMeters>
                    </Trackpoint>
                    <Trackpoint>
                        <Time>2026-08-15T20:09:42.000+02:00</Time>
                        <Position>
                            <LatitudeDegrees>39.64297833333333</LatitudeDegrees>
                            <LongitudeDegrees>15.839983333333333</LongitudeDegrees>
                        </Position>
                        <AltitudeMeters>6.735760576217813</AltitudeMeters>
                        <DistanceMeters>2179.364780065499</DistanceMeters>
                    </Trackpoint>
                    <Trackpoint>
                        <Time>2026-08-15T20:09:43.000+02:00</Time>
                        <Position>
                            <LatitudeDegrees>39.642961666666665</LatitudeDegrees>
                            <LongitudeDegrees>15.839998333333334</LongitudeDegrees>
                        </Position>
                        <AltitudeMeters>6.736659813723813</AltitudeMeters>
                        <DistanceMeters>2181.6195809316973</DistanceMeters>
                        <HeartRateBpm>
                            <Value>149</Value>
                        </HeartRateBpm>
                    </Trackpoint>
                    <Trackpoint>
                        <Time>2026-08-15T20:09:44.000+02:00</Time>
                        <Position>
                            <LatitudeDegrees>39.642945</LatitudeDegrees>
                            <LongitudeDegrees>15.840011666666667</LongitudeDegrees>
                        </Position>
                        <AltitudeMeters>6.733670185254302</AltitudeMeters>
                        <DistanceMeters>2183.7962569172932</DistanceMeters>
                        <HeartRateBpm>
                            <Value>149</Value>
                        </HeartRateBpm>
                    </Trackpoint>
                    <Trackpoint>
                        <Time>2026-08-15T20:09:45.000+02:00</Time>
                        <Position>
                            <LatitudeDegrees>39.64293</LatitudeDegrees>
                            <LongitudeDegrees>15.840023333333333</LongitudeDegrees>
                        </Position>
                        <AltitudeMeters>6.727332594247241</AltitudeMeters>
                        <DistanceMeters>2185.740447490445</DistanceMeters>
                        <HeartRateBpm>
                            <Value>150</Value>
                        </HeartRateBpm>
                    </Trackpoint>
                    <Trackpoint>
                        <Time>2026-08-15T20:09:46.000+02:00</Time>
                        <Position>
                            <LatitudeDegrees>39.64291333333333</LatitudeDegrees>
                            <LongitudeDegrees>15.840036666666666</LongitudeDegrees>
                        </Position>
                        <AltitudeMeters>6.718147777122069</AltitudeMeters>
                        <DistanceMeters>2187.9171237503833</DistanceMeters>
                    </Trackpoint>
                    <Trackpoint>
                        <Time>2026-08-15T20:09:47.000+02:00</Time>
                        <Position>
                            <LatitudeDegrees>39.64289333333333</LatitudeDegrees>
                            <LongitudeDegrees>15.840048333333334</LongitudeDegrees>
                        </Position>
                        <AltitudeMeters>6.706576937038798</AltitudeMeters>
                        <DistanceMeters>2190.3550817711093</DistanceMeters>
                        <HeartRateBpm>
                            <Value>149</Value>
                        </HeartRateBpm>
                    </Trackpoint>
                    <Trackpoint>
                        <Time>2026-08-15T20:09:48.000+02:00</Time>
                        <Position>
                            <LatitudeDegrees>39.64287</LatitudeDegrees>
                            <LongitudeDegrees>15.84006</LongitudeDegrees>
                        </Position>
                        <AltitudeMeters>6.693042662379727</AltitudeMeters>
                        <DistanceMeters>2193.135297892318</DistanceMeters>
                    </Trackpoint>
                    <Trackpoint>
                        <Time>2026-08-15T20:09:49.000+02:00</Time>
                        <Position>
                            <LatitudeDegrees>39.64284833333333</LatitudeDegrees>
                            <LongitudeDegrees>15.840071666666667</LongitudeDegrees>
                        </Position>
                        <AltitudeMeters>6.677930083833453</AltitudeMeters>
                        <DistanceMeters>2195.743415228595</DistanceMeters>
                        <HeartRateBpm>
                            <Value>150</Value>
                        </HeartRateBpm>
                    </Trackpoint>
                    <Trackpoint>
                        <Time>2026-08-15T20:09:50.000+02:00</Time>
                        <Position>
                            <LatitudeDegrees>39.642828333333334</LatitudeDegrees>
                            <LongitudeDegrees>15.840081666666666</LongitudeDegrees>
                        </Position>
                        <AltitudeMeters>6.661588227822334</AltitudeMeters>
                        <DistanceMeters>2198.126457811287</DistanceMeters>
                    </Trackpoint>
                    <Trackpoint>
                        <Time>2026-08-15T20:09:51.000+02:00</Time>
                        <Position>
                            <LatitudeDegrees>39.64281</LatitudeDegrees>
                            <LongitudeDegrees>15.840091666666666</LongitudeDegrees>
                        </Position>
                        <AltitudeMeters>6.644331527760347</AltitudeMeters>
                        <DistanceMeters>2200.337554312742</DistanceMeters>
                        <HeartRateBpm>
                            <Value>149</Value>
                        </HeartRateBpm>
                    </Trackpoint>
                    <Trackpoint>
                        <Time>2026-08-15T20:09:52.000+02:00</Time>
                        <Position>
                            <LatitudeDegrees>39.642795</LatitudeDegrees>
                            <LongitudeDegrees>15.8401</LongitudeDegrees>
                        </Position>
                        <AltitudeMeters>6.626441458238682</AltitudeMeters>
                        <DistanceMeters>2202.1516966855165</DistanceMeters>
                    </Trackpoint>
                    <Trackpoint>
                        <Time>2026-08-15T20:09:53.000+02:00</Time>
                        <Position>
                            <LatitudeDegrees>39.642781666666664</LatitudeDegrees>
                            <LongitudeDegrees>15.840106666666667</LongitudeDegrees>
                        </Position>
                        <AltitudeMeters>6.6081682606957575</AltitudeMeters>
                        <DistanceMeters>2203.7403918887853</DistanceMeters>
                        <HeartRateBpm>
                            <Value>150</Value>
                        </HeartRateBpm>
                    </Trackpoint>
                    <Trackpoint>
                        <Time>2026-08-15T20:09:54.000+02:00</Time>
                        <Position>
                            <LatitudeDegrees>39.64277166666667</LatitudeDegrees>
                            <LongitudeDegrees>15.840115</LongitudeDegrees>
                        </Position>
                        <AltitudeMeters>6.589732732424166</AltitudeMeters>
                        <DistanceMeters>2205.061591764411</DistanceMeters>
                        <HeartRateBpm>
                            <Value>149</Value>
                        </HeartRateBpm>
                    </Trackpoint>
                    <Trackpoint>
                        <Time>2026-08-15T20:09:55.000+02:00</Time>
                        <Position>
                            <LatitudeDegrees>39.642761666666665</LatitudeDegrees>
                            <LongitudeDegrees>15.840121666666667</LongitudeDegrees>
                        </Position>
                        <AltitudeMeters>6.571328053890431</AltitudeMeters>
                        <DistanceMeters>2206.3115041395904</DistanceMeters>
                    </Trackpoint>
                    <Trackpoint>
                        <Time>2026-08-15T20:09:56.000+02:00</Time>
                        <Position>
                            <LatitudeDegrees>39.64275166666667</LatitudeDegrees>
                            <LongitudeDegrees>15.84013</LongitudeDegrees>
                        </Position>
                        <AltitudeMeters>6.593227637927896</AltitudeMeters>
                        <DistanceMeters>2207.6327041272616</DistanceMeters>
                    </Trackpoint>
                    <Trackpoint>
                        <Time>2026-08-15T20:09:57.000+02:00</Time>
                        <Position>
                            <LatitudeDegrees>39.642741666666666</LatitudeDegrees>
                            <LongitudeDegrees>15.840136666666666</LongitudeDegrees>
                        </Position>
                        <AltitudeMeters>6.61263657311419</AltitudeMeters>
                        <DistanceMeters>2208.8826165778373</DistanceMeters>
                        <HeartRateBpm>
                            <Value>149</Value>
                        </HeartRateBpm>
                    </Trackpoint>
                    <Trackpoint>
                        <Time>2026-08-15T20:09:58.000+02:00</Time>
                        <Position>
                            <LatitudeDegrees>39.64272833333333</LatitudeDegrees>
                            <LongitudeDegrees>15.840145</LongitudeDegrees>
                        </Position>
                        <AltitudeMeters>6.669808616713475</AltitudeMeters>
                        <DistanceMeters>2210.5279862730667</DistanceMeters>
                        <HeartRateBpm>
                            <Value>148</Value>
                        </HeartRateBpm>
                    </Trackpoint>
                    <Trackpoint>
                        <Time>2026-08-15T20:09:59.000+02:00</Time>
                        <Position>
                            <LatitudeDegrees>39.64271333333333</LatitudeDegrees>
                            <LongitudeDegrees>15.840151666666667</LongitudeDegrees>
                        </Position>
                        <AltitudeMeters>6.721955470882276</AltitudeMeters>
                        <DistanceMeters>2212.2908887643325</DistanceMeters>
                    </Trackpoint>
                    <Trackpoint>
                        <Time>2026-08-15T20:10:00.000+02:00</Time>
                        <Position>
                            <LatitudeDegrees>39.642696666666666</LatitudeDegrees>
                            <LongitudeDegrees>15.840156666666667</LongitudeDegrees>
                        </Position>
                        <AltitudeMeters>6.769254242725709</AltitudeMeters>
                        <DistanceMeters>2214.1929482937717</DistanceMeters>
                    </Trackpoint>
                    <Trackpoint>
                        <Time>2026-08-15T20:10:01.000+02:00</Time>
                        <Position>
                            <LatitudeDegrees>39.64268</LatitudeDegrees>
                            <LongitudeDegrees>15.840165</LongitudeDegrees>
                        </Position>
                        <AltitudeMeters>6.852009849441865</AltitudeMeters>
                        <DistanceMeters>2216.1788176682835</DistanceMeters>
                        <HeartRateBpm>
                            <Value>148</Value>
                        </HeartRateBpm>
                    </Trackpoint>
                    <Trackpoint>
                        <Time>2026-08-15T20:10:02.000+02:00</Time>
                        <Position>
                            <LatitudeDegrees>39.642665</LatitudeDegrees>
                            <LongitudeDegrees>15.840171666666667</LongitudeDegrees>
                        </Position>
                        <AltitudeMeters>6.927499891354237</AltitudeMeters>
                        <DistanceMeters>2217.9417202887353</DistanceMeters>
                    </Trackpoint>
                    <Trackpoint>
                        <Time>2026-08-15T20:10:03.000+02:00</Time>
                        <Position>
                            <LatitudeDegrees>39.642651666666666</LatitudeDegrees>
                            <LongitudeDegrees>15.840178333333334</LongitudeDegrees>
                        </Position>
                        <AltitudeMeters>7.036085559251698</AltitudeMeters>
                        <DistanceMeters>2219.530415877473</DistanceMeters>
                        <HeartRateBpm>
                            <Value>146</Value>
                        </HeartRateBpm>
                    </Trackpoint>
                    <Trackpoint>
                        <Time>2026-08-15T20:10:04.000+02:00</Time>
                        <Position>
                            <LatitudeDegrees>39.64264166666667</LatitudeDegrees>
                            <LongitudeDegrees>15.840186666666666</LongitudeDegrees>
                        </Position>
                        <AltitudeMeters>7.135115302483663</AltitudeMeters>
                        <DistanceMeters>2220.851616477522</DistanceMeters>
                    </Trackpoint>
                    <Trackpoint>
                        <Time>2026-08-15T20:10:05.000+02:00</Time>
                        <Position>
                            <LatitudeDegrees>39.64263166666667</LatitudeDegrees>
                            <LongitudeDegrees>15.840196666666667</LongitudeDegrees>
                        </Position>
                        <AltitudeMeters>7.2650331532939445</AltitudeMeters>
                        <DistanceMeters>2222.255037678804</DistanceMeters>
                    </Trackpoint>
                    <Trackpoint>
                        <Time>2026-08-15T20:10:06.000+02:00</Time>
                        <Position>
                            <LatitudeDegrees>39.64262166666666</LatitudeDegrees>
                            <LongitudeDegrees>15.840205</LongitudeDegrees>
                        </Position>
                        <AltitudeMeters>7.383280040945782</AltitudeMeters>
                        <DistanceMeters>2223.576238391493</DistanceMeters>
                        <HeartRateBpm>
                            <Value>146</Value>
                        </HeartRateBpm>
                    </Trackpoint>
                    <Trackpoint>
                        <Time>2026-08-15T20:10:07.000+02:00</Time>
                        <Position>
                            <LatitudeDegrees>39.64261333333334</LatitudeDegrees>
                            <LongitudeDegrees>15.840213333333333</LongitudeDegrees>
                        </Position>
                        <AltitudeMeters>7.490293977197349</AltitudeMeters>
                        <DistanceMeters>2224.7457561790284</DistanceMeters>
                    </Trackpoint>
                    <Trackpoint>
                        <Time>2026-08-15T20:10:08.000+02:00</Time>
                        <Position>
                            <LatitudeDegrees>39.642605</LatitudeDegrees>
                            <LongitudeDegrees>15.840223333333334</LongitudeDegrees>
                        </Position>
                        <AltitudeMeters>7.6266658514427865</AltitudeMeters>
                        <DistanceMeters>2226.0074185947974</DistanceMeters>
                        <HeartRateBpm>
                            <Value>145</Value>
                        </HeartRateBpm>
                    </Trackpoint>
                    <Trackpoint>
                        <Time>2026-08-15T20:10:09.000+02:00</Time>
                        <Position>
                            <LatitudeDegrees>39.642595</LatitudeDegrees>
                            <LongitudeDegrees>15.840231666666666</LongitudeDegrees>
                        </Position>
                        <AltitudeMeters>7.749978332228189</AltitudeMeters>
                        <DistanceMeters>2227.328619455491</DistanceMeters>
                    </Trackpoint>
                    <Trackpoint>
                        <Time>2026-08-15T20:10:10.000+02:00</Time>
                        <Position>
                            <LatitudeDegrees>39.642585</LatitudeDegrees>
                            <LongitudeDegrees>15.84024</LongitudeDegrees>
                        </Position>
                        <AltitudeMeters>7.860805407324773</AltitudeMeters>
                        <DistanceMeters>2228.6498203725046</DistanceMeters>
                    </Trackpoint>
                    <Trackpoint>
                        <Time>2026-08-15T20:10:11.000+02:00</Time>
                        <Position>
                            <LatitudeDegrees>39.64257666666666</LatitudeDegrees>
                            <LongitudeDegrees>15.840245</LongitudeDegrees>
                        </Position>
                        <AltitudeMeters>7.999867672310592</AltitudeMeters>
                        <DistanceMeters>2229.6705675266876</DistanceMeters>
                        <HeartRateBpm>
                            <Value>145</Value>
                        </HeartRateBpm>
                    </Trackpoint>
                    <Trackpoint>
                        <Time>2026-08-15T20:10:12.000+02:00</Time>
                        <Position>
                            <LatitudeDegrees>39.64256833333334</LatitudeDegrees>
                            <LongitudeDegrees>15.840248333333333</LongitudeDegrees>
                        </Position>
                        <AltitudeMeters>8.124870850772641</AltitudeMeters>
                        <DistanceMeters>2230.640153717995</DistanceMeters>
                    </Trackpoint>
                    <Trackpoint>
                        <Time>2026-08-15T20:10:13.000+02:00</Time>
                        <Position>
                            <LatitudeDegrees>39.642556666666664</LatitudeDegrees>
                            <LongitudeDegrees>15.840251666666667</LongitudeDegrees>
                        </Position>
                        <AltitudeMeters>8.236505065340952</AltitudeMeters>
                        <DistanceMeters>2231.968456184839</DistanceMeters>
                    </Trackpoint>
                    <Trackpoint>
                        <Time>2026-08-15T20:10:14.000+02:00</Time>
                        <Position>
                            <LatitudeDegrees>39.64254666666667</LatitudeDegrees>
                            <LongitudeDegrees>15.840253333333333</LongitudeDegrees>
                        </Position>
                        <AltitudeMeters>8.335493951560471</AltitudeMeters>
                        <DistanceMeters>2233.0895273450865</DistanceMeters>
                        <HeartRateBpm>
                            <Value>144</Value>
                        </HeartRateBpm>
                    </Trackpoint>
                    <Trackpoint>
                        <Time>2026-08-15T20:10:15.000+02:00</Time>
                        <Position>
                            <LatitudeDegrees>39.642536666666665</LatitudeDegrees>
                            <LongitudeDegrees>15.840258333333333</LongitudeDegrees>
                        </Position>
                        <AltitudeMeters>8.422583494469617</AltitudeMeters>
                        <DistanceMeters>2234.281049296908</DistanceMeters>
                    </Trackpoint>
                    <Trackpoint>
                        <Time>2026-08-15T20:10:16.000+02:00</Time>
                        <Position>
                            <LatitudeDegrees>39.64252666666667</LatitudeDegrees>
                            <LongitudeDegrees>15.840261666666667</LongitudeDegrees>
                        </Position>
                        <AltitudeMeters>8.49853212971165</AltitudeMeters>
                        <DistanceMeters>2235.4290462822078</DistanceMeters>
                    </Trackpoint>
                    <Trackpoint>
                        <Time>2026-08-15T20:10:17.000+02:00</Time>
                        <Position>
                            <LatitudeDegrees>39.642515</LatitudeDegrees>
                            <LongitudeDegrees>15.840266666666666</LongitudeDegrees>
                        </Position>
                        <AltitudeMeters>8.564102034580385</AltitudeMeters>
                        <DistanceMeters>2236.7951411198096</DistanceMeters>
                        <HeartRateBpm>
                            <Value>143</Value>
                        </HeartRateBpm>
                    </Trackpoint>
                    <Trackpoint>
                        <Time>2026-08-15T20:10:18.000+02:00</Time>
                        <Position>
                            <LatitudeDegrees>39.642505</LatitudeDegrees>
                            <LongitudeDegrees>15.84027</LongitudeDegrees>
                        </Position>
                        <AltitudeMeters>8.620051533156662</AltitudeMeters>
                        <DistanceMeters>2237.943138127959</DistanceMeters>
                    </Trackpoint>
                    <Trackpoint>
                        <Time>2026-08-15T20:10:19.000+02:00</Time>
                        <Position>
                            <LatitudeDegrees>39.642493333333334</LatitudeDegrees>
                            <LongitudeDegrees>15.840273333333334</LongitudeDegrees>
                        </Position>
                        <AltitudeMeters>8.667128539317869</AltitudeMeters>
                        <DistanceMeters>2239.2714406510277</DistanceMeters>
                        <HeartRateBpm>
                            <Value>144</Value>
                        </HeartRateBpm>
                    </Trackpoint>
                    <Trackpoint>
                        <Time>2026-08-15T20:10:20.000+02:00</Time>
                        <Position>
                            <LatitudeDegrees>39.64247833333334</LatitudeDegrees>
                            <LongitudeDegrees>15.840275</LongitudeDegrees>
                        </Position>
                        <AltitudeMeters>8.706064961788071</AltitudeMeters>
                        <DistanceMeters>2240.945461081132</DistanceMeters>
                    </Trackpoint>
                    <Trackpoint>
                        <Time>2026-08-15T20:10:21.000+02:00</Time>
                        <Position>
                            <LatitudeDegrees>39.64246166666667</LatitudeDegrees>
                            <LongitudeDegrees>15.840276666666666</LongitudeDegrees>
                        </Position>
                        <AltitudeMeters>8.737571996437406</AltitudeMeters>
                        <DistanceMeters>2242.8041991893515</DistanceMeters>
                        <HeartRateBpm>
                            <Value>143</Value>
                        </HeartRateBpm>
                    </Trackpoint>
                    <Trackpoint>
                        <Time>2026-08-15T20:10:22.000+02:00</Time>
                        <Position>
                            <LatitudeDegrees>39.64244333333333</LatitudeDegrees>
                            <LongitudeDegrees>15.840278333333334</LongitudeDegrees>
                        </Position>
                        <AltitudeMeters>8.762336232639834</AltitudeMeters>
                        <DistanceMeters>2244.8477649822426</DistanceMeters>
                    </Trackpoint>
                    <Trackpoint>
                        <Time>2026-08-15T20:10:23.000+02:00</Time>
                        <Position>
                            <LatitudeDegrees>39.642426666666665</LatitudeDegrees>
                            <LongitudeDegrees>15.84028</LongitudeDegrees>
                        </Position>
                        <AltitudeMeters>8.781016502569669</AltitudeMeters>
                        <DistanceMeters>2246.7065030960066</DistanceMeters>
                        <HeartRateBpm>
                            <Value>142</Value>
                        </HeartRateBpm>
                    </Trackpoint>
                    <Trackpoint>
                        <Time>2026-08-15T20:10:24.000+02:00</Time>
                        <Position>
                            <LatitudeDegrees>39.64241</LatitudeDegrees>
                            <LongitudeDegrees>15.84028</LongitudeDegrees>
                        </Position>
                        <AltitudeMeters>8.79424140477796</AltitudeMeters>
                        <DistanceMeters>2248.5597547827883</DistanceMeters>
                    </Trackpoint>
                    <Trackpoint>
                        <Time>2026-08-15T20:10:25.000+02:00</Time>
                        <Position>
                            <LatitudeDegrees>39.64239666666667</LatitudeDegrees>
                            <LongitudeDegrees>15.840281666666666</LongitudeDegrees>
                        </Position>
                        <AltitudeMeters>8.802607436165502</AltitudeMeters>
                        <DistanceMeters>2250.04920848809</DistanceMeters>
                        <HeartRateBpm>
                            <Value>141</Value>
                        </HeartRateBpm>
                    </Trackpoint>
                    <Trackpoint>
                        <Time>2026-08-15T20:10:26.000+02:00</Time>
                        <Position>
                            <LatitudeDegrees>39.642385</LatitudeDegrees>
                            <LongitudeDegrees>15.840283333333334</LongitudeDegrees>
                        </Position>
                        <AltitudeMeters>8.80667766949261</AltitudeMeters>
                        <DistanceMeters>2251.3543104300675</DistanceMeters>
                    </Trackpoint>
                    <Trackpoint>
                        <Time>2026-08-15T20:10:27.000+02:00</Time>
                        <Position>
                            <LatitudeDegrees>39.64237333333333</LatitudeDegrees>
                            <LongitudeDegrees>15.840286666666668</LongitudeDegrees>
                        </Position>
                        <AltitudeMeters>8.806980916775982</AltitudeMeters>
                        <DistanceMeters>2252.6826130588643</DistanceMeters>
                    </Trackpoint>
                    <Trackpoint>
                        <Time>2026-08-15T20:10:28.000+02:00</Time>
                        <Position>
                            <LatitudeDegrees>39.642363333333336</LatitudeDegrees>
                            <LongitudeDegrees>15.840291666666667</LongitudeDegrees>
                        </Position>
                        <AltitudeMeters>8.763905316625308</AltitudeMeters>
                        <DistanceMeters>2253.87413539569</DistanceMeters>
                        <HeartRateBpm>
                            <Value>141</Value>
                        </HeartRateBpm>
                    </Trackpoint>
                    <Trackpoint>
                        <Time>2026-08-15T20:10:29.000+02:00</Time>
                        <Position>
                            <LatitudeDegrees>39.642355</LatitudeDegrees>
                            <LongitudeDegrees>15.840296666666667</LongitudeDegrees>
                        </Position>
                        <AltitudeMeters>8.72084870100892</AltitudeMeters>
                        <DistanceMeters>2254.894883125447</DistanceMeters>
                        <HeartRateBpm>
                            <Value>140</Value>
                        </HeartRateBpm>
                    </Trackpoint>
                    <Trackpoint>
                        <Time>2026-08-15T20:10:30.000+02:00</Time>
                        <Position>
                            <LatitudeDegrees>39.642345</LatitudeDegrees>
                            <LongitudeDegrees>15.840303333333333</LongitudeDegrees>
                        </Position>
                        <AltitudeMeters>8.67820972555323</AltitudeMeters>
                        <DistanceMeters>2256.1447970712493</DistanceMeters>
                    </Trackpoint>
                    <Trackpoint>
                        <Time>2026-08-15T20:10:31.000+02:00</Time>
                        <Position>
                            <LatitudeDegrees>39.642335</LatitudeDegrees>
                            <LongitudeDegrees>15.84031</LongitudeDegrees>
                        </Position>
                        <AltitudeMeters>8.636330561014546</AltitudeMeters>
                        <DistanceMeters>2257.3947110543686</DistanceMeters>
                    </Trackpoint>
                    <Trackpoint>
                        <Time>2026-08-15T20:10:32.000+02:00</Time>
                        <Position>
                            <LatitudeDegrees>39.64232333333333</LatitudeDegrees>
                            <LongitudeDegrees>15.840315</LongitudeDegrees>
                        </Position>
                        <AltitudeMeters>8.555395151536558</AltitudeMeters>
                        <DistanceMeters>2258.7608062650934</DistanceMeters>
                        <HeartRateBpm>
                            <Value>140</Value>
                        </HeartRateBpm>
                    </Trackpoint>
                    <Trackpoint>
                        <Time>2026-08-15T20:10:33.000+02:00</Time>
                        <Position>
                            <LatitudeDegrees>39.642311666666664</LatitudeDegrees>
                            <LongitudeDegrees>15.84032</LongitudeDegrees>
                        </Position>
                        <AltitudeMeters>8.478583799657184</AltitudeMeters>
                        <DistanceMeters>2260.126901497196</DistanceMeters>
                    </Trackpoint>
                    <Trackpoint>
                        <Time>2026-08-15T20:10:34.000+02:00</Time>
                        <Position>
                            <LatitudeDegrees>39.64229666666667</LatitudeDegrees>
                            <LongitudeDegrees>15.840321666666666</LongitudeDegrees>
                        </Position>
                        <AltitudeMeters>8.406068082588918</AltitudeMeters>
                        <DistanceMeters>2261.8009219592595</DistanceMeters>
                    </Trackpoint>
                    <Trackpoint>
                        <Time>2026-08-15T20:10:35.000+02:00</Time>
                        <Position>
                            <LatitudeDegrees>39.64228</LatitudeDegrees>
                            <LongitudeDegrees>15.840323333333334</LongitudeDegrees>
                        </Position>
                        <AltitudeMeters>8.337956919164297</AltitudeMeters>
                        <DistanceMeters>2263.6596600969874</DistanceMeters>
                        <HeartRateBpm>
                            <Value>139</Value>
                        </HeartRateBpm>
                    </Trackpoint>
                    <Trackpoint>
                        <Time>2026-08-15T20:10:36.000+02:00</Time>
                        <Position>
                            <LatitudeDegrees>39.64226333333333</LatitudeDegrees>
                            <LongitudeDegrees>15.840328333333334</LongitudeDegrees>
                        </Position>
                        <AltitudeMeters>8.274303821407592</AltitudeMeters>
                        <DistanceMeters>2265.5617202302606</DistanceMeters>
                    </Trackpoint>
                    <Trackpoint>
                        <Time>2026-08-15T20:10:37.000+02:00</Time>
                        <Position>
                            <LatitudeDegrees>39.64224333333333</LatitudeDegrees>
                            <LongitudeDegrees>15.840331666666668</LongitudeDegrees>
                        </Position>
                        <AltitudeMeters>8.215113705651161</AltitudeMeters>
                        <DistanceMeters>2267.8038627081255</DistanceMeters>
                        <HeartRateBpm>
                            <Value>138</Value>
                        </HeartRateBpm>
                    </Trackpoint>
                    <Trackpoint>
                        <Time>2026-08-15T20:10:38.000+02:00</Time>
                        <Position>
                            <LatitudeDegrees>39.642223333333334</LatitudeDegrees>
                            <LongitudeDegrees>15.84034</LongitudeDegrees>
                        </Position>
                        <AltitudeMeters>8.16034925784522</AltitudeMeters>
                        <DistanceMeters>2270.139431647836</DistanceMeters>
                    </Trackpoint>
                    <Trackpoint>
                        <Time>2026-08-15T20:10:39.000+02:00</Time>
                        <Position>
                            <LatitudeDegrees>39.642203333333335</LatitudeDegrees>
                            <LongitudeDegrees>15.840348333333333</LongitudeDegrees>
                        </Position>
                        <AltitudeMeters>8.06983084692936</AltitudeMeters>
                        <DistanceMeters>2272.475000649918</DistanceMeters>
                        <HeartRateBpm>
                            <Value>137</Value>
                        </HeartRateBpm>
                    </Trackpoint>
                    <Trackpoint>
                        <Time>2026-08-15T20:10:40.000+02:00</Time>
                        <Position>
                            <LatitudeDegrees>39.642181666666666</LatitudeDegrees>
                            <LongitudeDegrees>15.840358333333333</LongitudeDegrees>
                        </Position>
                        <AltitudeMeters>7.986392398367709</AltitudeMeters>
                        <DistanceMeters>2275.031862222133</DistanceMeters>
                    </Trackpoint>
                    <Trackpoint>
                        <Time>2026-08-15T20:10:41.000+02:00</Time>
                        <Position>
                            <LatitudeDegrees>39.642158333333334</LatitudeDegrees>
                            <LongitudeDegrees>15.84037</LongitudeDegrees>
                        </Position>
                        <AltitudeMeters>7.909877268729441</AltitudeMeters>
                        <DistanceMeters>2277.8120820365593</DistanceMeters>
                    </Trackpoint>
                    <Trackpoint>
                        <Time>2026-08-15T20:10:42.000+02:00</Time>
                        <Position>
                            <LatitudeDegrees>39.642136666666666</LatitudeDegrees>
                            <LongitudeDegrees>15.84038</LongitudeDegrees>
                        </Position>
                        <AltitudeMeters>7.840084975343894</AltitudeMeters>
                        <DistanceMeters>2280.3689437952717</DistanceMeters>
                        <HeartRateBpm>
                            <Value>136</Value>
                        </HeartRateBpm>
                    </Trackpoint>
                    <Trackpoint>
                        <Time>2026-08-15T20:10:43.000+02:00</Time>
                        <Position>
                            <LatitudeDegrees>39.642111666666665</LatitudeDegrees>
                            <LongitudeDegrees>15.84039</LongitudeDegrees>
                        </Position>
                        <AltitudeMeters>7.776778847813532</AltitudeMeters>
                        <DistanceMeters>2283.2777040052197</DistanceMeters>
                        <HeartRateBpm>
                            <Value>136</Value>
                        </HeartRateBpm>
                    </Trackpoint>
                    <Trackpoint>
                        <Time>2026-08-15T20:10:44.000+02:00</Time>
                        <Position>
                            <LatitudeDegrees>39.64209</LatitudeDegrees>
                            <LongitudeDegrees>15.8404</LongitudeDegrees>
                        </Position>
                        <AltitudeMeters>7.7196930072432846</AltitudeMeters>
                        <DistanceMeters>2285.8345659568554</DistanceMeters>
                        <HeartRateBpm>
                            <Value>137</Value>
                        </HeartRateBpm>
                    </Trackpoint>
                    <Trackpoint>
                        <Time>2026-08-15T20:10:45.000+02:00</Time>
                        <Position>
                            <LatitudeDegrees>39.642068333333334</LatitudeDegrees>
                            <LongitudeDegrees>15.84041</LongitudeDegrees>
                        </Position>
                        <AltitudeMeters>7.668538696853301</AltitudeMeters>
                        <DistanceMeters>2288.391427998238</DistanceMeters>
                    </Trackpoint>
                    <Trackpoint>
                        <Time>2026-08-15T20:10:46.000+02:00</Time>
                        <Position>
                            <LatitudeDegrees>39.642046666666666</LatitudeDegrees>
                            <LongitudeDegrees>15.840418333333334</LongitudeDegrees>
                        </Position>
                        <AltitudeMeters>7.623009990563006</AltitudeMeters>
                        <DistanceMeters>2290.904099945822</DistanceMeters>
                    </Trackpoint>
                    <Trackpoint>
                        <Time>2026-08-15T20:10:47.000+02:00</Time>
                        <Position>
                            <LatitudeDegrees>39.642025</LatitudeDegrees>
                            <LongitudeDegrees>15.840428333333334</LongitudeDegrees>
                        </Position>
                        <AltitudeMeters>7.582788908422138</AltitudeMeters>
                        <DistanceMeters>2293.4609621675495</DistanceMeters>
                        <HeartRateBpm>
                            <Value>137</Value>
                        </HeartRateBpm>
                    </Trackpoint>
                    <Trackpoint>
                        <Time>2026-08-15T20:10:48.000+02:00</Time>
                        <Position>
                            <LatitudeDegrees>39.64200666666667</LatitudeDegrees>
                            <LongitudeDegrees>15.840438333333333</LongitudeDegrees>
                        </Position>
                        <AltitudeMeters>7.54754996948138</AltitudeMeters>
                        <DistanceMeters>2295.672062520288</DistanceMeters>
                    </Trackpoint>
                    <Trackpoint>
                        <Time>2026-08-15T20:10:49.000+02:00</Time>
                        <Position>
                            <LatitudeDegrees>39.64198833333333</LatitudeDegrees>
                            <LongitudeDegrees>15.840446666666667</LongitudeDegrees>
                        </Position>
                        <AltitudeMeters>7.516964213900572</AltitudeMeters>
                        <DistanceMeters>2297.8319099979126</DistanceMeters>
                    </Trackpoint>
                    <Trackpoint>
                        <Time>2026-08-15T20:10:50.000+02:00</Time>
                        <Position>
                            <LatitudeDegrees>39.64197166666667</LatitudeDegrees>
                            <LongitudeDegrees>15.840455</LongitudeDegrees>
                        </Position>
                        <AltitudeMeters>7.490702726842605</AltitudeMeters>
                        <DistanceMeters>2299.8177819984767</DistanceMeters>
                        <HeartRateBpm>
                            <Value>138</Value>
                        </HeartRateBpm>
                    </Trackpoint>
                    <Trackpoint>
                        <Time>2026-08-15T20:10:51.000+02:00</Time>
                        <Position>
                            <LatitudeDegrees>39.641955</LatitudeDegrees>
                            <LongitudeDegrees>15.840461666666666</LongitudeDegrees>
                        </Position>
                        <AltitudeMeters>7.468439697048984</AltitudeMeters>
                        <DistanceMeters>2301.756955862549</DistanceMeters>
                    </Trackpoint>
                    <Trackpoint>
                        <Time>2026-08-15T20:10:52.000+02:00</Time>
                        <Position>
                            <LatitudeDegrees>39.641938333333336</LatitudeDegrees>
                            <LongitudeDegrees>15.840468333333334</LongitudeDegrees>
                        </Position>
                        <AltitudeMeters>7.409749037348463</AltitudeMeters>
                        <DistanceMeters>2303.696129767119</DistanceMeters>
                        <HeartRateBpm>
                            <Value>137</Value>
                        </HeartRateBpm>
                    </Trackpoint>
                    <Trackpoint>
                        <Time>2026-08-15T20:10:53.000+02:00</Time>
                        <Position>
                            <LatitudeDegrees>39.64192</LatitudeDegrees>
                            <LongitudeDegrees>15.840473333333334</LongitudeDegrees>
                        </Position>
                        <AltitudeMeters>7.357257008050417</AltitudeMeters>
                        <DistanceMeters>2305.7791776183894</DistanceMeters>
                    </Trackpoint>
                    <Trackpoint>
                        <Time>2026-08-15T20:10:54.000+02:00</Time>
                        <Position>
                            <LatitudeDegrees>39.64190333333333</LatitudeDegrees>
                            <LongitudeDegrees>15.84048</LongitudeDegrees>
                        </Position>
                        <AltitudeMeters>7.310634908750225</AltitudeMeters>
                        <DistanceMeters>2307.718351608004</DistanceMeters>
                    </Trackpoint>
                    <Trackpoint>
                        <Time>2026-08-15T20:10:55.000+02:00</Time>
                        <Position>
                            <LatitudeDegrees>39.64188333333333</LatitudeDegrees>
                            <LongitudeDegrees>15.840486666666667</LongitudeDegrees>
                        </Position>
                        <AltitudeMeters>7.26954271334246</AltitudeMeters>
                        <DistanceMeters>2310.0143468899105</DistanceMeters>
                        <HeartRateBpm>
                            <Value>137</Value>
                        </HeartRateBpm>
                    </Trackpoint>
                    <Trackpoint>
                        <Time>2026-08-15T20:10:56.000+02:00</Time>
                        <Position>
                            <LatitudeDegrees>39.641865</LatitudeDegrees>
                            <LongitudeDegrees>15.840495</LongitudeDegrees>
                        </Position>
                        <AltitudeMeters>7.23363373223082</AltitudeMeters>
                        <DistanceMeters>2312.1741947873675</DistanceMeters>
                    </Trackpoint>
                    <Trackpoint>
                        <Time>2026-08-15T20:10:57.000+02:00</Time>
                        <Position>
                            <LatitudeDegrees>39.641845</LatitudeDegrees>
                            <LongitudeDegrees>15.840503333333334</LongitudeDegrees>
                        </Position>
                        <AltitudeMeters>7.20255872154767</AltitudeMeters>
                        <DistanceMeters>2314.509764919685</DistanceMeters>
                    </Trackpoint>
                    <Trackpoint>
                        <Time>2026-08-15T20:10:58.000+02:00</Time>
                        <Position>
                            <LatitudeDegrees>39.64182666666667</LatitudeDegrees>
                            <LongitudeDegrees>15.840515</LongitudeDegrees>
                        </Position>
                        <AltitudeMeters>7.17596947405215</AltitudeMeters>
                        <DistanceMeters>2316.779946741559</DistanceMeters>
                        <HeartRateBpm>
                            <Value>136</Value>
                        </HeartRateBpm>
                    </Trackpoint>
                    <Trackpoint>
                        <Time>2026-08-15T20:10:59.000+02:00</Time>
                        <Position>
                            <LatitudeDegrees>39.64180666666667</LatitudeDegrees>
                            <LongitudeDegrees>15.840525</LongitudeDegrees>
                        </Position>
                        <AltitudeMeters>7.153521926631246</AltitudeMeters>
                        <DistanceMeters>2319.162993868725</DistanceMeters>
                    </Trackpoint>
                    <Trackpoint>
                        <Time>2026-08-15T20:11:00.000+02:00</Time>
                        <Position>
                            <LatitudeDegrees>39.64178666666667</LatitudeDegrees>
                            <LongitudeDegrees>15.840535</LongitudeDegrees>
                        </Position>
                        <AltitudeMeters>7.134878819224539</AltitudeMeters>
                        <DistanceMeters>2321.546041085528</DistanceMeters>
                    </Trackpoint>
                    <Trackpoint>
                        <Time>2026-08-15T20:11:01.000+02:00</Time>
                        <Position>
                            <LatitudeDegrees>39.64176666666667</LatitudeDegrees>
                            <LongitudeDegrees>15.840548333333333</LongitudeDegrees>
                        </Position>
                        <AltitudeMeters>7.119711939578948</AltitudeMeters>
                        <DistanceMeters>2324.0458732995503</DistanceMeters>
                        <HeartRateBpm>
                            <Value>136</Value>
                        </HeartRateBpm>
                    </Trackpoint>
                    <Trackpoint>
                        <Time>2026-08-15T20:11:02.000+02:00</Time>
                        <Position>
                            <LatitudeDegrees>39.64174666666667</LatitudeDegrees>
                            <LongitudeDegrees>15.84056</LongitudeDegrees>
                        </Position>
                        <AltitudeMeters>7.107703987559465</AltitudeMeters>
                        <DistanceMeters>2326.4838381080026</DistanceMeters>
                    </Trackpoint>
                    <Trackpoint>
                        <Time>2026-08-15T20:11:03.000+02:00</Time>
                        <Position>
                            <LatitudeDegrees>39.64172833333333</LatitudeDegrees>
                            <LongitudeDegrees>15.840571666666667</LongitudeDegrees>
                        </Position>
                        <AltitudeMeters>7.098550091837131</AltitudeMeters>
                        <DistanceMeters>2328.7540205549217</DistanceMeters>
                        <HeartRateBpm>
                            <Value>137</Value>
                        </HeartRateBpm>
                    </Trackpoint>
                    <Trackpoint>
                        <Time>2026-08-15T20:11:04.000+02:00</Time>
                        <Position>
                            <LatitudeDegrees>39.641708333333334</LatitudeDegrees>
                            <LongitudeDegrees>15.840585</LongitudeDegrees>
                        </Position>
                        <AltitudeMeters>7.091959010684226</AltitudeMeters>
                        <DistanceMeters>2331.2538532092544</DistanceMeters>
                    </Trackpoint>
                    <Trackpoint>
                        <Time>2026-08-15T20:11:05.000+02:00</Time>
                        <Position>
                            <LatitudeDegrees>39.641688333333335</LatitudeDegrees>
                            <LongitudeDegrees>15.840598333333332</LongitudeDegrees>
                        </Position>
                        <AltitudeMeters>7.087654047363848</AltitudeMeters>
                        <DistanceMeters>2333.7536860136242</DistanceMeters>
                    </Trackpoint>
                    <Trackpoint>
                        <Time>2026-08-15T20:11:06.000+02:00</Time>
                        <Position>
                            <LatitudeDegrees>39.641666666666666</LatitudeDegrees>
                            <LongitudeDegrees>15.840608333333334</LongitudeDegrees>
                        </Position>
                        <AltitudeMeters>7.0853737092380245</AltitudeMeters>
                        <DistanceMeters>2336.3105497212327</DistanceMeters>
                        <HeartRateBpm>
                            <Value>137</Value>
                        </HeartRateBpm>
                    </Trackpoint>
                    <Trackpoint>
                        <Time>2026-08-15T20:11:07.000+02:00</Time>
                        <Position>
                            <LatitudeDegrees>39.641645</LatitudeDegrees>
                            <LongitudeDegrees>15.840618333333333</LongitudeDegrees>
                        </Position>
                        <AltitudeMeters>7.084872138264051</AltitudeMeters>
                        <DistanceMeters>2338.867413518013</DistanceMeters>
                    </Trackpoint>
                    <Trackpoint>
                        <Time>2026-08-15T20:11:08.000+02:00</Time>
                        <Position>
                            <LatitudeDegrees>39.641623333333335</LatitudeDegrees>
                            <LongitudeDegrees>15.840628333333333</LongitudeDegrees>
                        </Position>
                        <AltitudeMeters>7.085919339028295</AltitudeMeters>
                        <DistanceMeters>2341.42427740454</DistanceMeters>
                    </Trackpoint>
                    <Trackpoint>
                        <Time>2026-08-15T20:11:09.000+02:00</Time>
                        <Position>
                            <LatitudeDegrees>39.641601666666666</LatitudeDegrees>
                            <LongitudeDegrees>15.840636666666667</LongitudeDegrees>
                        </Position>
                        <AltitudeMeters>7.0883012289033</AltitudeMeters>
                        <DistanceMeters>2343.936950655331</DistanceMeters>
                        <HeartRateBpm>
                            <Value>138</Value>
                        </HeartRateBpm>
                    </Trackpoint>
                    <Trackpoint>
                        <Time>2026-08-15T20:11:10.000+02:00</Time>
                        <Position>
                            <LatitudeDegrees>39.641578333333335</LatitudeDegrees>
                            <LongitudeDegrees>15.840646666666666</LongitudeDegrees>
                        </Position>
                        <AltitudeMeters>7.0918195333277065</AltitudeMeters>
                        <DistanceMeters>2346.669143943051</DistanceMeters>
                    </Trackpoint>
                    <Trackpoint>
                        <Time>2026-08-15T20:11:11.000+02:00</Time>
                        <Position>
                            <LatitudeDegrees>39.641556666666666</LatitudeDegrees>
                            <LongitudeDegrees>15.840658333333334</LongitudeDegrees>
                        </Position>
                        <AltitudeMeters>7.0962915476172626</AltitudeMeters>
                        <DistanceMeters>2349.2772684258557</DistanceMeters>
                    </Trackpoint>
                    <Trackpoint>
                        <Time>2026-08-15T20:11:12.000+02:00</Time>
                        <Position>
                            <LatitudeDegrees>39.641531666666666</LatitudeDegrees>
                            <LongitudeDegrees>15.840666666666667</LongitudeDegrees>
                        </Position>
                        <AltitudeMeters>7.101549785134386</AltitudeMeters>
                        <DistanceMeters>2352.1472634239976</DistanceMeters>
                        <HeartRateBpm>
                            <Value>138</Value>
                        </HeartRateBpm>
                    </Trackpoint>
                    <Trackpoint>
                        <Time>2026-08-15T20:11:13.000+02:00</Time>
                        <Position>
                            <LatitudeDegrees>39.641506666666665</LatitudeDegrees>
                            <LongitudeDegrees>15.840675</LongitudeDegrees>
                        </Position>
                        <AltitudeMeters>7.107441530086732</AltitudeMeters>
                        <DistanceMeters>2355.0172584854504</DistanceMeters>
                    </Trackpoint>
                    <Trackpoint>
                        <Time>2026-08-15T20:11:14.000+02:00</Time>
                        <Position>
                            <LatitudeDegrees>39.641481666666664</LatitudeDegrees>
                            <LongitudeDegrees>15.840681666666667</LongitudeDegrees>
                        </Position>
                        <AltitudeMeters>7.1138283117034415</AltitudeMeters>
                        <DistanceMeters>2357.8551409646216</DistanceMeters>
                    </Trackpoint>
                    <Trackpoint>
                        <Time>2026-08-15T20:11:15.000+02:00</Time>
                        <Position>
                            <LatitudeDegrees>39.64145833333333</LatitudeDegrees>
                            <LongitudeDegrees>15.840685</LongitudeDegrees>
                        </Position>
                        <AltitudeMeters>7.120585315060648</AltitudeMeters>
                        <DistanceMeters>2360.4653452634416</DistanceMeters>
                        <HeartRateBpm>
                            <Value>138</Value>
                        </HeartRateBpm>
                    </Trackpoint>
                    <Trackpoint>
                        <Time>2026-08-15T20:11:16.000+02:00</Time>
                        <Position>
                            <LatitudeDegrees>39.641435</LatitudeDegrees>
                            <LongitudeDegrees>15.840686666666667</LongitudeDegrees>
                        </Position>
                        <AltitudeMeters>7.127600742403314</AltitudeMeters>
                        <DistanceMeters>2363.0638194495255</DistanceMeters>
                    </Trackpoint>
                    <Trackpoint>
                        <Time>2026-08-15T20:11:17.000+02:00</Time>
                        <Position>
                            <LatitudeDegrees>39.64141333333333</LatitudeDegrees>
                            <LongitudeDegrees>15.840688333333333</LongitudeDegrees>
                        </Position>
                        <AltitudeMeters>7.134775137444896</AltitudeMeters>
                        <DistanceMeters>2365.4772696406944</DistanceMeters>
                        <HeartRateBpm>
                            <Value>139</Value>
                        </HeartRateBpm>
                    </Trackpoint>
                    <Trackpoint>
                        <Time>2026-08-15T20:11:18.000+02:00</Time>
                        <Position>
                            <LatitudeDegrees>39.641395</LatitudeDegrees>
                            <LongitudeDegrees>15.84069</LongitudeDegrees>
                        </Position>
                        <AltitudeMeters>7.14202068382461</AltitudeMeters>
                        <DistanceMeters>2367.5208355832283</DistanceMeters>
                    </Trackpoint>
                    <Trackpoint>
                        <Time>2026-08-15T20:11:19.000+02:00</Time>
                        <Position>
                            <LatitudeDegrees>39.641375</LatitudeDegrees>
                            <LongitudeDegrees>15.840693333333334</LongitudeDegrees>
                        </Position>
                        <AltitudeMeters>7.149260487667927</AltitudeMeters>
                        <DistanceMeters>2369.7629785187346</DistanceMeters>
                    </Trackpoint>
                    <Trackpoint>
                        <Time>2026-08-15T20:11:20.000+02:00</Time>
                        <Position>
                            <LatitudeDegrees>39.641358333333336</LatitudeDegrees>
                            <LongitudeDegrees>15.840698333333334</LongitudeDegrees>
                        </Position>
                        <AltitudeMeters>7.156427853031938</AltitudeMeters>
                        <DistanceMeters>2371.665039912396</DistanceMeters>
                        <HeartRateBpm>
                            <Value>139</Value>
                        </HeartRateBpm>
                    </Trackpoint>
                    <Trackpoint>
                        <Time>2026-08-15T20:11:21.000+02:00</Time>
                        <Position>
                            <LatitudeDegrees>39.64134</LatitudeDegrees>
                            <LongitudeDegrees>15.840706666666666</LongitudeDegrees>
                        </Position>
                        <AltitudeMeters>7.163465557924965</AltitudeMeters>
                        <DistanceMeters>2373.8248895999177</DistanceMeters>
                    </Trackpoint>
                    <Trackpoint>
                        <Time>2026-08-15T20:11:22.000+02:00</Time>
                        <Position>
                            <LatitudeDegrees>39.64132</LatitudeDegrees>
                            <LongitudeDegrees>15.840715</LongitudeDegrees>
                        </Position>
                        <AltitudeMeters>7.1703251375700265</AltitudeMeters>
                        <DistanceMeters>2376.1604613872532</DistanceMeters>
                    </Trackpoint>
                    <Trackpoint>
                        <Time>2026-08-15T20:11:23.000+02:00</Time>
                        <Position>
                            <LatitudeDegrees>39.6413</LatitudeDegrees>
                            <LongitudeDegrees>15.840726666666667</LongitudeDegrees>
                        </Position>
                        <AltitudeMeters>7.17696618063435</AltitudeMeters>
                        <DistanceMeters>2378.5984288388463</DistanceMeters>
                        <HeartRateBpm>
                            <Value>140</Value>
                        </HeartRateBpm>
                    </Trackpoint>
                    <Trackpoint>
                        <Time>2026-08-15T20:11:24.000+02:00</Time>
                        <Position>
                            <LatitudeDegrees>39.64128</LatitudeDegrees>
                            <LongitudeDegrees>15.840736666666666</LongitudeDegrees>
                        </Position>
                        <AltitudeMeters>7.183355643271406</AltitudeMeters>
                        <DistanceMeters>2380.9814783097136</DistanceMeters>
                    </Trackpoint>
                    <Trackpoint>
                        <Time>2026-08-15T20:11:25.000+02:00</Time>
                        <Position>
                            <LatitudeDegrees>39.64125833333333</LatitudeDegrees>
                            <LongitudeDegrees>15.840748333333334</LongitudeDegrees>
                        </Position>
                        <AltitudeMeters>7.189467185016598</AltitudeMeters>
                        <DistanceMeters>2383.5896044431247</DistanceMeters>
                        <HeartRateBpm>
                            <Value>139</Value>
                        </HeartRateBpm>
                    </Trackpoint>
                    <Trackpoint>
                        <Time>2026-08-15T20:11:26.000+02:00</Time>
                        <Position>
                            <LatitudeDegrees>39.641238333333334</LatitudeDegrees>
                            <LongitudeDegrees>15.840761666666667</LongitudeDegrees>
                        </Position>
                        <AltitudeMeters>7.195280529841008</AltitudeMeters>
                        <DistanceMeters>2386.0894406411494</DistanceMeters>
                    </Trackpoint>
                    <Trackpoint>
                        <Time>2026-08-15T20:11:27.000+02:00</Time>
                        <Position>
                            <LatitudeDegrees>39.641216666666665</LatitudeDegrees>
                            <LongitudeDegrees>15.840775</LongitudeDegrees>
                        </Position>
                        <AltitudeMeters>7.2007808549972125</AltitudeMeters>
                        <DistanceMeters>2388.7554896378474</DistanceMeters>
                        <HeartRateBpm>
                            <Value>138</Value>
                        </HeartRateBpm>
                    </Trackpoint>
                    <Trackpoint>
                        <Time>2026-08-15T20:11:28.000+02:00</Time>
                        <Position>
                            <LatitudeDegrees>39.641195</LatitudeDegrees>
                            <LongitudeDegrees>15.840786666666666</LongitudeDegrees>
                        </Position>
                        <AltitudeMeters>7.165852204044742</AltitudeMeters>
                        <DistanceMeters>2391.363616121562</DistanceMeters>
                    </Trackpoint>
                    <Trackpoint>
                        <Time>2026-08-15T20:11:29.000+02:00</Time>
                        <Position>
                            <LatitudeDegrees>39.641175</LatitudeDegrees>
                            <LongitudeDegrees>15.840798333333334</LongitudeDegrees>
                        </Position>
                        <AltitudeMeters>7.133427333907954</AltitudeMeters>
                        <DistanceMeters>2393.801584313663</DistanceMeters>
                    </Trackpoint>
                    <Trackpoint>
                        <Time>2026-08-15T20:11:30.000+02:00</Time>
                        <Position>
                            <LatitudeDegrees>39.641153333333335</LatitudeDegrees>
                            <LongitudeDegrees>15.840808333333333</LongitudeDegrees>
                        </Position>
                        <AltitudeMeters>7.063372024840474</AltitudeMeters>
                        <DistanceMeters>2396.358450149078</DistanceMeters>
                        <HeartRateBpm>
                            <Value>139</Value>
                        </HeartRateBpm>
                    </Trackpoint>
                    <Trackpoint>
                        <Time>2026-08-15T20:11:31.000+02:00</Time>
                        <Position>
                            <LatitudeDegrees>39.641131666666666</LatitudeDegrees>
                            <LongitudeDegrees>15.840818333333333</LongitudeDegrees>
                        </Position>
                        <AltitudeMeters>6.998577105812863</AltitudeMeters>
                        <DistanceMeters>2398.9153160742403</DistanceMeters>
                    </Trackpoint>
                    <Trackpoint>
                        <Time>2026-08-15T20:11:32.000+02:00</Time>
                        <Position>
                            <LatitudeDegrees>39.64111</LatitudeDegrees>
                            <LongitudeDegrees>15.840825</LongitudeDegrees>
                        </Position>
                        <AltitudeMeters>6.898846277142874</AltitudeMeters>
                        <DistanceMeters>2401.391247630029</DistanceMeters>
                    </Trackpoint>
                    <Trackpoint>
                        <Time>2026-08-15T20:11:33.000+02:00</Time>
                        <Position>
                            <LatitudeDegrees>39.641088333333336</LatitudeDegrees>
                            <LongitudeDegrees>15.840835</LongitudeDegrees>
                        </Position>
                        <AltitudeMeters>6.806991372888001</AltitudeMeters>
                        <DistanceMeters>2403.9481137342914</DistanceMeters>
                        <HeartRateBpm>
                            <Value>139</Value>
                        </HeartRateBpm>
                    </Trackpoint>
                    <Trackpoint>
                        <Time>2026-08-15T20:11:34.000+02:00</Time>
                        <Position>
                            <LatitudeDegrees>39.641065</LatitudeDegrees>
                            <LongitudeDegrees>15.840843333333334</LongitudeDegrees>
                        </Position>
                        <AltitudeMeters>6.722829156667765</AltitudeMeters>
                        <DistanceMeters>2406.638998542157</DistanceMeters>
                        <HeartRateBpm>
                            <Value>138</Value>
                        </HeartRateBpm>
                    </Trackpoint>
                    <Trackpoint>
                        <Time>2026-08-15T20:11:35.000+02:00</Time>
                        <Position>
                            <LatitudeDegrees>39.641043333333336</LatitudeDegrees>
                            <LongitudeDegrees>15.840851666666667</LongitudeDegrees>
                        </Position>
                        <AltitudeMeters>6.606022887324332</AltitudeMeters>
                        <DistanceMeters>2409.151673428224</DistanceMeters>
                    </Trackpoint>
                    <Trackpoint>
                        <Time>2026-08-15T20:11:36.000+02:00</Time>
                        <Position>
                            <LatitudeDegrees>39.64102333333334</LatitudeDegrees>
                            <LongitudeDegrees>15.840861666666667</LongitudeDegrees>
                        </Position>
                        <AltitudeMeters>6.499241132234527</AltitudeMeters>
                        <DistanceMeters>2411.534724040949</DistanceMeters>
                        <HeartRateBpm>
                            <Value>139</Value>
                        </HeartRateBpm>
                    </Trackpoint>
                    <Trackpoint>
                        <Time>2026-08-15T20:11:37.000+02:00</Time>
                        <Position>
                            <LatitudeDegrees>39.64100166666667</LatitudeDegrees>
                            <LongitudeDegrees>15.840871666666667</LongitudeDegrees>
                        </Position>
                        <AltitudeMeters>6.4021562706761825</AltitudeMeters>
                        <DistanceMeters>2414.0915905052298</DistanceMeters>
                    </Trackpoint>
                    <Trackpoint>
                        <Time>2026-08-15T20:11:38.000+02:00</Time>
                        <Position>
                            <LatitudeDegrees>39.64098333333333</LatitudeDegrees>
                            <LongitudeDegrees>15.84088</LongitudeDegrees>
                        </Position>
                        <AltitudeMeters>6.314393557813905</AltitudeMeters>
                        <DistanceMeters>2416.2514414092816</DistanceMeters>
                    </Trackpoint>
                    <Trackpoint>
                        <Time>2026-08-15T20:11:39.000+02:00</Time>
                        <Position>
                            <LatitudeDegrees>39.640966666666664</LatitudeDegrees>
                            <LongitudeDegrees>15.840888333333334</LongitudeDegrees>
                        </Position>
                        <AltitudeMeters>6.235540833185235</AltitudeMeters>
                        <DistanceMeters>2418.237317135723</DistanceMeters>
                        <HeartRateBpm>
                            <Value>139</Value>
                        </HeartRateBpm>
                    </Trackpoint>
                    <Trackpoint>
                        <Time>2026-08-15T20:11:40.000+02:00</Time>
                        <Position>
                            <LatitudeDegrees>39.64095</LatitudeDegrees>
                            <LongitudeDegrees>15.840895</LongitudeDegrees>
                        </Position>
                        <AltitudeMeters>6.16515729697193</AltitudeMeters>
                        <DistanceMeters>2420.176493441781</DistanceMeters>
                    </Trackpoint>
                    <Trackpoint>
                        <Time>2026-08-15T20:11:41.000+02:00</Time>
                        <Position>
                            <LatitudeDegrees>39.64093333333334</LatitudeDegrees>
                            <LongitudeDegrees>15.840901666666667</LongitudeDegrees>
                        </Position>
                        <AltitudeMeters>6.102781395272431</AltitudeMeters>
                        <DistanceMeters>2422.115669788336</DistanceMeters>
                    </Trackpoint>
                    <Trackpoint>
                        <Time>2026-08-15T20:11:42.000+02:00</Time>
                        <Position>
                            <LatitudeDegrees>39.64091666666667</LatitudeDegrees>
                            <LongitudeDegrees>15.840910000000001</LongitudeDegrees>
                        </Position>
                        <AltitudeMeters>6.04793785845548</AltitudeMeters>
                        <DistanceMeters>2424.101545700242</DistanceMeters>
                        <HeartRateBpm>
                            <Value>139</Value>
                        </HeartRateBpm>
                    </Trackpoint>
                    <Trackpoint>
                        <Time>2026-08-15T20:11:43.000+02:00</Time>
                        <Position>
                            <LatitudeDegrees>39.64089833333333</LatitudeDegrees>
                            <LongitudeDegrees>15.84092</LongitudeDegrees>
                        </Position>
                        <AltitudeMeters>6.000143938750292</AltitudeMeters>
                        <DistanceMeters>2426.312651367729</DistanceMeters>
                    </Trackpoint>
                    <Trackpoint>
                        <Time>2026-08-15T20:11:44.000+02:00</Time>
                        <Position>
                            <LatitudeDegrees>39.64088</LatitudeDegrees>
                            <LongitudeDegrees>15.84093</LongitudeDegrees>
                        </Position>
                        <AltitudeMeters>5.9589148946002375</AltitudeMeters>
                        <DistanceMeters>2428.5237571232256</DistanceMeters>
                    </Trackpoint>
                    <Trackpoint>
                        <Time>2026-08-15T20:11:45.000+02:00</Time>
                        <Position>
                            <LatitudeDegrees>39.64086</LatitudeDegrees>
                            <LongitudeDegrees>15.840941666666666</LongitudeDegrees>
                        </Position>
                        <AltitudeMeters>5.923768770054811</AltitudeMeters>
                        <DistanceMeters>2430.9617271790225</DistanceMeters>
                        <HeartRateBpm>
                            <Value>139</Value>
                        </HeartRateBpm>
                    </Trackpoint>
                    <Trackpoint>
                        <Time>2026-08-15T20:11:46.000+02:00</Time>
                        <Position>
                            <LatitudeDegrees>39.64084</LatitudeDegrees>
                            <LongitudeDegrees>15.840951666666667</LongitudeDegrees>
                        </Position>
                        <AltitudeMeters>5.894230517674048</AltitudeMeters>
                        <DistanceMeters>2433.344778608117</DistanceMeters>
                        <HeartRateBpm>
                            <Value>140</Value>
                        </HeartRateBpm>
                    </Trackpoint>
                    <Trackpoint>
                        <Time>2026-08-15T20:11:47.000+02:00</Time>
                        <Position>
                            <LatitudeDegrees>39.640818333333335</LatitudeDegrees>
                            <LongitudeDegrees>15.840958333333333</LongitudeDegrees>
                        </Position>
                        <AltitudeMeters>5.869835513140977</AltitudeMeters>
                        <DistanceMeters>2435.8207107175895</DistanceMeters>
                    </Trackpoint>
                    <Trackpoint>
                        <Time>2026-08-15T20:11:48.000+02:00</Time>
                        <Position>
                            <LatitudeDegrees>39.64079666666667</LatitudeDegrees>
                            <LongitudeDegrees>15.840966666666667</LongitudeDegrees>
                        </Position>
                        <AltitudeMeters>5.85013250908686</AltitudeMeters>
                        <DistanceMeters>2438.3333863276835</DistanceMeters>
                        <HeartRateBpm>
                            <Value>139</Value>
                        </HeartRateBpm>
                    </Trackpoint>
                    <Trackpoint>
                        <Time>2026-08-15T20:11:49.000+02:00</Time>
                        <Position>
                            <LatitudeDegrees>39.640775</LatitudeDegrees>
                            <LongitudeDegrees>15.840973333333334</LongitudeDegrees>
                        </Position>
                        <AltitudeMeters>5.834686074591645</AltitudeMeters>
                        <DistanceMeters>2440.809318520374</DistanceMeters>
                        <HeartRateBpm>
                            <Value>139</Value>
                        </HeartRateBpm>
                    </Trackpoint>
                    <Trackpoint>
                        <Time>2026-08-15T20:11:50.000+02:00</Time>
                        <Position>
                            <LatitudeDegrees>39.640755</LatitudeDegrees>
                            <LongitudeDegrees>15.84098</LongitudeDegrees>
                        </Position>
                        <AltitudeMeters>5.823078565484371</AltitudeMeters>
                        <DistanceMeters>2443.1053161178606</DistanceMeters>
                        <HeartRateBpm>
                            <Value>140</Value>
                        </HeartRateBpm>
                    </Trackpoint>
                    <Trackpoint>
                        <Time>2026-08-15T20:11:51.000+02:00</Time>
                        <Position>
                            <LatitudeDegrees>39.640735</LatitudeDegrees>
                            <LongitudeDegrees>15.840988333333334</LongitudeDegrees>
                        </Position>
                        <AltitudeMeters>5.8149116689866185</AltitudeMeters>
                        <DistanceMeters>2445.440889748501</DistanceMeters>
                        <HeartRateBpm>
                            <Value>139</Value>
                        </HeartRateBpm>
                    </Trackpoint>
                    <Trackpoint>
                        <Time>2026-08-15T20:11:52.000+02:00</Time>
                        <Position>
                            <LatitudeDegrees>39.64071666666667</LatitudeDegrees>
                            <LongitudeDegrees>15.840996666666667</LongitudeDegrees>
                        </Position>
                        <AltitudeMeters>5.809807564463418</AltitudeMeters>
                        <DistanceMeters>2447.600741560871</DistanceMeters>
                    </Trackpoint>
                    <Trackpoint>
                        <Time>2026-08-15T20:11:53.000+02:00</Time>
                        <Position>
                            <LatitudeDegrees>39.64069833333333</LatitudeDegrees>
                            <LongitudeDegrees>15.841006666666667</LongitudeDegrees>
                        </Position>
                        <AltitudeMeters>5.807409740112904</AltitudeMeters>
                        <DistanceMeters>2449.811848187412</DistanceMeters>
                    </Trackpoint>
                    <Trackpoint>
                        <Time>2026-08-15T20:11:54.000+02:00</Time>
                        <Position>
                            <LatitudeDegrees>39.64068</LatitudeDegrees>
                            <LongitudeDegrees>15.841016666666667</LongitudeDegrees>
                        </Position>
                        <AltitudeMeters>5.807383503376761</AltitudeMeters>
                        <DistanceMeters>2452.0229549010987</DistanceMeters>
                        <HeartRateBpm>
                            <Value>140</Value>
                        </HeartRateBpm>
                    </Trackpoint>
                    <Trackpoint>
                        <Time>2026-08-15T20:11:55.000+02:00</Time>
                        <Position>
                            <LatitudeDegrees>39.640658333333334</LatitudeDegrees>
                            <LongitudeDegrees>15.841026666666666</LongitudeDegrees>
                        </Position>
                        <AltitudeMeters>5.809416220722666</AltitudeMeters>
                        <DistanceMeters>2454.5798227896285</DistanceMeters>
                    </Trackpoint>
                    <Trackpoint>
                        <Time>2026-08-15T20:11:56.000+02:00</Time>
                        <Position>
                            <LatitudeDegrees>39.640636666666666</LatitudeDegrees>
                            <LongitudeDegrees>15.841033333333334</LongitudeDegrees>
                        </Position>
                        <AltitudeMeters>5.813217320267955</AltitudeMeters>
                        <DistanceMeters>2457.055755246201</DistanceMeters>
                    </Trackpoint>
                    <Trackpoint>
                        <Time>2026-08-15T20:11:57.000+02:00</Time>
                        <Position>
                            <LatitudeDegrees>39.640613333333334</LatitudeDegrees>
                            <LongitudeDegrees>15.84104</LongitudeDegrees>
                        </Position>
                        <AltitudeMeters>5.818518088507894</AltitudeMeters>
                        <DistanceMeters>2459.712363615007</DistanceMeters>
                        <HeartRateBpm>
                            <Value>140</Value>
                        </HeartRateBpm>
                    </Trackpoint>
                    <Trackpoint>
                        <Time>2026-08-15T20:11:58.000+02:00</Time>
                        <Position>
                            <LatitudeDegrees>39.640591666666666</LatitudeDegrees>
                            <LongitudeDegrees>15.841046666666667</LongitudeDegrees>
                        </Position>
                        <AltitudeMeters>5.825071290205723</AltitudeMeters>
                        <DistanceMeters>2462.1882961572173</DistanceMeters>
                    </Trackpoint>
                    <Trackpoint>
                        <Time>2026-08-15T20:11:59.000+02:00</Time>
                        <Position>
                            <LatitudeDegrees>39.640571666666666</LatitudeDegrees>
                            <LongitudeDegrees>15.841051666666667</LongitudeDegrees>
                        </Position>
                        <AltitudeMeters>5.832650638315828</AltitudeMeters>
                        <DistanceMeters>2464.453034576034</DistanceMeters>
                    </Trackpoint>
                    <Trackpoint>
                        <Time>2026-08-15T20:12:00.000+02:00</Time>
                        <Position>
                            <LatitudeDegrees>39.64055166666667</LatitudeDegrees>
                            <LongitudeDegrees>15.841058333333333</LongitudeDegrees>
                        </Position>
                        <AltitudeMeters>5.841050138663576</AltitudeMeters>
                        <DistanceMeters>2466.749032590117</DistanceMeters>
                        <HeartRateBpm>
                            <Value>140</Value>
                        </HeartRateBpm>
                    </Trackpoint>
                    <Trackpoint>
                        <Time>2026-08-15T20:12:01.000+02:00</Time>
                        <Position>
                            <LatitudeDegrees>39.64053166666667</LatitudeDegrees>
                            <LongitudeDegrees>15.841066666666666</LongitudeDegrees>
                        </Position>
                        <AltitudeMeters>5.850083332010503</AltitudeMeters>
                        <DistanceMeters>2469.084606862385</DistanceMeters>
                    </Trackpoint>
                    <Trackpoint>
                        <Time>2026-08-15T20:12:02.000+02:00</Time>
                        <Position>
                            <LatitudeDegrees>39.64051166666667</LatitudeDegrees>
                            <LongitudeDegrees>15.841075</LongitudeDegrees>
                        </Position>
                        <AltitudeMeters>5.859582454104278</AltitudeMeters>
                        <DistanceMeters>2471.4201811970233</DistanceMeters>
                    </Trackpoint>
                    <Trackpoint>
                        <Time>2026-08-15T20:12:03.000+02:00</Time>
                        <Position>
                            <LatitudeDegrees>39.64049</LatitudeDegrees>
                            <LongitudeDegrees>15.841086666666667</LongitudeDegrees>
                        </Position>
                        <AltitudeMeters>5.86939753235937</AltitudeMeters>
                        <DistanceMeters>2474.028311582174</DistanceMeters>
                        <HeartRateBpm>
                            <Value>140</Value>
                        </HeartRateBpm>
                    </Trackpoint>
                    <Trackpoint>
                        <Time>2026-08-15T20:12:04.000+02:00</Time>
                        <Position>
                            <LatitudeDegrees>39.64046833333333</LatitudeDegrees>
                            <LongitudeDegrees>15.8411</LongitudeDegrees>
                        </Position>
                        <AltitudeMeters>5.879395435944836</AltitudeMeters>
                        <DistanceMeters>2476.6943658691553</DistanceMeters>
                    </Trackpoint>
                    <Trackpoint>
                        <Time>2026-08-15T20:12:05.000+02:00</Time>
                        <Position>
                            <LatitudeDegrees>39.64044666666667</LatitudeDegrees>
                            <LongitudeDegrees>15.841113333333332</LongitudeDegrees>
                        </Position>
                        <AltitudeMeters>5.8894588942764985</AltitudeMeters>
                        <DistanceMeters>2479.3604203091895</DistanceMeters>
                        <HeartRateBpm>
                            <Value>141</Value>
                        </HeartRateBpm>
                    </Trackpoint>
                    <Trackpoint>
                        <Time>2026-08-15T20:12:06.000+02:00</Time>
                        <Position>
                            <LatitudeDegrees>39.64042666666667</LatitudeDegrees>
                            <LongitudeDegrees>15.841128333333334</LongitudeDegrees>
                        </Position>
                        <AltitudeMeters>5.899485497226584</AltitudeMeters>
                        <DistanceMeters>2481.928580389888</DistanceMeters>
                    </Trackpoint>
                    <Trackpoint>
                        <Time>2026-08-15T20:12:07.000+02:00</Time>
                        <Position>
                            <LatitudeDegrees>39.64040333333333</LatitudeDegrees>
                            <LongitudeDegrees>15.841143333333333</LongitudeDegrees>
                        </Position>
                        <AltitudeMeters>5.909386688777891</AltitudeMeters>
                        <DistanceMeters>2484.8236467072225</DistanceMeters>
                        <HeartRateBpm>
                            <Value>143</Value>
                        </HeartRateBpm>
                    </Trackpoint>
                    <Trackpoint>
                        <Time>2026-08-15T20:12:08.000+02:00</Time>
                        <Position>
                            <LatitudeDegrees>39.64037833333333</LatitudeDegrees>
                            <LongitudeDegrees>15.841155</LongitudeDegrees>
                        </Position>
                        <AltitudeMeters>5.919086764363499</AltitudeMeters>
                        <DistanceMeters>2487.7775747176183</DistanceMeters>
                    </Trackpoint>
                    <Trackpoint>
                        <Time>2026-08-15T20:12:09.000+02:00</Time>
                        <Position>
                            <LatitudeDegrees>39.64035333333333</LatitudeDegrees>
                            <LongitudeDegrees>15.841166666666666</LongitudeDegrees>
                        </Position>
                        <AltitudeMeters>5.928521880747605</AltitudeMeters>
                        <DistanceMeters>2490.7315028508065</DistanceMeters>
                        <HeartRateBpm>
                            <Value>142</Value>
                        </HeartRateBpm>
                    </Trackpoint>
                    <Trackpoint>
                        <Time>2026-08-15T20:12:10.000+02:00</Time>
                        <Position>
                            <LatitudeDegrees>39.640325</LatitudeDegrees>
                            <LongitudeDegrees>15.841175</LongitudeDegrees>
                        </Position>
                        <AltitudeMeters>5.937639086017974</AltitudeMeters>
                        <DistanceMeters>2493.9618272604207</DistanceMeters>
                    </Trackpoint>
                    <Trackpoint>
                        <Time>2026-08-15T20:12:11.000+02:00</Time>
                        <Position>
                            <LatitudeDegrees>39.640298333333334</LatitudeDegrees>
                            <LongitudeDegrees>15.841181666666667</LongitudeDegrees>
                        </Position>
                        <AltitudeMeters>5.946395376074293</AltitudeMeters>
                        <DistanceMeters>2496.981478906568</DistanceMeters>
                        <HeartRateBpm>
                            <Value>144</Value>
                        </HeartRateBpm>
                    </Trackpoint>
                    <Trackpoint>
                        <Time>2026-08-15T20:12:12.000+02:00</Time>
                        <Position>
                            <LatitudeDegrees>39.64027166666666</LatitudeDegrees>
                            <LongitudeDegrees>15.841188333333333</LongitudeDegrees>
                        </Position>
                        <AltitudeMeters>5.954756782907649</AltitudeMeters>
                        <DistanceMeters>2500.0011305957146</DistanceMeters>
                    </Trackpoint>
                    <Trackpoint>
                        <Time>2026-08-15T20:12:13.000+02:00</Time>
                        <Position>
                            <LatitudeDegrees>39.64024833333333</LatitudeDegrees>
                            <LongitudeDegrees>15.841193333333333</LongitudeDegrees>
                        </Position>
                        <AltitudeMeters>5.962697498971519</AltitudeMeters>
                        <DistanceMeters>2502.6307700295793</DistanceMeters>
                    </Trackpoint>
                    <Trackpoint>
                        <Time>2026-08-15T20:12:14.000+02:00</Time>
                        <Position>
                            <LatitudeDegrees>39.640225</LatitudeDegrees>
                            <LongitudeDegrees>15.841196666666667</LongitudeDegrees>
                        </Position>
                        <AltitudeMeters>5.970199041041092</AltitudeMeters>
                        <DistanceMeters>2505.2409748850228</DistanceMeters>
                        <HeartRateBpm>
                            <Value>144</Value>
                        </HeartRateBpm>
                    </Trackpoint>
                    <Trackpoint>
                        <Time>2026-08-15T20:12:15.000+02:00</Time>
                        <Position>
                            <LatitudeDegrees>39.64020333333333</LatitudeDegrees>
                            <LongitudeDegrees>15.841203333333333</LongitudeDegrees>
                        </Position>
                        <AltitudeMeters>5.97724945614166</AltitudeMeters>
                        <DistanceMeters>2507.7169081661914</DistanceMeters>
                    </Trackpoint>
                    <Trackpoint>
                        <Time>2026-08-15T20:12:16.000+02:00</Time>
                        <Position>
                            <LatitudeDegrees>39.64018166666666</LatitudeDegrees>
                            <LongitudeDegrees>15.84121</LongitudeDegrees>
                        </Position>
                        <AltitudeMeters>5.983842571394409</AltitudeMeters>
                        <DistanceMeters>2510.1928414880304</DistanceMeters>
                    </Trackpoint>
                    <Trackpoint>
                        <Time>2026-08-15T20:12:17.000+02:00</Time>
                        <Position>
                            <LatitudeDegrees>39.64016</LatitudeDegrees>
                            <LongitudeDegrees>15.841215</LongitudeDegrees>
                        </Position>
                        <AltitudeMeters>5.989977288974912</AltitudeMeters>
                        <DistanceMeters>2512.6398146660763</DistanceMeters>
                        <HeartRateBpm>
                            <Value>145</Value>
                        </HeartRateBpm>
                    </Trackpoint>
                    <Trackpoint>
                        <Time>2026-08-15T20:12:18.000+02:00</Time>
                        <Position>
                            <LatitudeDegrees>39.640141666666665</LatitudeDegrees>
                            <LongitudeDegrees>15.841223333333334</LongitudeDegrees>
                        </Position>
                        <AltitudeMeters>5.95555092116154</AltitudeMeters>
                        <DistanceMeters>2514.7996684391987</DistanceMeters>
                    </Trackpoint>
                    <Trackpoint>
                        <Time>2026-08-15T20:12:19.000+02:00</Time>
                        <Position>
                            <LatitudeDegrees>39.640121666666666</LatitudeDegrees>
                            <LongitudeDegrees>15.841233333333333</LongitudeDegrees>
                        </Position>
                        <AltitudeMeters>5.92350897395409</AltitudeMeters>
                        <DistanceMeters>2517.1827230625763</DistanceMeters>
                    </Trackpoint>
                    <Trackpoint>
                        <Time>2026-08-15T20:12:20.000+02:00</Time>
                        <Position>
                            <LatitudeDegrees>39.640103333333336</LatitudeDegrees>
                            <LongitudeDegrees>15.841245</LongitudeDegrees>
                        </Position>
                        <AltitudeMeters>5.893835412449982</AltitudeMeters>
                        <DistanceMeters>2519.452915838543</DistanceMeters>
                        <HeartRateBpm>
                            <Value>146</Value>
                        </HeartRateBpm>
                    </Trackpoint>
                    <Trackpoint>
                        <Time>2026-08-15T20:12:21.000+02:00</Time>
                        <Position>
                            <LatitudeDegrees>39.64008333333334</LatitudeDegrees>
                            <LongitudeDegrees>15.84126</LongitudeDegrees>
                        </Position>
                        <AltitudeMeters>5.86649425084924</AltitudeMeters>
                        <DistanceMeters>2522.0210791082027</DistanceMeters>
                    </Trackpoint>
                    <Trackpoint>
                        <Time>2026-08-15T20:12:22.000+02:00</Time>
                        <Position>
                            <LatitudeDegrees>39.64006166666667</LatitudeDegrees>
                            <LongitudeDegrees>15.841275</LongitudeDegrees>
                        </Position>
                        <AltitudeMeters>5.841432519810645</AltitudeMeters>
                        <DistanceMeters>2524.7512987020336</DistanceMeters>
                    </Trackpoint>
                    <Trackpoint>
                        <Time>2026-08-15T20:12:23.000+02:00</Time>
                        <Position>
                            <LatitudeDegrees>39.64004</LatitudeDegrees>
                            <LongitudeDegrees>15.84129</LongitudeDegrees>
                        </Position>
                        <AltitudeMeters>5.81858300056789</AltitudeMeters>
                        <DistanceMeters>2527.4815184845397</DistanceMeters>
                        <HeartRateBpm>
                            <Value>146</Value>
                        </HeartRateBpm>
                    </Trackpoint>
                    <Trackpoint>
                        <Time>2026-08-15T20:12:24.000+02:00</Time>
                        <Position>
                            <LatitudeDegrees>39.64001833333333</LatitudeDegrees>
                            <LongitudeDegrees>15.841305</LongitudeDegrees>
                        </Position>
                        <AltitudeMeters>5.797866731102688</AltitudeMeters>
                        <DistanceMeters>2530.2117384570984</DistanceMeters>
                    </Trackpoint>
                    <Trackpoint>
                        <Time>2026-08-15T20:12:25.000+02:00</Time>
                        <Position>
                            <LatitudeDegrees>39.639995</LatitudeDegrees>
                            <LongitudeDegrees>15.841318333333334</LongitudeDegrees>
                        </Position>
                        <AltitudeMeters>5.779195291096695</AltitudeMeters>
                        <DistanceMeters>2533.0463794500565</DistanceMeters>
                    </Trackpoint>
                    <Trackpoint>
                        <Time>2026-08-15T20:12:26.000+02:00</Time>
                        <Position>
                            <LatitudeDegrees>39.63997166666667</LatitudeDegrees>
                            <LongitudeDegrees>15.84133</LongitudeDegrees>
                        </Position>
                        <AltitudeMeters>5.762472873558458</AltitudeMeters>
                        <DistanceMeters>2535.8266106144124</DistanceMeters>
                        <HeartRateBpm>
                            <Value>146</Value>
                        </HeartRateBpm>
                    </Trackpoint>
                    <Trackpoint>
                        <Time>2026-08-15T20:12:27.000+02:00</Time>
                        <Position>
                            <LatitudeDegrees>39.63995</LatitudeDegrees>
                            <LongitudeDegrees>15.84134</LongitudeDegrees>
                        </Position>
                        <AltitudeMeters>5.7074921463273505</AltitudeMeters>
                        <DistanceMeters>2538.3834814392653</DistanceMeters>
                    </Trackpoint>
                    <Trackpoint>
                        <Time>2026-08-15T20:12:28.000+02:00</Time>
                        <Position>
                            <LatitudeDegrees>39.63992833333333</LatitudeDegrees>
                            <LongitudeDegrees>15.84135</LongitudeDegrees>
                        </Position>
                        <AltitudeMeters>5.657086321405716</AltitudeMeters>
                        <DistanceMeters>2540.940352354622</DistanceMeters>
                    </Trackpoint>
                    <Trackpoint>
                        <Time>2026-08-15T20:12:29.000+02:00</Time>
                        <Position>
                            <LatitudeDegrees>39.63990666666667</LatitudeDegrees>
                            <LongitudeDegrees>15.841358333333334</LongitudeDegrees>
                        </Position>
                        <AltitudeMeters>5.611121475771002</AltitudeMeters>
                        <DistanceMeters>2543.4530305710996</DistanceMeters>
                        <HeartRateBpm>
                            <Value>146</Value>
                        </HeartRateBpm>
                    </Trackpoint>
                    <Trackpoint>
                        <Time>2026-08-15T20:12:30.000+02:00</Time>
                        <Position>
                            <LatitudeDegrees>39.639885</LatitudeDegrees>
                            <LongitudeDegrees>15.841368333333333</LongitudeDegrees>
                        </Position>
                        <AltitudeMeters>5.569439977768516</AltitudeMeters>
                        <DistanceMeters>2546.0099016661297</DistanceMeters>
                    </Trackpoint>
                    <Trackpoint>
                        <Time>2026-08-15T20:12:31.000+02:00</Time>
                        <Position>
                            <LatitudeDegrees>39.63986333333333</LatitudeDegrees>
                            <LongitudeDegrees>15.841378333333333</LongitudeDegrees>
                        </Position>
                        <AltitudeMeters>5.531865083595988</AltitudeMeters>
                        <DistanceMeters>2548.5667728502403</DistanceMeters>
                    </Trackpoint>
                    <Trackpoint>
                        <Time>2026-08-15T20:12:32.000+02:00</Time>
                        <Position>
                            <LatitudeDegrees>39.63984166666667</LatitudeDegrees>
                            <LongitudeDegrees>15.841388333333333</LongitudeDegrees>
                        </Position>
                        <AltitudeMeters>5.498205105453372</AltitudeMeters>
                        <DistanceMeters>2551.123644124187</DistanceMeters>
                        <HeartRateBpm>
                            <Value>146</Value>
                        </HeartRateBpm>
                    </Trackpoint>
                    <Trackpoint>
                        <Time>2026-08-15T20:12:33.000+02:00</Time>
                        <Position>
                            <LatitudeDegrees>39.63981833333333</LatitudeDegrees>
                            <LongitudeDegrees>15.841398333333334</LongitudeDegrees>
                        </Position>
                        <AltitudeMeters>5.468257169032261</AltitudeMeters>
                        <DistanceMeters>2553.8558442412755</DistanceMeters>
                    </Trackpoint>
                    <Trackpoint>
                        <Time>2026-08-15T20:12:34.000+02:00</Time>
                        <Position>
                            <LatitudeDegrees>39.63979666666667</LatitudeDegrees>
                            <LongitudeDegrees>15.841408333333334</LongitudeDegrees>
                        </Position>
                        <AltitudeMeters>5.441810579513704</AltitudeMeters>
                        <DistanceMeters>2556.412715701898</DistanceMeters>
                    </Trackpoint>
                    <Trackpoint>
                        <Time>2026-08-15T20:12:35.000+02:00</Time>
                        <Position>
                            <LatitudeDegrees>39.63977333333333</LatitudeDegrees>
                            <LongitudeDegrees>15.841418333333333</LongitudeDegrees>
                        </Position>
                        <AltitudeMeters>5.418649816361846</AltitudeMeters>
                        <DistanceMeters>2559.1449159935128</DistanceMeters>
                        <HeartRateBpm>
                            <Value>146</Value>
                        </HeartRateBpm>
                    </Trackpoint>
                    <Trackpoint>
                        <Time>2026-08-15T20:12:36.000+02:00</Time>
                        <Position>
                            <LatitudeDegrees>39.63975</LatitudeDegrees>
                            <LongitudeDegrees>15.841428333333333</LongitudeDegrees>
                        </Position>
                        <AltitudeMeters>5.39855717798288</AltitudeMeters>
                        <DistanceMeters>2561.8771163757515</DistanceMeters>
                        <HeartRateBpm>
                            <Value>147</Value>
                        </HeartRateBpm>
                    </Trackpoint>
                    <Trackpoint>
                        <Time>2026-08-15T20:12:37.000+02:00</Time>
                        <Position>
                            <LatitudeDegrees>39.639725</LatitudeDegrees>
                            <LongitudeDegrees>15.84144</LongitudeDegrees>
                        </Position>
                        <AltitudeMeters>5.381315097801365</AltitudeMeters>
                        <DistanceMeters>2564.831047578358</DistanceMeters>
                    </Trackpoint>
                    <Trackpoint>
                        <Time>2026-08-15T20:12:38.000+02:00</Time>
                        <Position>
                            <LatitudeDegrees>39.6397</LatitudeDegrees>
                            <LongitudeDegrees>15.84145</LongitudeDegrees>
                        </Position>
                        <AltitudeMeters>5.36670815352406</AltitudeMeters>
                        <DistanceMeters>2567.739816578122</DistanceMeters>
                        <HeartRateBpm>
                            <Value>148</Value>
                        </HeartRateBpm>
                    </Trackpoint>
                    <Trackpoint>
                        <Time>2026-08-15T20:12:39.000+02:00</Time>
                        <Position>
                            <LatitudeDegrees>39.63967666666667</LatitudeDegrees>
                            <LongitudeDegrees>15.84146</LongitudeDegrees>
                        </Position>
                        <AltitudeMeters>5.354524791347944</AltitudeMeters>
                        <DistanceMeters>2570.472017244912</DistanceMeters>
                        <HeartRateBpm>
                            <Value>149</Value>
                        </HeartRateBpm>
                    </Trackpoint>
                    <Trackpoint>
                        <Time>2026-08-15T20:12:40.000+02:00</Time>
                        <Position>
                            <LatitudeDegrees>39.639651666666666</LatitudeDegrees>
                            <LongitudeDegrees>15.84147</LongitudeDegrees>
                        </Position>
                        <AltitudeMeters>5.384664792294707</AltitudeMeters>
                        <DistanceMeters>2573.3807864208366</DistanceMeters>
                    </Trackpoint>
                    <Trackpoint>
                        <Time>2026-08-15T20:12:41.000+02:00</Time>
                        <Position>
                            <LatitudeDegrees>39.639626666666665</LatitudeDegrees>
                            <LongitudeDegrees>15.841481666666667</LongitudeDegrees>
                        </Position>
                        <AltitudeMeters>5.413990093456578</AltitudeMeters>
                        <DistanceMeters>2576.334718103801</DistanceMeters>
                    </Trackpoint>
                    <Trackpoint>
                        <Time>2026-08-15T20:12:42.000+02:00</Time>
                        <Position>
                            <LatitudeDegrees>39.639601666666664</LatitudeDegrees>
                            <LongitudeDegrees>15.841491666666666</LongitudeDegrees>
                        </Position>
                        <AltitudeMeters>5.442334951256819</AltitudeMeters>
                        <DistanceMeters>2579.2434874620417</DistanceMeters>
                        <HeartRateBpm>
                            <Value>149</Value>
                        </HeartRateBpm>
                    </Trackpoint>
                    <Trackpoint>
                        <Time>2026-08-15T20:12:43.000+02:00</Time>
                        <Position>
                            <LatitudeDegrees>39.63957833333333</LatitudeDegrees>
                            <LongitudeDegrees>15.841503333333334</LongitudeDegrees>
                        </Position>
                        <AltitudeMeters>5.469564623109347</AltitudeMeters>
                        <DistanceMeters>2582.0237206679753</DistanceMeters>
                        <HeartRateBpm>
                            <Value>150</Value>
                        </HeartRateBpm>
                    </Trackpoint>
                    <Trackpoint>
                        <Time>2026-08-15T20:12:44.000+02:00</Time>
                        <Position>
                            <LatitudeDegrees>39.63955333333333</LatitudeDegrees>
                            <LongitudeDegrees>15.841515</LongitudeDegrees>
                        </Position>
                        <AltitudeMeters>5.495572532932955</AltitudeMeters>
                        <DistanceMeters>2584.977652709081</DistanceMeters>
                    </Trackpoint>
                    <Trackpoint>
                        <Time>2026-08-15T20:12:45.000+02:00</Time>
                        <Position>
                            <LatitudeDegrees>39.63952833333333</LatitudeDegrees>
                            <LongitudeDegrees>15.841525</LongitudeDegrees>
                        </Position>
                        <AltitudeMeters>5.560383553824184</AltitudeMeters>
                        <DistanceMeters>2587.8864223346</DistanceMeters>
                    </Trackpoint>
                    <Trackpoint>
                        <Time>2026-08-15T20:12:46.000+02:00</Time>
                        <Position>
                            <LatitudeDegrees>39.63950666666667</LatitudeDegrees>
                            <LongitudeDegrees>15.841535</LongitudeDegrees>
                        </Position>
                        <AltitudeMeters>5.621001010175958</AltitudeMeters>
                        <DistanceMeters>2590.4432949976544</DistanceMeters>
                        <HeartRateBpm>
                            <Value>150</Value>
                        </HeartRateBpm>
                    </Trackpoint>
                    <Trackpoint>
                        <Time>2026-08-15T20:12:47.000+02:00</Time>
                        <Position>
                            <LatitudeDegrees>39.639485</LatitudeDegrees>
                            <LongitudeDegrees>15.841545</LongitudeDegrees>
                        </Position>
                        <AltitudeMeters>5.6774133738360835</AltitudeMeters>
                        <DistanceMeters>2593.0001677504547</DistanceMeters>
                        <HeartRateBpm>
                            <Value>151</Value>
                        </HeartRateBpm>
                    </Trackpoint>
                    <Trackpoint>
                        <Time>2026-08-15T20:12:48.000+02:00</Time>
                        <Position>
                            <LatitudeDegrees>39.639465</LatitudeDegrees>
                            <LongitudeDegrees>15.841553333333334</LongitudeDegrees>
                        </Position>
                        <AltitudeMeters>5.729649816551346</AltitudeMeters>
                        <DistanceMeters>2595.3357453851686</DistanceMeters>
                    </Trackpoint>
                    <Trackpoint>
                        <Time>2026-08-15T20:12:49.000+02:00</Time>
                        <Position>
                            <LatitudeDegrees>39.639448333333334</LatitudeDegrees>
                            <LongitudeDegrees>15.84156</LongitudeDegrees>
                        </Position>
                        <AltitudeMeters>5.777774568731148</AltitudeMeters>
                        <DistanceMeters>2597.274925339915</DistanceMeters>
                        <HeartRateBpm>
                            <Value>152</Value>
                        </HeartRateBpm>
                    </Trackpoint>
                    <Trackpoint>
                        <Time>2026-08-15T20:12:50.000+02:00</Time>
                        <Position>
                            <LatitudeDegrees>39.639433333333336</LatitudeDegrees>
                            <LongitudeDegrees>15.841566666666667</LongitudeDegrees>
                        </Position>
                        <AltitudeMeters>5.861987701443303</AltitudeMeters>
                        <DistanceMeters>2599.037836597327</DistanceMeters>
                        <HeartRateBpm>
                            <Value>152</Value>
                        </HeartRateBpm>
                    </Trackpoint>
                    <Trackpoint>
                        <Time>2026-08-15T20:12:51.000+02:00</Time>
                        <Position>
                            <LatitudeDegrees>39.63942</LatitudeDegrees>
                            <LongitudeDegrees>15.841571666666667</LongitudeDegrees>
                        </Position>
                        <AltitudeMeters>5.939469916848421</AltitudeMeters>
                        <DistanceMeters>2600.581019276555</DistanceMeters>
                    </Trackpoint>
                    <Trackpoint>
                        <Time>2026-08-15T20:12:52.000+02:00</Time>
                        <Position>
                            <LatitudeDegrees>39.639406666666666</LatitudeDegrees>
                            <LongitudeDegrees>15.841573333333333</LongitudeDegrees>
                        </Position>
                        <AltitudeMeters>6.010387304147235</AltitudeMeters>
                        <DistanceMeters>2602.070473573736</DistanceMeters>
                    </Trackpoint>
                    <Trackpoint>
                        <Time>2026-08-15T20:12:53.000+02:00</Time>
                        <Position>
                            <LatitudeDegrees>39.63939333333333</LatitudeDegrees>
                            <LongitudeDegrees>15.841575</LongitudeDegrees>
                        </Position>
                        <AltitudeMeters>6.074945205548789</AltitudeMeters>
                        <DistanceMeters>2603.5599278735795</DistanceMeters>
                        <HeartRateBpm>
                            <Value>151</Value>
                        </HeartRateBpm>
                    </Trackpoint>
                    <Trackpoint>
                        <Time>2026-08-15T20:12:54.000+02:00</Time>
                        <Position>
                            <LatitudeDegrees>39.639381666666665</LatitudeDegrees>
                            <LongitudeDegrees>15.841576666666667</LongitudeDegrees>
                        </Position>
                        <AltitudeMeters>6.133381124531716</AltitudeMeters>
                        <DistanceMeters>2604.8650304925445</DistanceMeters>
                    </Trackpoint>
                    <Trackpoint>
                        <Time>2026-08-15T20:12:55.000+02:00</Time>
                        <Position>
                            <LatitudeDegrees>39.63937</LatitudeDegrees>
                            <LongitudeDegrees>15.841578333333333</LongitudeDegrees>
                        </Position>
                        <AltitudeMeters>6.1859582700540905</AltitudeMeters>
                        <DistanceMeters>2606.1701331148456</DistanceMeters>
                    </Trackpoint>
                    <Trackpoint>
                        <Time>2026-08-15T20:12:56.000+02:00</Time>
                        <Position>
                            <LatitudeDegrees>39.639358333333334</LatitudeDegrees>
                            <LongitudeDegrees>15.841581666666666</LongitudeDegrees>
                        </Position>
                        <AltitudeMeters>6.2730657186015994</AltitudeMeters>
                        <DistanceMeters>2607.4984384174013</DistanceMeters>
                        <HeartRateBpm>
                            <Value>151</Value>
                        </HeartRateBpm>
                    </Trackpoint>
                    <Trackpoint>
                        <Time>2026-08-15T20:12:57.000+02:00</Time>
                        <Position>
                            <LatitudeDegrees>39.639345</LatitudeDegrees>
                            <LongitudeDegrees>15.841585</LongitudeDegrees>
                        </Position>
                        <AltitudeMeters>6.352062759382598</AltitudeMeters>
                        <DistanceMeters>2609.0082649898336</DistanceMeters>
                        <HeartRateBpm>
                            <Value>150</Value>
                        </HeartRateBpm>
                    </Trackpoint>
                    <Trackpoint>
                        <Time>2026-08-15T20:12:58.000+02:00</Time>
                        <Position>
                            <LatitudeDegrees>39.63933333333333</LatitudeDegrees>
                            <LongitudeDegrees>15.841588333333334</LongitudeDegrees>
                        </Position>
                        <AltitudeMeters>6.423283360843843</AltitudeMeters>
                        <DistanceMeters>2610.336570315192</DistanceMeters>
                    </Trackpoint>
                    <Trackpoint>
                        <Time>2026-08-15T20:12:59.000+02:00</Time>
                        <Position>
                            <LatitudeDegrees>39.63932</LatitudeDegrees>
                            <LongitudeDegrees>15.841593333333334</LongitudeDegrees>
                        </Position>
                        <AltitudeMeters>6.487089885156155</AltitudeMeters>
                        <DistanceMeters>2611.879753165564</DistanceMeters>
                        <HeartRateBpm>
                            <Value>149</Value>
                        </HeartRateBpm>
                    </Trackpoint>
                    <Trackpoint>
                        <Time>2026-08-15T20:13:00.000+02:00</Time>
                        <Position>
                            <LatitudeDegrees>39.63930666666667</LatitudeDegrees>
                            <LongitudeDegrees>15.841598333333334</LongitudeDegrees>
                        </Position>
                        <AltitudeMeters>6.543865966154267</AltitudeMeters>
                        <DistanceMeters>2613.4229360381564</DistanceMeters>
                    </Trackpoint>
                    <Trackpoint>
                        <Time>2026-08-15T20:13:01.000+02:00</Time>
                        <Position>
                            <LatitudeDegrees>39.639291666666665</LatitudeDegrees>
                            <LongitudeDegrees>15.841603333333333</LongitudeDegrees>
                        </Position>
                        <AltitudeMeters>6.5940101286844</AltitudeMeters>
                        <DistanceMeters>2615.1449364930363</DistanceMeters>
                    </Trackpoint>
                    <Trackpoint>
                        <Time>2026-08-15T20:13:02.000+02:00</Time>
                        <Position>
                            <LatitudeDegrees>39.63927833333333</LatitudeDegrees>
                            <LongitudeDegrees>15.841606666666667</LongitudeDegrees>
                        </Position>
                        <AltitudeMeters>6.637930110996157</AltitudeMeters>
                        <DistanceMeters>2616.654763117482</DistanceMeters>
                        <HeartRateBpm>
                            <Value>149</Value>
                        </HeartRateBpm>
                    </Trackpoint>
                    <Trackpoint>
                        <Time>2026-08-15T20:13:03.000+02:00</Time>
                        <Position>
                            <LatitudeDegrees>39.639265</LatitudeDegrees>
                            <LongitudeDegrees>15.84161</LongitudeDegrees>
                        </Position>
                        <AltitudeMeters>6.676037850326274</AltitudeMeters>
                        <DistanceMeters>2618.164589751584</DistanceMeters>
                        <HeartRateBpm>
                            <Value>148</Value>
                        </HeartRateBpm>
                    </Trackpoint>
                    <Trackpoint>
                        <Time>2026-08-15T20:13:04.000+02:00</Time>
                        <Position>
                            <LatitudeDegrees>39.63925166666667</LatitudeDegrees>
                            <LongitudeDegrees>15.841613333333333</LongitudeDegrees>
                        </Position>
                        <AltitudeMeters>6.708745090900387</AltitudeMeters>
                        <DistanceMeters>2619.674416396834</DistanceMeters>
                        <HeartRateBpm>
                            <Value>147</Value>
                        </HeartRateBpm>
                    </Trackpoint>
                    <Trackpoint>
                        <Time>2026-08-15T20:13:05.000+02:00</Time>
                        <Position>
                            <LatitudeDegrees>39.63923833333333</LatitudeDegrees>
                            <LongitudeDegrees>15.841616666666667</LongitudeDegrees>
                        </Position>
                        <AltitudeMeters>6.736459573159099</AltitudeMeters>
                        <DistanceMeters>2621.1842430531306</DistanceMeters>
                    </Trackpoint>
                    <Trackpoint>
                        <Time>2026-08-15T20:13:06.000+02:00</Time>
                        <Position>
                            <LatitudeDegrees>39.639225</LatitudeDegrees>
                            <LongitudeDegrees>15.84162</LongitudeDegrees>
                        </Position>
                        <AltitudeMeters>6.759581763033923</AltitudeMeters>
                        <DistanceMeters>2622.6940697184914</DistanceMeters>
                    </Trackpoint>
                    <Trackpoint>
                        <Time>2026-08-15T20:13:07.000+02:00</Time>
                        <Position>
                            <LatitudeDegrees>39.63921166666667</LatitudeDegrees>
                            <LongitudeDegrees>15.841623333333333</LongitudeDegrees>
                        </Position>
                        <AltitudeMeters>6.778502080499057</AltitudeMeters>
                        <DistanceMeters>2624.2038963948976</DistanceMeters>
                        <HeartRateBpm>
                            <Value>147</Value>
                        </HeartRateBpm>
                    </Trackpoint>
                    <Trackpoint>
                        <Time>2026-08-15T20:13:08.000+02:00</Time>
                        <Position>
                            <LatitudeDegrees>39.63919833333333</LatitudeDegrees>
                            <LongitudeDegrees>15.841628333333333</LongitudeDegrees>
                        </Position>
                        <AltitudeMeters>6.793598587352394</AltitudeMeters>
                        <DistanceMeters>2625.74707945491</DistanceMeters>
                        <HeartRateBpm>
                            <Value>146</Value>
                        </HeartRateBpm>
                    </Trackpoint>
                    <Trackpoint>
                        <Time>2026-08-15T20:13:09.000+02:00</Time>
                        <Position>
                            <LatitudeDegrees>39.639185</LatitudeDegrees>
                            <LongitudeDegrees>15.841631666666666</LongitudeDegrees>
                        </Position>
                        <AltitudeMeters>6.805235095183778</AltitudeMeters>
                        <DistanceMeters>2627.2569061521735</DistanceMeters>
                    </Trackpoint>
                    <Trackpoint>
                        <Time>2026-08-15T20:13:10.000+02:00</Time>
                        <Position>
                            <LatitudeDegrees>39.63917166666667</LatitudeDegrees>
                            <LongitudeDegrees>15.841635</LongitudeDegrees>
                        </Position>
                        <AltitudeMeters>6.8137596557243185</AltitudeMeters>
                        <DistanceMeters>2628.7667328590933</DistanceMeters>
                    </Trackpoint>
                    <Trackpoint>
                        <Time>2026-08-15T20:13:11.000+02:00</Time>
                        <Position>
                            <LatitudeDegrees>39.639158333333334</LatitudeDegrees>
                            <LongitudeDegrees>15.84164</LongitudeDegrees>
                        </Position>
                        <AltitudeMeters>6.819503397195605</AltitudeMeters>
                        <DistanceMeters>2630.309915987805</DistanceMeters>
                        <HeartRateBpm>
                            <Value>146</Value>
                        </HeartRateBpm>
                    </Trackpoint>
                    <Trackpoint>
                        <Time>2026-08-15T20:13:12.000+02:00</Time>
                        <Position>
                            <LatitudeDegrees>39.639145</LatitudeDegrees>
                            <LongitudeDegrees>15.841646666666666</LongitudeDegrees>
                        </Position>
                        <AltitudeMeters>6.822779671853656</AltitudeMeters>
                        <DistanceMeters>2631.8986219768194</DistanceMeters>
                        <HeartRateBpm>
                            <Value>144</Value>
                        </HeartRateBpm>
                    </Trackpoint>
                    <Trackpoint>
                        <Time>2026-08-15T20:13:13.000+02:00</Time>
                        <Position>
                            <LatitudeDegrees>39.639131666666664</LatitudeDegrees>
                            <LongitudeDegrees>15.841651666666667</LongitudeDegrees>
                        </Position>
                        <AltitudeMeters>6.7837774759747065</AltitudeMeters>
                        <DistanceMeters>2633.441805150651</DistanceMeters>
                    </Trackpoint>
                    <Trackpoint>
                        <Time>2026-08-15T20:13:14.000+02:00</Time>
                        <Position>
                            <LatitudeDegrees>39.639116666666666</LatitudeDegrees>
                            <LongitudeDegrees>15.841656666666667</LongitudeDegrees>
                        </Position>
                        <AltitudeMeters>6.745711519318133</AltitudeMeters>
                        <DistanceMeters>2635.163805874262</DistanceMeters>
                        <HeartRateBpm>
                            <Value>143</Value>
                        </HeartRateBpm>
                    </Trackpoint>
                    <Trackpoint>
                        <Time>2026-08-15T20:13:15.000+02:00</Time>
                        <Position>
                            <LatitudeDegrees>39.63910166666667</LatitudeDegrees>
                            <LongitudeDegrees>15.841661666666667</LongitudeDegrees>
                        </Position>
                        <AltitudeMeters>6.668706942445389</AltitudeMeters>
                        <DistanceMeters>2636.885806620275</DistanceMeters>
                    </Trackpoint>
                    <Trackpoint>
                        <Time>2026-08-15T20:13:16.000+02:00</Time>
                        <Position>
                            <LatitudeDegrees>39.639085</LatitudeDegrees>
                            <LongitudeDegrees>15.841666666666667</LongitudeDegrees>
                        </Position>
                        <AltitudeMeters>6.595891906216318</AltitudeMeters>
                        <DistanceMeters>2638.7878711823173</DistanceMeters>
                        <HeartRateBpm>
                            <Value>141</Value>
                        </HeartRateBpm>
                    </Trackpoint>
                    <Trackpoint>
                        <Time>2026-08-15T20:13:17.000+02:00</Time>
                        <Position>
                            <LatitudeDegrees>39.63907</LatitudeDegrees>
                            <LongitudeDegrees>15.841671666666667</LongitudeDegrees>
                        </Position>
                        <AltitudeMeters>6.487286109346199</AltitudeMeters>
                        <DistanceMeters>2640.50987197844</DistanceMeters>
                    </Trackpoint>
                    <Trackpoint>
                        <Time>2026-08-15T20:13:18.000+02:00</Time>
                        <Position>
                            <LatitudeDegrees>39.63905666666667</LatitudeDegrees>
                            <LongitudeDegrees>15.841676666666666</LongitudeDegrees>
                        </Position>
                        <AltitudeMeters>6.385896852810012</AltitudeMeters>
                        <DistanceMeters>2642.0530552804034</DistanceMeters>
                        <HeartRateBpm>
                            <Value>140</Value>
                        </HeartRateBpm>
                    </Trackpoint>
                    <Trackpoint>
                        <Time>2026-08-15T20:13:19.000+02:00</Time>
                        <Position>
                            <LatitudeDegrees>39.63904333333333</LatitudeDegrees>
                            <LongitudeDegrees>15.841683333333334</LongitudeDegrees>
                        </Position>
                        <AltitudeMeters>6.251610717521476</AltitudeMeters>
                        <DistanceMeters>2643.6417615709415</DistanceMeters>
                    </Trackpoint>
                    <Trackpoint>
                        <Time>2026-08-15T20:13:20.000+02:00</Time>
                        <Position>
                            <LatitudeDegrees>39.63903</LatitudeDegrees>
                            <LongitudeDegrees>15.84169</LongitudeDegrees>
                        </Position>
                        <AltitudeMeters>6.127292486159358</AltitudeMeters>
                        <DistanceMeters>2645.2304679016843</DistanceMeters>
                        <HeartRateBpm>
                            <Value>139</Value>
                        </HeartRateBpm>
                    </Trackpoint>
                    <Trackpoint>
                        <Time>2026-08-15T20:13:21.000+02:00</Time>
                        <Position>
                            <LatitudeDegrees>39.63901833333333</LatitudeDegrees>
                            <LongitudeDegrees>15.841695</LongitudeDegrees>
                        </Position>
                        <AltitudeMeters>5.972679388880342</AltitudeMeters>
                        <DistanceMeters>2646.5965695233044</DistanceMeters>
                    </Trackpoint>
                    <Trackpoint>
                        <Time>2026-08-15T20:13:22.000+02:00</Time>
                        <Position>
                            <LatitudeDegrees>39.63900833333334</LatitudeDegrees>
                            <LongitudeDegrees>15.841701666666667</LongitudeDegrees>
                        </Position>
                        <AltitudeMeters>5.830482318042828</AltitudeMeters>
                        <DistanceMeters>2647.8464960469137</DistanceMeters>
                        <HeartRateBpm>
                            <Value>138</Value>
                        </HeartRateBpm>
                    </Trackpoint>
                    <Trackpoint>
                        <Time>2026-08-15T20:13:23.000+02:00</Time>
                        <Position>
                            <LatitudeDegrees>39.638995</LatitudeDegrees>
                            <LongitudeDegrees>15.841705</LongitudeDegrees>
                        </Position>
                        <AltitudeMeters>5.660282106615996</AltitudeMeters>
                        <DistanceMeters>2649.3563228923613</DistanceMeters>
                    </Trackpoint>
                    <Trackpoint>
                        <Time>2026-08-15T20:13:24.000+02:00</Time>
                        <Position>
                            <LatitudeDegrees>39.638981666666666</LatitudeDegrees>
                            <LongitudeDegrees>15.841708333333333</LongitudeDegrees>
                        </Position>
                        <AltitudeMeters>5.504632530787551</AltitudeMeters>
                        <DistanceMeters>2650.866149748958</DistanceMeters>
                        <HeartRateBpm>
                            <Value>137</Value>
                        </HeartRateBpm>
                    </Trackpoint>
                    <Trackpoint>
                        <Time>2026-08-15T20:13:25.000+02:00</Time>
                        <Position>
                            <LatitudeDegrees>39.63896833333333</LatitudeDegrees>
                            <LongitudeDegrees>15.841709999999999</LongitudeDegrees>
                        </Position>
                        <AltitudeMeters>5.3229581470842104</AltitudeMeters>
                        <DistanceMeters>2652.3556041328043</DistanceMeters>
                    </Trackpoint>
                    <Trackpoint>
                        <Time>2026-08-15T20:13:26.000+02:00</Time>
                        <Position>
                            <LatitudeDegrees>39.63895333333333</LatitudeDegrees>
                            <LongitudeDegrees>15.841711666666667</LongitudeDegrees>
                        </Position>
                        <AltitudeMeters>5.157658640229939</AltitudeMeters>
                        <DistanceMeters>2654.0296251830214</DistanceMeters>
                        <HeartRateBpm>
                            <Value>136</Value>
                        </HeartRateBpm>
                    </Trackpoint>
                    <Trackpoint>
                        <Time>2026-08-15T20:13:27.000+02:00</Time>
                        <Position>
                            <LatitudeDegrees>39.638938333333336</LatitudeDegrees>
                            <LongitudeDegrees>15.841711666666667</LongitudeDegrees>
                        </Position>
                        <AltitudeMeters>5.008113813323729</AltitudeMeters>
                        <DistanceMeters>2655.6975517009123</DistanceMeters>
                        <HeartRateBpm>
                            <Value>135</Value>
                        </HeartRateBpm>
                    </Trackpoint>
                    <Trackpoint>
                        <Time>2026-08-15T20:13:28.000+02:00</Time>
                        <Position>
                            <LatitudeDegrees>39.638925</LatitudeDegrees>
                            <LongitudeDegrees>15.841715</LongitudeDegrees>
                        </Position>
                        <AltitudeMeters>4.873638503600549</AltitudeMeters>
                        <DistanceMeters>2657.207378601025</DistanceMeters>
                    </Trackpoint>
                    <Trackpoint>
                        <Time>2026-08-15T20:13:29.000+02:00</Time>
                        <Position>
                            <LatitudeDegrees>39.638911666666665</LatitudeDegrees>
                            <LongitudeDegrees>15.841716666666667</LongitudeDegrees>
                        </Position>
                        <AltitudeMeters>4.753497536914039</AltitudeMeters>
                        <DistanceMeters>2658.696832996075</DistanceMeters>
                        <HeartRateBpm>
                            <Value>134</Value>
                        </HeartRateBpm>
                    </Trackpoint>
                    <Trackpoint>
                        <Time>2026-08-15T20:13:30.000+02:00</Time>
                        <Position>
                            <LatitudeDegrees>39.6389</LatitudeDegrees>
                            <LongitudeDegrees>15.841721666666666</LongitudeDegrees>
                        </Position>
                        <AltitudeMeters>4.646919175267474</AltitudeMeters>
                        <DistanceMeters>2660.062934847946</DistanceMeters>
                    </Trackpoint>
                    <Trackpoint>
                        <Time>2026-08-15T20:13:31.000+02:00</Time>
                        <Position>
                            <LatitudeDegrees>39.638888333333334</LatitudeDegrees>
                            <LongitudeDegrees>15.841728333333334</LongitudeDegrees>
                        </Position>
                        <AltitudeMeters>4.5531071309104405</AltitudeMeters>
                        <DistanceMeters>2661.4802590428753</DistanceMeters>
                    </Trackpoint>
                    <Trackpoint>
                        <Time>2026-08-15T20:13:32.000+02:00</Time>
                        <Position>
                            <LatitudeDegrees>39.63887833333333</LatitudeDegrees>
                            <LongitudeDegrees>15.841735</LongitudeDegrees>
                        </Position>
                        <AltitudeMeters>4.471251224174998</AltitudeMeters>
                        <DistanceMeters>2662.7301860571706</DistanceMeters>
                        <HeartRateBpm>
                            <Value>134</Value>
                        </HeartRateBpm>
                    </Trackpoint>
                    <Trackpoint>
                        <Time>2026-08-15T20:13:33.000+02:00</Time>
                        <Position>
                            <LatitudeDegrees>39.63887</LatitudeDegrees>
                            <LongitudeDegrees>15.841743333333334</LongitudeDegrees>
                        </Position>
                        <AltitudeMeters>4.4005367646801155</AltitudeMeters>
                        <DistanceMeters>2663.899727409828</DistanceMeters>
                        <HeartRateBpm>
                            <Value>133</Value>
                        </HeartRateBpm>
                    </Trackpoint>
                    <Trackpoint>
                        <Time>2026-08-15T20:13:34.000+02:00</Time>
                        <Position>
                            <LatitudeDegrees>39.63885833333333</LatitudeDegrees>
                            <LongitudeDegrees>15.841753333333333</LongitudeDegrees>
                        </Position>
                        <AltitudeMeters>4.380258742562405</AltitudeMeters>
                        <DistanceMeters>2665.4541280963476</DistanceMeters>
                    </Trackpoint>
                    <Trackpoint>
                        <Time>2026-08-15T20:13:35.000+02:00</Time>
                        <Position>
                            <LatitudeDegrees>39.638846666666666</LatitudeDegrees>
                            <LongitudeDegrees>15.841761666666667</LongitudeDegrees>
                        </Position>
                        <AltitudeMeters>4.366678502831687</AltitudeMeters>
                        <DistanceMeters>2666.9347081614237</DistanceMeters>
                        <HeartRateBpm>
                            <Value>132</Value>
                        </HeartRateBpm>
                    </Trackpoint>
                    <Trackpoint>
                        <Time>2026-08-15T20:13:36.000+02:00</Time>
                        <Position>
                            <LatitudeDegrees>39.63883333333333</LatitudeDegrees>
                            <LongitudeDegrees>15.841766666666667</LongitudeDegrees>
                        </Position>
                        <AltitudeMeters>4.359038950433788</AltitudeMeters>
                        <DistanceMeters>2668.4778918476377</DistanceMeters>
                    </Trackpoint>
                    <Trackpoint>
                        <Time>2026-08-15T20:13:37.000+02:00</Time>
                        <Position>
                            <LatitudeDegrees>39.63882</LatitudeDegrees>
                            <LongitudeDegrees>15.841771666666666</LongitudeDegrees>
                        </Position>
                        <AltitudeMeters>4.35662752246425</AltitudeMeters>
                        <DistanceMeters>2670.021075556071</DistanceMeters>
                        <HeartRateBpm>
                            <Value>131</Value>
                        </HeartRateBpm>
                    </Trackpoint>
                    <Trackpoint>
                        <Time>2026-08-15T20:13:38.000+02:00</Time>
                        <Position>
                            <LatitudeDegrees>39.63880666666667</LatitudeDegrees>
                            <LongitudeDegrees>15.841776666666666</LongitudeDegrees>
                        </Position>
                        <AltitudeMeters>4.398882957763637</AltitudeMeters>
                        <DistanceMeters>2671.564259288688</DistanceMeters>
                    </Trackpoint>
                    <Trackpoint>
                        <Time>2026-08-15T20:13:39.000+02:00</Time>
                        <Position>
                            <LatitudeDegrees>39.63879166666667</LatitudeDegrees>
                            <LongitudeDegrees>15.841778333333334</LongitudeDegrees>
                        </Position>
                        <AltitudeMeters>4.442245140969939</AltitudeMeters>
                        <DistanceMeters>2673.238280367367</DistanceMeters>
                    </Trackpoint>
                    <Trackpoint>
                        <Time>2026-08-15T20:13:40.000+02:00</Time>
                        <Position>
                            <LatitudeDegrees>39.638778333333335</LatitudeDegrees>
                            <LongitudeDegrees>15.84178</LongitudeDegrees>
                        </Position>
                        <AltitudeMeters>4.526270059875696</AltitudeMeters>
                        <DistanceMeters>2674.72773478878</DistanceMeters>
                        <HeartRateBpm>
                            <Value>131</Value>
                        </HeartRateBpm>
                    </Trackpoint>
                    <Trackpoint>
                        <Time>2026-08-15T20:13:41.000+02:00</Time>
                        <Position>
                            <LatitudeDegrees>39.63876833333333</LatitudeDegrees>
                            <LongitudeDegrees>15.841781666666666</LongitudeDegrees>
                        </Position>
                        <AltitudeMeters>4.607536686309025</AltitudeMeters>
                        <DistanceMeters>2675.848806942914</DistanceMeters>
                    </Trackpoint>
                    <Trackpoint>
                        <Time>2026-08-15T20:13:42.000+02:00</Time>
                        <Position>
                            <LatitudeDegrees>39.638755</LatitudeDegrees>
                            <LongitudeDegrees>15.841781666666666</LongitudeDegrees>
                        </Position>
                        <AltitudeMeters>4.68565175090232</AltitudeMeters>
                        <DistanceMeters>2677.3314082912075</DistanceMeters>
                    </Trackpoint>
                    <Trackpoint>
                        <Time>2026-08-15T20:13:43.000+02:00</Time>
                        <Position>
                            <LatitudeDegrees>39.63874333333333</LatitudeDegrees>
                            <LongitudeDegrees>15.841783333333334</LongitudeDegrees>
                        </Position>
                        <AltitudeMeters>4.760303230619341</AltitudeMeters>
                        <DistanceMeters>2678.6365110549414</DistanceMeters>
                        <HeartRateBpm>
                            <Value>131</Value>
                        </HeartRateBpm>
                    </Trackpoint>
                    <Trackpoint>
                        <Time>2026-08-15T20:13:44.000+02:00</Time>
                        <Position>
                            <LatitudeDegrees>39.63872833333333</LatitudeDegrees>
                            <LongitudeDegrees>15.841786666666668</LongitudeDegrees>
                        </Position>
                        <AltitudeMeters>4.831252537248759</AltitudeMeters>
                        <DistanceMeters>2680.328684166221</DistanceMeters>
                        <HeartRateBpm>
                            <Value>131</Value>
                        </HeartRateBpm>
                    </Trackpoint>
                    <Trackpoint>
                        <Time>2026-08-15T20:13:45.000+02:00</Time>
                        <Position>
                            <LatitudeDegrees>39.638711666666666</LatitudeDegrees>
                            <LongitudeDegrees>15.841791666666667</LongitudeDegrees>
                        </Position>
                        <AltitudeMeters>4.938433057896248</AltitudeMeters>
                        <DistanceMeters>2682.230749248537</DistanceMeters>
                        <HeartRateBpm>
                            <Value>130</Value>
                        </HeartRateBpm>
                    </Trackpoint>
                    <Trackpoint>
                        <Time>2026-08-15T20:13:46.000+02:00</Time>
                        <Position>
                            <LatitudeDegrees>39.638693333333336</LatitudeDegrees>
                            <LongitudeDegrees>15.8418</LongitudeDegrees>
                        </Position>
                        <AltitudeMeters>5.038792662963428</AltitudeMeters>
                        <DistanceMeters>2684.390607957107</DistanceMeters>
                    </Trackpoint>
                    <Trackpoint>
                        <Time>2026-08-15T20:13:47.000+02:00</Time>
                        <Position>
                            <LatitudeDegrees>39.638675</LatitudeDegrees>
                            <LongitudeDegrees>15.84181</LongitudeDegrees>
                        </Position>
                        <AltitudeMeters>5.1322961653563945</AltitudeMeters>
                        <DistanceMeters>2686.601724285564</DistanceMeters>
                    </Trackpoint>
                    <Trackpoint>
                        <Time>2026-08-15T20:13:48.000+02:00</Time>
                        <Position>
                            <LatitudeDegrees>39.63865666666667</LatitudeDegrees>
                            <LongitudeDegrees>15.84182</LongitudeDegrees>
                        </Position>
                        <AltitudeMeters>5.2189768987149465</AltitudeMeters>
                        <DistanceMeters>2688.8128407005142</DistanceMeters>
                        <HeartRateBpm>
                            <Value>130</Value>
                        </HeartRateBpm>
                    </Trackpoint>
                    <Trackpoint>
                        <Time>2026-08-15T20:13:49.000+02:00</Time>
                        <Position>
                            <LatitudeDegrees>39.63863833333333</LatitudeDegrees>
                            <LongitudeDegrees>15.84183</LongitudeDegrees>
                        </Position>
                        <AltitudeMeters>5.298927367062347</AltitudeMeters>
                        <DistanceMeters>2691.0239572047753</DistanceMeters>
                        <HeartRateBpm>
                            <Value>131</Value>
                        </HeartRateBpm>
                    </Trackpoint>
                    <Trackpoint>
                        <Time>2026-08-15T20:13:50.000+02:00</Time>
                        <Position>
                            <LatitudeDegrees>39.63861833333333</LatitudeDegrees>
                            <LongitudeDegrees>15.84184</LongitudeDegrees>
                        </Position>
                        <AltitudeMeters>5.372290576731986</AltitudeMeters>
                        <DistanceMeters>2693.4070185160767</DistanceMeters>
                    </Trackpoint>
                    <Trackpoint>
                        <Time>2026-08-15T20:13:51.000+02:00</Time>
                        <Position>
                            <LatitudeDegrees>39.638598333333334</LatitudeDegrees>
                            <LongitudeDegrees>15.841846666666667</LongitudeDegrees>
                        </Position>
                        <AltitudeMeters>5.43925204132055</AltitudeMeters>
                        <DistanceMeters>2695.703020539517</DistanceMeters>
                        <HeartRateBpm>
                            <Value>133</Value>
                        </HeartRateBpm>
                    </Trackpoint>
                    <Trackpoint>
                        <Time>2026-08-15T20:13:52.000+02:00</Time>
                        <Position>
                            <LatitudeDegrees>39.63858</LatitudeDegrees>
                            <LongitudeDegrees>15.841855</LongitudeDegrees>
                        </Position>
                        <AltitudeMeters>5.500032445367051</AltitudeMeters>
                        <DistanceMeters>2697.862879635067</DistanceMeters>
                    </Trackpoint>
                    <Trackpoint>
                        <Time>2026-08-15T20:13:53.000+02:00</Time>
                        <Position>
                            <LatitudeDegrees>39.63856</LatitudeDegrees>
                            <LongitudeDegrees>15.841861666666667</LongitudeDegrees>
                        </Position>
                        <AltitudeMeters>5.554880948206368</AltitudeMeters>
                        <DistanceMeters>2700.1588817364213</DistanceMeters>
                        <HeartRateBpm>
                            <Value>132</Value>
                        </HeartRateBpm>
                    </Trackpoint>
                    <Trackpoint>
                        <Time>2026-08-15T20:13:54.000+02:00</Time>
                        <Position>
                            <LatitudeDegrees>39.63854</LatitudeDegrees>
                            <LongitudeDegrees>15.84187</LongitudeDegrees>
                        </Position>
                        <AltitudeMeters>5.604069105928846</AltitudeMeters>
                        <DistanceMeters>2702.494462286829</DistanceMeters>
                        <HeartRateBpm>
                            <Value>133</Value>
                        </HeartRateBpm>
                    </Trackpoint>
                    <Trackpoint>
                        <Time>2026-08-15T20:13:55.000+02:00</Time>
                        <Position>
                            <LatitudeDegrees>39.63851833333333</LatitudeDegrees>
                            <LongitudeDegrees>15.841876666666666</LongitudeDegrees>
                        </Position>
                        <AltitudeMeters>5.647885386530007</AltitudeMeters>
                        <DistanceMeters>2704.9703987740018</DistanceMeters>
                    </Trackpoint>
                    <Trackpoint>
                        <Time>2026-08-15T20:13:56.000+02:00</Time>
                        <Position>
                            <LatitudeDegrees>39.63849666666667</LatitudeDegrees>
                            <LongitudeDegrees>15.841883333333334</LongitudeDegrees>
                        </Position>
                        <AltitudeMeters>5.68663025109478</AltitudeMeters>
                        <DistanceMeters>2707.446335302407</DistanceMeters>
                        <HeartRateBpm>
                            <Value>132</Value>
                        </HeartRateBpm>
                    </Trackpoint>
                    <Trackpoint>
                        <Time>2026-08-15T20:13:57.000+02:00</Time>
                        <Position>
                            <LatitudeDegrees>39.63847333333333</LatitudeDegrees>
                            <LongitudeDegrees>15.841891666666667</LongitudeDegrees>
                        </Position>
                        <AltitudeMeters>5.720611772169441</AltitudeMeters>
                        <DistanceMeters>2710.1372272004223</DistanceMeters>
                    </Trackpoint>
                    <Trackpoint>
                        <Time>2026-08-15T20:13:58.000+02:00</Time>
                        <Position>
                            <LatitudeDegrees>39.63845</LatitudeDegrees>
                            <LongitudeDegrees>15.841898333333333</LongitudeDegrees>
                        </Position>
                        <AltitudeMeters>5.750141759275159</AltitudeMeters>
                        <DistanceMeters>2712.793839406793</DistanceMeters>
                        <HeartRateBpm>
                            <Value>133</Value>
                        </HeartRateBpm>
                    </Trackpoint>
                    <Trackpoint>
                        <Time>2026-08-15T20:13:59.000+02:00</Time>
                        <Position>
                            <LatitudeDegrees>39.63842833333333</LatitudeDegrees>
                            <LongitudeDegrees>15.841906666666667</LongitudeDegrees>
                        </Position>
                        <AltitudeMeters>5.775532360755884</AltitudeMeters>
                        <DistanceMeters>2715.306521956248</DistanceMeters>
                    </Trackpoint>
                    <Trackpoint>
                        <Time>2026-08-15T20:14:00.000+02:00</Time>
                        <Position>
                            <LatitudeDegrees>39.63840666666667</LatitudeDegrees>
                            <LongitudeDegrees>15.841913333333334</LongitudeDegrees>
                        </Position>
                        <AltitudeMeters>5.797093110779637</AltitudeMeters>
                        <DistanceMeters>2717.7824586552383</DistanceMeters>
                        <HeartRateBpm>
                            <Value>135</Value>
                        </HeartRateBpm>
                    </Trackpoint>
                    <Trackpoint>
                        <Time>2026-08-15T20:14:01.000+02:00</Time>
                        <Position>
                            <LatitudeDegrees>39.63838333333333</LatitudeDegrees>
                            <LongitudeDegrees>15.841918333333334</LongitudeDegrees>
                        </Position>
                        <AltitudeMeters>5.8151283902783675</AltitudeMeters>
                        <DistanceMeters>2720.4120999702172</DistanceMeters>
                    </Trackpoint>
                    <Trackpoint>
                        <Time>2026-08-15T20:14:02.000+02:00</Time>
                        <Position>
                            <LatitudeDegrees>39.63836166666667</LatitudeDegrees>
                            <LongitudeDegrees>15.841923333333334</LongitudeDegrees>
                        </Position>
                        <AltitudeMeters>5.8299352708729435</AltitudeMeters>
                        <DistanceMeters>2722.859075096141</DistanceMeters>
                    </Trackpoint>
                    <Trackpoint>
                        <Time>2026-08-15T20:14:03.000+02:00</Time>
                        <Position>
                            <LatitudeDegrees>39.63834</LatitudeDegrees>
                            <LongitudeDegrees>15.841928333333334</LongitudeDegrees>
                        </Position>
                        <AltitudeMeters>5.841801711345207</AltitudeMeters>
                        <DistanceMeters>2725.306050246878</DistanceMeters>
                        <HeartRateBpm>
                            <Value>135</Value>
                        </HeartRateBpm>
                    </Trackpoint>
                    <Trackpoint>
                        <Time>2026-08-15T20:14:04.000+02:00</Time>
                        <Position>
                            <LatitudeDegrees>39.63831833333333</LatitudeDegrees>
                            <LongitudeDegrees>15.841931666666667</LongitudeDegrees>
                        </Position>
                        <AltitudeMeters>5.851005076949911</AltitudeMeters>
                        <DistanceMeters>2727.732126830691</DistanceMeters>
                        <HeartRateBpm>
                            <Value>136</Value>
                        </HeartRateBpm>
                    </Trackpoint>
                    <Trackpoint>
                        <Time>2026-08-15T20:14:05.000+02:00</Time>
                        <Position>
                            <LatitudeDegrees>39.638295</LatitudeDegrees>
                            <LongitudeDegrees>15.841935</LongitudeDegrees>
                        </Position>
                        <AltitudeMeters>5.857810952770676</AltitudeMeters>
                        <DistanceMeters>2730.3423325570893</DistanceMeters>
                    </Trackpoint>
                    <Trackpoint>
                        <Time>2026-08-15T20:14:06.000+02:00</Time>
                        <Position>
                            <LatitudeDegrees>39.63827333333333</LatitudeDegrees>
                            <LongitudeDegrees>15.84194</LongitudeDegrees>
                        </Position>
                        <AltitudeMeters>5.862472223383428</AltitudeMeters>
                        <DistanceMeters>2732.789307779385</DistanceMeters>
                    </Trackpoint>
                    <Trackpoint>
                        <Time>2026-08-15T20:14:07.000+02:00</Time>
                        <Position>
                            <LatitudeDegrees>39.63825166666667</LatitudeDegrees>
                            <LongitudeDegrees>15.841946666666667</LongitudeDegrees>
                        </Position>
                        <AltitudeMeters>5.865228392268811</AltitudeMeters>
                        <DistanceMeters>2735.265244774033</DistanceMeters>
                        <HeartRateBpm>
                            <Value>136</Value>
                        </HeartRateBpm>
                    </Trackpoint>
                    <Trackpoint>
                        <Time>2026-08-15T20:14:08.000+02:00</Time>
                        <Position>
                            <LatitudeDegrees>39.63822833333333</LatitudeDegrees>
                            <LongitudeDegrees>15.841953333333333</LongitudeDegrees>
                        </Position>
                        <AltitudeMeters>5.866305115685138</AltitudeMeters>
                        <DistanceMeters>2737.921857373611</DistanceMeters>
                    </Trackpoint>
                    <Trackpoint>
                        <Time>2026-08-15T20:14:09.000+02:00</Time>
                        <Position>
                            <LatitudeDegrees>39.63820666666667</LatitudeDegrees>
                            <LongitudeDegrees>15.841961666666666</LongitudeDegrees>
                        </Position>
                        <AltitudeMeters>5.865913927051488</AltitudeMeters>
                        <DistanceMeters>2740.4345405717936</DistanceMeters>
                    </Trackpoint>
                    <Trackpoint>
                        <Time>2026-08-15T20:14:10.000+02:00</Time>
                        <Position>
                            <LatitudeDegrees>39.63818333333333</LatitudeDegrees>
                            <LongitudeDegrees>15.841968333333334</LongitudeDegrees>
                        </Position>
                        <AltitudeMeters>5.864252129275377</AltitudeMeters>
                        <DistanceMeters>2743.0911532512423</DistanceMeters>
                        <HeartRateBpm>
                            <Value>137</Value>
                        </HeartRateBpm>
                    </Trackpoint>
                    <Trackpoint>
                        <Time>2026-08-15T20:14:11.000+02:00</Time>
                        <Position>
                            <LatitudeDegrees>39.63816</LatitudeDegrees>
                            <LongitudeDegrees>15.841976666666667</LongitudeDegrees>
                        </Position>
                        <AltitudeMeters>5.861502833871612</AltitudeMeters>
                        <DistanceMeters>2745.7820460064513</DistanceMeters>
                    </Trackpoint>
                    <Trackpoint>
                        <Time>2026-08-15T20:14:12.000+02:00</Time>
                        <Position>
                            <LatitudeDegrees>39.63813666666667</LatitudeDegrees>
                            <LongitudeDegrees>15.841983333333333</LongitudeDegrees>
                        </Position>
                        <AltitudeMeters>5.857835127142076</AltitudeMeters>
                        <DistanceMeters>2748.438658767919</DistanceMeters>
                    </Trackpoint>
                    <Trackpoint>
                        <Time>2026-08-15T20:14:13.000+02:00</Time>
                        <Position>
                            <LatitudeDegrees>39.63811166666667</LatitudeDegrees>
                            <LongitudeDegrees>15.841988333333333</LongitudeDegrees>
                        </Position>
                        <AltitudeMeters>5.853404345105262</AltitudeMeters>
                        <DistanceMeters>2751.2513144533145</DistanceMeters>
                        <HeartRateBpm>
                            <Value>137</Value>
                        </HeartRateBpm>
                    </Trackpoint>
                    <Trackpoint>
                        <Time>2026-08-15T20:14:14.000+02:00</Time>
                        <Position>
                            <LatitudeDegrees>39.63809</LatitudeDegrees>
                            <LongitudeDegrees>15.841995</LongitudeDegrees>
                        </Position>
                        <AltitudeMeters>5.848352440266949</AltitudeMeters>
                        <DistanceMeters>2753.7272517556185</DistanceMeters>
                    </Trackpoint>
                    <Trackpoint>
                        <Time>2026-08-15T20:14:15.000+02:00</Time>
                        <Position>
                            <LatitudeDegrees>39.63806666666667</LatitudeDegrees>
                            <LongitudeDegrees>15.842001666666667</LongitudeDegrees>
                        </Position>
                        <AltitudeMeters>5.842808424698408</AltitudeMeters>
                        <DistanceMeters>2756.3838646419294</DistanceMeters>
                    </Trackpoint>
                    <Trackpoint>
                        <Time>2026-08-15T20:14:16.000+02:00</Time>
                        <Position>
                            <LatitudeDegrees>39.638045</LatitudeDegrees>
                            <LongitudeDegrees>15.842006666666666</LongitudeDegrees>
                        </Position>
                        <AltitudeMeters>5.8368888752268795</AltitudeMeters>
                        <DistanceMeters>2758.8308401114914</DistanceMeters>
                        <HeartRateBpm>
                            <Value>138</Value>
                        </HeartRateBpm>
                    </Trackpoint>
                    <Trackpoint>
                        <Time>2026-08-15T20:14:17.000+02:00</Time>
                        <Position>
                            <LatitudeDegrees>39.63802333333334</LatitudeDegrees>
                            <LongitudeDegrees>15.842011666666666</LongitudeDegrees>
                        </Position>
                        <AltitudeMeters>5.830698487837137</AltitudeMeters>
                        <DistanceMeters>2761.277815604568</DistanceMeters>
                    </Trackpoint>
                    <Trackpoint>
                        <Time>2026-08-15T20:14:18.000+02:00</Time>
                        <Position>
                            <LatitudeDegrees>39.63800333333333</LatitudeDegrees>
                            <LongitudeDegrees>15.842016666666666</LongitudeDegrees>
                        </Position>
                        <AltitudeMeters>5.8243306696264305</AltitudeMeters>
                        <DistanceMeters>2763.542557029765</DistanceMeters>
                    </Trackpoint>
                    <Trackpoint>
                        <Time>2026-08-15T20:14:19.000+02:00</Time>
                        <Position>
                            <LatitudeDegrees>39.63798333333333</LatitudeDegrees>
                            <LongitudeDegrees>15.84202</LongitudeDegrees>
                        </Position>
                        <AltitudeMeters>5.817868157843226</AltitudeMeters>
                        <DistanceMeters>2765.7847017464505</DistanceMeters>
                        <HeartRateBpm>
                            <Value>139</Value>
                        </HeartRateBpm>
                    </Trackpoint>
                    <Trackpoint>
                        <Time>2026-08-15T20:14:20.000+02:00</Time>
                        <Position>
                            <LatitudeDegrees>39.63796333333333</LatitudeDegrees>
                            <LongitudeDegrees>15.842025</LongitudeDegrees>
                        </Position>
                        <AltitudeMeters>5.811383656669028</AltitudeMeters>
                        <DistanceMeters>2768.0494432177125</DistanceMeters>
                    </Trackpoint>
                    <Trackpoint>
                        <Time>2026-08-15T20:14:21.000+02:00</Time>
                        <Position>
                            <LatitudeDegrees>39.63794333333333</LatitudeDegrees>
                            <LongitudeDegrees>15.84203</LongitudeDegrees>
                        </Position>
                        <AltitudeMeters>5.804940483469555</AltitudeMeters>
                        <DistanceMeters>2770.3141847131255</DistanceMeters>
                    </Trackpoint>
                    <Trackpoint>
                        <Time>2026-08-15T20:14:22.000+02:00</Time>
                        <Position>
                            <LatitudeDegrees>39.637925</LatitudeDegrees>
                            <LongitudeDegrees>15.842033333333333</LongitudeDegrees>
                        </Position>
                        <AltitudeMeters>5.79859321724486</AltitudeMeters>
                        <DistanceMeters>2772.372647355235</DistanceMeters>
                        <HeartRateBpm>
                            <Value>139</Value>
                        </HeartRateBpm>
                    </Trackpoint>
                    <Trackpoint>
                        <Time>2026-08-15T20:14:23.000+02:00</Time>
                        <Position>
                            <LatitudeDegrees>39.637905</LatitudeDegrees>
                            <LongitudeDegrees>15.842038333333333</LongitudeDegrees>
                        </Position>
                        <AltitudeMeters>5.792388342946648</AltitudeMeters>
                        <DistanceMeters>2774.637388894763</DistanceMeters>
                        <HeartRateBpm>
                            <Value>138</Value>
                        </HeartRateBpm>
                    </Trackpoint>
                    <Trackpoint>
                        <Time>2026-08-15T20:14:24.000+02:00</Time>
                        <Position>
                            <LatitudeDegrees>39.637885</LatitudeDegrees>
                            <LongitudeDegrees>15.842041666666667</LongitudeDegrees>
                        </Position>
                        <AltitudeMeters>5.7863648862048995</AltitudeMeters>
                        <DistanceMeters>2776.8795336638113</DistanceMeters>
                    </Trackpoint>
                    <Trackpoint>
                        <Time>2026-08-15T20:14:25.000+02:00</Time>
                        <Position>
                            <LatitudeDegrees>39.637865</LatitudeDegrees>
                            <LongitudeDegrees>15.842045</LongitudeDegrees>
                        </Position>
                        <AltitudeMeters>5.740449028175239</AltitudeMeters>
                        <DistanceMeters>2779.1216784426656</DistanceMeters>
                        <HeartRateBpm>
                            <Value>139</Value>
                        </HeartRateBpm>
                    </Trackpoint>
                    <Trackpoint>
                        <Time>2026-08-15T20:14:26.000+02:00</Time>
                        <Position>
                            <LatitudeDegrees>39.63784666666667</LatitudeDegrees>
                            <LongitudeDegrees>15.84205</LongitudeDegrees>
                        </Position>
                        <AltitudeMeters>5.697605104974994</AltitudeMeters>
                        <DistanceMeters>2781.20473147527</DistanceMeters>
                    </Trackpoint>
                    <Trackpoint>
                        <Time>2026-08-15T20:14:27.000+02:00</Time>
                        <Position>
                            <LatitudeDegrees>39.637825</LatitudeDegrees>
                            <LongitudeDegrees>15.842056666666666</LongitudeDegrees>
                        </Position>
                        <AltitudeMeters>5.657827022008414</AltitudeMeters>
                        <DistanceMeters>2783.6806692818755</DistanceMeters>
                    </Trackpoint>
                    <Trackpoint>
                        <Time>2026-08-15T20:14:28.000+02:00</Time>
                        <Position>
                            <LatitudeDegrees>39.63780166666667</LatitudeDegrees>
                            <LongitudeDegrees>15.842063333333334</LongitudeDegrees>
                        </Position>
                        <AltitudeMeters>5.621080924169249</AltitudeMeters>
                        <DistanceMeters>2786.3372826382483</DistanceMeters>
                        <HeartRateBpm>
                            <Value>139</Value>
                        </HeartRateBpm>
                    </Trackpoint>
                    <Trackpoint>
                        <Time>2026-08-15T20:14:29.000+02:00</Time>
                        <Position>
                            <LatitudeDegrees>39.63778</LatitudeDegrees>
                            <LongitudeDegrees>15.842073333333333</LongitudeDegrees>
                        </Position>
                        <AltitudeMeters>5.547203168008986</AltitudeMeters>
                        <DistanceMeters>2788.894162460459</DistanceMeters>
                        <HeartRateBpm>
                            <Value>140</Value>
                        </HeartRateBpm>
                    </Trackpoint>
                    <Trackpoint>
                        <Time>2026-08-15T20:14:30.000+02:00</Time>
                        <Position>
                            <LatitudeDegrees>39.637755</LatitudeDegrees>
                            <LongitudeDegrees>15.842083333333333</LongitudeDegrees>
                        </Position>
                        <AltitudeMeters>5.479054393437021</AltitudeMeters>
                        <DistanceMeters>2791.802938549796</DistanceMeters>
                    </Trackpoint>
                    <Trackpoint>
                        <Time>2026-08-15T20:14:31.000+02:00</Time>
                        <Position>
                            <LatitudeDegrees>39.637728333333335</LatitudeDegrees>
                            <LongitudeDegrees>15.842093333333333</LongitudeDegrees>
                        </Position>
                        <AltitudeMeters>5.416513734235687</AltitudeMeters>
                        <DistanceMeters>2794.8893096949364</DistanceMeters>
                    </Trackpoint>
                    <Trackpoint>
                        <Time>2026-08-15T20:14:32.000+02:00</Time>
                        <Position>
                            <LatitudeDegrees>39.637703333333334</LatitudeDegrees>
                            <LongitudeDegrees>15.842105</LongitudeDegrees>
                        </Position>
                        <AltitudeMeters>5.319318013107908</AltitudeMeters>
                        <DistanceMeters>2797.8432507726434</DistanceMeters>
                        <HeartRateBpm>
                            <Value>140</Value>
                        </HeartRateBpm>
                    </Trackpoint>
                    <Trackpoint>
                        <Time>2026-08-15T20:14:33.000+02:00</Time>
                        <Position>
                            <LatitudeDegrees>39.637678333333334</LatitudeDegrees>
                            <LongitudeDegrees>15.842115</LongitudeDegrees>
                        </Position>
                        <AltitudeMeters>5.230218392833512</AltitudeMeters>
                        <DistanceMeters>2800.7520271414032</DistanceMeters>
                        <HeartRateBpm>
                            <Value>141</Value>
                        </HeartRateBpm>
                    </Trackpoint>
                    <Trackpoint>
                        <Time>2026-08-15T20:14:34.000+02:00</Time>
                        <Position>
                            <LatitudeDegrees>39.63765166666666</LatitudeDegrees>
                            <LongitudeDegrees>15.842125</LongitudeDegrees>
                        </Position>
                        <AltitudeMeters>5.148976918580755</AltitudeMeters>
                        <DistanceMeters>2803.838398549888</DistanceMeters>
                    </Trackpoint>
                    <Trackpoint>
                        <Time>2026-08-15T20:14:35.000+02:00</Time>
                        <Position>
                            <LatitudeDegrees>39.63762666666667</LatitudeDegrees>
                            <LongitudeDegrees>15.842131666666667</LongitudeDegrees>
                        </Position>
                        <AltitudeMeters>5.075313813678605</AltitudeMeters>
                        <DistanceMeters>2806.6762874288747</DistanceMeters>
                        <HeartRateBpm>
                            <Value>142</Value>
                        </HeartRateBpm>
                    </Trackpoint>
                    <Trackpoint>
                        <Time>2026-08-15T20:14:36.000+02:00</Time>
                        <Position>
                            <LatitudeDegrees>39.63760166666667</LatitudeDegrees>
                            <LongitudeDegrees>15.842138333333333</LongitudeDegrees>
                        </Position>
                        <AltitudeMeters>5.008915603764176</AltitudeMeters>
                        <DistanceMeters>2809.5141763500615</DistanceMeters>
                    </Trackpoint>
                    <Trackpoint>
                        <Time>2026-08-15T20:14:37.000+02:00</Time>
                        <Position>
                            <LatitudeDegrees>39.63757833333333</LatitudeDegrees>
                            <LongitudeDegrees>15.842141666666667</LongitudeDegrees>
                        </Position>
                        <AltitudeMeters>4.949442483093213</AltitudeMeters>
                        <DistanceMeters>2812.1243823999093</DistanceMeters>
                    </Trackpoint>
                    <Trackpoint>
                        <Time>2026-08-15T20:14:38.000+02:00</Time>
                        <Position>
                            <LatitudeDegrees>39.637555</LatitudeDegrees>
                            <LongitudeDegrees>15.842145</LongitudeDegrees>
                        </Position>
                        <AltitudeMeters>4.896534954361083</AltitudeMeters>
                        <DistanceMeters>2814.7345884602573</DistanceMeters>
                        <HeartRateBpm>
                            <Value>142</Value>
                        </HeartRateBpm>
                    </Trackpoint>
                    <Trackpoint>
                        <Time>2026-08-15T20:14:39.000+02:00</Time>
                        <Position>
                            <LatitudeDegrees>39.63753166666667</LatitudeDegrees>
                            <LongitudeDegrees>15.84215</LongitudeDegrees>
                        </Position>
                        <AltitudeMeters>4.849819776014847</AltitudeMeters>
                        <DistanceMeters>2817.364230632221</DistanceMeters>
                        <HeartRateBpm>
                            <Value>143</Value>
                        </HeartRateBpm>
                    </Trackpoint>
                    <Trackpoint>
                        <Time>2026-08-15T20:14:40.000+02:00</Time>
                        <Position>
                            <LatitudeDegrees>39.63751</LatitudeDegrees>
                            <LongitudeDegrees>15.842153333333334</LongitudeDegrees>
                        </Position>
                        <AltitudeMeters>4.808915253006127</AltitudeMeters>
                        <DistanceMeters>2819.7903076092093</DistanceMeters>
                        <HeartRateBpm>
                            <Value>143</Value>
                        </HeartRateBpm>
                    </Trackpoint>
                    <Trackpoint>
                        <Time>2026-08-15T20:14:41.000+02:00</Time>
                        <Position>
                            <LatitudeDegrees>39.63748833333333</LatitudeDegrees>
                            <LongitudeDegrees>15.842158333333334</LongitudeDegrees>
                        </Position>
                        <AltitudeMeters>4.773435908308944</AltitudeMeters>
                        <DistanceMeters>2822.2372836817076</DistanceMeters>
                    </Trackpoint>
                    <Trackpoint>
                        <Time>2026-08-15T20:14:42.000+02:00</Time>
                        <Position>
                            <LatitudeDegrees>39.63746666666667</LatitudeDegrees>
                            <LongitudeDegrees>15.842165</LongitudeDegrees>
                        </Position>
                        <AltitudeMeters>4.742996573372019</AltitudeMeters>
                        <DistanceMeters>2824.713222170228</DistanceMeters>
                        <HeartRateBpm>
                            <Value>144</Value>
                        </HeartRateBpm>
                    </Trackpoint>
                    <Trackpoint>
                        <Time>2026-08-15T20:14:43.000+02:00</Time>
                        <Position>
                            <LatitudeDegrees>39.637445</LatitudeDegrees>
                            <LongitudeDegrees>15.84217</LongitudeDegrees>
                        </Position>
                        <AltitudeMeters>4.717215936053242</AltitudeMeters>
                        <DistanceMeters>2827.160198289709</DistanceMeters>
                    </Trackpoint>
                    <Trackpoint>
                        <Time>2026-08-15T20:14:44.000+02:00</Time>
                        <Position>
                            <LatitudeDegrees>39.63742333333333</LatitudeDegrees>
                            <LongitudeDegrees>15.842176666666667</LongitudeDegrees>
                        </Position>
                        <AltitudeMeters>4.695719584553166</AltitudeMeters>
                        <DistanceMeters>2829.6361368613825</DistanceMeters>
                        <HeartRateBpm>
                            <Value>143</Value>
                        </HeartRateBpm>
                    </Trackpoint>
                    <Trackpoint>
                        <Time>2026-08-15T20:14:45.000+02:00</Time>
                        <Position>
                            <LatitudeDegrees>39.63740166666667</LatitudeDegrees>
                            <LongitudeDegrees>15.842183333333333</LongitudeDegrees>
                        </Position>
                        <AltitudeMeters>4.678142585478739</AltitudeMeters>
                        <DistanceMeters>2832.1120754729113</DistanceMeters>
                    </Trackpoint>
                    <Trackpoint>
                        <Time>2026-08-15T20:14:46.000+02:00</Time>
                        <Position>
                            <LatitudeDegrees>39.63738</LatitudeDegrees>
                            <LongitudeDegrees>15.84219</LongitudeDegrees>
                        </Position>
                        <AltitudeMeters>4.664131633478451</AltitudeMeters>
                        <DistanceMeters>2834.5880141270486</DistanceMeters>
                        <HeartRateBpm>
                            <Value>145</Value>
                        </HeartRateBpm>
                    </Trackpoint>
                    <Trackpoint>
                        <Time>2026-08-15T20:14:47.000+02:00</Time>
                        <Position>
                            <LatitudeDegrees>39.63736</LatitudeDegrees>
                            <LongitudeDegrees>15.842196666666666</LongitudeDegrees>
                        </Position>
                        <AltitudeMeters>4.653346808942248</AltitudeMeters>
                        <DistanceMeters>2836.884018690997</DistanceMeters>
                    </Trackpoint>
                    <Trackpoint>
                        <Time>2026-08-15T20:14:48.000+02:00</Time>
                        <Position>
                            <LatitudeDegrees>39.63734</LatitudeDegrees>
                            <LongitudeDegrees>15.842203333333334</LongitudeDegrees>
                        </Position>
                        <AltitudeMeters>4.645462979096726</AltitudeMeters>
                        <DistanceMeters>2839.1800232967407</DistanceMeters>
                        <HeartRateBpm>
                            <Value>144</Value>
                        </HeartRateBpm>
                    </Trackpoint>
                    <Trackpoint>
                        <Time>2026-08-15T20:14:49.000+02:00</Time>
                        <Position>
                            <LatitudeDegrees>39.637321666666665</LatitudeDegrees>
                            <LongitudeDegrees>15.84221</LongitudeDegrees>
                        </Position>
                        <AltitudeMeters>4.680276882127649</AltitudeMeters>
                        <DistanceMeters>2841.297024173331</DistanceMeters>
                    </Trackpoint>
                    <Trackpoint>
                        <Time>2026-08-15T20:14:50.000+02:00</Time>
                        <Position>
                            <LatitudeDegrees>39.637301666666666</LatitudeDegrees>
                            <LongitudeDegrees>15.842215</LongitudeDegrees>
                        </Position>
                        <AltitudeMeters>4.714557518472549</AltitudeMeters>
                        <DistanceMeters>2843.5617664189745</DistanceMeters>
                        <HeartRateBpm>
                            <Value>145</Value>
                        </HeartRateBpm>
                    </Trackpoint>
                    <Trackpoint>
                        <Time>2026-08-15T20:14:51.000+02:00</Time>
                        <Position>
                            <LatitudeDegrees>39.63728166666667</LatitudeDegrees>
                            <LongitudeDegrees>15.842221666666667</LongitudeDegrees>
                        </Position>
                        <AltitudeMeters>4.748055846691003</AltitudeMeters>
                        <DistanceMeters>2845.8577711443595</DistanceMeters>
                    </Trackpoint>
                    <Trackpoint>
                        <Time>2026-08-15T20:14:52.000+02:00</Time>
                        <Position>
                            <LatitudeDegrees>39.63726</LatitudeDegrees>
                            <LongitudeDegrees>15.842226666666667</LongitudeDegrees>
                        </Position>
                        <AltitudeMeters>4.780562969590744</AltitudeMeters>
                        <DistanceMeters>2848.3047474642167</DistanceMeters>
                        <HeartRateBpm>
                            <Value>146</Value>
                        </HeartRateBpm>
                    </Trackpoint>
                    <Trackpoint>
                        <Time>2026-08-15T20:14:53.000+02:00</Time>
                        <Position>
                            <LatitudeDegrees>39.637238333333336</LatitudeDegrees>
                            <LongitudeDegrees>15.842235</LongitudeDegrees>
                        </Position>
                        <AltitudeMeters>4.811906784394837</AltitudeMeters>
                        <DistanceMeters>2850.817433499679</DistanceMeters>
                    </Trackpoint>
                    <Trackpoint>
                        <Time>2026-08-15T20:14:54.000+02:00</Time>
                        <Position>
                            <LatitudeDegrees>39.637213333333335</LatitudeDegrees>
                            <LongitudeDegrees>15.842245</LongitudeDegrees>
                        </Position>
                        <AltitudeMeters>4.841948732029384</AltitudeMeters>
                        <DistanceMeters>2853.726211562521</DistanceMeters>
                    </Trackpoint>
                    <Trackpoint>
                        <Time>2026-08-15T20:14:55.000+02:00</Time>
                        <Position>
                            <LatitudeDegrees>39.637188333333334</LatitudeDegrees>
                            <LongitudeDegrees>15.842256666666668</LongitudeDegrees>
                        </Position>
                        <AltitudeMeters>4.870580662742052</AltitudeMeters>
                        <DistanceMeters>2856.6801551566227</DistanceMeters>
                        <HeartRateBpm>
                            <Value>146</Value>
                        </HeartRateBpm>
                    </Trackpoint>
                    <Trackpoint>
                        <Time>2026-08-15T20:14:56.000+02:00</Time>
                        <Position>
                            <LatitudeDegrees>39.63716333333333</LatitudeDegrees>
                            <LongitudeDegrees>15.84227</LongitudeDegrees>
                        </Position>
                        <AltitudeMeters>4.897721831907302</AltitudeMeters>
                        <DistanceMeters>2859.685369524375</DistanceMeters>
                        <HeartRateBpm>
                            <Value>147</Value>
                        </HeartRateBpm>
                    </Trackpoint>
                    <Trackpoint>
                        <Time>2026-08-15T20:14:57.000+02:00</Time>
                        <Position>
                            <LatitudeDegrees>39.63713833333333</LatitudeDegrees>
                            <LongitudeDegrees>15.842281666666667</LongitudeDegrees>
                        </Position>
                        <AltitudeMeters>4.923316036833321</AltitudeMeters>
                        <DistanceMeters>2862.639313362056</DistanceMeters>
                    </Trackpoint>
                    <Trackpoint>
                        <Time>2026-08-15T20:14:58.000+02:00</Time>
                        <Position>
                            <LatitudeDegrees>39.63711</LatitudeDegrees>
                            <LongitudeDegrees>15.842291666666666</LongitudeDegrees>
                        </Position>
                        <AltitudeMeters>4.947328902645107</AltitudeMeters>
                        <DistanceMeters>2865.9041408824155</DistanceMeters>
                        <HeartRateBpm>
                            <Value>146</Value>
                        </HeartRateBpm>
                    </Trackpoint>
                    <Trackpoint>
                        <Time>2026-08-15T20:14:59.000+02:00</Time>
                        <Position>
                            <LatitudeDegrees>39.637085</LatitudeDegrees>
                            <LongitudeDegrees>15.842301666666666</LongitudeDegrees>
                        </Position>
                        <AltitudeMeters>4.9697453228639725</AltitudeMeters>
                        <DistanceMeters>2868.8129194130656</DistanceMeters>
                    </Trackpoint>
                    <Trackpoint>
                        <Time>2026-08-15T20:15:00.000+02:00</Time>
                        <Position>
                            <LatitudeDegrees>39.637058333333336</LatitudeDegrees>
                            <LongitudeDegrees>15.84231</LongitudeDegrees>
                        </Position>
                        <AltitudeMeters>4.990567058120967</AltitudeMeters>
                        <DistanceMeters>2871.862779262853</DistanceMeters>
                        <HeartRateBpm>
                            <Value>147</Value>
                        </HeartRateBpm>
                    </Trackpoint>
                    <Trackpoint>
                        <Time>2026-08-15T20:15:01.000+02:00</Time>
                        <Position>
                            <LatitudeDegrees>39.637031666666665</LatitudeDegrees>
                            <LongitudeDegrees>15.842316666666667</LongitudeDegrees>
                        </Position>
                        <AltitudeMeters>5.009810494514854</AltitudeMeters>
                        <DistanceMeters>2874.8824360076137</DistanceMeters>
                    </Trackpoint>
                    <Trackpoint>
                        <Time>2026-08-15T20:15:02.000+02:00</Time>
                        <Position>
                            <LatitudeDegrees>39.637005</LatitudeDegrees>
                            <LongitudeDegrees>15.842321666666667</LongitudeDegrees>
                        </Position>
                        <AltitudeMeters>4.98739855579852</AltitudeMeters>
                        <DistanceMeters>2877.878390917415</DistanceMeters>
                        <HeartRateBpm>
                            <Value>146</Value>
                        </HeartRateBpm>
                    </Trackpoint>
                    <Trackpoint>
                        <Time>2026-08-15T20:15:03.000+02:00</Time>
                        <Position>
                            <LatitudeDegrees>39.63697833333333</LatitudeDegrees>
                            <LongitudeDegrees>15.842326666666667</LongitudeDegrees>
                        </Position>
                        <AltitudeMeters>4.966309176125727</AltitudeMeters>
                        <DistanceMeters>2880.8743458522063</DistanceMeters>
                    </Trackpoint>
                    <Trackpoint>
                        <Time>2026-08-15T20:15:04.000+02:00</Time>
                        <Position>
                            <LatitudeDegrees>39.63695166666667</LatitudeDegrees>
                            <LongitudeDegrees>15.84233</LongitudeDegrees>
                        </Position>
                        <AltitudeMeters>4.946564363984395</AltitudeMeters>
                        <DistanceMeters>2883.8532554147087</DistanceMeters>
                    </Trackpoint>
                    <Trackpoint>
                        <Time>2026-08-15T20:15:05.000+02:00</Time>
                        <Position>
                            <LatitudeDegrees>39.636925</LatitudeDegrees>
                            <LongitudeDegrees>15.842331666666666</LongitudeDegrees>
                        </Position>
                        <AltitudeMeters>4.9281706969448305</AltitudeMeters>
                        <DistanceMeters>2886.8218907647097</DistanceMeters>
                        <HeartRateBpm>
                            <Value>147</Value>
                        </HeartRateBpm>
                    </Trackpoint>
                    <Trackpoint>
                        <Time>2026-08-15T20:15:06.000+02:00</Time>
                        <Position>
                            <LatitudeDegrees>39.636898333333335</LatitudeDegrees>
                            <LongitudeDegrees>15.842335</LongitudeDegrees>
                        </Position>
                        <AltitudeMeters>4.911121296140942</AltitudeMeters>
                        <DistanceMeters>2889.800800348327</DistanceMeters>
                    </Trackpoint>
                    <Trackpoint>
                        <Time>2026-08-15T20:15:07.000+02:00</Time>
                        <Position>
                            <LatitudeDegrees>39.636873333333334</LatitudeDegrees>
                            <LongitudeDegrees>15.84234</LongitudeDegrees>
                        </Position>
                        <AltitudeMeters>4.895397665636942</AltitudeMeters>
                        <DistanceMeters>2892.613457199903</DistanceMeters>
                    </Trackpoint>
                    <Trackpoint>
                        <Time>2026-08-15T20:15:08.000+02:00</Time>
                        <Position>
                            <LatitudeDegrees>39.63684666666666</LatitudeDegrees>
                            <LongitudeDegrees>15.842346666666666</LongitudeDegrees>
                        </Position>
                        <AltitudeMeters>4.880971397367431</AltitudeMeters>
                        <DistanceMeters>2895.6331142333293</DistanceMeters>
                        <HeartRateBpm>
                            <Value>147</Value>
                        </HeartRateBpm>
                    </Trackpoint>
                    <Trackpoint>
                        <Time>2026-08-15T20:15:09.000+02:00</Time>
                        <Position>
                            <LatitudeDegrees>39.63682</LatitudeDegrees>
                            <LongitudeDegrees>15.842353333333334</LongitudeDegrees>
                        </Position>
                        <AltitudeMeters>4.867805743500445</AltitudeMeters>
                        <DistanceMeters>2898.6527713076707</DistanceMeters>
                        <HeartRateBpm>
                            <Value>148</Value>
                        </HeartRateBpm>
                    </Trackpoint>
                    <Trackpoint>
                        <Time>2026-08-15T20:15:10.000+02:00</Time>
                        <Position>
                            <LatitudeDegrees>39.636795</LatitudeDegrees>
                            <LongitudeDegrees>15.84236</LongitudeDegrees>
                        </Position>
                        <AltitudeMeters>4.855857059064283</AltitudeMeters>
                        <DistanceMeters>2901.490661567472</DistanceMeters>
                    </Trackpoint>
                    <Trackpoint>
                        <Time>2026-08-15T20:15:11.000+02:00</Time>
                        <Position>
                            <LatitudeDegrees>39.63676666666667</LatitudeDegrees>
                            <LongitudeDegrees>15.842368333333333</LongitudeDegrees>
                        </Position>
                        <AltitudeMeters>4.845076118512894</AltitudeMeters>
                        <DistanceMeters>2904.7209940868047</DistanceMeters>
                        <HeartRateBpm>
                            <Value>149</Value>
                        </HeartRateBpm>
                    </Trackpoint>
                    <Trackpoint>
                        <Time>2026-08-15T20:15:12.000+02:00</Time>
                        <Position>
                            <LatitudeDegrees>39.63674</LatitudeDegrees>
                            <LongitudeDegrees>15.842375</LongitudeDegrees>
                        </Position>
                        <AltitudeMeters>4.835409310594322</AltitudeMeters>
                        <DistanceMeters>2907.7406512852795</DistanceMeters>
                    </Trackpoint>
                    <Trackpoint>
                        <Time>2026-08-15T20:15:13.000+02:00</Time>
                        <Position>
                            <LatitudeDegrees>39.63671333333333</LatitudeDegrees>
                            <LongitudeDegrees>15.842381666666666</LongitudeDegrees>
                        </Position>
                        <AltitudeMeters>4.826799716444757</AltitudeMeters>
                        <DistanceMeters>2910.760308526753</DistanceMeters>
                        <HeartRateBpm>
                            <Value>150</Value>
                        </HeartRateBpm>
                    </Trackpoint>
                    <Trackpoint>
                        <Time>2026-08-15T20:15:14.000+02:00</Time>
                        <Position>
                            <LatitudeDegrees>39.636685</LatitudeDegrees>
                            <LongitudeDegrees>15.84239</LongitudeDegrees>
                        </Position>
                        <AltitudeMeters>4.819188076269332</AltitudeMeters>
                        <DistanceMeters>2913.9906412322675</DistanceMeters>
                    </Trackpoint>
                    <Trackpoint>
                        <Time>2026-08-15T20:15:15.000+02:00</Time>
                        <Position>
                            <LatitudeDegrees>39.63665833333334</LatitudeDegrees>
                            <LongitudeDegrees>15.842398333333334</LongitudeDegrees>
                        </Position>
                        <AltitudeMeters>4.812513650301533</AltitudeMeters>
                        <DistanceMeters>2917.040502046931</DistanceMeters>
                        <HeartRateBpm>
                            <Value>149</Value>
                        </HeartRateBpm>
                    </Trackpoint>
                    <Trackpoint>
                        <Time>2026-08-15T20:15:16.000+02:00</Time>
                        <Position>
                            <LatitudeDegrees>39.63663</LatitudeDegrees>
                            <LongitudeDegrees>15.842406666666667</LongitudeDegrees>
                        </Position>
                        <AltitudeMeters>4.8067149799672215</AltitudeMeters>
                        <DistanceMeters>2920.2708348784226</DistanceMeters>
                    </Trackpoint>
                    <Trackpoint>
                        <Time>2026-08-15T20:15:17.000+02:00</Time>
                        <Position>
                            <LatitudeDegrees>39.63660333333333</LatitudeDegrees>
                            <LongitudeDegrees>15.842413333333333</LongitudeDegrees>
                        </Position>
                        <AltitudeMeters>4.801730555327229</AltitudeMeters>
                        <DistanceMeters>2923.2904922908406</DistanceMeters>
                        <HeartRateBpm>
                            <Value>151</Value>
                        </HeartRateBpm>
                    </Trackpoint>
                    <Trackpoint>
                        <Time>2026-08-15T20:15:18.000+02:00</Time>
                        <Position>
                            <LatitudeDegrees>39.63657666666667</LatitudeDegrees>
                            <LongitudeDegrees>15.84242</LongitudeDegrees>
                        </Position>
                        <AltitudeMeters>4.797499394944388</AltitudeMeters>
                        <DistanceMeters>2926.3101497442244</DistanceMeters>
                    </Trackpoint>
                    <Trackpoint>
                        <Time>2026-08-15T20:15:19.000+02:00</Time>
                        <Position>
                            <LatitudeDegrees>39.63654833333333</LatitudeDegrees>
                            <LongitudeDegrees>15.842426666666666</LongitudeDegrees>
                        </Position>
                        <AltitudeMeters>4.793961544325999</AltitudeMeters>
                        <DistanceMeters>2929.5119820638156</DistanceMeters>
                        <HeartRateBpm>
                            <Value>149</Value>
                        </HeartRateBpm>
                    </Trackpoint>
                    <Trackpoint>
                        <Time>2026-08-15T20:15:20.000+02:00</Time>
                        <Position>
                            <LatitudeDegrees>39.63652166666667</LatitudeDegrees>
                            <LongitudeDegrees>15.842431666666666</LongitudeDegrees>
                        </Position>
                        <AltitudeMeters>4.7910584990398695</AltitudeMeters>
                        <DistanceMeters>2932.507937401194</DistanceMeters>
                    </Trackpoint>
                    <Trackpoint>
                        <Time>2026-08-15T20:15:21.000+02:00</Time>
                        <Position>
                            <LatitudeDegrees>39.636495</LatitudeDegrees>
                            <LongitudeDegrees>15.842436666666666</LongitudeDegrees>
                        </Position>
                        <AltitudeMeters>4.7887335584993735</AltitudeMeters>
                        <DistanceMeters>2935.5038927635624</DistanceMeters>
                        <HeartRateBpm>
                            <Value>150</Value>
                        </HeartRateBpm>
                    </Trackpoint>
                    <Trackpoint>
                        <Time>2026-08-15T20:15:22.000+02:00</Time>
                        <Position>
                            <LatitudeDegrees>39.636466666666664</LatitudeDegrees>
                            <LongitudeDegrees>15.842438333333334</LongitudeDegrees>
                        </Position>
                        <AltitudeMeters>4.786932116267981</AltitudeMeters>
                        <DistanceMeters>2938.6576516177797</DistanceMeters>
                    </Trackpoint>
                    <Trackpoint>
                        <Time>2026-08-15T20:15:23.000+02:00</Time>
                        <Position>
                            <LatitudeDegrees>39.63643833333333</LatitudeDegrees>
                            <LongitudeDegrees>15.842438333333334</LongitudeDegrees>
                        </Position>
                        <AltitudeMeters>4.785601892553313</AltitudeMeters>
                        <DistanceMeters>2941.808179483965</DistanceMeters>
                        <HeartRateBpm>
                            <Value>148</Value>
                        </HeartRateBpm>
                    </Trackpoint>
                    <Trackpoint>
                        <Time>2026-08-15T20:15:24.000+02:00</Time>
                        <Position>
                            <LatitudeDegrees>39.63641166666667</LatitudeDegrees>
                            <LongitudeDegrees>15.842436666666666</LongitudeDegrees>
                        </Position>
                        <AltitudeMeters>4.78469311435136</AltitudeMeters>
                        <DistanceMeters>2944.7768148848877</DistanceMeters>
                    </Trackpoint>
                    <Trackpoint>
                        <Time>2026-08-15T20:15:25.000+02:00</Time>
                        <Position>
                            <LatitudeDegrees>39.636383333333335</LatitudeDegrees>
                            <LongitudeDegrees>15.842438333333334</LongitudeDegrees>
                        </Position>
                        <AltitudeMeters>4.784158648468862</AltitudeMeters>
                        <DistanceMeters>2947.9305737468862</DistanceMeters>
                        <HeartRateBpm>
                            <Value>149</Value>
                        </HeartRateBpm>
                    </Trackpoint>
                    <Trackpoint>
                        <Time>2026-08-15T20:15:26.000+02:00</Time>
                        <Position>
                            <LatitudeDegrees>39.636356666666664</LatitudeDegrees>
                            <LongitudeDegrees>15.842443333333334</LongitudeDegrees>
                        </Position>
                        <AltitudeMeters>4.783954092401122</AltitudeMeters>
                        <DistanceMeters>2950.92652923093</DistanceMeters>
                    </Trackpoint>
                    <Trackpoint>
                        <Time>2026-08-15T20:15:27.000+02:00</Time>
                        <Position>
                            <LatitudeDegrees>39.63633</LatitudeDegrees>
                            <LongitudeDegrees>15.842451666666667</LongitudeDegrees>
                        </Position>
                        <AltitudeMeters>4.784037827778595</AltitudeMeters>
                        <DistanceMeters>2953.97639083891</DistanceMeters>
                    </Trackpoint>
                    <Trackpoint>
                        <Time>2026-08-15T20:15:28.000+02:00</Time>
                        <Position>
                            <LatitudeDegrees>39.63630333333333</LatitudeDegrees>
                            <LongitudeDegrees>15.842463333333333</LongitudeDegrees>
                        </Position>
                        <AltitudeMeters>4.784371040822497</AltitudeMeters>
                        <DistanceMeters>2957.10537090224</DistanceMeters>
                        <HeartRateBpm>
                            <Value>149</Value>
                        </HeartRateBpm>
                    </Trackpoint>
                    <Trackpoint>
                        <Time>2026-08-15T20:15:29.000+02:00</Time>
                        <Position>
                            <LatitudeDegrees>39.636275</LatitudeDegrees>
                            <LongitudeDegrees>15.842475</LongitudeDegrees>
                        </Position>
                        <AltitudeMeters>4.784917713971265</AltitudeMeters>
                        <DistanceMeters>2960.410505668337</DistanceMeters>
                        <HeartRateBpm>
                            <Value>150</Value>
                        </HeartRateBpm>
                    </Trackpoint>
                    <Trackpoint>
                        <Time>2026-08-15T20:15:30.000+02:00</Time>
                        <Position>
                            <LatitudeDegrees>39.636246666666665</LatitudeDegrees>
                            <LongitudeDegrees>15.842486666666666</LongitudeDegrees>
                        </Position>
                        <AltitudeMeters>4.785644592559257</AltitudeMeters>
                        <DistanceMeters>2963.7156405588066</DistanceMeters>
                    </Trackpoint>
                    <Trackpoint>
                        <Time>2026-08-15T20:15:31.000+02:00</Time>
                        <Position>
                            <LatitudeDegrees>39.63621833333333</LatitudeDegrees>
                            <LongitudeDegrees>15.842496666666667</LongitudeDegrees>
                        </Position>
                        <AltitudeMeters>4.78652113014943</AltitudeMeters>
                        <DistanceMeters>2966.980470974614</DistanceMeters>
                    </Trackpoint>
                    <Trackpoint>
                        <Time>2026-08-15T20:15:32.000+02:00</Time>
                        <Position>
                            <LatitudeDegrees>39.63618833333334</LatitudeDegrees>
                            <LongitudeDegrees>15.842505</LongitudeDegrees>
                        </Position>
                        <AltitudeMeters>4.787519415845487</AltitudeMeters>
                        <DistanceMeters>2970.391797155895</DistanceMeters>
                        <HeartRateBpm>
                            <Value>152</Value>
                        </HeartRateBpm>
                    </Trackpoint>
                    <Trackpoint>
                        <Time>2026-08-15T20:15:33.000+02:00</Time>
                        <Position>
                            <LatitudeDegrees>39.63616</LatitudeDegrees>
                            <LongitudeDegrees>15.842515</LongitudeDegrees>
                        </Position>
                        <AltitudeMeters>4.788614086638114</AltitudeMeters>
                        <DistanceMeters>2973.6566277618012</DistanceMeters>
                    </Trackpoint>
                    <Trackpoint>
                        <Time>2026-08-15T20:15:34.000+02:00</Time>
                        <Position>
                            <LatitudeDegrees>39.63613</LatitudeDegrees>
                            <LongitudeDegrees>15.842528333333334</LongitudeDegrees>
                        </Position>
                        <AltitudeMeters>4.789782227576417</AltitudeMeters>
                        <DistanceMeters>2977.182467894158</DistanceMeters>
                    </Trackpoint>
                    <Trackpoint>
                        <Time>2026-08-15T20:15:35.000+02:00</Time>
                        <Position>
                            <LatitudeDegrees>39.63610166666667</LatitudeDegrees>
                            <LongitudeDegrees>15.842541666666667</LongitudeDegrees>
                        </Position>
                        <AltitudeMeters>4.791003262300833</AltitudeMeters>
                        <DistanceMeters>2980.533506555659</DistanceMeters>
                        <HeartRateBpm>
                            <Value>152</Value>
                        </HeartRateBpm>
                    </Trackpoint>
                    <Trackpoint>
                        <Time>2026-08-15T20:15:36.000+02:00</Time>
                        <Position>
                            <LatitudeDegrees>39.636075</LatitudeDegrees>
                            <LongitudeDegrees>15.842556666666667</LongitudeDegrees>
                        </Position>
                        <AltitudeMeters>4.7922588362290455</AltitudeMeters>
                        <DistanceMeters>2983.7649675998578</DistanceMeters>
                        <HeartRateBpm>
                            <Value>153</Value>
                        </HeartRateBpm>
                    </Trackpoint>
                    <Trackpoint>
                        <Time>2026-08-15T20:15:37.000+02:00</Time>
                        <Position>
                            <LatitudeDegrees>39.636046666666665</LatitudeDegrees>
                            <LongitudeDegrees>15.84257</LongitudeDegrees>
                        </Position>
                        <AltitudeMeters>4.753426688812442</AltitudeMeters>
                        <DistanceMeters>2987.1160065700237</DistanceMeters>
                    </Trackpoint>
                    <Trackpoint>
                        <Time>2026-08-15T20:15:38.000+02:00</Time>
                        <Position>
                            <LatitudeDegrees>39.63602</LatitudeDegrees>
                            <LongitudeDegrees>15.842583333333334</LongitudeDegrees>
                        </Position>
                        <AltitudeMeters>4.717430925069114</AltitudeMeters>
                        <DistanceMeters>2990.2934370446023</DistanceMeters>
                        <HeartRateBpm>
                            <Value>152</Value>
                        </HeartRateBpm>
                    </Trackpoint>
                    <Trackpoint>
                        <Time>2026-08-15T20:15:39.000+02:00</Time>
                        <Position>
                            <LatitudeDegrees>39.63599166666667</LatitudeDegrees>
                            <LongitudeDegrees>15.842593333333333</LongitudeDegrees>
                        </Position>
                        <AltitudeMeters>4.644126715897946</AltitudeMeters>
                        <DistanceMeters>2993.5582681964274</DistanceMeters>
                    </Trackpoint>
                    <Trackpoint>
                        <Time>2026-08-15T20:15:40.000+02:00</Time>
                        <Position>
                            <LatitudeDegrees>39.63596</LatitudeDegrees>
                            <LongitudeDegrees>15.842601666666667</LongitudeDegrees>
                        </Position>
                        <AltitudeMeters>4.576392680555642</AltitudeMeters>
                        <DistanceMeters>2997.15102899314</DistanceMeters>
                        <HeartRateBpm>
                            <Value>154</Value>
                        </HeartRateBpm>
                    </Trackpoint>
                    <Trackpoint>
                        <Time>2026-08-15T20:15:41.000+02:00</Time>
                        <Position>
                            <LatitudeDegrees>39.63592833333333</LatitudeDegrees>
                            <LongitudeDegrees>15.842608333333333</LongitudeDegrees>
                        </Position>
                        <AltitudeMeters>4.514125039817054</AltitudeMeters>
                        <DistanceMeters>3000.7181855820036</DistanceMeters>
                    </Trackpoint>
                    <Trackpoint>
                        <Time>2026-08-15T20:15:42.000+02:00</Time>
                        <Position>
                            <LatitudeDegrees>39.635895</LatitudeDegrees>
                            <LongitudeDegrees>15.842616666666666</LongitudeDegrees>
                        </Position>
                        <AltitudeMeters>4.457182775188974</AltitudeMeters>
                        <DistanceMeters>3004.4927587229163</DistanceMeters>
                        <HeartRateBpm>
                            <Value>156</Value>
                        </HeartRateBpm>
                    </Trackpoint>
                    <Trackpoint>
                        <Time>2026-08-15T20:15:43.000+02:00</Time>
                        <Position>
                            <LatitudeDegrees>39.63586166666666</LatitudeDegrees>
                            <LongitudeDegrees>15.842625</LongitudeDegrees>
                        </Position>
                        <AltitudeMeters>4.405393855674218</AltitudeMeters>
                        <DistanceMeters>3008.2673319288947</DistanceMeters>
                    </Trackpoint>
                    <Trackpoint>
                        <Time>2026-08-15T20:15:44.000+02:00</Time>
                        <Position>
                            <LatitudeDegrees>39.635828333333336</LatitudeDegrees>
                            <LongitudeDegrees>15.842633333333334</LongitudeDegrees>
                        </Position>
                        <AltitudeMeters>4.358560931998079</AltitudeMeters>
                        <DistanceMeters>3012.0419051984472</DistanceMeters>
                        <HeartRateBpm>
                            <Value>157</Value>
                        </HeartRateBpm>
                    </Trackpoint>
                    <Trackpoint>
                        <Time>2026-08-15T20:15:45.000+02:00</Time>
                        <Position>
                            <LatitudeDegrees>39.635796666666664</LatitudeDegrees>
                            <LongitudeDegrees>15.842643333333333</LongitudeDegrees>
                        </Position>
                        <AltitudeMeters>4.316466515500286</AltitudeMeters>
                        <DistanceMeters>3015.665714886834</DistanceMeters>
                    </Trackpoint>
                    <Trackpoint>
                        <Time>2026-08-15T20:15:46.000+02:00</Time>
                        <Position>
                            <LatitudeDegrees>39.635765</LatitudeDegrees>
                            <LongitudeDegrees>15.842651666666667</LongitudeDegrees>
                        </Position>
                        <AltitudeMeters>4.278877661427365</AltitudeMeters>
                        <DistanceMeters>3019.2584760831814</DistanceMeters>
                    </Trackpoint>
                    <Trackpoint>
                        <Time>2026-08-15T20:15:47.000+02:00</Time>
                        <Position>
                            <LatitudeDegrees>39.635735</LatitudeDegrees>
                            <LongitudeDegrees>15.842658333333333</LongitudeDegrees>
                        </Position>
                        <AltitudeMeters>4.245550178374293</AltitudeMeters>
                        <DistanceMeters>3022.642826462714</DistanceMeters>
                        <HeartRateBpm>
                            <Value>157</Value>
                        </HeartRateBpm>
                    </Trackpoint>
                    <Trackpoint>
                        <Time>2026-08-15T20:15:48.000+02:00</Time>
                        <Position>
                            <LatitudeDegrees>39.635705</LatitudeDegrees>
                            <LongitudeDegrees>15.842665</LongitudeDegrees>
                        </Position>
                        <AltitudeMeters>4.216232387169905</AltitudeMeters>
                        <DistanceMeters>3026.0271768826183</DistanceMeters>
                        <HeartRateBpm>
                            <Value>158</Value>
                        </HeartRateBpm>
                    </Trackpoint>
                    <Trackpoint>
                        <Time>2026-08-15T20:15:49.000+02:00</Time>
                        <Position>
                            <LatitudeDegrees>39.635675</LatitudeDegrees>
                            <LongitudeDegrees>15.84267</LongitudeDegrees>
                        </Position>
                        <AltitudeMeters>4.190668453625198</AltitudeMeters>
                        <DistanceMeters>3029.390395772749</DistanceMeters>
                    </Trackpoint>
                    <Trackpoint>
                        <Time>2026-08-15T20:15:50.000+02:00</Time>
                        <Position>
                            <LatitudeDegrees>39.635643333333334</LatitudeDegrees>
                            <LongitudeDegrees>15.842673333333334</LongitudeDegrees>
                        </Position>
                        <AltitudeMeters>4.168601320312454</AltitudeMeters>
                        <DistanceMeters>3032.923124769116</DistanceMeters>
                        <HeartRateBpm>
                            <Value>159</Value>
                        </HeartRateBpm>
                    </Trackpoint>
                    <Trackpoint>
                        <Time>2026-08-15T20:15:51.000+02:00</Time>
                        <Position>
                            <LatitudeDegrees>39.63561166666667</LatitudeDegrees>
                            <LongitudeDegrees>15.842678333333334</LongitudeDegrees>
                        </Position>
                        <AltitudeMeters>4.149775262958587</AltitudeMeters>
                        <DistanceMeters>3036.470239384826</DistanceMeters>
                    </Trackpoint>
                    <Trackpoint>
                        <Time>2026-08-15T20:15:52.000+02:00</Time>
                        <Position>
                            <LatitudeDegrees>39.63558</LatitudeDegrees>
                            <LongitudeDegrees>15.842683333333333</LongitudeDegrees>
                        </Position>
                        <AltitudeMeters>4.133938097158487</AltitudeMeters>
                        <DistanceMeters>3040.0173540256014</DistanceMeters>
                    </Trackpoint>
                    <Trackpoint>
                        <Time>2026-08-15T20:15:53.000+02:00</Time>
                        <Position>
                            <LatitudeDegrees>39.63554833333333</LatitudeDegrees>
                            <LongitudeDegrees>15.842688333333333</LongitudeDegrees>
                        </Position>
                        <AltitudeMeters>4.120843060980743</AltitudeMeters>
                        <DistanceMeters>3043.5644686893024</DistanceMeters>
                        <HeartRateBpm>
                            <Value>158</Value>
                        </HeartRateBpm>
                    </Trackpoint>
                    <Trackpoint>
                        <Time>2026-08-15T20:15:54.000+02:00</Time>
                        <Position>
                            <LatitudeDegrees>39.63551666666667</LatitudeDegrees>
                            <LongitudeDegrees>15.842694999999999</LongitudeDegrees>
                        </Position>
                        <AltitudeMeters>4.110250398684229</AltitudeMeters>
                        <DistanceMeters>3047.131625821918</DistanceMeters>
                    </Trackpoint>
                    <Trackpoint>
                        <Time>2026-08-15T20:15:55.000+02:00</Time>
                        <Position>
                            <LatitudeDegrees>39.63548333333333</LatitudeDegrees>
                            <LongitudeDegrees>15.842701666666667</LongitudeDegrees>
                        </Position>
                        <AltitudeMeters>4.101928670221723</AltitudeMeters>
                        <DistanceMeters>3050.881836698524</DistanceMeters>
                    </Trackpoint>
                    <Trackpoint>
                        <Time>2026-08-15T20:15:56.000+02:00</Time>
                        <Position>
                            <LatitudeDegrees>39.63545</LatitudeDegrees>
                            <LongitudeDegrees>15.842708333333333</LongitudeDegrees>
                        </Position>
                        <AltitudeMeters>4.095655810506131</AltitudeMeters>
                        <DistanceMeters>3054.632047617625</DistanceMeters>
                        <HeartRateBpm>
                            <Value>158</Value>
                        </HeartRateBpm>
                    </Trackpoint>
                    <Trackpoint>
                        <Time>2026-08-15T20:15:57.000+02:00</Time>
                        <Position>
                            <LatitudeDegrees>39.635416666666664</LatitudeDegrees>
                            <LongitudeDegrees>15.842716666666666</LongitudeDegrees>
                        </Position>
                        <AltitudeMeters>4.091219961583342</AltitudeMeters>
                        <DistanceMeters>3058.4066216915435</DistanceMeters>
                    </Trackpoint>
                    <Trackpoint>
                        <Time>2026-08-15T20:15:58.000+02:00</Time>
                        <Position>
                            <LatitudeDegrees>39.63538166666667</LatitudeDegrees>
                            <LongitudeDegrees>15.842725</LongitudeDegrees>
                        </Position>
                        <AltitudeMeters>4.0884200999181886</AltitudeMeters>
                        <DistanceMeters>3062.363333973481</DistanceMeters>
                    </Trackpoint>
                    <Trackpoint>
                        <Time>2026-08-15T20:15:59.000+02:00</Time>
                        <Position>
                            <LatitudeDegrees>39.63534833333333</LatitudeDegrees>
                            <LongitudeDegrees>15.842733333333333</LongitudeDegrees>
                        </Position>
                        <AltitudeMeters>4.08706647997935</AltitudeMeters>
                        <DistanceMeters>3066.137908180678</DistanceMeters>
                        <HeartRateBpm>
                            <Value>159</Value>
                        </HeartRateBpm>
                    </Trackpoint>
                    <Trackpoint>
                        <Time>2026-08-15T20:16:00.000+02:00</Time>
                        <Position>
                            <LatitudeDegrees>39.635315</LatitudeDegrees>
                            <LongitudeDegrees>15.84274</LongitudeDegrees>
                        </Position>
                        <AltitudeMeters>4.08698091422551</AltitudeMeters>
                        <DistanceMeters>3069.8881192686918</DistanceMeters>
                    </Trackpoint>
                    <Trackpoint>
                        <Time>2026-08-15T20:16:01.000+02:00</Time>
                        <Position>
                            <LatitudeDegrees>39.635285</LatitudeDegrees>
                            <LongitudeDegrees>15.842746666666667</LongitudeDegrees>
                        </Position>
                        <AltitudeMeters>4.087996908467357</AltitudeMeters>
                        <DistanceMeters>3073.272470274063</DistanceMeters>
                        <HeartRateBpm>
                            <Value>157</Value>
                        </HeartRateBpm>
                    </Trackpoint>
                    <Trackpoint>
                        <Time>2026-08-15T20:16:02.000+02:00</Time>
                        <Position>
                            <LatitudeDegrees>39.63526</LatitudeDegrees>
                            <LongitudeDegrees>15.842753333333333</LongitudeDegrees>
                        </Position>
                        <AltitudeMeters>4.089959670424155</AltitudeMeters>
                        <DistanceMeters>3076.1103630830407</DistanceMeters>
                    </Trackpoint>
                    <Trackpoint>
                        <Time>2026-08-15T20:16:03.000+02:00</Time>
                        <Position>
                            <LatitudeDegrees>39.635241666666666</LatitudeDegrees>
                            <LongitudeDegrees>15.84276</LongitudeDegrees>
                        </Position>
                        <AltitudeMeters>4.0927260081243215</AltitudeMeters>
                        <DistanceMeters>3078.227368589139</DistanceMeters>
                        <HeartRateBpm>
                            <Value>159</Value>
                        </HeartRateBpm>
                    </Trackpoint>
                    <Trackpoint>
                        <Time>2026-08-15T20:16:04.000+02:00</Time>
                        <Position>
                            <LatitudeDegrees>39.63522833333333</LatitudeDegrees>
                            <LongitudeDegrees>15.842765</LongitudeDegrees>
                        </Position>
                        <AltitudeMeters>4.096164133629234</AltitudeMeters>
                        <DistanceMeters>3079.7705584667033</DistanceMeters>
                    </Trackpoint>
                    <Trackpoint>
                        <Time>2026-08-15T20:16:05.000+02:00</Time>
                        <Position>
                            <LatitudeDegrees>39.635218333333334</LatitudeDegrees>
                            <LongitudeDegrees>15.84277</LongitudeDegrees>
                        </Position>
                        <AltitudeMeters>4.1001533863994535</AltitudeMeters>
                        <DistanceMeters>3080.962096696538</DistanceMeters>
                        <HeartRateBpm>
                            <Value>160</Value>
                        </HeartRateBpm>
                    </Trackpoint>
                    <Trackpoint>
                        <Time>2026-08-15T20:16:06.000+02:00</Time>
                        <Position>
                            <LatitudeDegrees>39.63521</LatitudeDegrees>
                            <LongitudeDegrees>15.842775</LongitudeDegrees>
                        </Position>
                        <AltitudeMeters>4.104583889482182</AltitudeMeters>
                        <DistanceMeters>3081.982862978213</DistanceMeters>
                    </Trackpoint>
                    <Trackpoint>
                        <Time>2026-08-15T20:16:07.000+02:00</Time>
                        <Position>
                            <LatitudeDegrees>39.635205</LatitudeDegrees>
                            <LongitudeDegrees>15.84278</LongitudeDegrees>
                        </Position>
                        <AltitudeMeters>4.109356150585979</AltitudeMeters>
                        <DistanceMeters>3082.6846016385343</DistanceMeters>
                        <HeartRateBpm>
                            <Value>159</Value>
                        </HeartRateBpm>
                    </Trackpoint>
                    <Trackpoint>
                        <Time>2026-08-15T20:16:08.000+02:00</Time>
                        <Position>
                            <LatitudeDegrees>39.635198333333335</LatitudeDegrees>
                            <LongitudeDegrees>15.842783333333333</LongitudeDegrees>
                        </Position>
                        <AltitudeMeters>4.114380619030457</AltitudeMeters>
                        <DistanceMeters>3083.478960490047</DistanceMeters>
                    </Trackpoint>
                    <Trackpoint>
                        <Time>2026-08-15T20:16:09.000+02:00</Time>
                        <Position>
                            <LatitudeDegrees>39.635191666666664</LatitudeDegrees>
                            <LongitudeDegrees>15.842786666666667</LongitudeDegrees>
                        </Position>
                        <AltitudeMeters>4.119577208520169</AltitudeMeters>
                        <DistanceMeters>3084.273319352204</DistanceMeters>
                        <HeartRateBpm>
                            <Value>161</Value>
                        </HeartRateBpm>
                    </Trackpoint>
                    <Trackpoint>
                        <Time>2026-08-15T20:16:10.000+02:00</Time>
                        <Position>
                            <LatitudeDegrees>39.63518333333333</LatitudeDegrees>
                            <LongitudeDegrees>15.842788333333333</LongitudeDegrees>
                        </Position>
                        <AltitudeMeters>4.1248747946977655</AltitudeMeters>
                        <DistanceMeters>3085.2108721694894</DistanceMeters>
                    </Trackpoint>
                    <Trackpoint>
                        <Time>2026-08-15T20:16:11.000+02:00</Time>
                        <Position>
                            <LatitudeDegrees>39.635175</LatitudeDegrees>
                            <LongitudeDegrees>15.842788333333333</LongitudeDegrees>
                        </Position>
                        <AltitudeMeters>4.130210695485045</AltitudeMeters>
                        <DistanceMeters>3086.137498013234</DistanceMeters>
                    </Trackpoint>
                    <Trackpoint>
                        <Time>2026-08-15T20:16:12.000+02:00</Time>
                        <Position>
                            <LatitudeDegrees>39.635165</LatitudeDegrees>
                            <LongitudeDegrees>15.842788333333333</LongitudeDegrees>
                        </Position>
                        <AltitudeMeters>4.1355301413243355</AltitudeMeters>
                        <DistanceMeters>3087.249449024455</DistanceMeters>
                        <HeartRateBpm>
                            <Value>161</Value>
                        </HeartRateBpm>
                    </Trackpoint>
                    <Trackpoint>
                        <Time>2026-08-15T20:16:13.000+02:00</Time>
                        <Position>
                            <LatitudeDegrees>39.635153333333335</LatitudeDegrees>
                            <LongitudeDegrees>15.84279</LongitudeDegrees>
                        </Position>
                        <AltitudeMeters>4.140785741588418</AltitudeMeters>
                        <DistanceMeters>3088.5545525975335</DistanceMeters>
                    </Trackpoint>
                    <Trackpoint>
                        <Time>2026-08-15T20:16:14.000+02:00</Time>
                        <Position>
                            <LatitudeDegrees>39.63514166666667</LatitudeDegrees>
                            <LongitudeDegrees>15.842791666666667</LongitudeDegrees>
                        </Position>
                        <AltitudeMeters>4.145936952635941</AltitudeMeters>
                        <DistanceMeters>3089.8596561732147</DistanceMeters>
                    </Trackpoint>
                    <Trackpoint>
                        <Time>2026-08-15T20:16:15.000+02:00</Time>
                        <Position>
                            <LatitudeDegrees>39.635133333333336</LatitudeDegrees>
                            <LongitudeDegrees>15.842798333333333</LongitudeDegrees>
                        </Position>
                        <AltitudeMeters>4.150949552251392</AltitudeMeters>
                        <DistanceMeters>3090.9480280028743</DistanceMeters>
                        <HeartRateBpm>
                            <Value>160</Value>
                        </HeartRateBpm>
                    </Trackpoint>
                    <Trackpoint>
                        <Time>2026-08-15T20:16:16.000+02:00</Time>
                        <Position>
                            <LatitudeDegrees>39.63512166666667</LatitudeDegrees>
                            <LongitudeDegrees>15.842805</LongitudeDegrees>
                        </Position>
                        <AltitudeMeters>4.155795124523997</AltitudeMeters>
                        <DistanceMeters>3092.3653647203787</DistanceMeters>
                        <HeartRateBpm>
                            <Value>159</Value>
                        </HeartRateBpm>
                    </Trackpoint>
                    <Trackpoint>
                        <Time>2026-08-15T20:16:17.000+02:00</Time>
                        <Position>
                            <LatitudeDegrees>39.63511333333334</LatitudeDegrees>
                            <LongitudeDegrees>15.842813333333334</LongitudeDegrees>
                        </Position>
                        <AltitudeMeters>4.160450558587756</AltitudeMeters>
                        <DistanceMeters>3093.5349297204684</DistanceMeters>
                    </Trackpoint>
                    <Trackpoint>
                        <Time>2026-08-15T20:16:18.000+02:00</Time>
                        <Position>
                            <LatitudeDegrees>39.63510333333333</LatitudeDegrees>
                            <LongitudeDegrees>15.842818333333334</LongitudeDegrees>
                        </Position>
                        <AltitudeMeters>4.164897564064216</AltitudeMeters>
                        <DistanceMeters>3094.726468206096</DistanceMeters>
                        <HeartRateBpm>
                            <Value>158</Value>
                        </HeartRateBpm>
                    </Trackpoint>
                    <Trackpoint>
                        <Time>2026-08-15T20:16:19.000+02:00</Time>
                        <Position>
                            <LatitudeDegrees>39.63509333333333</LatitudeDegrees>
                            <LongitudeDegrees>15.842821666666667</LongitudeDegrees>
                        </Position>
                        <AltitudeMeters>4.169122205519066</AltitudeMeters>
                        <DistanceMeters>3095.8744728193296</DistanceMeters>
                    </Trackpoint>
                    <Trackpoint>
                        <Time>2026-08-15T20:16:20.000+02:00</Time>
                        <Position>
                            <LatitudeDegrees>39.635083333333334</LatitudeDegrees>
                            <LongitudeDegrees>15.842823333333333</LongitudeDegrees>
                        </Position>
                        <AltitudeMeters>4.17311445776159</AltitudeMeters>
                        <DistanceMeters>3096.9955459407397</DistanceMeters>
                        <HeartRateBpm>
                            <Value>157</Value>
                        </HeartRateBpm>
                    </Trackpoint>
                    <Trackpoint>
                        <Time>2026-08-15T20:16:21.000+02:00</Time>
                        <Position>
                            <LatitudeDegrees>39.63507166666667</LatitudeDegrees>
                            <LongitudeDegrees>15.842825</LongitudeDegrees>
                        </Position>
                        <AltitudeMeters>4.176867783380518</AltitudeMeters>
                        <DistanceMeters>3098.3006495322156</DistanceMeters>
                    </Trackpoint>
                    <Trackpoint>
                        <Time>2026-08-15T20:16:22.000+02:00</Time>
                        <Position>
                            <LatitudeDegrees>39.63506</LatitudeDegrees>
                            <LongitudeDegrees>15.84283</LongitudeDegrees>
                        </Position>
                        <AltitudeMeters>4.180378733518804</AltitudeMeters>
                        <DistanceMeters>3099.666758833235</DistanceMeters>
                        <HeartRateBpm>
                            <Value>155</Value>
                        </HeartRateBpm>
                    </Trackpoint>
                    <Trackpoint>
                        <Time>2026-08-15T20:16:23.000+02:00</Time>
                        <Position>
                            <LatitudeDegrees>39.63504833333333</LatitudeDegrees>
                            <LongitudeDegrees>15.842835000000001</LongitudeDegrees>
                        </Position>
                        <AltitudeMeters>4.183646572541065</AltitudeMeters>
                        <DistanceMeters>3101.032868158402</DistanceMeters>
                    </Trackpoint>
                    <Trackpoint>
                        <Time>2026-08-15T20:16:24.000+02:00</Time>
                        <Position>
                            <LatitudeDegrees>39.635035</LatitudeDegrees>
                            <LongitudeDegrees>15.842838333333333</LongitudeDegrees>
                        </Position>
                        <AltitudeMeters>4.186672926938564</AltitudeMeters>
                        <DistanceMeters>3102.5426980926604</DistanceMeters>
                        <HeartRateBpm>
                            <Value>156</Value>
                        </HeartRateBpm>
                    </Trackpoint>
                    <Trackpoint>
                        <Time>2026-08-15T20:16:25.000+02:00</Time>
                        <Position>
                            <LatitudeDegrees>39.63502</LatitudeDegrees>
                            <LongitudeDegrees>15.842841666666667</LongitudeDegrees>
                        </Position>
                        <AltitudeMeters>4.14935545290525</AltitudeMeters>
                        <DistanceMeters>3104.2348737853818</DistanceMeters>
                    </Trackpoint>
                    <Trackpoint>
                        <Time>2026-08-15T20:16:26.000+02:00</Time>
                        <Position>
                            <LatitudeDegrees>39.63500333333333</LatitudeDegrees>
                            <LongitudeDegrees>15.842846666666667</LongitudeDegrees>
                        </Position>
                        <AltitudeMeters>4.114637930792703</AltitudeMeters>
                        <DistanceMeters>3106.136944035537</DistanceMeters>
                        <HeartRateBpm>
                            <Value>155</Value>
                        </HeartRateBpm>
                    </Trackpoint>
                    <Trackpoint>
                        <Time>2026-08-15T20:16:27.000+02:00</Time>
                        <Position>
                            <LatitudeDegrees>39.634985</LatitudeDegrees>
                            <LongitudeDegrees>15.842848333333333</LongitudeDegrees>
                        </Position>
                        <AltitudeMeters>4.082500819596947</AltitudeMeters>
                        <DistanceMeters>3108.1805109017773</DistanceMeters>
                    </Trackpoint>
                    <Trackpoint>
                        <Time>2026-08-15T20:16:28.000+02:00</Time>
                        <Position>
                            <LatitudeDegrees>39.634965</LatitudeDegrees>
                            <LongitudeDegrees>15.842853333333334</LongitudeDegrees>
                        </Position>
                        <AltitudeMeters>4.052903114520931</AltitudeMeters>
                        <DistanceMeters>3110.4452558819794</DistanceMeters>
                        <HeartRateBpm>
                            <Value>153</Value>
                        </HeartRateBpm>
                    </Trackpoint>
                    <Trackpoint>
                        <Time>2026-08-15T20:16:29.000+02:00</Time>
                        <Position>
                            <LatitudeDegrees>39.634946666666664</LatitudeDegrees>
                            <LongitudeDegrees>15.842856666666666</LongitudeDegrees>
                        </Position>
                        <AltitudeMeters>4.025785560685641</AltitudeMeters>
                        <DistanceMeters>3112.503720229767</DistanceMeters>
                    </Trackpoint>
                    <Trackpoint>
                        <Time>2026-08-15T20:16:30.000+02:00</Time>
                        <Position>
                            <LatitudeDegrees>39.634928333333335</LatitudeDegrees>
                            <LongitudeDegrees>15.842861666666666</LongitudeDegrees>
                        </Position>
                        <AltitudeMeters>4.001073612900612</AltitudeMeters>
                        <DistanceMeters>3114.586776975468</DistanceMeters>
                        <HeartRateBpm>
                            <Value>152</Value>
                        </HeartRateBpm>
                    </Trackpoint>
                    <Trackpoint>
                        <Time>2026-08-15T20:16:31.000+02:00</Time>
                        <Position>
                            <LatitudeDegrees>39.63491</LatitudeDegrees>
                            <LongitudeDegrees>15.842868333333334</LongitudeDegrees>
                        </Position>
                        <AltitudeMeters>3.97868014741931</AltitudeMeters>
                        <DistanceMeters>3116.7037832204164</DistanceMeters>
                        <HeartRateBpm>
                            <Value>151</Value>
                        </HeartRateBpm>
                    </Trackpoint>
                    <Trackpoint>
                        <Time>2026-08-15T20:16:32.000+02:00</Time>
                        <Position>
                            <LatitudeDegrees>39.63489166666667</LatitudeDegrees>
                            <LongitudeDegrees>15.842873333333333</LongitudeDegrees>
                        </Position>
                        <AltitudeMeters>3.958507933133912</AltitudeMeters>
                        <DistanceMeters>3118.786840012769</DistanceMeters>
                        <HeartRateBpm>
                            <Value>151</Value>
                        </HeartRateBpm>
                    </Trackpoint>
                    <Trackpoint>
                        <Time>2026-08-15T20:16:33.000+02:00</Time>
                        <Position>
                            <LatitudeDegrees>39.634875</LatitudeDegrees>
                            <LongitudeDegrees>15.842878333333333</LongitudeDegrees>
                        </Position>
                        <AltitudeMeters>3.9404518709218523</AltitudeMeters>
                        <DistanceMeters>3120.688910441115</DistanceMeters>
                    </Trackpoint>
                    <Trackpoint>
                        <Time>2026-08-15T20:16:34.000+02:00</Time>
                        <Position>
                            <LatitudeDegrees>39.634858333333334</LatitudeDegrees>
                            <LongitudeDegrees>15.842883333333333</LongitudeDegrees>
                        </Position>
                        <AltitudeMeters>3.924401010867252</AltitudeMeters>
                        <DistanceMeters>3122.590980893372</DistanceMeters>
                    </Trackpoint>
                    <Trackpoint>
                        <Time>2026-08-15T20:16:35.000+02:00</Time>
                        <Position>
                            <LatitudeDegrees>39.63484166666667</LatitudeDegrees>
                            <LongitudeDegrees>15.842888333333333</LongitudeDegrees>
                        </Position>
                        <AltitudeMeters>3.91024035786714</AltitudeMeters>
                        <DistanceMeters>3124.4930513681634</DistanceMeters>
                        <HeartRateBpm>
                            <Value>149</Value>
                        </HeartRateBpm>
                    </Trackpoint>
                    <Trackpoint>
                        <Time>2026-08-15T20:16:36.000+02:00</Time>
                        <Position>
                            <LatitudeDegrees>39.634825</LatitudeDegrees>
                            <LongitudeDegrees>15.842895</LongitudeDegrees>
                        </Position>
                        <AltitudeMeters>3.857746471077395</AltitudeMeters>
                        <DistanceMeters>3126.43224255723</DistanceMeters>
                    </Trackpoint>
                    <Trackpoint>
                        <Time>2026-08-15T20:16:37.000+02:00</Time>
                        <Position>
                            <LatitudeDegrees>39.63480833333333</LatitudeDegrees>
                            <LongitudeDegrees>15.8429</LongitudeDegrees>
                        </Position>
                        <AltitudeMeters>3.809739277068436</AltitudeMeters>
                        <DistanceMeters>3128.334313078468</DistanceMeters>
                    </Trackpoint>
                    <Trackpoint>
                        <Time>2026-08-15T20:16:38.000+02:00</Time>
                        <Position>
                            <LatitudeDegrees>39.634793333333334</LatitudeDegrees>
                            <LongitudeDegrees>15.842906666666666</LongitudeDegrees>
                        </Position>
                        <AltitudeMeters>3.7660741419533106</AltitudeMeters>
                        <DistanceMeters>3130.097236737015</DistanceMeters>
                        <HeartRateBpm>
                            <Value>148</Value>
                        </HeartRateBpm>
                    </Trackpoint>
                    <Trackpoint>
                        <Time>2026-08-15T20:16:39.000+02:00</Time>
                        <Position>
                            <LatitudeDegrees>39.63477833333334</LatitudeDegrees>
                            <LongitudeDegrees>15.842913333333334</LongitudeDegrees>
                        </Position>
                        <AltitudeMeters>3.7265850579173594</AltitudeMeters>
                        <DistanceMeters>3131.860160436498</DistanceMeters>
                    </Trackpoint>
                    <Trackpoint>
                        <Time>2026-08-15T20:16:40.000+02:00</Time>
                        <Position>
                            <LatitudeDegrees>39.634765</LatitudeDegrees>
                            <LongitudeDegrees>15.84292</LongitudeDegrees>
                        </Position>
                        <AltitudeMeters>3.691089009731728</AltitudeMeters>
                        <DistanceMeters>3133.4488794155372</DistanceMeters>
                    </Trackpoint>
                    <Trackpoint>
                        <Time>2026-08-15T20:16:41.000+02:00</Time>
                        <Position>
                            <LatitudeDegrees>39.634753333333336</LatitudeDegrees>
                            <LongitudeDegrees>15.842926666666667</LongitudeDegrees>
                        </Position>
                        <AltitudeMeters>3.65938992366177</AltitudeMeters>
                        <DistanceMeters>3134.8662173567404</DistanceMeters>
                        <HeartRateBpm>
                            <Value>146</Value>
                        </HeartRateBpm>
                    </Trackpoint>
                    <Trackpoint>
                        <Time>2026-08-15T20:16:42.000+02:00</Time>
                        <Position>
                            <LatitudeDegrees>39.634745</LatitudeDegrees>
                            <LongitudeDegrees>15.842936666666667</LongitudeDegrees>
                        </Position>
                        <AltitudeMeters>3.6312822170718664</AltitudeMeters>
                        <DistanceMeters>3136.1279458168233</DistanceMeters>
                    </Trackpoint>
                    <Trackpoint>
                        <Time>2026-08-15T20:16:43.000+02:00</Time>
                        <Position>
                            <LatitudeDegrees>39.63473833333333</LatitudeDegrees>
                            <LongitudeDegrees>15.842945</LongitudeDegrees>
                        </Position>
                        <AltitudeMeters>3.6065539683340315</AltitudeMeters>
                        <DistanceMeters>3137.1569157202666</DistanceMeters>
                    </Trackpoint>
                    <Trackpoint>
                        <Time>2026-08-15T20:16:44.000+02:00</Time>
                        <Position>
                            <LatitudeDegrees>39.63473666666667</LatitudeDegrees>
                            <LongitudeDegrees>15.842955</LongitudeDegrees>
                        </Position>
                        <AltitudeMeters>3.5849897275985723</AltitudeMeters>
                        <DistanceMeters>3138.0330828957094</DistanceMeters>
                        <HeartRateBpm>
                            <Value>146</Value>
                        </HeartRateBpm>
                    </Trackpoint>
                    <Trackpoint>
                        <Time>2026-08-15T20:16:45.000+02:00</Time>
                        <Position>
                            <LatitudeDegrees>39.634735</LatitudeDegrees>
                            <LongitudeDegrees>15.842966666666667</LongitudeDegrees>
                        </Position>
                        <AltitudeMeters>3.5663729896189627</AltitudeMeters>
                        <DistanceMeters>3139.0491932403656</DistanceMeters>
                        <HeartRateBpm>
                            <Value>145</Value>
                        </HeartRateBpm>
                    </Trackpoint>
                    <Trackpoint>
                        <Time>2026-08-15T20:16:46.000+02:00</Time>
                        <Position>
                            <LatitudeDegrees>39.63473666666667</LatitudeDegrees>
                            <LongitudeDegrees>15.842976666666667</LongitudeDegrees>
                        </Position>
                        <AltitudeMeters>3.550488350175917</AltitudeMeters>
                        <DistanceMeters>3139.92536043639</DistanceMeters>
                    </Trackpoint>
                    <Trackpoint>
                        <Time>2026-08-15T20:16:47.000+02:00</Time>
                        <Position>
                            <LatitudeDegrees>39.63473666666667</LatitudeDegrees>
                            <LongitudeDegrees>15.84299</LongitudeDegrees>
                        </Position>
                        <AltitudeMeters>3.5371233677511866</AltitudeMeters>
                        <DistanceMeters>3141.067151247558</DistanceMeters>
                        <HeartRateBpm>
                            <Value>144</Value>
                        </HeartRateBpm>
                    </Trackpoint>
                    <Trackpoint>
                        <Time>2026-08-15T20:16:48.000+02:00</Time>
                        <Position>
                            <LatitudeDegrees>39.63473833333333</LatitudeDegrees>
                            <LongitudeDegrees>15.843003333333334</LongitudeDegrees>
                        </Position>
                        <AltitudeMeters>3.5260701519915068</AltitudeMeters>
                        <DistanceMeters>3142.223884424664</DistanceMeters>
                    </Trackpoint>
                    <Trackpoint>
                        <Time>2026-08-15T20:16:49.000+02:00</Time>
                        <Position>
                            <LatitudeDegrees>39.63474</LatitudeDegrees>
                            <LongitudeDegrees>15.843018333333333</LongitudeDegrees>
                        </Position>
                        <AltitudeMeters>3.5171267002068363</AltitudeMeters>
                        <DistanceMeters>3143.5216992100345</DistanceMeters>
                        <HeartRateBpm>
                            <Value>143</Value>
                        </HeartRateBpm>
                    </Trackpoint>
                    <Trackpoint>
                        <Time>2026-08-15T20:16:50.000+02:00</Time>
                        <Position>
                            <LatitudeDegrees>39.63474166666666</LatitudeDegrees>
                            <LongitudeDegrees>15.843033333333333</LongitudeDegrees>
                        </Position>
                        <AltitudeMeters>3.5100980026919357</AltitudeMeters>
                        <DistanceMeters>3144.8195139646723</DistanceMeters>
                    </Trackpoint>
                    <Trackpoint>
                        <Time>2026-08-15T20:16:51.000+02:00</Time>
                        <Position>
                            <LatitudeDegrees>39.63474333333333</LatitudeDegrees>
                            <LongitudeDegrees>15.84305</LongitudeDegrees>
                        </Position>
                        <AltitudeMeters>3.5047969370715446</AltitudeMeters>
                        <DistanceMeters>3146.258734187843</DistanceMeters>
                        <HeartRateBpm>
                            <Value>141</Value>
                        </HeartRateBpm>
                    </Trackpoint>
                    <Trackpoint>
                        <Time>2026-08-15T20:16:52.000+02:00</Time>
                        <Position>
                            <LatitudeDegrees>39.634745</LatitudeDegrees>
                            <LongitudeDegrees>15.843068333333333</LongitudeDegrees>
                        </Position>
                        <AltitudeMeters>3.501044971170133</AltitudeMeters>
                        <DistanceMeters>3147.839596836163</DistanceMeters>
                    </Trackpoint>
                    <Trackpoint>
                        <Time>2026-08-15T20:16:53.000+02:00</Time>
                        <Position>
                            <LatitudeDegrees>39.634746666666665</LatitudeDegrees>
                            <LongitudeDegrees>15.843083333333333</LongitudeDegrees>
                        </Position>
                        <AltitudeMeters>3.498672693118464</AltitudeMeters>
                        <DistanceMeters>3149.1374114989044</DistanceMeters>
                        <HeartRateBpm>
                            <Value>140</Value>
                        </HeartRateBpm>
                    </Trackpoint>
                    <Trackpoint>
                        <Time>2026-08-15T20:16:54.000+02:00</Time>
                        <Position>
                            <LatitudeDegrees>39.634746666666665</LatitudeDegrees>
                            <LongitudeDegrees>15.843098333333334</LongitudeDegrees>
                        </Position>
                        <AltitudeMeters>3.5376261921902468</AltitudeMeters>
                        <DistanceMeters>3150.421925975977</DistanceMeters>
                    </Trackpoint>
                    <Trackpoint>
                        <Time>2026-08-15T20:16:55.000+02:00</Time>
                        <Position>
                            <LatitudeDegrees>39.634746666666665</LatitudeDegrees>
                            <LongitudeDegrees>15.843111666666667</LongitudeDegrees>
                        </Position>
                        <AltitudeMeters>3.5748168989395532</AltitudeMeters>
                        <DistanceMeters>3151.5637166220827</DistanceMeters>
                        <HeartRateBpm>
                            <Value>139</Value>
                        </HeartRateBpm>
                    </Trackpoint>
                    <Trackpoint>
                        <Time>2026-08-15T20:16:56.000+02:00</Time>
                        <Position>
                            <LatitudeDegrees>39.634745</LatitudeDegrees>
                            <LongitudeDegrees>15.843125</LongitudeDegrees>
                        </Position>
                        <AltitudeMeters>3.610130867111498</AltitudeMeters>
                        <DistanceMeters>3152.7204496634135</DistanceMeters>
                    </Trackpoint>
                    <Trackpoint>
                        <Time>2026-08-15T20:16:57.000+02:00</Time>
                        <Position>
                            <LatitudeDegrees>39.63474166666666</LatitudeDegrees>
                            <LongitudeDegrees>15.843136666666666</LongitudeDegrees>
                        </Position>
                        <AltitudeMeters>3.643486668761303</AltitudeMeters>
                        <DistanceMeters>3153.7860557216136</DistanceMeters>
                        <HeartRateBpm>
                            <Value>138</Value>
                        </HeartRateBpm>
                    </Trackpoint>
                    <Trackpoint>
                        <Time>2026-08-15T20:16:58.000+02:00</Time>
                        <Position>
                            <LatitudeDegrees>39.63473666666667</LatitudeDegrees>
                            <LongitudeDegrees>15.843148333333334</LongitudeDegrees>
                        </Position>
                        <AltitudeMeters>3.714937868497541</AltitudeMeters>
                        <DistanceMeters>3154.9294032105868</DistanceMeters>
                    </Trackpoint>
                    <Trackpoint>
                        <Time>2026-08-15T20:16:59.000+02:00</Time>
                        <Position>
                            <LatitudeDegrees>39.63473</LatitudeDegrees>
                            <LongitudeDegrees>15.843158333333333</LongitudeDegrees>
                        </Position>
                        <AltitudeMeters>3.821625296451646</AltitudeMeters>
                        <DistanceMeters>3156.062033017825</DistanceMeters>
                        <HeartRateBpm>
                            <Value>140</Value>
                        </HeartRateBpm>
                    </Trackpoint>
                    <Trackpoint>
                        <Time>2026-08-15T20:17:00.000+02:00</Time>
                        <Position>
                            <LatitudeDegrees>39.634725</LatitudeDegrees>
                            <LongitudeDegrees>15.843168333333333</LongitudeDegrees>
                        </Position>
                        <AltitudeMeters>3.9607386889682026</AltitudeMeters>
                        <DistanceMeters>3157.083028843623</DistanceMeters>
                    </Trackpoint>
                    <Trackpoint>
                        <Time>2026-08-15T20:17:01.000+02:00</Time>
                        <Position>
                            <LatitudeDegrees>39.63471833333333</LatitudeDegrees>
                            <LongitudeDegrees>15.843176666666666</LongitudeDegrees>
                        </Position>
                        <AltitudeMeters>4.129536419862149</AltitudeMeters>
                        <DistanceMeters>3158.111998889462</DistanceMeters>
                    </Trackpoint>
                    <Trackpoint>
                        <Time>2026-08-15T20:17:02.000+02:00</Time>
                        <Position>
                            <LatitudeDegrees>39.63471</LatitudeDegrees>
                            <LongitudeDegrees>15.843185</LongitudeDegrees>
                        </Position>
                        <AltitudeMeters>4.285255983439466</AltitudeMeters>
                        <DistanceMeters>3159.281566428388</DistanceMeters>
                        <HeartRateBpm>
                            <Value>140</Value>
                        </HeartRateBpm>
                    </Trackpoint>
                    <Trackpoint>
                        <Time>2026-08-15T20:17:03.000+02:00</Time>
                        <Position>
                            <LatitudeDegrees>39.634703333333334</LatitudeDegrees>
                            <LongitudeDegrees>15.843193333333334</LongitudeDegrees>
                        </Position>
                        <AltitudeMeters>4.468277911814472</AltitudeMeters>
                        <DistanceMeters>3160.310536581227</DistanceMeters>
                        <HeartRateBpm>
                            <Value>139</Value>
                        </HeartRateBpm>
                    </Trackpoint>
                    <Trackpoint>
                        <Time>2026-08-15T20:17:04.000+02:00</Time>
                        <Position>
                            <LatitudeDegrees>39.634695</LatitudeDegrees>
                            <LongitudeDegrees>15.843203333333333</LongitudeDegrees>
                        </Position>
                        <AltitudeMeters>4.636021420052817</AltitudeMeters>
                        <DistanceMeters>3161.5722654619376</DistanceMeters>
                        <HeartRateBpm>
                            <Value>138</Value>
                        </HeartRateBpm>
                    </Trackpoint>
                    <Trackpoint>
                        <Time>2026-08-15T20:17:05.000+02:00</Time>
                        <Position>
                            <LatitudeDegrees>39.63468666666667</LatitudeDegrees>
                            <LongitudeDegrees>15.843211666666667</LongitudeDegrees>
                        </Position>
                        <AltitudeMeters>4.78893928123923</AltitudeMeters>
                        <DistanceMeters>3162.741833147904</DistanceMeters>
                    </Trackpoint>
                    <Trackpoint>
                        <Time>2026-08-15T20:17:06.000+02:00</Time>
                        <Position>
                            <LatitudeDegrees>39.634676666666664</LatitudeDegrees>
                            <LongitudeDegrees>15.843223333333333</LongitudeDegrees>
                        </Position>
                        <AltitudeMeters>4.967668671956501</AltitudeMeters>
                        <DistanceMeters>3164.2366814445113</DistanceMeters>
                    </Trackpoint>
                    <Trackpoint>
                        <Time>2026-08-15T20:17:07.000+02:00</Time>
                        <Position>
                            <LatitudeDegrees>39.63466666666667</LatitudeDegrees>
                            <LongitudeDegrees>15.843235</LongitudeDegrees>
                        </Position>
                        <AltitudeMeters>5.129865483408968</AltitudeMeters>
                        <DistanceMeters>3165.7315298373023</DistanceMeters>
                        <HeartRateBpm>
                            <Value>138</Value>
                        </HeartRateBpm>
                    </Trackpoint>
                    <Trackpoint>
                        <Time>2026-08-15T20:17:08.000+02:00</Time>
                        <Position>
                            <LatitudeDegrees>39.634656666666665</LatitudeDegrees>
                            <LongitudeDegrees>15.843245</LongitudeDegrees>
                        </Position>
                        <AltitudeMeters>5.276199625744036</AltitudeMeters>
                        <DistanceMeters>3167.1350112814916</DistanceMeters>
                    </Trackpoint>
                    <Trackpoint>
                        <Time>2026-08-15T20:17:09.000+02:00</Time>
                        <Position>
                            <LatitudeDegrees>39.63464666666667</LatitudeDegrees>
                            <LongitudeDegrees>15.843253333333333</LongitudeDegrees>
                        </Position>
                        <AltitudeMeters>5.407400422560771</AltitudeMeters>
                        <DistanceMeters>3168.4562564316157</DistanceMeters>
                    </Trackpoint>
                    <Trackpoint>
                        <Time>2026-08-15T20:17:10.000+02:00</Time>
                        <Position>
                            <LatitudeDegrees>39.634638333333335</LatitudeDegrees>
                            <LongitudeDegrees>15.843261666666667</LongitudeDegrees>
                        </Position>
                        <AltitudeMeters>5.524241977495664</AltitudeMeters>
                        <DistanceMeters>3169.6258244216556</DistanceMeters>
                        <HeartRateBpm>
                            <Value>137</Value>
                        </HeartRateBpm>
                    </Trackpoint>
                    <Trackpoint>
                        <Time>2026-08-15T20:17:11.000+02:00</Time>
                        <Position>
                            <LatitudeDegrees>39.63463</LatitudeDegrees>
                            <LongitudeDegrees>15.843266666666667</LongitudeDegrees>
                        </Position>
                        <AltitudeMeters>5.627530054142948</AltitudeMeters>
                        <DistanceMeters>3170.6465922092407</DistanceMeters>
                    </Trackpoint>
                    <Trackpoint>
                        <Time>2026-08-15T20:17:12.000+02:00</Time>
                        <Position>
                            <LatitudeDegrees>39.634625</LatitudeDegrees>
                            <LongitudeDegrees>15.843273333333332</LongitudeDegrees>
                        </Position>
                        <AltitudeMeters>5.71809039189911</AltitudeMeters>
                        <DistanceMeters>3171.443480756067</DistanceMeters>
                    </Trackpoint>
                    <Trackpoint>
                        <Time>2026-08-15T20:17:13.000+02:00</Time>
                        <Position>
                            <LatitudeDegrees>39.63462333333333</LatitudeDegrees>
                            <LongitudeDegrees>15.843281666666666</LongitudeDegrees>
                        </Position>
                        <AltitudeMeters>5.796758377155219</AltitudeMeters>
                        <DistanceMeters>3172.1807727731843</DistanceMeters>
                        <HeartRateBpm>
                            <Value>137</Value>
                        </HeartRateBpm>
                    </Trackpoint>
                    <Trackpoint>
                        <Time>2026-08-15T20:17:14.000+02:00</Time>
                        <Position>
                            <LatitudeDegrees>39.63462333333333</LatitudeDegrees>
                            <LongitudeDegrees>15.843291666666667</LongitudeDegrees>
                        </Position>
                        <AltitudeMeters>5.864369987263156</AltitudeMeters>
                        <DistanceMeters>3173.0371172847254</DistanceMeters>
                        <HeartRateBpm>
                            <Value>136</Value>
                        </HeartRateBpm>
                    </Trackpoint>
                    <Trackpoint>
                        <Time>2026-08-15T20:17:15.000+02:00</Time>
                        <Position>
                            <LatitudeDegrees>39.634625</LatitudeDegrees>
                            <LongitudeDegrees>15.843303333333333</LongitudeDegrees>
                        </Position>
                        <AltitudeMeters>5.921753923737086</AltitudeMeters>
                        <DistanceMeters>3174.0532292151256</DistanceMeters>
                    </Trackpoint>
                    <Trackpoint>
                        <Time>2026-08-15T20:17:16.000+02:00</Time>
                        <Position>
                            <LatitudeDegrees>39.63463</LatitudeDegrees>
                            <LongitudeDegrees>15.843316666666666</LongitudeDegrees>
                        </Position>
                        <AltitudeMeters>5.969724851092448</AltitudeMeters>
                        <DistanceMeters>3175.3231895036997</DistanceMeters>
                    </Trackpoint>
                    <Trackpoint>
                        <Time>2026-08-15T20:17:17.000+02:00</Time>
                        <Position>
                            <LatitudeDegrees>39.634636666666665</LatitudeDegrees>
                            <LongitudeDegrees>15.843331666666666</LongitudeDegrees>
                        </Position>
                        <AltitudeMeters>6.009077658452308</AltitudeMeters>
                        <DistanceMeters>3176.80626385694</DistanceMeters>
                        <HeartRateBpm>
                            <Value>136</Value>
                        </HeartRateBpm>
                    </Trackpoint>
                    <Trackpoint>
                        <Time>2026-08-15T20:17:18.000+02:00</Time>
                        <Position>
                            <LatitudeDegrees>39.63464333333334</LatitudeDegrees>
                            <LongitudeDegrees>15.843343333333333</LongitudeDegrees>
                        </Position>
                        <AltitudeMeters>6.0405826624546215</AltitudeMeters>
                        <DistanceMeters>3178.0503154115318</DistanceMeters>
                        <HeartRateBpm>
                            <Value>135</Value>
                        </HeartRateBpm>
                    </Trackpoint>
                    <Trackpoint>
                        <Time>2026-08-15T20:17:19.000+02:00</Time>
                        <Position>
                            <LatitudeDegrees>39.63465333333333</LatitudeDegrees>
                            <LongitudeDegrees>15.843353333333333</LongitudeDegrees>
                        </Position>
                        <AltitudeMeters>6.064981671971498</AltitudeMeters>
                        <DistanceMeters>3179.453796955314</DistanceMeters>
                    </Trackpoint>
                    <Trackpoint>
                        <Time>2026-08-15T20:17:20.000+02:00</Time>
                        <Position>
                            <LatitudeDegrees>39.63466666666667</LatitudeDegrees>
                            <LongitudeDegrees>15.843361666666667</LongitudeDegrees>
                        </Position>
                        <AltitudeMeters>6.082984837608804</AltitudeMeters>
                        <DistanceMeters>3181.0992027821026</DistanceMeters>
                    </Trackpoint>
                    <Trackpoint>
                        <Time>2026-08-15T20:17:21.000+02:00</Time>
                        <Position>
                            <LatitudeDegrees>39.634681666666665</LatitudeDegrees>
                            <LongitudeDegrees>15.843366666666666</LongitudeDegrees>
                        </Position>
                        <AltitudeMeters>6.095268211805208</AltitudeMeters>
                        <DistanceMeters>3182.8212103540627</DistanceMeters>
                        <HeartRateBpm>
                            <Value>135</Value>
                        </HeartRateBpm>
                    </Trackpoint>
                    <Trackpoint>
                        <Time>2026-08-15T20:17:22.000+02:00</Time>
                        <Position>
                            <LatitudeDegrees>39.63469666666667</LatitudeDegrees>
                            <LongitudeDegrees>15.843373333333334</LongitudeDegrees>
                        </Position>
                        <AltitudeMeters>6.102471948515616</AltitudeMeters>
                        <DistanceMeters>3184.5841343118127</DistanceMeters>
                        <HeartRateBpm>
                            <Value>134</Value>
                        </HeartRateBpm>
                    </Trackpoint>
                    <Trackpoint>
                        <Time>2026-08-15T20:17:23.000+02:00</Time>
                        <Position>
                            <LatitudeDegrees>39.63471333333333</LatitudeDegrees>
                            <LongitudeDegrees>15.84338</LongitudeDegrees>
                        </Position>
                        <AltitudeMeters>6.105199074873755</AltitudeMeters>
                        <DistanceMeters>3186.523325812016</DistanceMeters>
                    </Trackpoint>
                    <Trackpoint>
                        <Time>2026-08-15T20:17:24.000+02:00</Time>
                        <Position>
                            <LatitudeDegrees>39.634728333333335</LatitudeDegrees>
                            <LongitudeDegrees>15.843388333333333</LongitudeDegrees>
                        </Position>
                        <AltitudeMeters>6.1040147708185</AltitudeMeters>
                        <DistanceMeters>3188.337500981632</DistanceMeters>
                    </Trackpoint>
                    <Trackpoint>
                        <Time>2026-08-15T20:17:25.000+02:00</Time>
                        <Position>
                            <LatitudeDegrees>39.63474</LatitudeDegrees>
                            <LongitudeDegrees>15.8434</LongitudeDegrees>
                        </Position>
                        <AltitudeMeters>6.099446096381239</AltitudeMeters>
                        <DistanceMeters>3189.974895359866</DistanceMeters>
                        <HeartRateBpm>
                            <Value>134</Value>
                        </HeartRateBpm>
                    </Trackpoint>
                    <Trackpoint>
                        <Time>2026-08-15T20:17:26.000+02:00</Time>
                        <Position>
                            <LatitudeDegrees>39.634753333333336</LatitudeDegrees>
                            <LongitudeDegrees>15.843415</LongitudeDegrees>
                        </Position>
                        <AltitudeMeters>6.0919821101162785</AltitudeMeters>
                        <DistanceMeters>3191.9365487959412</DistanceMeters>
                    </Trackpoint>
                    <Trackpoint>
                        <Time>2026-08-15T20:17:27.000+02:00</Time>
                        <Position>
                            <LatitudeDegrees>39.634765</LatitudeDegrees>
                            <LongitudeDegrees>15.843431666666667</LongitudeDegrees>
                        </Position>
                        <AltitudeMeters>6.082074325968286</AltitudeMeters>
                        <DistanceMeters>3193.865261822403</DistanceMeters>
                    </Trackpoint>
                    <Trackpoint>
                        <Time>2026-08-15T20:17:28.000+02:00</Time>
                        <Position>
                            <LatitudeDegrees>39.63477666666667</LatitudeDegrees>
                            <LongitudeDegrees>15.843448333333333</LongitudeDegrees>
                        </Position>
                        <AltitudeMeters>6.070137459670916</AltitudeMeters>
                        <DistanceMeters>3195.7939746707366</DistanceMeters>
                        <HeartRateBpm>
                            <Value>134</Value>
                        </HeartRateBpm>
                    </Trackpoint>
                    <Trackpoint>
                        <Time>2026-08-15T20:17:29.000+02:00</Time>
                        <Position>
                            <LatitudeDegrees>39.63479</LatitudeDegrees>
                            <LongitudeDegrees>15.843466666666666</LongitudeDegrees>
                        </Position>
                        <AltitudeMeters>6.05655041952523</AltitudeMeters>
                        <DistanceMeters>3197.9533461683013</DistanceMeters>
                        <HeartRateBpm>
                            <Value>133</Value>
                        </HeartRateBpm>
                    </Trackpoint>
                    <Trackpoint>
                        <Time>2026-08-15T20:17:30.000+02:00</Time>
                        <Position>
                            <LatitudeDegrees>39.634805</LatitudeDegrees>
                            <LongitudeDegrees>15.843485</LongitudeDegrees>
                        </Position>
                        <AltitudeMeters>6.04165750008632</AltitudeMeters>
                        <DistanceMeters>3200.2439260862143</DistanceMeters>
                        <HeartRateBpm>
                            <Value>133</Value>
                        </HeartRateBpm>
                    </Trackpoint>
                    <Trackpoint>
                        <Time>2026-08-15T20:17:31.000+02:00</Time>
                        <Position>
                            <LatitudeDegrees>39.634818333333335</LatitudeDegrees>
                            <LongitudeDegrees>15.843505</LongitudeDegrees>
                        </Position>
                        <AltitudeMeters>6.025769740867324</AltitudeMeters>
                        <DistanceMeters>3202.50918423426</DistanceMeters>
                        <HeartRateBpm>
                            <Value>132</Value>
                        </HeartRateBpm>
                    </Trackpoint>
                    <Trackpoint>
                        <Time>2026-08-15T20:17:32.000+02:00</Time>
                        <Position>
                            <LatitudeDegrees>39.63482833333333</LatitudeDegrees>
                            <LongitudeDegrees>15.843525</LongitudeDegrees>
                        </Position>
                        <AltitudeMeters>6.009166415631374</AltitudeMeters>
                        <DistanceMeters>3204.551173895889</DistanceMeters>
                    </Trackpoint>
                    <Trackpoint>
                        <Time>2026-08-15T20:17:33.000+02:00</Time>
                        <Position>
                            <LatitudeDegrees>39.634836666666665</LatitudeDegrees>
                            <LongitudeDegrees>15.843545</LongitudeDegrees>
                        </Position>
                        <AltitudeMeters>5.992096621167515</AltitudeMeters>
                        <DistanceMeters>3206.4984595461506</DistanceMeters>
                    </Trackpoint>
                    <Trackpoint>
                        <Time>2026-08-15T20:17:34.000+02:00</Time>
                        <Position>
                            <LatitudeDegrees>39.63484166666667</LatitudeDegrees>
                            <LongitudeDegrees>15.843566666666666</LongitudeDegrees>
                        </Position>
                        <AltitudeMeters>5.974780937623227</AltitudeMeters>
                        <DistanceMeters>3208.4353759309547</DistanceMeters>
                        <HeartRateBpm>
                            <Value>132</Value>
                        </HeartRateBpm>
                    </Trackpoint>
                    <Trackpoint>
                        <Time>2026-08-15T20:17:35.000+02:00</Time>
                        <Position>
                            <LatitudeDegrees>39.634843333333336</LatitudeDegrees>
                            <LongitudeDegrees>15.843586666666667</LongitudeDegrees>
                        </Position>
                        <AltitudeMeters>5.9574131354838755</AltitudeMeters>
                        <DistanceMeters>3210.1580571317413</DistanceMeters>
                    </Trackpoint>
                    <Trackpoint>
                        <Time>2026-08-15T20:17:36.000+02:00</Time>
                        <Position>
                            <LatitudeDegrees>39.634845</LatitudeDegrees>
                            <LongitudeDegrees>15.843605</LongitudeDegrees>
                        </Position>
                        <AltitudeMeters>5.940161907141062</AltitudeMeters>
                        <DistanceMeters>3211.7389175259336</DistanceMeters>
                    </Trackpoint>
                    <Trackpoint>
                        <Time>2026-08-15T20:17:37.000+02:00</Time>
                        <Position>
                            <LatitudeDegrees>39.63484666666667</LatitudeDegrees>
                            <LongitudeDegrees>15.843621666666667</LongitudeDegrees>
                        </Position>
                        <AltitudeMeters>5.92317260367284</AltitudeMeters>
                        <DistanceMeters>3213.178135634795</DistanceMeters>
                        <HeartRateBpm>
                            <Value>131</Value>
                        </HeartRateBpm>
                    </Trackpoint>
                    <Trackpoint>
                        <Time>2026-08-15T20:17:38.000+02:00</Time>
                        <Position>
                            <LatitudeDegrees>39.63485</LatitudeDegrees>
                            <LongitudeDegrees>15.843638333333333</LongitudeDegrees>
                        </Position>
                        <AltitudeMeters>5.90656895996655</AltitudeMeters>
                        <DistanceMeters>3214.6527151921628</DistanceMeters>
                    </Trackpoint>
                    <Trackpoint>
                        <Time>2026-08-15T20:17:39.000+02:00</Time>
                        <Position>
                            <LatitudeDegrees>39.634855</LatitudeDegrees>
                            <LongitudeDegrees>15.843655</LongitudeDegrees>
                        </Position>
                        <AltitudeMeters>5.890454793649163</AltitudeMeters>
                        <DistanceMeters>3216.18441742081</DistanceMeters>
                    </Trackpoint>
                    <Trackpoint>
                        <Time>2026-08-15T20:17:40.000+02:00</Time>
                        <Position>
                            <LatitudeDegrees>39.634861666666666</LatitudeDegrees>
                            <LongitudeDegrees>15.843671666666667</LongitudeDegrees>
                        </Position>
                        <AltitudeMeters>5.915021671091719</AltitudeMeters>
                        <DistanceMeters>3217.792686459231</DistanceMeters>
                        <HeartRateBpm>
                            <Value>131</Value>
                        </HeartRateBpm>
                    </Trackpoint>
                    <Trackpoint>
                        <Time>2026-08-15T20:17:41.000+02:00</Time>
                        <Position>
                            <LatitudeDegrees>39.63486666666667</LatitudeDegrees>
                            <LongitudeDegrees>15.843688333333333</LongitudeDegrees>
                        </Position>
                        <AltitudeMeters>5.937400121735566</AltitudeMeters>
                        <DistanceMeters>3219.3243884633252</DistanceMeters>
                    </Trackpoint>
                    <Trackpoint>
                        <Time>2026-08-15T20:17:42.000+02:00</Time>
                        <Position>
                            <LatitudeDegrees>39.63487333333333</LatitudeDegrees>
                            <LongitudeDegrees>15.843705</LongitudeDegrees>
                        </Position>
                        <AltitudeMeters>5.9576703586652044</AltitudeMeters>
                        <DistanceMeters>3220.932657288125</DistanceMeters>
                    </Trackpoint>
                    <Trackpoint>
                        <Time>2026-08-15T20:17:43.000+02:00</Time>
                        <Position>
                            <LatitudeDegrees>39.63487833333333</LatitudeDegrees>
                            <LongitudeDegrees>15.843723333333333</LongitudeDegrees>
                        </Position>
                        <AltitudeMeters>5.975921654952963</AltitudeMeters>
                        <DistanceMeters>3222.5981544136966</DistanceMeters>
                        <HeartRateBpm>
                            <Value>131</Value>
                        </HeartRateBpm>
                    </Trackpoint>
                    <Trackpoint>
                        <Time>2026-08-15T20:17:44.000+02:00</Time>
                        <Position>
                            <LatitudeDegrees>39.634883333333335</LatitudeDegrees>
                            <LongitudeDegrees>15.843741666666666</LongitudeDegrees>
                        </Position>
                        <AltitudeMeters>5.992250316635302</AltitudeMeters>
                        <DistanceMeters>3224.2636514320616</DistanceMeters>
                    </Trackpoint>
                    <Trackpoint>
                        <Time>2026-08-15T20:17:45.000+02:00</Time>
                        <Position>
                            <LatitudeDegrees>39.63489</LatitudeDegrees>
                            <LongitudeDegrees>15.84376</LongitudeDegrees>
                        </Position>
                        <AltitudeMeters>6.00675785758319</AltitudeMeters>
                        <DistanceMeters>3225.999824760931</DistanceMeters>
                    </Trackpoint>
                    <Trackpoint>
                        <Time>2026-08-15T20:17:46.000+02:00</Time>
                        <Position>
                            <LatitudeDegrees>39.634895</LatitudeDegrees>
                            <LongitudeDegrees>15.84378</LongitudeDegrees>
                        </Position>
                        <AltitudeMeters>6.059655372275991</AltitudeMeters>
                        <DistanceMeters>3227.8004884233005</DistanceMeters>
                        <HeartRateBpm>
                            <Value>131</Value>
                        </HeartRateBpm>
                    </Trackpoint>
                    <Trackpoint>
                        <Time>2026-08-15T20:17:47.000+02:00</Time>
                        <Position>
                            <LatitudeDegrees>39.634901666666664</LatitudeDegrees>
                            <LongitudeDegrees>15.843798333333334</LongitudeDegrees>
                        </Position>
                        <AltitudeMeters>6.108111687956987</AltitudeMeters>
                        <DistanceMeters>3229.5366615129774</DistanceMeters>
                    </Trackpoint>
                    <Trackpoint>
                        <Time>2026-08-15T20:17:48.000+02:00</Time>
                        <Position>
                            <LatitudeDegrees>39.634908333333335</LatitudeDegrees>
                            <LongitudeDegrees>15.843818333333333</LongitudeDegrees>
                        </Position>
                        <AltitudeMeters>6.152261252142494</AltitudeMeters>
                        <DistanceMeters>3231.4028893906025</DistanceMeters>
                    </Trackpoint>
                    <Trackpoint>
                        <Time>2026-08-15T20:17:49.000+02:00</Time>
                        <Position>
                            <LatitudeDegrees>39.634915</LatitudeDegrees>
                            <LongitudeDegrees>15.843835</LongitudeDegrees>
                        </Position>
                        <AltitudeMeters>6.192260901180034</AltitudeMeters>
                        <DistanceMeters>3233.0111574522293</DistanceMeters>
                        <HeartRateBpm>
                            <Value>131</Value>
                        </HeartRateBpm>
                    </Trackpoint>
                    <Trackpoint>
                        <Time>2026-08-15T20:17:50.000+02:00</Time>
                        <Position>
                            <LatitudeDegrees>39.63492166666666</LatitudeDegrees>
                            <LongitudeDegrees>15.843853333333334</LongitudeDegrees>
                        </Position>
                        <AltitudeMeters>6.268391450931976</AltitudeMeters>
                        <DistanceMeters>3234.7473301317423</DistanceMeters>
                    </Trackpoint>
                    <Trackpoint>
                        <Time>2026-08-15T20:17:51.000+02:00</Time>
                        <Position>
                            <LatitudeDegrees>39.634926666666665</LatitudeDegrees>
                            <LongitudeDegrees>15.84387</LongitudeDegrees>
                        </Position>
                        <AltitudeMeters>6.337903299720246</AltitudeMeters>
                        <DistanceMeters>3236.2790309825514</DistanceMeters>
                    </Trackpoint>
                    <Trackpoint>
                        <Time>2026-08-15T20:17:52.000+02:00</Time>
                        <Position>
                            <LatitudeDegrees>39.634933333333336</LatitudeDegrees>
                            <LongitudeDegrees>15.843888333333334</LongitudeDegrees>
                        </Position>
                        <AltitudeMeters>6.40102199253194</AltitudeMeters>
                        <DistanceMeters>3238.0152034226253</DistanceMeters>
                        <HeartRateBpm>
                            <Value>131</Value>
                        </HeartRateBpm>
                    </Trackpoint>
                    <Trackpoint>
                        <Time>2026-08-15T20:17:53.000+02:00</Time>
                        <Position>
                            <LatitudeDegrees>39.63494</LatitudeDegrees>
                            <LongitudeDegrees>15.843906666666667</LongitudeDegrees>
                        </Position>
                        <AltitudeMeters>6.498108889664245</AltitudeMeters>
                        <DistanceMeters>3239.7513757255742</DistanceMeters>
                    </Trackpoint>
                    <Trackpoint>
                        <Time>2026-08-15T20:17:54.000+02:00</Time>
                        <Position>
                            <LatitudeDegrees>39.634945</LatitudeDegrees>
                            <LongitudeDegrees>15.843925</LongitudeDegrees>
                        </Position>
                        <AltitudeMeters>6.586504457764767</AltitudeMeters>
                        <DistanceMeters>3241.416871424627</DistanceMeters>
                        <HeartRateBpm>
                            <Value>130</Value>
                        </HeartRateBpm>
                    </Trackpoint>
                    <Trackpoint>
                        <Time>2026-08-15T20:17:55.000+02:00</Time>
                        <Position>
                            <LatitudeDegrees>39.63495</LatitudeDegrees>
                            <LongitudeDegrees>15.843943333333334</LongitudeDegrees>
                        </Position>
                        <AltitudeMeters>6.7066377440424745</AltitudeMeters>
                        <DistanceMeters>3243.0823670164514</DistanceMeters>
                    </Trackpoint>
                    <Trackpoint>
                        <Time>2026-08-15T20:17:56.000+02:00</Time>
                        <Position>
                            <LatitudeDegrees>39.634955</LatitudeDegrees>
                            <LongitudeDegrees>15.843961666666667</LongitudeDegrees>
                        </Position>
                        <AltitudeMeters>6.8159287538102316</AltitudeMeters>
                        <DistanceMeters>3244.7478625013255</DistanceMeters>
                    </Trackpoint>
                    <Trackpoint>
                        <Time>2026-08-15T20:17:57.000+02:00</Time>
                        <Position>
                            <LatitudeDegrees>39.63496</LatitudeDegrees>
                            <LongitudeDegrees>15.843978333333334</LongitudeDegrees>
                        </Position>
                        <AltitudeMeters>6.914789614416761</AltitudeMeters>
                        <DistanceMeters>3246.2795627112787</DistanceMeters>
                        <HeartRateBpm>
                            <Value>130</Value>
                        </HeartRateBpm>
                    </Trackpoint>
                    <Trackpoint>
                        <Time>2026-08-15T20:17:58.000+02:00</Time>
                        <Position>
                            <LatitudeDegrees>39.634965</LatitudeDegrees>
                            <LongitudeDegrees>15.843993333333334</LongitudeDegrees>
                        </Position>
                        <AltitudeMeters>7.0437812659754675</AltitudeMeters>
                        <DistanceMeters>3247.6792326397444</DistanceMeters>
                        <HeartRateBpm>
                            <Value>129</Value>
                        </HeartRateBpm>
                    </Trackpoint>
                    <Trackpoint>
                        <Time>2026-08-15T20:17:59.000+02:00</Time>
                        <Position>
                            <LatitudeDegrees>39.634971666666665</LatitudeDegrees>
                            <LongitudeDegrees>15.844006666666667</LongitudeDegrees>
                        </Position>
                        <AltitudeMeters>7.16045317818799</AltitudeMeters>
                        <DistanceMeters>3249.040557073396</DistanceMeters>
                    </Trackpoint>
                    <Trackpoint>
                        <Time>2026-08-15T20:18:00.000+02:00</Time>
                        <Position>
                            <LatitudeDegrees>39.63498</LatitudeDegrees>
                            <LongitudeDegrees>15.84402</LongitudeDegrees>
                        </Position>
                        <AltitudeMeters>7.305449634079694</AltitudeMeters>
                        <DistanceMeters>3250.511037503205</DistanceMeters>
                    </Trackpoint>
                    <Trackpoint>
                        <Time>2026-08-15T20:18:01.000+02:00</Time>
                        <Position>
                            <LatitudeDegrees>39.63498833333333</LatitudeDegrees>
                            <LongitudeDegrees>15.844031666666666</LongitudeDegrees>
                        </Position>
                        <AltitudeMeters>7.4364092799078</AltitudeMeters>
                        <DistanceMeters>3251.8736684512705</DistanceMeters>
                        <HeartRateBpm>
                            <Value>129</Value>
                        </HeartRateBpm>
                    </Trackpoint>
                    <Trackpoint>
                        <Time>2026-08-15T20:18:02.000+02:00</Time>
                        <Position>
                            <LatitudeDegrees>39.634996666666666</LatitudeDegrees>
                            <LongitudeDegrees>15.844043333333333</LongitudeDegrees>
                        </Position>
                        <AltitudeMeters>7.553963802776386</AltitudeMeters>
                        <DistanceMeters>3253.2362993110905</DistanceMeters>
                    </Trackpoint>
                    <Trackpoint>
                        <Time>2026-08-15T20:18:03.000+02:00</Time>
                        <Position>
                            <LatitudeDegrees>39.63500666666667</LatitudeDegrees>
                            <LongitudeDegrees>15.844055</LongitudeDegrees>
                        </Position>
                        <AltitudeMeters>7.698892454501599</AltitudeMeters>
                        <DistanceMeters>3254.7311445195014</DistanceMeters>
                    </Trackpoint>
                    <Trackpoint>
                        <Time>2026-08-15T20:18:04.000+02:00</Time>
                        <Position>
                            <LatitudeDegrees>39.635016666666665</LatitudeDegrees>
                            <LongitudeDegrees>15.844065</LongitudeDegrees>
                        </Position>
                        <AltitudeMeters>7.828959899068984</AltitudeMeters>
                        <DistanceMeters>3256.134623318826</DistanceMeters>
                        <HeartRateBpm>
                            <Value>130</Value>
                        </HeartRateBpm>
                    </Trackpoint>
                    <Trackpoint>
                        <Time>2026-08-15T20:18:05.000+02:00</Time>
                        <Position>
                            <LatitudeDegrees>39.63502666666667</LatitudeDegrees>
                            <LongitudeDegrees>15.844075</LongitudeDegrees>
                        </Position>
                        <AltitudeMeters>7.944914897028899</AltitudeMeters>
                        <DistanceMeters>3257.538102043009</DistanceMeters>
                    </Trackpoint>
                    <Trackpoint>
                        <Time>2026-08-15T20:18:06.000+02:00</Time>
                        <Position>
                            <LatitudeDegrees>39.635036666666664</LatitudeDegrees>
                            <LongitudeDegrees>15.844086666666666</LongitudeDegrees>
                        </Position>
                        <AltitudeMeters>8.087644918581859</AltitudeMeters>
                        <DistanceMeters>3259.0329469606</DistanceMeters>
                    </Trackpoint>
                    <Trackpoint>
                        <Time>2026-08-15T20:18:07.000+02:00</Time>
                        <Position>
                            <LatitudeDegrees>39.635045</LatitudeDegrees>
                            <LongitudeDegrees>15.844098333333333</LongitudeDegrees>
                        </Position>
                        <AltitudeMeters>8.215014150988345</AltitudeMeters>
                        <DistanceMeters>3260.3955773087964</DistanceMeters>
                        <HeartRateBpm>
                            <Value>130</Value>
                        </HeartRateBpm>
                    </Trackpoint>
                    <Trackpoint>
                        <Time>2026-08-15T20:18:08.000+02:00</Time>
                        <Position>
                            <LatitudeDegrees>39.63505166666667</LatitudeDegrees>
                            <LongitudeDegrees>15.844115</LongitudeDegrees>
                        </Position>
                        <AltitudeMeters>8.367968408467314</AltitudeMeters>
                        <DistanceMeters>3262.003842868656</DistanceMeters>
                    </Trackpoint>
                    <Trackpoint>
                        <Time>2026-08-15T20:18:09.000+02:00</Time>
                        <Position>
                            <LatitudeDegrees>39.635056666666664</LatitudeDegrees>
                            <LongitudeDegrees>15.844133333333334</LongitudeDegrees>
                        </Position>
                        <AltitudeMeters>8.504433612372292</AltitudeMeters>
                        <DistanceMeters>3263.6693361784446</DistanceMeters>
                    </Trackpoint>
                    <Trackpoint>
                        <Time>2026-08-15T20:18:10.000+02:00</Time>
                        <Position>
                            <LatitudeDegrees>39.63506</LatitudeDegrees>
                            <LongitudeDegrees>15.844153333333333</LongitudeDegrees>
                        </Position>
                        <AltitudeMeters>8.665419678666286</AltitudeMeters>
                        <DistanceMeters>3265.4216627659716</DistanceMeters>
                        <HeartRateBpm>
                            <Value>130</Value>
                        </HeartRateBpm>
                    </Trackpoint>
                    <Trackpoint>
                        <Time>2026-08-15T20:18:11.000+02:00</Time>
                        <Position>
                            <LatitudeDegrees>39.635061666666665</LatitudeDegrees>
                            <LongitudeDegrees>15.844171666666666</LongitudeDegrees>
                        </Position>
                        <AltitudeMeters>8.80891808850074</AltitudeMeters>
                        <DistanceMeters>3267.002518276565</DistanceMeters>
                    </Trackpoint>
                    <Trackpoint>
                        <Time>2026-08-15T20:18:12.000+02:00</Time>
                        <Position>
                            <LatitudeDegrees>39.635061666666665</LatitudeDegrees>
                            <LongitudeDegrees>15.844191666666667</LongitudeDegrees>
                        </Position>
                        <AltitudeMeters>8.976004972509557</AltitudeMeters>
                        <DistanceMeters>3268.715196446495</DistanceMeters>
                    </Trackpoint>
                    <Trackpoint>
                        <Time>2026-08-15T20:18:13.000+02:00</Time>
                        <Position>
                            <LatitudeDegrees>39.63506</LatitudeDegrees>
                            <LongitudeDegrees>15.844208333333333</LongitudeDegrees>
                        </Position>
                        <AltitudeMeters>9.164843983707529</AltitudeMeters>
                        <DistanceMeters>3270.1544101561244</DistanceMeters>
                        <HeartRateBpm>
                            <Value>130</Value>
                        </HeartRateBpm>
                    </Trackpoint>
                    <Trackpoint>
                        <Time>2026-08-15T20:18:14.000+02:00</Time>
                        <Position>
                            <LatitudeDegrees>39.63505333333333</LatitudeDegrees>
                            <LongitudeDegrees>15.844225</LongitudeDegrees>
                        </Position>
                        <AltitudeMeters>9.333532368972131</AltitudeMeters>
                        <DistanceMeters>3271.7626755630718</DistanceMeters>
                    </Trackpoint>
                    <Trackpoint>
                        <Time>2026-08-15T20:18:15.000+02:00</Time>
                        <Position>
                            <LatitudeDegrees>39.635041666666666</LatitudeDegrees>
                            <LongitudeDegrees>15.844241666666667</LongitudeDegrees>
                        </Position>
                        <AltitudeMeters>9.523262882232792</AltitudeMeters>
                        <DistanceMeters>3273.691384187675</DistanceMeters>
                        <HeartRateBpm>
                            <Value>131</Value>
                        </HeartRateBpm>
                    </Trackpoint>
                    <Trackpoint>
                        <Time>2026-08-15T20:18:16.000+02:00</Time>
                        <Position>
                            <LatitudeDegrees>39.635025</LatitudeDegrees>
                            <LongitudeDegrees>15.844255</LongitudeDegrees>
                        </Position>
                        <AltitudeMeters>9.772562071661982</AltitudeMeters>
                        <DistanceMeters>3275.8681287491777</DistanceMeters>
                    </Trackpoint>
                    <Trackpoint>
                        <Time>2026-08-15T20:18:17.000+02:00</Time>
                        <Position>
                            <LatitudeDegrees>39.63500666666667</LatitudeDegrees>
                            <LongitudeDegrees>15.844266666666666</LongitudeDegrees>
                        </Position>
                        <AltitudeMeters>9.996578589713256</AltitudeMeters>
                        <DistanceMeters>3278.138353919615</DistanceMeters>
                        <HeartRateBpm>
                            <Value>132</Value>
                        </HeartRateBpm>
                    </Trackpoint>
                    <Trackpoint>
                        <Time>2026-08-15T20:18:18.000+02:00</Time>
                        <Position>
                            <LatitudeDegrees>39.63498833333333</LatitudeDegrees>
                            <LongitudeDegrees>15.844276666666667</LongitudeDegrees>
                        </Position>
                        <AltitudeMeters>10.236666754583759</AltitudeMeters>
                        <DistanceMeters>3280.349487924069</DistanceMeters>
                    </Trackpoint>
                    <Trackpoint>
                        <Time>2026-08-15T20:18:19.000+02:00</Time>
                        <Position>
                            <LatitudeDegrees>39.63496833333333</LatitudeDegrees>
                            <LongitudeDegrees>15.844281666666667</LongitudeDegrees>
                        </Position>
                        <AltitudeMeters>10.451195735161338</AltitudeMeters>
                        <DistanceMeters>3282.6142329003187</DistanceMeters>
                    </Trackpoint>
                    <Trackpoint>
                        <Time>2026-08-15T20:18:20.000+02:00</Time>
                        <Position>
                            <LatitudeDegrees>39.63495</LatitudeDegrees>
                            <LongitudeDegrees>15.844286666666667</LongitudeDegrees>
                        </Position>
                        <AltitudeMeters>10.68164472510871</AltitudeMeters>
                        <DistanceMeters>3284.697289619145</DistanceMeters>
                        <HeartRateBpm>
                            <Value>132</Value>
                        </HeartRateBpm>
                    </Trackpoint>
                    <Trackpoint>
                        <Time>2026-08-15T20:18:21.000+02:00</Time>
                        <Position>
                            <LatitudeDegrees>39.634935</LatitudeDegrees>
                            <LongitudeDegrees>15.84429</LongitudeDegrees>
                        </Position>
                        <AltitudeMeters>10.926598712704807</AltitudeMeters>
                        <DistanceMeters>3286.3894653710345</DistanceMeters>
                        <HeartRateBpm>
                            <Value>133</Value>
                        </HeartRateBpm>
                    </Trackpoint>
                    <Trackpoint>
                        <Time>2026-08-15T20:18:22.000+02:00</Time>
                        <Position>
                            <LatitudeDegrees>39.63492333333333</LatitudeDegrees>
                            <LongitudeDegrees>15.844293333333333</LongitudeDegrees>
                        </Position>
                        <AltitudeMeters>11.184694221756057</AltitudeMeters>
                        <DistanceMeters>3287.717774606467</DistanceMeters>
                    </Trackpoint>
                    <Trackpoint>
                        <Time>2026-08-15T20:18:23.000+02:00</Time>
                        <Position>
                            <LatitudeDegrees>39.634915</LatitudeDegrees>
                            <LongitudeDegrees>15.844298333333333</LongitudeDegrees>
                        </Position>
                        <AltitudeMeters>11.414519210557552</AltitudeMeters>
                        <DistanceMeters>3288.7385416547227</DistanceMeters>
                        <HeartRateBpm>
                            <Value>134</Value>
                        </HeartRateBpm>
                    </Trackpoint>
                    <Trackpoint>
                        <Time>2026-08-15T20:18:24.000+02:00</Time>
                        <Position>
                            <LatitudeDegrees>39.634908333333335</LatitudeDegrees>
                            <LongitudeDegrees>15.844301666666667</LongitudeDegrees>
                        </Position>
                        <AltitudeMeters>11.657768059432534</AltitudeMeters>
                        <DistanceMeters>3289.532900936264</DistanceMeters>
                    </Trackpoint>
                    <Trackpoint>
                        <Time>2026-08-15T20:18:25.000+02:00</Time>
                        <Position>
                            <LatitudeDegrees>39.63489666666667</LatitudeDegrees>
                            <LongitudeDegrees>15.844305</LongitudeDegrees>
                        </Position>
                        <AltitudeMeters>11.913235810972925</AltitudeMeters>
                        <DistanceMeters>3290.8612101954027</DistanceMeters>
                        <HeartRateBpm>
                            <Value>135</Value>
                        </HeartRateBpm>
                    </Trackpoint>
                    <Trackpoint>
                        <Time>2026-08-15T20:18:26.000+02:00</Time>
                        <Position>
                            <LatitudeDegrees>39.634885</LatitudeDegrees>
                            <LongitudeDegrees>15.844305</LongitudeDegrees>
                        </Position>
                        <AltitudeMeters>12.139656625324642</AltitudeMeters>
                        <DistanceMeters>3292.1584863762205</DistanceMeters>
                    </Trackpoint>
                    <Trackpoint>
                        <Time>2026-08-15T20:18:27.000+02:00</Time>
                        <Position>
                            <LatitudeDegrees>39.63486833333333</LatitudeDegrees>
                            <LongitudeDegrees>15.844305</LongitudeDegrees>
                        </Position>
                        <AltitudeMeters>12.378859030502833</AltitudeMeters>
                        <DistanceMeters>3294.011738063002</DistanceMeters>
                        <HeartRateBpm>
                            <Value>136</Value>
                        </HeartRateBpm>
                    </Trackpoint>
                    <Trackpoint>
                        <Time>2026-08-15T20:18:28.000+02:00</Time>
                        <Position>
                            <LatitudeDegrees>39.63485166666667</LatitudeDegrees>
                            <LongitudeDegrees>15.844305</LongitudeDegrees>
                        </Position>
                        <AltitudeMeters>12.629760503049845</AltitudeMeters>
                        <DistanceMeters>3295.8649897483688</DistanceMeters>
                    </Trackpoint>
                    <Trackpoint>
                        <Time>2026-08-15T20:18:29.000+02:00</Time>
                        <Position>
                            <LatitudeDegrees>39.634835</LatitudeDegrees>
                            <LongitudeDegrees>15.844305</LongitudeDegrees>
                        </Position>
                        <AltitudeMeters>12.89131233360498</AltitudeMeters>
                        <DistanceMeters>3297.7182414344434</DistanceMeters>
                    </Trackpoint>
                    <Trackpoint>
                        <Time>2026-08-15T20:18:30.000+02:00</Time>
                        <Position>
                            <LatitudeDegrees>39.63482</LatitudeDegrees>
                            <LongitudeDegrees>15.844305</LongitudeDegrees>
                        </Position>
                        <AltitudeMeters>13.122398931117168</AltitudeMeters>
                        <DistanceMeters>3299.386167953042</DistanceMeters>
                        <HeartRateBpm>
                            <Value>136</Value>
                        </HeartRateBpm>
                    </Trackpoint>
                    <Trackpoint>
                        <Time>2026-08-15T20:18:31.000+02:00</Time>
                        <Position>
                            <LatitudeDegrees>39.63480666666667</LatitudeDegrees>
                            <LongitudeDegrees>15.844308333333334</LongitudeDegrees>
                        </Position>
                        <AltitudeMeters>13.364992464752309</AltitudeMeters>
                        <DistanceMeters>3300.89599806549</DistanceMeters>
                        <HeartRateBpm>
                            <Value>138</Value>
                        </HeartRateBpm>
                    </Trackpoint>
                    <Trackpoint>
                        <Time>2026-08-15T20:18:32.000+02:00</Time>
                        <Position>
                            <LatitudeDegrees>39.634795</LatitudeDegrees>
                            <LongitudeDegrees>15.844313333333334</LongitudeDegrees>
                        </Position>
                        <AltitudeMeters>13.618146977972923</AltitudeMeters>
                        <DistanceMeters>3302.262107881293</DistanceMeters>
                    </Trackpoint>
                    <Trackpoint>
                        <Time>2026-08-15T20:18:33.000+02:00</Time>
                        <Position>
                            <LatitudeDegrees>39.634785</LatitudeDegrees>
                            <LongitudeDegrees>15.844321666666666</LongitudeDegrees>
                        </Position>
                        <AltitudeMeters>13.880942914995062</AltitudeMeters>
                        <DistanceMeters>3303.5833522612184</DistanceMeters>
                    </Trackpoint>
                    <Trackpoint>
                        <Time>2026-08-15T20:18:34.000+02:00</Time>
                        <Position>
                            <LatitudeDegrees>39.634775</LatitudeDegrees>
                            <LongitudeDegrees>15.84433</LongitudeDegrees>
                        </Position>
                        <AltitudeMeters>14.11238619969691</AltitudeMeters>
                        <DistanceMeters>3304.9045966970107</DistanceMeters>
                        <HeartRateBpm>
                            <Value>138</Value>
                        </HeartRateBpm>
                    </Trackpoint>
                    <Trackpoint>
                        <Time>2026-08-15T20:18:35.000+02:00</Time>
                        <Position>
                            <LatitudeDegrees>39.63476333333333</LatitudeDegrees>
                            <LongitudeDegrees>15.844336666666667</LongitudeDegrees>
                        </Position>
                        <AltitudeMeters>14.35456275311548</AltitudeMeters>
                        <DistanceMeters>3306.321934604971</DistanceMeters>
                        <HeartRateBpm>
                            <Value>138</Value>
                        </HeartRateBpm>
                    </Trackpoint>
                    <Trackpoint>
                        <Time>2026-08-15T20:18:36.000+02:00</Time>
                        <Position>
                            <LatitudeDegrees>39.634751666666666</LatitudeDegrees>
                            <LongitudeDegrees>15.844343333333333</LongitudeDegrees>
                        </Position>
                        <AltitudeMeters>14.606632571857556</AltitudeMeters>
                        <DistanceMeters>3307.7392725517143</DistanceMeters>
                    </Trackpoint>
                    <Trackpoint>
                        <Time>2026-08-15T20:18:37.000+02:00</Time>
                        <Position>
                            <LatitudeDegrees>39.63474</LatitudeDegrees>
                            <LongitudeDegrees>15.844346666666667</LongitudeDegrees>
                        </Position>
                        <AltitudeMeters>14.827668290614543</AltitudeMeters>
                        <DistanceMeters>3309.067581950414</DistanceMeters>
                        <HeartRateBpm>
                            <Value>139</Value>
                        </HeartRateBpm>
                    </Trackpoint>
                    <Trackpoint>
                        <Time>2026-08-15T20:18:38.000+02:00</Time>
                        <Position>
                            <LatitudeDegrees>39.634726666666666</LatitudeDegrees>
                            <LongitudeDegrees>15.844351666666666</LongitudeDegrees>
                        </Position>
                        <AltitudeMeters>15.059810772270987</AltitudeMeters>
                        <DistanceMeters>3310.6107726896303</DistanceMeters>
                    </Trackpoint>
                    <Trackpoint>
                        <Time>2026-08-15T20:18:39.000+02:00</Time>
                        <Position>
                            <LatitudeDegrees>39.63471333333333</LatitudeDegrees>
                            <LongitudeDegrees>15.844355</LongitudeDegrees>
                        </Position>
                        <AltitudeMeters>15.302264227072111</AltitudeMeters>
                        <DistanceMeters>3312.1206028755882</DistanceMeters>
                        <HeartRateBpm>
                            <Value>140</Value>
                        </HeartRateBpm>
                    </Trackpoint>
                    <Trackpoint>
                        <Time>2026-08-15T20:18:40.000+02:00</Time>
                        <Position>
                            <LatitudeDegrees>39.634703333333334</LatitudeDegrees>
                            <LongitudeDegrees>15.844361666666666</LongitudeDegrees>
                        </Position>
                        <AltitudeMeters>15.55424178418591</AltitudeMeters>
                        <DistanceMeters>3313.3705456272633</DistanceMeters>
                    </Trackpoint>
                    <Trackpoint>
                        <Time>2026-08-15T20:18:41.000+02:00</Time>
                        <Position>
                            <LatitudeDegrees>39.63469333333333</LatitudeDegrees>
                            <LongitudeDegrees>15.844368333333334</LongitudeDegrees>
                        </Position>
                        <AltitudeMeters>15.774865640717609</AltitudeMeters>
                        <DistanceMeters>3314.620488417892</DistanceMeters>
                    </Trackpoint>
                    <Trackpoint>
                        <Time>2026-08-15T20:18:42.000+02:00</Time>
                        <Position>
                            <LatitudeDegrees>39.634681666666665</LatitudeDegrees>
                            <LongitudeDegrees>15.844376666666667</LongitudeDegrees>
                        </Position>
                        <AltitudeMeters>16.00632266104434</AltitudeMeters>
                        <DistanceMeters>3316.101089192998</DistanceMeters>
                        <HeartRateBpm>
                            <Value>141</Value>
                        </HeartRateBpm>
                    </Trackpoint>
                    <Trackpoint>
                        <Time>2026-08-15T20:18:43.000+02:00</Time>
                        <Position>
                            <LatitudeDegrees>39.63467166666667</LatitudeDegrees>
                            <LongitudeDegrees>15.844385</LongitudeDegrees>
                        </Position>
                        <AltitudeMeters>16.247859537168903</AltitudeMeters>
                        <DistanceMeters>3317.422334203969</DistanceMeters>
                    </Trackpoint>
                    <Trackpoint>
                        <Time>2026-08-15T20:18:44.000+02:00</Time>
                        <Position>
                            <LatitudeDegrees>39.63466</LatitudeDegrees>
                            <LongitudeDegrees>15.844391666666667</LongitudeDegrees>
                        </Position>
                        <AltitudeMeters>16.458622423187926</AltitudeMeters>
                        <DistanceMeters>3318.8396724567356</DistanceMeters>
                    </Trackpoint>
                    <Trackpoint>
                        <Time>2026-08-15T20:18:45.000+02:00</Time>
                        <Position>
                            <LatitudeDegrees>39.63464666666667</LatitudeDegrees>
                            <LongitudeDegrees>15.844398333333334</LongitudeDegrees>
                        </Position>
                        <AltitudeMeters>16.721051511984843</AltitudeMeters>
                        <DistanceMeters>3320.4283917860566</DistanceMeters>
                        <HeartRateBpm>
                            <Value>141</Value>
                        </HeartRateBpm>
                    </Trackpoint>
                    <Trackpoint>
                        <Time>2026-08-15T20:18:46.000+02:00</Time>
                        <Position>
                            <LatitudeDegrees>39.63463333333333</LatitudeDegrees>
                            <LongitudeDegrees>15.844405</LongitudeDegrees>
                        </Position>
                        <AltitudeMeters>16.991321684599885</AltitudeMeters>
                        <DistanceMeters>3322.0171111555796</DistanceMeters>
                    </Trackpoint>
                    <Trackpoint>
                        <Time>2026-08-15T20:18:47.000+02:00</Time>
                        <Position>
                            <LatitudeDegrees>39.63462166666667</LatitudeDegrees>
                            <LongitudeDegrees>15.844411666666666</LongitudeDegrees>
                        </Position>
                        <AltitudeMeters>17.228606741782446</AltitudeMeters>
                        <DistanceMeters>3323.434449534374</DistanceMeters>
                    </Trackpoint>
                    <Trackpoint>
                        <Time>2026-08-15T20:18:48.000+02:00</Time>
                        <Position>
                            <LatitudeDegrees>39.634611666666665</LatitudeDegrees>
                            <LongitudeDegrees>15.84442</LongitudeDegrees>
                        </Position>
                        <AltitudeMeters>17.47515354356379</AltitudeMeters>
                        <DistanceMeters>3324.755694880855</DistanceMeters>
                        <HeartRateBpm>
                            <Value>143</Value>
                        </HeartRateBpm>
                    </Trackpoint>
                    <Trackpoint>
                        <Time>2026-08-15T20:18:49.000+02:00</Time>
                        <Position>
                            <LatitudeDegrees>39.63460166666667</LatitudeDegrees>
                            <LongitudeDegrees>15.844426666666667</LongitudeDegrees>
                        </Position>
                        <AltitudeMeters>17.730275503490734</AltitudeMeters>
                        <DistanceMeters>3326.0056380157635</DistanceMeters>
                    </Trackpoint>
                    <Trackpoint>
                        <Time>2026-08-15T20:18:50.000+02:00</Time>
                        <Position>
                            <LatitudeDegrees>39.63459</LatitudeDegrees>
                            <LongitudeDegrees>15.844435</LongitudeDegrees>
                        </Position>
                        <AltitudeMeters>17.953190714115685</AltitudeMeters>
                        <DistanceMeters>3327.4862392467944</DistanceMeters>
                        <HeartRateBpm>
                            <Value>144</Value>
                        </HeartRateBpm>
                    </Trackpoint>
                    <Trackpoint>
                        <Time>2026-08-15T20:18:51.000+02:00</Time>
                        <Position>
                            <LatitudeDegrees>39.63458</LatitudeDegrees>
                            <LongitudeDegrees>15.844443333333333</LongitudeDegrees>
                        </Position>
                        <AltitudeMeters>18.186177231891016</AltitudeMeters>
                        <DistanceMeters>3328.807484768833</DistanceMeters>
                    </Trackpoint>
                    <Trackpoint>
                        <Time>2026-08-15T20:18:52.000+02:00</Time>
                        <Position>
                            <LatitudeDegrees>39.634566666666665</LatitudeDegrees>
                            <LongitudeDegrees>15.84445</LongitudeDegrees>
                        </Position>
                        <AltitudeMeters>18.428568008387433</AltitudeMeters>
                        <DistanceMeters>3330.3962043368274</DistanceMeters>
                        <HeartRateBpm>
                            <Value>145</Value>
                        </HeartRateBpm>
                    </Trackpoint>
                    <Trackpoint>
                        <Time>2026-08-15T20:18:53.000+02:00</Time>
                        <Position>
                            <LatitudeDegrees>39.634555</LatitudeDegrees>
                            <LongitudeDegrees>15.844458333333334</LongitudeDegrees>
                        </Position>
                        <AltitudeMeters>18.67969637745245</AltitudeMeters>
                        <DistanceMeters>3331.876805741758</DistanceMeters>
                    </Trackpoint>
                    <Trackpoint>
                        <Time>2026-08-15T20:18:54.000+02:00</Time>
                        <Position>
                            <LatitudeDegrees>39.63454333333333</LatitudeDegrees>
                            <LongitudeDegrees>15.844463333333334</LongitudeDegrees>
                        </Position>
                        <AltitudeMeters>18.898796210492684</AltitudeMeters>
                        <DistanceMeters>3333.2429160452193</DistanceMeters>
                    </Trackpoint>
                    <Trackpoint>
                        <Time>2026-08-15T20:18:55.000+02:00</Time>
                        <Position>
                            <LatitudeDegrees>39.63453166666667</LatitudeDegrees>
                            <LongitudeDegrees>15.84447</LongitudeDegrees>
                        </Position>
                        <AltitudeMeters>19.128157600727324</AltitudeMeters>
                        <DistanceMeters>3334.66025472331</DistanceMeters>
                        <HeartRateBpm>
                            <Value>145</Value>
                        </HeartRateBpm>
                    </Trackpoint>
                    <Trackpoint>
                        <Time>2026-08-15T20:18:56.000+02:00</Time>
                        <Position>
                            <LatitudeDegrees>39.634523333333334</LatitudeDegrees>
                            <LongitudeDegrees>15.844475</LongitudeDegrees>
                        </Position>
                        <AltitudeMeters>19.32701617030419</AltitudeMeters>
                        <DistanceMeters>3335.681022788372</DistanceMeters>
                    </Trackpoint>
                    <Trackpoint>
                        <Time>2026-08-15T20:18:57.000+02:00</Time>
                        <Position>
                            <LatitudeDegrees>39.63451666666667</LatitudeDegrees>
                            <LongitudeDegrees>15.844481666666667</LongitudeDegrees>
                        </Position>
                        <AltitudeMeters>19.537649317061355</AltitudeMeters>
                        <DistanceMeters>3336.6166777972508</DistanceMeters>
                    </Trackpoint>
                    <Trackpoint>
                        <Time>2026-08-15T20:18:58.000+02:00</Time>
                        <Position>
                            <LatitudeDegrees>39.634508333333336</LatitudeDegrees>
                            <LongitudeDegrees>15.844491666666666</LongitudeDegrees>
                        </Position>
                        <AltitudeMeters>19.719267545769533</AltitudeMeters>
                        <DistanceMeters>3337.8784082458437</DistanceMeters>
                        <HeartRateBpm>
                            <Value>146</Value>
                        </HeartRateBpm>
                    </Trackpoint>
                    <Trackpoint>
                        <Time>2026-08-15T20:18:59.000+02:00</Time>
                        <Position>
                            <LatitudeDegrees>39.63449833333333</LatitudeDegrees>
                            <LongitudeDegrees>15.844505</LongitudeDegrees>
                        </Position>
                        <AltitudeMeters>19.91411258771806</AltitudeMeters>
                        <DistanceMeters>3339.4721868077845</DistanceMeters>
                    </Trackpoint>
                    <Trackpoint>
                        <Time>2026-08-15T20:19:00.000+02:00</Time>
                        <Position>
                            <LatitudeDegrees>39.63448833333333</LatitudeDegrees>
                            <LongitudeDegrees>15.84452</LongitudeDegrees>
                        </Position>
                        <AltitudeMeters>20.081350455991366</AltitudeMeters>
                        <DistanceMeters>3341.1711348880563</DistanceMeters>
                    </Trackpoint>
                    <Trackpoint>
                        <Time>2026-08-15T20:19:01.000+02:00</Time>
                        <Position>
                            <LatitudeDegrees>39.63448</LatitudeDegrees>
                            <LongitudeDegrees>15.844536666666666</LongitudeDegrees>
                        </Position>
                        <AltitudeMeters>20.223065138225376</AltitudeMeters>
                        <DistanceMeters>3342.8727988091337</DistanceMeters>
                        <HeartRateBpm>
                            <Value>146</Value>
                        </HeartRateBpm>
                    </Trackpoint>
                    <Trackpoint>
                        <Time>2026-08-15T20:19:02.000+02:00</Time>
                        <Position>
                            <LatitudeDegrees>39.63447333333333</LatitudeDegrees>
                            <LongitudeDegrees>15.844551666666666</LongitudeDegrees>
                        </Position>
                        <AltitudeMeters>20.381409492650477</AltitudeMeters>
                        <DistanceMeters>3344.3558756824496</DistanceMeters>
                        <HeartRateBpm>
                            <Value>147</Value>
                        </HeartRateBpm>
                    </Trackpoint>
                    <Trackpoint>
                        <Time>2026-08-15T20:19:03.000+02:00</Time>
                        <Position>
                            <LatitudeDegrees>39.63447</LatitudeDegrees>
                            <LongitudeDegrees>15.844566666666667</LongitudeDegrees>
                        </Position>
                        <AltitudeMeters>20.515440679532908</AltitudeMeters>
                        <DistanceMeters>3345.692802095243</DistanceMeters>
                        <HeartRateBpm>
                            <Value>148</Value>
                        </HeartRateBpm>
                    </Trackpoint>
                    <Trackpoint>
                        <Time>2026-08-15T20:19:04.000+02:00</Time>
                        <Position>
                            <LatitudeDegrees>39.63446833333333</LatitudeDegrees>
                            <LongitudeDegrees>15.84458</LongitudeDegrees>
                        </Position>
                        <AltitudeMeters>20.627117503999905</AltitudeMeters>
                        <DistanceMeters>3346.849539644411</DistanceMeters>
                    </Trackpoint>
                    <Trackpoint>
                        <Time>2026-08-15T20:19:05.000+02:00</Time>
                        <Position>
                            <LatitudeDegrees>39.63446833333333</LatitudeDegrees>
                            <LongitudeDegrees>15.844591666666666</LongitudeDegrees>
                        </Position>
                        <AltitudeMeters>20.758454632750816</AltitudeMeters>
                        <DistanceMeters>3347.8486104797685</DistanceMeters>
                        <HeartRateBpm>
                            <Value>149</Value>
                        </HeartRateBpm>
                    </Trackpoint>
                    <Trackpoint>
                        <Time>2026-08-15T20:19:06.000+02:00</Time>
                        <Position>
                            <LatitudeDegrees>39.63447166666667</LatitudeDegrees>
                            <LongitudeDegrees>15.844603333333334</LongitudeDegrees>
                        </Position>
                        <AltitudeMeters>20.868361029284262</AltitudeMeters>
                        <DistanceMeters>3348.914220238949</DistanceMeters>
                    </Trackpoint>
                    <Trackpoint>
                        <Time>2026-08-15T20:19:07.000+02:00</Time>
                        <Position>
                            <LatitudeDegrees>39.634478333333334</LatitudeDegrees>
                            <LongitudeDegrees>15.844616666666667</LongitudeDegrees>
                        </Position>
                        <AltitudeMeters>20.998746003085913</AltitudeMeters>
                        <DistanceMeters>3350.275551502471</DistanceMeters>
                        <HeartRateBpm>
                            <Value>150</Value>
                        </HeartRateBpm>
                    </Trackpoint>
                    <Trackpoint>
                        <Time>2026-08-15T20:19:08.000+02:00</Time>
                        <Position>
                            <LatitudeDegrees>39.63448666666667</LatitudeDegrees>
                            <LongitudeDegrees>15.844628333333333</LongitudeDegrees>
                        </Position>
                        <AltitudeMeters>21.108419436088184</AltitudeMeters>
                        <DistanceMeters>3351.638187763172</DistanceMeters>
                    </Trackpoint>
                    <Trackpoint>
                        <Time>2026-08-15T20:19:09.000+02:00</Time>
                        <Position>
                            <LatitudeDegrees>39.63449833333333</LatitudeDegrees>
                            <LongitudeDegrees>15.844638333333334</LongitudeDegrees>
                        </Position>
                        <AltitudeMeters>21.239197927073512</AltitudeMeters>
                        <DistanceMeters>3353.1926182646484</DistanceMeters>
                    </Trackpoint>
                    <Trackpoint>
                        <Time>2026-08-15T20:19:10.000+02:00</Time>
                        <Position>
                            <LatitudeDegrees>39.63451166666667</LatitudeDegrees>
                            <LongitudeDegrees>15.844646666666666</LongitudeDegrees>
                        </Position>
                        <AltitudeMeters>21.389911047070456</AltitudeMeters>
                        <DistanceMeters>3354.83802478431</DistanceMeters>
                        <HeartRateBpm>
                            <Value>150</Value>
                        </HeartRateBpm>
                    </Trackpoint>
                    <Trackpoint>
                        <Time>2026-08-15T20:19:11.000+02:00</Time>
                        <Position>
                            <LatitudeDegrees>39.634525</LatitudeDegrees>
                            <LongitudeDegrees>15.844653333333333</LongitudeDegrees>
                        </Position>
                        <AltitudeMeters>21.51925104167481</AltitudeMeters>
                        <DistanceMeters>3356.426744514098</DistanceMeters>
                        <HeartRateBpm>
                            <Value>151</Value>
                        </HeartRateBpm>
                    </Trackpoint>
                    <Trackpoint>
                        <Time>2026-08-15T20:19:12.000+02:00</Time>
                        <Position>
                            <LatitudeDegrees>39.63453833333333</LatitudeDegrees>
                            <LongitudeDegrees>15.844658333333333</LongitudeDegrees>
                        </Position>
                        <AltitudeMeters>21.66893855682799</AltitudeMeters>
                        <DistanceMeters>3357.9699356002648</DistanceMeters>
                    </Trackpoint>
                    <Trackpoint>
                        <Time>2026-08-15T20:19:13.000+02:00</Time>
                        <Position>
                            <LatitudeDegrees>39.63455166666667</LatitudeDegrees>
                            <LongitudeDegrees>15.84466</LongitudeDegrees>
                        </Position>
                        <AltitudeMeters>21.797620921916906</AltitudeMeters>
                        <DistanceMeters>3359.459390859976</DistanceMeters>
                    </Trackpoint>
                    <Trackpoint>
                        <Time>2026-08-15T20:19:14.000+02:00</Time>
                        <Position>
                            <LatitudeDegrees>39.63456333333333</LatitudeDegrees>
                            <LongitudeDegrees>15.844663333333333</LongitudeDegrees>
                        </Position>
                        <AltitudeMeters>21.94697636392312</AltitudeMeters>
                        <DistanceMeters>3360.7877004250536</DistanceMeters>
                        <HeartRateBpm>
                            <Value>151</Value>
                        </HeartRateBpm>
                    </Trackpoint>
                    <Trackpoint>
                        <Time>2026-08-15T20:19:15.000+02:00</Time>
                        <Position>
                            <LatitudeDegrees>39.63457666666667</LatitudeDegrees>
                            <LongitudeDegrees>15.844663333333333</LongitudeDegrees>
                        </Position>
                        <AltitudeMeters>22.07561235628568</AltitudeMeters>
                        <DistanceMeters>3362.2703017747617</DistanceMeters>
                    </Trackpoint>
                    <Trackpoint>
                        <Time>2026-08-15T20:19:16.000+02:00</Time>
                        <Position>
                            <LatitudeDegrees>39.63458833333333</LatitudeDegrees>
                            <LongitudeDegrees>15.844663333333333</LongitudeDegrees>
                        </Position>
                        <AltitudeMeters>22.22516986625756</AltitudeMeters>
                        <DistanceMeters>3363.567577954872</DistanceMeters>
                    </Trackpoint>
                    <Trackpoint>
                        <Time>2026-08-15T20:19:17.000+02:00</Time>
                        <Position>
                            <LatitudeDegrees>39.6346</LatitudeDegrees>
                            <LongitudeDegrees>15.844663333333333</LongitudeDegrees>
                        </Position>
                        <AltitudeMeters>22.35422170840578</AltitudeMeters>
                        <DistanceMeters>3364.8648541349826</DistanceMeters>
                        <HeartRateBpm>
                            <Value>152</Value>
                        </HeartRateBpm>
                    </Trackpoint>
                    <Trackpoint>
                        <Time>2026-08-15T20:19:18.000+02:00</Time>
                        <Position>
                            <LatitudeDegrees>39.634611666666665</LatitudeDegrees>
                            <LongitudeDegrees>15.84466</LongitudeDegrees>
                        </Position>
                        <AltitudeMeters>22.504376771761066</AltitudeMeters>
                        <DistanceMeters>3366.1931636571985</DistanceMeters>
                    </Trackpoint>
                    <Trackpoint>
                        <Time>2026-08-15T20:19:19.000+02:00</Time>
                        <Position>
                            <LatitudeDegrees>39.63462166666667</LatitudeDegrees>
                            <LongitudeDegrees>15.844656666666667</LongitudeDegrees>
                        </Position>
                        <AltitudeMeters>22.634178331732972</AltitudeMeters>
                        <DistanceMeters>3367.341168765267</DistanceMeters>
                    </Trackpoint>
                    <Trackpoint>
                        <Time>2026-08-15T20:19:20.000+02:00</Time>
                        <Position>
                            <LatitudeDegrees>39.63463333333333</LatitudeDegrees>
                            <LongitudeDegrees>15.844653333333333</LongitudeDegrees>
                        </Position>
                        <AltitudeMeters>22.74510221186414</AltitudeMeters>
                        <DistanceMeters>3368.669478268211</DistanceMeters>
                        <HeartRateBpm>
                            <Value>152</Value>
                        </HeartRateBpm>
                    </Trackpoint>
                    <Trackpoint>
                        <Time>2026-08-15T20:19:21.000+02:00</Time>
                        <Position>
                            <LatitudeDegrees>39.63464333333334</LatitudeDegrees>
                            <LongitudeDegrees>15.84465</LongitudeDegrees>
                        </Position>
                        <AltitudeMeters>22.878711423504104</AltitudeMeters>
                        <DistanceMeters>3369.817483353431</DistanceMeters>
                    </Trackpoint>
                    <Trackpoint>
                        <Time>2026-08-15T20:19:22.000+02:00</Time>
                        <Position>
                            <LatitudeDegrees>39.634655</LatitudeDegrees>
                            <LongitudeDegrees>15.844648333333334</LongitudeDegrees>
                        </Position>
                        <AltitudeMeters>22.993494676330883</AltitudeMeters>
                        <DistanceMeters>3371.1225870415547</DistanceMeters>
                    </Trackpoint>
                    <Trackpoint>
                        <Time>2026-08-15T20:19:23.000+02:00</Time>
                        <Position>
                            <LatitudeDegrees>39.63466833333333</LatitudeDegrees>
                            <LongitudeDegrees>15.844646666666666</LongitudeDegrees>
                        </Position>
                        <AltitudeMeters>23.130972200330476</AltitudeMeters>
                        <DistanceMeters>3372.6120422782255</DistanceMeters>
                        <HeartRateBpm>
                            <Value>152</Value>
                        </HeartRateBpm>
                    </Trackpoint>
                    <Trackpoint>
                        <Time>2026-08-15T20:19:24.000+02:00</Time>
                        <Position>
                            <LatitudeDegrees>39.634683333333335</LatitudeDegrees>
                            <LongitudeDegrees>15.844646666666666</LongitudeDegrees>
                        </Position>
                        <AltitudeMeters>23.249595484570914</AltitudeMeters>
                        <DistanceMeters>3374.279968796117</DistanceMeters>
                    </Trackpoint>
                    <Trackpoint>
                        <Time>2026-08-15T20:19:25.000+02:00</Time>
                        <Position>
                            <LatitudeDegrees>39.63469833333333</LatitudeDegrees>
                            <LongitudeDegrees>15.844646666666666</LongitudeDegrees>
                        </Position>
                        <AltitudeMeters>23.35074670671047</AltitudeMeters>
                        <DistanceMeters>3375.9478953133007</DistanceMeters>
                        <HeartRateBpm>
                            <Value>151</Value>
                        </HeartRateBpm>
                    </Trackpoint>
                    <Trackpoint>
                        <Time>2026-08-15T20:19:26.000+02:00</Time>
                        <Position>
                            <LatitudeDegrees>39.63471333333333</LatitudeDegrees>
                            <LongitudeDegrees>15.844646666666666</LongitudeDegrees>
                        </Position>
                        <AltitudeMeters>23.475894490499012</AltitudeMeters>
                        <DistanceMeters>3377.615821831192</DistanceMeters>
                    </Trackpoint>
                    <Trackpoint>
                        <Time>2026-08-15T20:19:27.000+02:00</Time>
                        <Position>
                            <LatitudeDegrees>39.634728333333335</LatitudeDegrees>
                            <LongitudeDegrees>15.844645</LongitudeDegrees>
                        </Position>
                        <AltitudeMeters>23.583433393565414</AltitudeMeters>
                        <DistanceMeters>3379.289843627988</DistanceMeters>
                    </Trackpoint>
                    <Trackpoint>
                        <Time>2026-08-15T20:19:28.000+02:00</Time>
                        <Position>
                            <LatitudeDegrees>39.63474333333333</LatitudeDegrees>
                            <LongitudeDegrees>15.844643333333334</LongitudeDegrees>
                        </Position>
                        <AltitudeMeters>23.674684569899767</AltitudeMeters>
                        <DistanceMeters>3380.9638654214405</DistanceMeters>
                        <HeartRateBpm>
                            <Value>151</Value>
                        </HeartRateBpm>
                    </Trackpoint>
                    <Trackpoint>
                        <Time>2026-08-15T20:19:29.000+02:00</Time>
                        <Position>
                            <LatitudeDegrees>39.63475666666667</LatitudeDegrees>
                            <LongitudeDegrees>15.844638333333334</LongitudeDegrees>
                        </Position>
                        <AltitudeMeters>23.79105263579287</AltitudeMeters>
                        <DistanceMeters>3382.5070561327125</DistanceMeters>
                    </Trackpoint>
                    <Trackpoint>
                        <Time>2026-08-15T20:19:30.000+02:00</Time>
                        <Position>
                            <LatitudeDegrees>39.63477</LatitudeDegrees>
                            <LongitudeDegrees>15.844633333333334</LongitudeDegrees>
                        </Position>
                        <AltitudeMeters>23.890866147628195</AltitudeMeters>
                        <DistanceMeters>3384.0502468203304</DistanceMeters>
                    </Trackpoint>
                    <Trackpoint>
                        <Time>2026-08-15T20:19:31.000+02:00</Time>
                        <Position>
                            <LatitudeDegrees>39.63478333333333</LatitudeDegrees>
                            <LongitudeDegrees>15.844626666666667</LongitudeDegrees>
                        </Position>
                        <AltitudeMeters>23.975379142335907</AltitudeMeters>
                        <DistanceMeters>3385.6389657839786</DistanceMeters>
                        <HeartRateBpm>
                            <Value>151</Value>
                        </HeartRateBpm>
                    </Trackpoint>
                    <Trackpoint>
                        <Time>2026-08-15T20:19:32.000+02:00</Time>
                        <Position>
                            <LatitudeDegrees>39.63479666666667</LatitudeDegrees>
                            <LongitudeDegrees>15.84462</LongitudeDegrees>
                        </Position>
                        <AltitudeMeters>24.08592877587147</AltitudeMeters>
                        <DistanceMeters>3387.227684709209</DistanceMeters>
                    </Trackpoint>
                    <Trackpoint>
                        <Time>2026-08-15T20:19:33.000+02:00</Time>
                        <Position>
                            <LatitudeDegrees>39.634811666666664</LatitudeDegrees>
                            <LongitudeDegrees>15.844615</LongitudeDegrees>
                        </Position>
                        <AltitudeMeters>24.180776474825787</AltitudeMeters>
                        <DistanceMeters>3388.949692081156</DistanceMeters>
                    </Trackpoint>
                    <Trackpoint>
                        <Time>2026-08-15T20:19:34.000+02:00</Time>
                        <Position>
                            <LatitudeDegrees>39.63482666666667</LatitudeDegrees>
                            <LongitudeDegrees>15.84461</LongitudeDegrees>
                        </Position>
                        <AltitudeMeters>24.261110058722437</AltitudeMeters>
                        <DistanceMeters>3390.6716994305666</DistanceMeters>
                        <HeartRateBpm>
                            <Value>149</Value>
                        </HeartRateBpm>
                    </Trackpoint>
                    <Trackpoint>
                        <Time>2026-08-15T20:19:35.000+02:00</Time>
                        <Position>
                            <LatitudeDegrees>39.634843333333336</LatitudeDegrees>
                            <LongitudeDegrees>15.844606666666667</LongitudeDegrees>
                        </Position>
                        <AltitudeMeters>24.32809586943752</AltitudeMeters>
                        <DistanceMeters>3392.5468052872725</DistanceMeters>
                    </Trackpoint>
                    <Trackpoint>
                        <Time>2026-08-15T20:19:36.000+02:00</Time>
                        <Position>
                            <LatitudeDegrees>39.634861666666666</LatitudeDegrees>
                            <LongitudeDegrees>15.844603333333334</LongitudeDegrees>
                        </Position>
                        <AltitudeMeters>24.422976743481314</AltitudeMeters>
                        <DistanceMeters>3394.6052696928273</DistanceMeters>
                        <HeartRateBpm>
                            <Value>150</Value>
                        </HeartRateBpm>
                    </Trackpoint>
                    <Trackpoint>
                        <Time>2026-08-15T20:19:37.000+02:00</Time>
                        <Position>
                            <LatitudeDegrees>39.63488</LatitudeDegrees>
                            <LongitudeDegrees>15.844601666666666</LongitudeDegrees>
                        </Position>
                        <AltitudeMeters>24.503914916326845</AltitudeMeters>
                        <DistanceMeters>3396.64883657827</DistanceMeters>
                    </Trackpoint>
                    <Trackpoint>
                        <Time>2026-08-15T20:19:38.000+02:00</Time>
                        <Position>
                            <LatitudeDegrees>39.634895</LatitudeDegrees>
                            <LongitudeDegrees>15.8446</LongitudeDegrees>
                        </Position>
                        <AltitudeMeters>24.571995711583043</AltitudeMeters>
                        <DistanceMeters>3398.3228583450427</DistanceMeters>
                        <HeartRateBpm>
                            <Value>149</Value>
                        </HeartRateBpm>
                    </Trackpoint>
                    <Trackpoint>
                        <Time>2026-08-15T20:19:39.000+02:00</Time>
                        <Position>
                            <LatitudeDegrees>39.63491</LatitudeDegrees>
                            <LongitudeDegrees>15.8446</LongitudeDegrees>
                        </Position>
                        <AltitudeMeters>24.628281061367204</AltitudeMeters>
                        <DistanceMeters>3399.990784862227</DistanceMeters>
                        <HeartRateBpm>
                            <Value>149</Value>
                        </HeartRateBpm>
                    </Trackpoint>
                    <Trackpoint>
                        <Time>2026-08-15T20:19:40.000+02:00</Time>
                        <Position>
                            <LatitudeDegrees>39.63492333333333</LatitudeDegrees>
                            <LongitudeDegrees>15.844598333333334</LongitudeDegrees>
                        </Position>
                        <AltitudeMeters>24.71390870386554</AltitudeMeters>
                        <DistanceMeters>3401.48024004916</DistanceMeters>
                        <HeartRateBpm>
                            <Value>150</Value>
                        </HeartRateBpm>
                    </Trackpoint>
                    <Trackpoint>
                        <Time>2026-08-15T20:19:41.000+02:00</Time>
                        <Position>
                            <LatitudeDegrees>39.634933333333336</LatitudeDegrees>
                            <LongitudeDegrees>15.844595</LongitudeDegrees>
                        </Position>
                        <AltitudeMeters>24.786936157707785</AltitudeMeters>
                        <DistanceMeters>3402.6282448368233</DistanceMeters>
                    </Trackpoint>
                    <Trackpoint>
                        <Time>2026-08-15T20:19:42.000+02:00</Time>
                        <Position>
                            <LatitudeDegrees>39.63494333333333</LatitudeDegrees>
                            <LongitudeDegrees>15.844591666666666</LongitudeDegrees>
                        </Position>
                        <AltitudeMeters>24.848345336463563</AltitudeMeters>
                        <DistanceMeters>3403.7762496134737</DistanceMeters>
                        <HeartRateBpm>
                            <Value>149</Value>
                        </HeartRateBpm>
                    </Trackpoint>
                    <Trackpoint>
                        <Time>2026-08-15T20:19:43.000+02:00</Time>
                        <Position>
                            <LatitudeDegrees>39.634955</LatitudeDegrees>
                            <LongitudeDegrees>15.844588333333334</LongitudeDegrees>
                        </Position>
                        <AltitudeMeters>24.89909686008672</AltitudeMeters>
                        <DistanceMeters>3405.104558831171</DistanceMeters>
                    </Trackpoint>
                    <Trackpoint>
                        <Time>2026-08-15T20:19:44.000+02:00</Time>
                        <Position>
                            <LatitudeDegrees>39.63496833333333</LatitudeDegrees>
                            <LongitudeDegrees>15.844583333333333</LongitudeDegrees>
                        </Position>
                        <AltitudeMeters>24.89909686008672</AltitudeMeters>
                        <DistanceMeters>3405.104558831171</DistanceMeters>
                        <HeartRateBpm>
                            <Value>149</Value>
                        </HeartRateBpm>
                    </Trackpoint>
                </Track>
            </Lap>
            <Creator xsi:type="Device_t" xmlns:xsi="http://www.w3.org/2001/XMLSchema-instance">
                <Name>Google Pixel Watch 4</Name>
                <UnitId>0</UnitId>
                <ProductID>0</ProductID>
            </Creator>
        </Activity>
    </Activities>
</TrainingCenterDatabase>
