<?xml version="1.0" encoding="UTF-8" standalone="yes"?>
<TrainingCenterDatabase xmlns="http://www.garmin.com/xmlschemas/TrainingCenterDatabase/v2">
    <Activities>
        <Activity Sport="Other">
            <Id>2026-08-23T07:12:41.000+01:00</Id>
            <Lap StartTime="2026-08-23T07:12:41.000+01:00">
                <TotalTimeSeconds>2707.0</TotalTimeSeconds>
                <DistanceMeters>5262.382</DistanceMeters>
                <Calories>534</Calories>
                <Intensity>Active</Intensity>
                <TriggerMethod>Manual</TriggerMethod>
                <Track>
                    <Trackpoint>
                        <Time>2026-08-23T07:12:42.000+01:00</Time>
                        <HeartRateBpm>
                            <Value>73</Value>
                        </HeartRateBpm>
                    </Trackpoint>
                    <Trackpoint>
                        <Time>2026-08-23T07:12:44.000+01:00</Time>
                        <HeartRateBpm>
                            <Value>74</Value>
                        </HeartRateBpm>
                    </Trackpoint>
                    <Trackpoint>
                        <Time>2026-08-23T07:12:46.000+01:00</Time>
                        <HeartRateBpm>
                            <Value>75</Value>
                        </HeartRateBpm>
                    </Trackpoint>
                    <Trackpoint>
                        <Time>2026-08-23T07:12:48.000+01:00</Time>
                        <HeartRateBpm>
                            <Value>74</Value>
                        </HeartRateBpm>
                    </Trackpoint>
                    <Trackpoint>
                        <Time>2026-08-23T07:12:51.000+01:00</Time>
                        <HeartRateBpm>
                            <Value>74</Value>
                        </HeartRateBpm>
                    </Trackpoint>
                    <Trackpoint>
                        <Time>2026-08-23T07:12:54.000+01:00</Time>
                        <HeartRateBpm>
                            <Value>74</Value>
                        </HeartRateBpm>
                    </Trackpoint>
                    <Trackpoint>
                        <Time>2026-08-23T07:12:55.000+01:00</Time>
                        <HeartRateBpm>
                            <Value>73</Value>
                        </HeartRateBpm>
                    </Trackpoint>
                    <Trackpoint>
                        <Time>2026-08-23T07:12:58.000+01:00</Time>
                        <HeartRateBpm>
                            <Value>73</Value>
                        </HeartRateBpm>
                    </Trackpoint>
                    <Trackpoint>
                        <Time>2026-08-23T07:13:01.000+01:00</Time>
                        <HeartRateBpm>
                            <Value>74</Value>
                        </HeartRateBpm>
                    </Trackpoint>
                    <Trackpoint>
                        <Time>2026-08-23T07:13:04.000+01:00</Time>
                        <HeartRateBpm>
                            <Value>74</Value>
                        </HeartRateBpm>
                    </Trackpoint>
                    <Trackpoint>
                        <Time>2026-08-23T07:13:05.000+01:00</Time>
                        <HeartRateBpm>
                            <Value>76</Value>
                        </HeartRateBpm>
                    </Trackpoint>
                    <Trackpoint>
                        <Time>2026-08-23T07:13:08.000+01:00</Time>
                        <HeartRateBpm>
                            <Value>76</Value>
                        </HeartRateBpm>
                    </Trackpoint>
                    <Trackpoint>
                        <Time>2026-08-23T07:13:09.000+01:00</Time>
                        <HeartRateBpm>
                            <Value>77</Value>
                        </HeartRateBpm>
                    </Trackpoint>
                    <Trackpoint>
                        <Time>2026-08-23T07:13:11.000+01:00</Time>
                        <HeartRateBpm>
                            <Value>78</Value>
                        </HeartRateBpm>
                    </Trackpoint>
                    <Trackpoint>
                        <Time>2026-08-23T07:13:13.000+01:00</Time>
                        <HeartRateBpm>
                            <Value>80</Value>
                        </HeartRateBpm>
                    </Trackpoint>
                    <Trackpoint>
                        <Time>2026-08-23T07:13:14.000+01:00</Time>
                        <HeartRateBpm>
                            <Value>82</Value>
                        </HeartRateBpm>
                    </Trackpoint>
                    <Trackpoint>
                        <Time>2026-08-23T07:13:16.000+01:00</Time>
                        <HeartRateBpm>
                            <Value>82</Value>
                        </HeartRateBpm>
                    </Trackpoint>
                    <Trackpoint>
                        <Time>2026-08-23T07:13:18.000+01:00</Time>
                        <HeartRateBpm>
                            <Value>84</Value>
                        </HeartRateBpm>
                    </Trackpoint>
                    <Trackpoint>
                        <Time>2026-08-23T07:13:20.000+01:00</Time>
                        <HeartRateBpm>
                            <Value>83</Value>
                        </HeartRateBpm>
                    </Trackpoint>
                    <Trackpoint>
                        <Time>2026-08-23T07:13:23.000+01:00</Time>
                        <HeartRateBpm>
                            <Value>83</Value>
                        </HeartRateBpm>
                    </Trackpoint>
                    <Trackpoint>
                        <Time>2026-08-23T07:13:24.000+01:00</Time>
                        <HeartRateBpm>
                            <Value>87</Value>
                        </HeartRateBpm>
                    </Trackpoint>
                    <Trackpoint>
                        <Time>2026-08-23T07:13:26.000+01:00</Time>
                        <HeartRateBpm>
                            <Value>88</Value>
                        </HeartRateBpm>
                    </Trackpoint>
                    <Trackpoint>
                        <Time>2026-08-23T07:13:28.000+01:00</Time>
                        <HeartRateBpm>
                            <Value>94</Value>
                        </HeartRateBpm>
                    </Trackpoint>
                    <Trackpoint>
                        <Time>2026-08-23T07:13:30.000+01:00</Time>
                        <HeartRateBpm>
                            <Value>93</Value>
                        </HeartRateBpm>
                    </Trackpoint>
                    <Trackpoint>
                        <Time>2026-08-23T07:13:32.000+01:00</Time>
                        <HeartRateBpm>
                            <Value>94</Value>
                        </HeartRateBpm>
                    </Trackpoint>
                    <Trackpoint>
                        <Time>2026-08-23T07:13:34.000+01:00</Time>
                        <HeartRateBpm>
                            <Value>90</Value>
                        </HeartRateBpm>
                    </Trackpoint>
                    <Trackpoint>
                        <Time>2026-08-23T07:13:36.000+01:00</Time>
                        <HeartRateBpm>
                            <Value>94</Value>
                        </HeartRateBpm>
                    </Trackpoint>
                    <Trackpoint>
                        <Time>2026-08-23T07:13:37.000+01:00</Time>
                        <HeartRateBpm>
                            <Value>95</Value>
                        </HeartRateBpm>
                    </Trackpoint>
                    <Trackpoint>
                        <Time>2026-08-23T07:13:39.000+01:00</Time>
                        <HeartRateBpm>
                            <Value>97</Value>
                        </HeartRateBpm>
                    </Trackpoint>
                    <Trackpoint>
                        <Time>2026-08-23T07:13:41.000+01:00</Time>
                        <HeartRateBpm>
                            <Value>92</Value>
                        </HeartRateBpm>
                    </Trackpoint>
                    <Trackpoint>
                        <Time>2026-08-23T07:13:43.000+01:00</Time>
                        <HeartRateBpm>
                            <Value>93</Value>
                        </HeartRateBpm>
                    </Trackpoint>
                    <Trackpoint>
                        <Time>2026-08-23T07:13:45.000+01:00</Time>
                        <HeartRateBpm>
                            <Value>97</Value>
                        </HeartRateBpm>
                    </Trackpoint>
                    <Trackpoint>
                        <Time>2026-08-23T07:13:47.000+01:00</Time>
                        <HeartRateBpm>
                            <Value>94</Value>
                        </HeartRateBpm>
                    </Trackpoint>
                    <Trackpoint>
                        <Time>2026-08-23T07:13:49.000+01:00</Time>
                        <HeartRateBpm>
                            <Value>92</Value>
                        </HeartRateBpm>
                    </Trackpoint>
                    <Trackpoint>
                        <Time>2026-08-23T07:13:51.000+01:00</Time>
                        <HeartRateBpm>
                            <Value>94</Value>
                        </HeartRateBpm>
                    </Trackpoint>
                    <Trackpoint>
                        <Time>2026-08-23T07:13:53.000+01:00</Time>
                        <HeartRateBpm>
                            <Value>95</Value>
                        </HeartRateBpm>
                    </Trackpoint>
                    <Trackpoint>
                        <Time>2026-08-23T07:13:55.000+01:00</Time>
                        <HeartRateBpm>
                            <Value>96</Value>
                        </HeartRateBpm>
                    </Trackpoint>
                    <Trackpoint>
                        <Time>2026-08-23T07:13:57.000+01:00</Time>
                        <HeartRateBpm>
                            <Value>97</Value>
                        </HeartRateBpm>
                    </Trackpoint>
                    <Trackpoint>
                        <Time>2026-08-23T07:13:59.000+01:00</Time>
                        <HeartRateBpm>
                            <Value>95</Value>
                        </HeartRateBpm>
                    </Trackpoint>
                    <Trackpoint>
                        <Time>2026-08-23T07:14:02.000+01:00</Time>
                        <HeartRateBpm>
                            <Value>93</Value>
                        </HeartRateBpm>
                    </Trackpoint>
                    <Trackpoint>
                        <Time>2026-08-23T07:14:04.000+01:00</Time>
                        <HeartRateBpm>
                            <Value>95</Value>
                        </HeartRateBpm>
                    </Trackpoint>
                    <Trackpoint>
                        <Time>2026-08-23T07:14:06.000+01:00</Time>
                        <HeartRateBpm>
                            <Value>93</Value>
                        </HeartRateBpm>
                    </Trackpoint>
                    <Trackpoint>
                        <Time>2026-08-23T07:14:08.000+01:00</Time>
                        <HeartRateBpm>
                            <Value>94</Value>
                        </HeartRateBpm>
                    </Trackpoint>
                    <Trackpoint>
                        <Time>2026-08-23T07:14:10.000+01:00</Time>
                        <HeartRateBpm>
                            <Value>97</Value>
                        </HeartRateBpm>
                    </Trackpoint>
                    <Trackpoint>
                        <Time>2026-08-23T07:14:13.000+01:00</Time>
                        <HeartRateBpm>
                            <Value>97</Value>
                        </HeartRateBpm>
                    </Trackpoint>
                    <Trackpoint>
                        <Time>2026-08-23T07:14:14.000+01:00</Time>
                        <HeartRateBpm>
                            <Value>93</Value>
                        </HeartRateBpm>
                    </Trackpoint>
                    <Trackpoint>
                        <Time>2026-08-23T07:14:16.000+01:00</Time>
                        <HeartRateBpm>
                            <Value>95</Value>
                        </HeartRateBpm>
                    </Trackpoint>
                    <Trackpoint>
                        <Time>2026-08-23T07:14:18.000+01:00</Time>
                        <HeartRateBpm>
                            <Value>92</Value>
                        </HeartRateBpm>
                    </Trackpoint>
                    <Trackpoint>
                        <Time>2026-08-23T07:14:20.000+01:00</Time>
                        <HeartRateBpm>
                            <Value>93</Value>
                        </HeartRateBpm>
                    </Trackpoint>
                    <Trackpoint>
                        <Time>2026-08-23T07:14:22.000+01:00</Time>
                        <HeartRateBpm>
                            <Value>90</Value>
                        </HeartRateBpm>
                    </Trackpoint>
                    <Trackpoint>
                        <Time>2026-08-23T07:14:24.000+01:00</Time>
                        <HeartRateBpm>
                            <Value>92</Value>
                        </HeartRateBpm>
                    </Trackpoint>
                    <Trackpoint>
                        <Time>2026-08-23T07:14:25.000+01:00</Time>
                        <HeartRateBpm>
                            <Value>94</Value>
                        </HeartRateBpm>
                    </Trackpoint>
                    <Trackpoint>
                        <Time>2026-08-23T07:14:27.000+01:00</Time>
                        <HeartRateBpm>
                            <Value>95</Value>
                        </HeartRateBpm>
                    </Trackpoint>
                    <Trackpoint>
                        <Time>2026-08-23T07:14:29.000+01:00</Time>
                        <HeartRateBpm>
                            <Value>93</Value>
                        </HeartRateBpm>
                    </Trackpoint>
                    <Trackpoint>
                        <Time>2026-08-23T07:14:30.000+01:00</Time>
                        <HeartRateBpm>
                            <Value>93</Value>
                        </HeartRateBpm>
                    </Trackpoint>
                    <Trackpoint>
                        <Time>2026-08-23T07:14:31.000+01:00</Time>
                        <HeartRateBpm>
                            <Value>94</Value>
                        </HeartRateBpm>
                    </Trackpoint>
                    <Trackpoint>
                        <Time>2026-08-23T07:14:34.000+01:00</Time>
                        <HeartRateBpm>
                            <Value>94</Value>
                        </HeartRateBpm>
                    </Trackpoint>
                    <Trackpoint>
                        <Time>2026-08-23T07:14:37.000+01:00</Time>
                        <HeartRateBpm>
                            <Value>91</Value>
                        </HeartRateBpm>
                    </Trackpoint>
                    <Trackpoint>
                        <Time>2026-08-23T07:14:39.000+01:00</Time>
                        <HeartRateBpm>
                            <Value>95</Value>
                        </HeartRateBpm>
                    </Trackpoint>
                    <Trackpoint>
                        <Time>2026-08-23T07:14:41.000+01:00</Time>
                        <HeartRateBpm>
                            <Value>98</Value>
                        </HeartRateBpm>
                    </Trackpoint>
                    <Trackpoint>
                        <Time>2026-08-23T07:14:43.000+01:00</Time>
                        <HeartRateBpm>
                            <Value>100</Value>
                        </HeartRateBpm>
                    </Trackpoint>
                    <Trackpoint>
                        <Time>2026-08-23T07:14:45.000+01:00</Time>
                        <HeartRateBpm>
                            <Value>100</Value>
                        </HeartRateBpm>
                    </Trackpoint>
                    <Trackpoint>
                        <Time>2026-08-23T07:14:47.000+01:00</Time>
                        <HeartRateBpm>
                            <Value>101</Value>
                        </HeartRateBpm>
                    </Trackpoint>
                    <Trackpoint>
                        <Time>2026-08-23T07:14:48.000+01:00</Time>
                        <HeartRateBpm>
                            <Value>102</Value>
                        </HeartRateBpm>
                    </Trackpoint>
                    <Trackpoint>
                        <Time>2026-08-23T07:14:50.000+01:00</Time>
                        <HeartRateBpm>
                            <Value>101</Value>
                        </HeartRateBpm>
                    </Trackpoint>
                    <Trackpoint>
                        <Time>2026-08-23T07:14:52.000+01:00</Time>
                        <HeartRateBpm>
                            <Value>100</Value>
                        </HeartRateBpm>
                    </Trackpoint>
                    <Trackpoint>
                        <Time>2026-08-23T07:14:54.000+01:00</Time>
                        <HeartRateBpm>
                            <Value>99</Value>
                        </HeartRateBpm>
                    </Trackpoint>
                    <Trackpoint>
                        <Time>2026-08-23T07:14:56.000+01:00</Time>
                        <HeartRateBpm>
                            <Value>101</Value>
                        </HeartRateBpm>
                    </Trackpoint>
                    <Trackpoint>
                        <Time>2026-08-23T07:14:58.000+01:00</Time>
                        <HeartRateBpm>
                            <Value>103</Value>
                        </HeartRateBpm>
                    </Trackpoint>
                    <Trackpoint>
                        <Time>2026-08-23T07:15:00.000+01:00</Time>
                        <HeartRateBpm>
                            <Value>106</Value>
                        </HeartRateBpm>
                    </Trackpoint>
                    <Trackpoint>
                        <Time>2026-08-23T07:15:03.000+01:00</Time>
                        <HeartRateBpm>
                            <Value>106</Value>
                        </HeartRateBpm>
                    </Trackpoint>
                    <Trackpoint>
                        <Time>2026-08-23T07:15:04.000+01:00</Time>
                        <HeartRateBpm>
                            <Value>110</Value>
                        </HeartRateBpm>
                    </Trackpoint>
                    <Trackpoint>
                        <Time>2026-08-23T07:15:06.000+01:00</Time>
                        <HeartRateBpm>
                            <Value>108</Value>
                        </HeartRateBpm>
                    </Trackpoint>
                    <Trackpoint>
                        <Time>2026-08-23T07:15:08.000+01:00</Time>
                        <HeartRateBpm>
                            <Value>107</Value>
                        </HeartRateBpm>
                    </Trackpoint>
                    <Trackpoint>
                        <Time>2026-08-23T07:15:10.000+01:00</Time>
                        <HeartRateBpm>
                            <Value>108</Value>
                        </HeartRateBpm>
                    </Trackpoint>
                    <Trackpoint>
                        <Time>2026-08-23T07:15:11.000+01:00</Time>
                        <HeartRateBpm>
                            <Value>102</Value>
                        </HeartRateBpm>
                    </Trackpoint>
                    <Trackpoint>
                        <Time>2026-08-23T07:15:13.000+01:00</Time>
                        <HeartRateBpm>
                            <Value>108</Value>
                        </HeartRateBpm>
                    </Trackpoint>
                    <Trackpoint>
                        <Time>2026-08-23T07:15:15.000+01:00</Time>
                        <HeartRateBpm>
                            <Value>105</Value>
                        </HeartRateBpm>
                    </Trackpoint>
                    <Trackpoint>
                        <Time>2026-08-23T07:15:18.000+01:00</Time>
                        <HeartRateBpm>
                            <Value>105</Value>
                        </HeartRateBpm>
                    </Trackpoint>
                    <Trackpoint>
                        <Time>2026-08-23T07:15:19.000+01:00</Time>
                        <HeartRateBpm>
                            <Value>103</Value>
                        </HeartRateBpm>
                    </Trackpoint>
                    <Trackpoint>
                        <Time>2026-08-23T07:15:21.000+01:00</Time>
                        <HeartRateBpm>
                            <Value>102</Value>
                        </HeartRateBpm>
                    </Trackpoint>
                    <Trackpoint>
                        <Time>2026-08-23T07:15:22.000+01:00</Time>
                        <HeartRateBpm>
                            <Value>102</Value>
                        </HeartRateBpm>
                    </Trackpoint>
                    <Trackpoint>
                        <Time>2026-08-23T07:15:23.000+01:00</Time>
                        <HeartRateBpm>
                            <Value>99</Value>
                        </HeartRateBpm>
                    </Trackpoint>
                    <Trackpoint>
                        <Time>2026-08-23T07:15:26.000+01:00</Time>
                        <HeartRateBpm>
                            <Value>99</Value>
                        </HeartRateBpm>
                    </Trackpoint>
                    <Trackpoint>
                        <Time>2026-08-23T07:15:28.000+01:00</Time>
                        <HeartRateBpm>
                            <Value>96</Value>
                        </HeartRateBpm>
                    </Trackpoint>
                    <Trackpoint>
                        <Time>2026-08-23T07:15:31.000+01:00</Time>
                        <HeartRateBpm>
                            <Value>96</Value>
                        </HeartRateBpm>
                    </Trackpoint>
                    <Trackpoint>
                        <Time>2026-08-23T07:15:32.000+01:00</Time>
                        <HeartRateBpm>
                            <Value>98</Value>
                        </HeartRateBpm>
                    </Trackpoint>
                    <Trackpoint>
                        <Time>2026-08-23T07:15:35.000+01:00</Time>
                        <HeartRateBpm>
                            <Value>98</Value>
                        </HeartRateBpm>
                    </Trackpoint>
                    <Trackpoint>
                        <Time>2026-08-23T07:15:36.000+01:00</Time>
                        <HeartRateBpm>
                            <Value>100</Value>
                        </HeartRateBpm>
                    </Trackpoint>
                    <Trackpoint>
                        <Time>2026-08-23T07:15:38.000+01:00</Time>
                        <HeartRateBpm>
                            <Value>98</Value>
                        </HeartRateBpm>
                    </Trackpoint>
                    <Trackpoint>
                        <Time>2026-08-23T07:15:40.000+01:00</Time>
                        <HeartRateBpm>
                            <Value>99</Value>
                        </HeartRateBpm>
                    </Trackpoint>
                    <Trackpoint>
                        <Time>2026-08-23T07:15:42.000+01:00</Time>
                        <HeartRateBpm>
                            <Value>98</Value>
                        </HeartRateBpm>
                    </Trackpoint>
                    <Trackpoint>
                        <Time>2026-08-23T07:15:44.000+01:00</Time>
                        <HeartRateBpm>
                            <Value>101</Value>
                        </HeartRateBpm>
                    </Trackpoint>
                    <Trackpoint>
                        <Time>2026-08-23T07:15:46.000+01:00</Time>
                        <HeartRateBpm>
                            <Value>101</Value>
                        </HeartRateBpm>
                    </Trackpoint>
                    <Trackpoint>
                        <Time>2026-08-23T07:15:48.000+01:00</Time>
                        <HeartRateBpm>
                            <Value>103</Value>
                        </HeartRateBpm>
                    </Trackpoint>
                    <Trackpoint>
                        <Time>2026-08-23T07:15:50.000+01:00</Time>
                        <HeartRateBpm>
                            <Value>104</Value>
                        </HeartRateBpm>
                    </Trackpoint>
                    <Trackpoint>
                        <Time>2026-08-23T07:15:51.000+01:00</Time>
                        <HeartRateBpm>
                            <Value>107</Value>
                        </HeartRateBpm>
                    </Trackpoint>
                    <Trackpoint>
                        <Time>2026-08-23T07:15:53.000+01:00</Time>
                        <HeartRateBpm>
                            <Value>104</Value>
                        </HeartRateBpm>
                    </Trackpoint>
                    <Trackpoint>
                        <Time>2026-08-23T07:15:55.000+01:00</Time>
                        <HeartRateBpm>
                            <Value>107</Value>
                        </HeartRateBpm>
                    </Trackpoint>
                    <Trackpoint>
                        <Time>2026-08-23T07:15:57.000+01:00</Time>
                        <HeartRateBpm>
                            <Value>105</Value>
                        </HeartRateBpm>
                    </Trackpoint>
                    <Trackpoint>
                        <Time>2026-08-23T07:15:59.000+01:00</Time>
                        <HeartRateBpm>
                            <Value>108</Value>
                        </HeartRateBpm>
                    </Trackpoint>
                    <Trackpoint>
                        <Time>2026-08-23T07:16:01.000+01:00</Time>
                        <HeartRateBpm>
                            <Value>107</Value>
                        </HeartRateBpm>
                    </Trackpoint>
                    <Trackpoint>
                        <Time>2026-08-23T07:16:03.000+01:00</Time>
                        <HeartRateBpm>
                            <Value>111</Value>
                        </HeartRateBpm>
                    </Trackpoint>
                    <Trackpoint>
                        <Time>2026-08-23T07:16:05.000+01:00</Time>
                        <HeartRateBpm>
                            <Value>112</Value>
                        </HeartRateBpm>
                    </Trackpoint>
                    <Trackpoint>
                        <Time>2026-08-23T07:16:07.000+01:00</Time>
                        <HeartRateBpm>
                            <Value>114</Value>
                        </HeartRateBpm>
                    </Trackpoint>
                    <Trackpoint>
                        <Time>2026-08-23T07:16:09.000+01:00</Time>
                        <HeartRateBpm>
                            <Value>114</Value>
                        </HeartRateBpm>
                    </Trackpoint>
                    <Trackpoint>
                        <Time>2026-08-23T07:16:11.000+01:00</Time>
                        <HeartRateBpm>
                            <Value>115</Value>
                        </HeartRateBpm>
                    </Trackpoint>
                    <Trackpoint>
                        <Time>2026-08-23T07:16:13.000+01:00</Time>
                        <HeartRateBpm>
                            <Value>115</Value>
                        </HeartRateBpm>
                    </Trackpoint>
                    <Trackpoint>
                        <Time>2026-08-23T07:16:14.000+01:00</Time>
                        <HeartRateBpm>
                            <Value>115</Value>
                        </HeartRateBpm>
                    </Trackpoint>
                    <Trackpoint>
                        <Time>2026-08-23T07:16:16.000+01:00</Time>
                        <HeartRateBpm>
                            <Value>111</Value>
                        </HeartRateBpm>
                    </Trackpoint>
                    <Trackpoint>
                        <Time>2026-08-23T07:16:18.000+01:00</Time>
                        <HeartRateBpm>
                            <Value>114</Value>
                        </HeartRateBpm>
                    </Trackpoint>
                    <Trackpoint>
                        <Time>2026-08-23T07:16:20.000+01:00</Time>
                        <HeartRateBpm>
                            <Value>110</Value>
                        </HeartRateBpm>
                    </Trackpoint>
                    <Trackpoint>
                        <Time>2026-08-23T07:16:22.000+01:00</Time>
                        <HeartRateBpm>
                            <Value>113</Value>
                        </HeartRateBpm>
                    </Trackpoint>
                    <Trackpoint>
                        <Time>2026-08-23T07:16:24.000+01:00</Time>
                        <HeartRateBpm>
                            <Value>108</Value>
                        </HeartRateBpm>
                    </Trackpoint>
                    <Trackpoint>
                        <Time>2026-08-23T07:16:26.000+01:00</Time>
                        <HeartRateBpm>
                            <Value>112</Value>
                        </HeartRateBpm>
                    </Trackpoint>
                    <Trackpoint>
                        <Time>2026-08-23T07:16:28.000+01:00</Time>
                        <HeartRateBpm>
                            <Value>110</Value>
                        </HeartRateBpm>
                    </Trackpoint>
                    <Trackpoint>
                        <Time>2026-08-23T07:16:30.000+01:00</Time>
                        <HeartRateBpm>
                            <Value>110</Value>
                        </HeartRateBpm>
                    </Trackpoint>
                    <Trackpoint>
                        <Time>2026-08-23T07:16:32.000+01:00</Time>
                        <HeartRateBpm>
                            <Value>109</Value>
                        </HeartRateBpm>
                    </Trackpoint>
                    <Trackpoint>
                        <Time>2026-08-23T07:16:34.000+01:00</Time>
                        <HeartRateBpm>
                            <Value>108</Value>
                        </HeartRateBpm>
                    </Trackpoint>
                    <Trackpoint>
                        <Time>2026-08-23T07:16:36.000+01:00</Time>
                        <HeartRateBpm>
                            <Value>106</Value>
                        </HeartRateBpm>
                    </Trackpoint>
                    <Trackpoint>
                        <Time>2026-08-23T07:16:38.000+01:00</Time>
                        <HeartRateBpm>
                            <Value>105</Value>
                        </HeartRateBpm>
                    </Trackpoint>
                    <Trackpoint>
                        <Time>2026-08-23T07:16:39.000+01:00</Time>
                        <HeartRateBpm>
                            <Value>103</Value>
                        </HeartRateBpm>
                    </Trackpoint>
                    <Trackpoint>
                        <Time>2026-08-23T07:16:41.000+01:00</Time>
                        <HeartRateBpm>
                            <Value>107</Value>
                        </HeartRateBpm>
                    </Trackpoint>
                    <Trackpoint>
                        <Time>2026-08-23T07:16:43.000+01:00</Time>
                        <HeartRateBpm>
                            <Value>103</Value>
                        </HeartRateBpm>
                    </Trackpoint>
                    <Trackpoint>
                        <Time>2026-08-23T07:16:45.000+01:00</Time>
                        <HeartRateBpm>
                            <Value>104</Value>
                        </HeartRateBpm>
                    </Trackpoint>
                    <Trackpoint>
                        <Time>2026-08-23T07:16:47.000+01:00</Time>
                        <HeartRateBpm>
                            <Value>101</Value>
                        </HeartRateBpm>
                    </Trackpoint>
                    <Trackpoint>
                        <Time>2026-08-23T07:16:49.000+01:00</Time>
                        <HeartRateBpm>
                            <Value>100</Value>
                        </HeartRateBpm>
                    </Trackpoint>
                    <Trackpoint>
                        <Time>2026-08-23T07:16:51.000+01:00</Time>
                        <HeartRateBpm>
                            <Value>98</Value>
                        </HeartRateBpm>
                    </Trackpoint>
                    <Trackpoint>
                        <Time>2026-08-23T07:16:53.000+01:00</Time>
                        <HeartRateBpm>
                            <Value>97</Value>
                        </HeartRateBpm>
                    </Trackpoint>
                    <Trackpoint>
                        <Time>2026-08-23T07:16:55.000+01:00</Time>
                        <HeartRateBpm>
                            <Value>98</Value>
                        </HeartRateBpm>
                    </Trackpoint>
                    <Trackpoint>
                        <Time>2026-08-23T07:16:57.000+01:00</Time>
                        <HeartRateBpm>
                            <Value>99</Value>
                        </HeartRateBpm>
                    </Trackpoint>
                    <Trackpoint>
                        <Time>2026-08-23T07:16:59.000+01:00</Time>
                        <HeartRateBpm>
                            <Value>96</Value>
                        </HeartRateBpm>
                    </Trackpoint>
                    <Trackpoint>
                        <Time>2026-08-23T07:17:02.000+01:00</Time>
                        <HeartRateBpm>
                            <Value>96</Value>
                        </HeartRateBpm>
                    </Trackpoint>
                    <Trackpoint>
                        <Time>2026-08-23T07:17:03.000+01:00</Time>
                        <HeartRateBpm>
                            <Value>97</Value>
                        </HeartRateBpm>
                    </Trackpoint>
                    <Trackpoint>
                        <Time>2026-08-23T07:17:04.000+01:00</Time>
                        <HeartRateBpm>
                            <Value>98</Value>
                        </HeartRateBpm>
                    </Trackpoint>
                    <Trackpoint>
                        <Time>2026-08-23T07:17:05.000+01:00</Time>
                        <HeartRateBpm>
                            <Value>98</Value>
                        </HeartRateBpm>
                    </Trackpoint>
                    <Trackpoint>
                        <Time>2026-08-23T07:17:08.000+01:00</Time>
                        <HeartRateBpm>
                            <Value>98</Value>
                        </HeartRateBpm>
                    </Trackpoint>
                    <Trackpoint>
                        <Time>2026-08-23T07:17:11.000+01:00</Time>
                        <HeartRateBpm>
                            <Value>98</Value>
                        </HeartRateBpm>
                    </Trackpoint>
                    <Trackpoint>
                        <Time>2026-08-23T07:17:12.000+01:00</Time>
                        <HeartRateBpm>
                            <Value>96</Value>
                        </HeartRateBpm>
                    </Trackpoint>
                    <Trackpoint>
                        <Time>2026-08-23T07:17:14.000+01:00</Time>
                        <HeartRateBpm>
                            <Value>95</Value>
                        </HeartRateBpm>
                    </Trackpoint>
                    <Trackpoint>
                        <Time>2026-08-23T07:17:16.000+01:00</Time>
                        <HeartRateBpm>
                            <Value>96</Value>
                        </HeartRateBpm>
                    </Trackpoint>
                    <Trackpoint>
                        <Time>2026-08-23T07:17:18.000+01:00</Time>
                        <HeartRateBpm>
                            <Value>94</Value>
                        </HeartRateBpm>
                    </Trackpoint>
                    <Trackpoint>
                        <Time>2026-08-23T07:17:20.000+01:00</Time>
                        <HeartRateBpm>
                            <Value>92</Value>
                        </HeartRateBpm>
                    </Trackpoint>
                    <Trackpoint>
                        <Time>2026-08-23T07:17:22.000+01:00</Time>
                        <HeartRateBpm>
                            <Value>94</Value>
                        </HeartRateBpm>
                    </Trackpoint>
                    <Trackpoint>
                        <Time>2026-08-23T07:17:25.000+01:00</Time>
                        <HeartRateBpm>
                            <Value>94</Value>
                        </HeartRateBpm>
                    </Trackpoint>
                    <Trackpoint>
                        <Time>2026-08-23T07:17:26.000+01:00</Time>
                        <HeartRateBpm>
                            <Value>92</Value>
                        </HeartRateBpm>
                    </Trackpoint>
                    <Trackpoint>
                        <Time>2026-08-23T07:17:27.000+01:00</Time>
                        <HeartRateBpm>
                            <Value>93</Value>
                        </HeartRateBpm>
                    </Trackpoint>
                    <Trackpoint>
                        <Time>2026-08-23T07:17:29.000+01:00</Time>
                        <HeartRateBpm>
                            <Value>94</Value>
                        </HeartRateBpm>
                    </Trackpoint>
                    <Trackpoint>
                        <Time>2026-08-23T07:17:32.000+01:00</Time>
                        <HeartRateBpm>
                            <Value>94</Value>
                        </HeartRateBpm>
                    </Trackpoint>
                    <Trackpoint>
                        <Time>2026-08-23T07:17:33.000+01:00</Time>
                        <HeartRateBpm>
                            <Value>95</Value>
                        </HeartRateBpm>
                    </Trackpoint>
                    <Trackpoint>
                        <Time>2026-08-23T07:17:36.000+01:00</Time>
                        <HeartRateBpm>
                            <Value>95</Value>
                        </HeartRateBpm>
                    </Trackpoint>
                    <Trackpoint>
                        <Time>2026-08-23T07:17:37.000+01:00</Time>
                        <HeartRateBpm>
                            <Value>94</Value>
                        </HeartRateBpm>
                    </Trackpoint>
                    <Trackpoint>
                        <Time>2026-08-23T07:17:39.000+01:00</Time>
                        <HeartRateBpm>
                            <Value>95</Value>
                        </HeartRateBpm>
                    </Trackpoint>
                    <Trackpoint>
                        <Time>2026-08-23T07:17:41.000+01:00</Time>
                        <HeartRateBpm>
                            <Value>93</Value>
                        </HeartRateBpm>
                    </Trackpoint>
                    <Trackpoint>
                        <Time>2026-08-23T07:17:43.000+01:00</Time>
                        <HeartRateBpm>
                            <Value>95</Value>
                        </HeartRateBpm>
                    </Trackpoint>
                    <Trackpoint>
                        <Time>2026-08-23T07:17:45.000+01:00</Time>
                        <HeartRateBpm>
                            <Value>94</Value>
                        </HeartRateBpm>
                    </Trackpoint>
                    <Trackpoint>
                        <Time>2026-08-23T07:17:47.000+01:00</Time>
                        <HeartRateBpm>
                            <Value>97</Value>
                        </HeartRateBpm>
                    </Trackpoint>
                    <Trackpoint>
                        <Time>2026-08-23T07:17:49.000+01:00</Time>
                        <HeartRateBpm>
                            <Value>95</Value>
                        </HeartRateBpm>
                    </Trackpoint>
                    <Trackpoint>
                        <Time>2026-08-23T07:17:50.000+01:00</Time>
                        <HeartRateBpm>
                            <Value>96</Value>
                        </HeartRateBpm>
                    </Trackpoint>
                    <Trackpoint>
                        <Time>2026-08-23T07:17:52.000+01:00</Time>
                        <HeartRateBpm>
                            <Value>94</Value>
                        </HeartRateBpm>
                    </Trackpoint>
                    <Trackpoint>
                        <Time>2026-08-23T07:17:54.000+01:00</Time>
                        <HeartRateBpm>
                            <Value>96</Value>
                        </HeartRateBpm>
                    </Trackpoint>
                    <Trackpoint>
                        <Time>2026-08-23T07:17:56.000+01:00</Time>
                        <HeartRateBpm>
                            <Value>95</Value>
                        </HeartRateBpm>
                    </Trackpoint>
                    <Trackpoint>
                        <Time>2026-08-23T07:17:57.000+01:00</Time>
                        <HeartRateBpm>
                            <Value>95</Value>
                        </HeartRateBpm>
                    </Trackpoint>
                    <Trackpoint>
                        <Time>2026-08-23T07:17:58.000+01:00</Time>
                        <HeartRateBpm>
                            <Value>97</Value>
                        </HeartRateBpm>
                    </Trackpoint>
                    <Trackpoint>
                        <Time>2026-08-23T07:18:00.000+01:00</Time>
                        <HeartRateBpm>
                            <Value>96</Value>
                        </HeartRateBpm>
                    </Trackpoint>
                    <Trackpoint>
                        <Time>2026-08-23T07:18:02.000+01:00</Time>
                        <HeartRateBpm>
                            <Value>98</Value>
                        </HeartRateBpm>
                    </Trackpoint>
                    <Trackpoint>
                        <Time>2026-08-23T07:18:05.000+01:00</Time>
                        <HeartRateBpm>
                            <Value>98</Value>
                        </HeartRateBpm>
                    </Trackpoint>
                    <Trackpoint>
                        <Time>2026-08-23T07:18:06.000+01:00</Time>
                        <HeartRateBpm>
                            <Value>99</Value>
                        </HeartRateBpm>
                    </Trackpoint>
                    <Trackpoint>
                        <Time>2026-08-23T07:18:09.000+01:00</Time>
                        <HeartRateBpm>
                            <Value>99</Value>
                        </HeartRateBpm>
                    </Trackpoint>
                    <Trackpoint>
                        <Time>2026-08-23T07:18:10.000+01:00</Time>
                        <HeartRateBpm>
                            <Value>100</Value>
                        </HeartRateBpm>
                    </Trackpoint>
                    <Trackpoint>
                        <Time>2026-08-23T07:18:12.000+01:00</Time>
                        <HeartRateBpm>
                            <Value>99</Value>
                        </HeartRateBpm>
                    </Trackpoint>
                    <Trackpoint>
                        <Time>2026-08-23T07:18:14.000+01:00</Time>
                        <HeartRateBpm>
                            <Value>100</Value>
                        </HeartRateBpm>
                    </Trackpoint>
                    <Trackpoint>
                        <Time>2026-08-23T07:18:15.000+01:00</Time>
                        <HeartRateBpm>
                            <Value>99</Value>
                        </HeartRateBpm>
                    </Trackpoint>
                    <Trackpoint>
                        <Time>2026-08-23T07:18:18.000+01:00</Time>
                        <HeartRateBpm>
                            <Value>99</Value>
                        </HeartRateBpm>
                    </Trackpoint>
                    <Trackpoint>
                        <Time>2026-08-23T07:18:19.000+01:00</Time>
                        <HeartRateBpm>
                            <Value>98</Value>
                        </HeartRateBpm>
                    </Trackpoint>
                    <Trackpoint>
                        <Time>2026-08-23T07:18:21.000+01:00</Time>
                        <HeartRateBpm>
                            <Value>97</Value>
                        </HeartRateBpm>
                    </Trackpoint>
                    <Trackpoint>
                        <Time>2026-08-23T07:18:24.000+01:00</Time>
                        <HeartRateBpm>
                            <Value>97</Value>
                        </HeartRateBpm>
                    </Trackpoint>
                    <Trackpoint>
                        <Time>2026-08-23T07:18:25.000+01:00</Time>
                        <HeartRateBpm>
                            <Value>98</Value>
                        </HeartRateBpm>
                    </Trackpoint>
                    <Trackpoint>
                        <Time>2026-08-23T07:18:27.000+01:00</Time>
                        <HeartRateBpm>
                            <Value>97</Value>
                        </HeartRateBpm>
                    </Trackpoint>
                    <Trackpoint>
                        <Time>2026-08-23T07:18:29.000+01:00</Time>
                        <HeartRateBpm>
                            <Value>98</Value>
                        </HeartRateBpm>
                    </Trackpoint>
                    <Trackpoint>
                        <Time>2026-08-23T07:18:32.000+01:00</Time>
                        <HeartRateBpm>
                            <Value>98</Value>
                        </HeartRateBpm>
                    </Trackpoint>
                    <Trackpoint>
                        <Time>2026-08-23T07:18:33.000+01:00</Time>
                        <HeartRateBpm>
                            <Value>100</Value>
                        </HeartRateBpm>
                    </Trackpoint>
                    <Trackpoint>
                        <Time>2026-08-23T07:18:35.000+01:00</Time>
                        <HeartRateBpm>
                            <Value>101</Value>
                        </HeartRateBpm>
                    </Trackpoint>
                    <Trackpoint>
                        <Time>2026-08-23T07:18:37.000+01:00</Time>
                        <HeartRateBpm>
                            <Value>102</Value>
                        </HeartRateBpm>
                    </Trackpoint>
                    <Trackpoint>
                        <Time>2026-08-23T07:18:38.000+01:00</Time>
                        <HeartRateBpm>
                            <Value>101</Value>
                        </HeartRateBpm>
                    </Trackpoint>
                    <Trackpoint>
                        <Time>2026-08-23T07:18:41.000+01:00</Time>
                        <HeartRateBpm>
                            <Value>101</Value>
                        </HeartRateBpm>
                    </Trackpoint>
                    <Trackpoint>
                        <Time>2026-08-23T07:18:42.000+01:00</Time>
                        <HeartRateBpm>
                            <Value>100</Value>
                        </HeartRateBpm>
                    </Trackpoint>
                    <Trackpoint>
                        <Time>2026-08-23T07:18:45.000+01:00</Time>
                        <HeartRateBpm>
                            <Value>100</Value>
                        </HeartRateBpm>
                    </Trackpoint>
                    <Trackpoint>
                        <Time>2026-08-23T07:18:46.000+01:00</Time>
                        <HeartRateBpm>
                            <Value>99</Value>
                        </HeartRateBpm>
                    </Trackpoint>
                    <Trackpoint>
                        <Time>2026-08-23T07:18:47.000+01:00</Time>
                        <HeartRateBpm>
                            <Value>99</Value>
                        </HeartRateBpm>
                    </Trackpoint>
                    <Trackpoint>
                        <Time>2026-08-23T07:18:50.000+01:00</Time>
                        <HeartRateBpm>
                            <Value>98</Value>
                        </HeartRateBpm>
                    </Trackpoint>
                    <Trackpoint>
                        <Time>2026-08-23T07:18:52.000+01:00</Time>
                        <HeartRateBpm>
                            <Value>97</Value>
                        </HeartRateBpm>
                    </Trackpoint>
                    <Trackpoint>
                        <Time>2026-08-23T07:18:54.000+01:00</Time>
                        <HeartRateBpm>
                            <Value>94</Value>
                        </HeartRateBpm>
                    </Trackpoint>
                    <Trackpoint>
                        <Time>2026-08-23T07:18:56.000+01:00</Time>
                        <HeartRateBpm>
                            <Value>96</Value>
                        </HeartRateBpm>
                    </Trackpoint>
                    <Trackpoint>
                        <Time>2026-08-23T07:18:58.000+01:00</Time>
                        <HeartRateBpm>
                            <Value>97</Value>
                        </HeartRateBpm>
                    </Trackpoint>
                    <Trackpoint>
                        <Time>2026-08-23T07:19:01.000+01:00</Time>
                        <HeartRateBpm>
                            <Value>97</Value>
                        </HeartRateBpm>
                    </Trackpoint>
                    <Trackpoint>
                        <Time>2026-08-23T07:19:04.000+01:00</Time>
                        <HeartRateBpm>
                            <Value>97</Value>
                        </HeartRateBpm>
                    </Trackpoint>
                    <Trackpoint>
                        <Time>2026-08-23T07:19:05.000+01:00</Time>
                        <HeartRateBpm>
                            <Value>96</Value>
                        </HeartRateBpm>
                    </Trackpoint>
                    <Trackpoint>
                        <Time>2026-08-23T07:19:07.000+01:00</Time>
                        <HeartRateBpm>
                            <Value>98</Value>
                        </HeartRateBpm>
                    </Trackpoint>
                    <Trackpoint>
                        <Time>2026-08-23T07:19:09.000+01:00</Time>
                        <HeartRateBpm>
                            <Value>97</Value>
                        </HeartRateBpm>
                    </Trackpoint>
                    <Trackpoint>
                        <Time>2026-08-23T07:19:11.000+01:00</Time>
                        <HeartRateBpm>
                            <Value>101</Value>
                        </HeartRateBpm>
                    </Trackpoint>
                    <Trackpoint>
                        <Time>2026-08-23T07:19:14.000+01:00</Time>
                        <HeartRateBpm>
                            <Value>101</Value>
                        </HeartRateBpm>
                    </Trackpoint>
                    <Trackpoint>
                        <Time>2026-08-23T07:19:17.000+01:00</Time>
                        <HeartRateBpm>
                            <Value>100</Value>
                        </HeartRateBpm>
                    </Trackpoint>
                    <Trackpoint>
                        <Time>2026-08-23T07:19:19.000+01:00</Time>
                        <HeartRateBpm>
                            <Value>99</Value>
                        </HeartRateBpm>
                    </Trackpoint>
                    <Trackpoint>
                        <Time>2026-08-23T07:19:21.000+01:00</Time>
                        <HeartRateBpm>
                            <Value>100</Value>
                        </HeartRateBpm>
                    </Trackpoint>
                    <Trackpoint>
                        <Time>2026-08-23T07:19:24.000+01:00</Time>
                        <HeartRateBpm>
                            <Value>100</Value>
                        </HeartRateBpm>
                    </Trackpoint>
                    <Trackpoint>
                        <Time>2026-08-23T07:19:26.000+01:00</Time>
                        <HeartRateBpm>
                            <Value>101</Value>
                        </HeartRateBpm>
                    </Trackpoint>
                    <Trackpoint>
                        <Time>2026-08-23T07:19:28.000+01:00</Time>
                        <HeartRateBpm>
                            <Value>100</Value>
                        </HeartRateBpm>
                    </Trackpoint>
                    <Trackpoint>
                        <Time>2026-08-23T07:19:30.000+01:00</Time>
                        <HeartRateBpm>
                            <Value>101</Value>
                        </HeartRateBpm>
                    </Trackpoint>
                    <Trackpoint>
                        <Time>2026-08-23T07:19:32.000+01:00</Time>
                        <HeartRateBpm>
                            <Value>104</Value>
                        </HeartRateBpm>
                    </Trackpoint>
                    <Trackpoint>
                        <Time>2026-08-23T07:19:34.000+01:00</Time>
                        <HeartRateBpm>
                            <Value>101</Value>
                        </HeartRateBpm>
                    </Trackpoint>
                    <Trackpoint>
                        <Time>2026-08-23T07:19:37.000+01:00</Time>
                        <HeartRateBpm>
                            <Value>101</Value>
                        </HeartRateBpm>
                    </Trackpoint>
                    <Trackpoint>
                        <Time>2026-08-23T07:19:38.000+01:00</Time>
                        <HeartRateBpm>
                            <Value>99</Value>
                        </HeartRateBpm>
                    </Trackpoint>
                    <Trackpoint>
                        <Time>2026-08-23T07:19:40.000+01:00</Time>
                        <HeartRateBpm>
                            <Value>102</Value>
                        </HeartRateBpm>
                    </Trackpoint>
                    <Trackpoint>
                        <Time>2026-08-23T07:19:43.000+01:00</Time>
                        <HeartRateBpm>
                            <Value>102</Value>
                        </HeartRateBpm>
                    </Trackpoint>
                    <Trackpoint>
                        <Time>2026-08-23T07:19:44.000+01:00</Time>
                        <HeartRateBpm>
                            <Value>103</Value>
                        </HeartRateBpm>
                    </Trackpoint>
                    <Trackpoint>
                        <Time>2026-08-23T07:19:45.000+01:00</Time>
                        <HeartRateBpm>
                            <Value>103</Value>
                        </HeartRateBpm>
                    </Trackpoint>
                    <Trackpoint>
                        <Time>2026-08-23T07:19:46.000+01:00</Time>
                        <HeartRateBpm>
                            <Value>101</Value>
                        </HeartRateBpm>
                    </Trackpoint>
                    <Trackpoint>
                        <Time>2026-08-23T07:19:49.000+01:00</Time>
                        <HeartRateBpm>
                            <Value>101</Value>
                        </HeartRateBpm>
                    </Trackpoint>
                    <Trackpoint>
                        <Time>2026-08-23T07:19:50.000+01:00</Time>
                        <HeartRateBpm>
                            <Value>100</Value>
                        </HeartRateBpm>
                    </Trackpoint>
                    <Trackpoint>
                        <Time>2026-08-23T07:19:53.000+01:00</Time>
                        <HeartRateBpm>
                            <Value>100</Value>
                        </HeartRateBpm>
                    </Trackpoint>
                    <Trackpoint>
                        <Time>2026-08-23T07:19:54.000+01:00</Time>
                        <HeartRateBpm>
                            <Value>98</Value>
                        </HeartRateBpm>
                    </Trackpoint>
                    <Trackpoint>
                        <Time>2026-08-23T07:19:57.000+01:00</Time>
                        <HeartRateBpm>
                            <Value>97</Value>
                        </HeartRateBpm>
                    </Trackpoint>
                    <Trackpoint>
                        <Time>2026-08-23T07:20:00.000+01:00</Time>
                        <HeartRateBpm>
                            <Value>97</Value>
                        </HeartRateBpm>
                    </Trackpoint>
                    <Trackpoint>
                        <Time>2026-08-23T07:20:01.000+01:00</Time>
                        <HeartRateBpm>
                            <Value>96</Value>
                        </HeartRateBpm>
                    </Trackpoint>
                    <Trackpoint>
                        <Time>2026-08-23T07:20:04.000+01:00</Time>
                        <HeartRateBpm>
                            <Value>96</Value>
                        </HeartRateBpm>
                    </Trackpoint>
                    <Trackpoint>
                        <Time>2026-08-23T07:20:07.000+01:00</Time>
                        <HeartRateBpm>
                            <Value>95</Value>
                        </HeartRateBpm>
                    </Trackpoint>
                    <Trackpoint>
                        <Time>2026-08-23T07:20:09.000+01:00</Time>
                        <HeartRateBpm>
                            <Value>93</Value>
                        </HeartRateBpm>
                    </Trackpoint>
                    <Trackpoint>
                        <Time>2026-08-23T07:20:11.000+01:00</Time>
                        <HeartRateBpm>
                            <Value>87</Value>
                        </HeartRateBpm>
                    </Trackpoint>
                    <Trackpoint>
                        <Time>2026-08-23T07:20:14.000+01:00</Time>
                        <HeartRateBpm>
                            <Value>87</Value>
                        </HeartRateBpm>
                    </Trackpoint>
                    <Trackpoint>
                        <Time>2026-08-23T07:20:15.000+01:00</Time>
                        <HeartRateBpm>
                            <Value>85</Value>
                        </HeartRateBpm>
                    </Trackpoint>
                    <Trackpoint>
                        <Time>2026-08-23T07:20:17.000+01:00</Time>
                        <HeartRateBpm>
                            <Value>83</Value>
                        </HeartRateBpm>
                    </Trackpoint>
                    <Trackpoint>
                        <Time>2026-08-23T07:20:20.000+01:00</Time>
                        <HeartRateBpm>
                            <Value>83</Value>
                        </HeartRateBpm>
                    </Trackpoint>
                    <Trackpoint>
                        <Time>2026-08-23T07:20:23.000+01:00</Time>
                        <HeartRateBpm>
                            <Value>83</Value>
                        </HeartRateBpm>
                    </Trackpoint>
                    <Trackpoint>
                        <Time>2026-08-23T07:20:24.000+01:00</Time>
                        <HeartRateBpm>
                            <Value>87</Value>
                        </HeartRateBpm>
                    </Trackpoint>
                    <Trackpoint>
                        <Time>2026-08-23T07:20:26.000+01:00</Time>
                        <HeartRateBpm>
                            <Value>85</Value>
                        </HeartRateBpm>
                    </Trackpoint>
                    <Trackpoint>
                        <Time>2026-08-23T07:20:28.000+01:00</Time>
                        <HeartRateBpm>
                            <Value>83</Value>
                        </HeartRateBpm>
                    </Trackpoint>
                    <Trackpoint>
                        <Time>2026-08-23T07:20:30.000+01:00</Time>
                        <HeartRateBpm>
                            <Value>82</Value>
                        </HeartRateBpm>
                    </Trackpoint>
                    <Trackpoint>
                        <Time>2026-08-23T07:20:32.000+01:00</Time>
                        <HeartRateBpm>
                            <Value>80</Value>
                        </HeartRateBpm>
                    </Trackpoint>
                    <Trackpoint>
                        <Time>2026-08-23T07:20:34.000+01:00</Time>
                        <HeartRateBpm>
                            <Value>78</Value>
                        </HeartRateBpm>
                    </Trackpoint>
                    <Trackpoint>
                        <Time>2026-08-23T07:20:36.000+01:00</Time>
                        <HeartRateBpm>
                            <Value>79</Value>
                        </HeartRateBpm>
                    </Trackpoint>
                    <Trackpoint>
                        <Time>2026-08-23T07:20:39.000+01:00</Time>
                        <HeartRateBpm>
                            <Value>79</Value>
                        </HeartRateBpm>
                    </Trackpoint>
                    <Trackpoint>
                        <Time>2026-08-23T07:20:40.000+01:00</Time>
                        <HeartRateBpm>
                            <Value>80</Value>
                        </HeartRateBpm>
                    </Trackpoint>
                    <Trackpoint>
                        <Time>2026-08-23T07:20:41.000+01:00</Time>
                        <HeartRateBpm>
                            <Value>80</Value>
                        </HeartRateBpm>
                    </Trackpoint>
                    <Trackpoint>
                        <Time>2026-08-23T07:20:43.000+01:00</Time>
                        <HeartRateBpm>
                            <Value>82</Value>
                        </HeartRateBpm>
                    </Trackpoint>
                    <Trackpoint>
                        <Time>2026-08-23T07:20:46.000+01:00</Time>
                        <HeartRateBpm>
                            <Value>82</Value>
                        </HeartRateBpm>
                    </Trackpoint>
                    <Trackpoint>
                        <Time>2026-08-23T07:20:47.000+01:00</Time>
                        <HeartRateBpm>
                            <Value>81</Value>
                        </HeartRateBpm>
                    </Trackpoint>
                    <Trackpoint>
                        <Time>2026-08-23T07:20:49.000+01:00</Time>
                        <HeartRateBpm>
                            <Value>80</Value>
                        </HeartRateBpm>
                    </Trackpoint>
                    <Trackpoint>
                        <Time>2026-08-23T07:20:51.000+01:00</Time>
                        <HeartRateBpm>
                            <Value>81</Value>
                        </HeartRateBpm>
                    </Trackpoint>
                    <Trackpoint>
                        <Time>2026-08-23T07:20:54.000+01:00</Time>
                        <HeartRateBpm>
                            <Value>81</Value>
                        </HeartRateBpm>
                    </Trackpoint>
                    <Trackpoint>
                        <Time>2026-08-23T07:20:55.000+01:00</Time>
                        <HeartRateBpm>
                            <Value>79</Value>
                        </HeartRateBpm>
                    </Trackpoint>
                    <Trackpoint>
                        <Time>2026-08-23T07:20:58.000+01:00</Time>
                        <HeartRateBpm>
                            <Value>79</Value>
                        </HeartRateBpm>
                    </Trackpoint>
                    <Trackpoint>
                        <Time>2026-08-23T07:20:59.000+01:00</Time>
                        <HeartRateBpm>
                            <Value>77</Value>
                        </HeartRateBpm>
                    </Trackpoint>
                    <Trackpoint>
                        <Time>2026-08-23T07:21:02.000+01:00</Time>
                        <HeartRateBpm>
                            <Value>77</Value>
                        </HeartRateBpm>
                    </Trackpoint>
                    <Trackpoint>
                        <Time>2026-08-23T07:21:03.000+01:00</Time>
                        <HeartRateBpm>
                            <Value>75</Value>
                        </HeartRateBpm>
                    </Trackpoint>
                    <Trackpoint>
                        <Time>2026-08-23T07:21:06.000+01:00</Time>
                        <HeartRateBpm>
                            <Value>75</Value>
                        </HeartRateBpm>
                    </Trackpoint>
                    <Trackpoint>
                        <Time>2026-08-23T07:21:07.000+01:00</Time>
                        <HeartRateBpm>
                            <Value>74</Value>
                        </HeartRateBpm>
                    </Trackpoint>
                    <Trackpoint>
                        <Time>2026-08-23T07:21:08.000+01:00</Time>
                        <HeartRateBpm>
                            <Value>75</Value>
                        </HeartRateBpm>
                    </Trackpoint>
                    <Trackpoint>
                        <Time>2026-08-23T07:21:11.000+01:00</Time>
                        <HeartRateBpm>
                            <Value>75</Value>
                        </HeartRateBpm>
                    </Trackpoint>
                    <Trackpoint>
                        <Time>2026-08-23T07:21:12.000+01:00</Time>
                        <HeartRateBpm>
                            <Value>76</Value>
                        </HeartRateBpm>
                    </Trackpoint>
                    <Trackpoint>
                        <Time>2026-08-23T07:21:15.000+01:00</Time>
                        <HeartRateBpm>
                            <Value>76</Value>
                        </HeartRateBpm>
                    </Trackpoint>
                    <Trackpoint>
                        <Time>2026-08-23T07:21:16.000+01:00</Time>
                        <HeartRateBpm>
                            <Value>77</Value>
                        </HeartRateBpm>
                    </Trackpoint>
                    <Trackpoint>
                        <Time>2026-08-23T07:21:19.000+01:00</Time>
                        <HeartRateBpm>
                            <Value>77</Value>
                        </HeartRateBpm>
                    </Trackpoint>
                    <Trackpoint>
                        <Time>2026-08-23T07:21:20.000+01:00</Time>
                        <HeartRateBpm>
                            <Value>78</Value>
                        </HeartRateBpm>
                    </Trackpoint>
                    <Trackpoint>
                        <Time>2026-08-23T07:21:22.000+01:00</Time>
                        <HeartRateBpm>
                            <Value>81</Value>
                        </HeartRateBpm>
                    </Trackpoint>
                    <Trackpoint>
                        <Time>2026-08-23T07:21:24.000+01:00</Time>
                        <HeartRateBpm>
                            <Value>83</Value>
                        </HeartRateBpm>
                    </Trackpoint>
                    <Trackpoint>
                        <Time>2026-08-23T07:21:26.000+01:00</Time>
                        <HeartRateBpm>
                            <Value>84</Value>
                        </HeartRateBpm>
                    </Trackpoint>
                    <Trackpoint>
                        <Time>2026-08-23T07:21:28.000+01:00</Time>
                        <HeartRateBpm>
                            <Value>87</Value>
                        </HeartRateBpm>
                    </Trackpoint>
                    <Trackpoint>
                        <Time>2026-08-23T07:21:30.000+01:00</Time>
                        <HeartRateBpm>
                            <Value>85</Value>
                        </HeartRateBpm>
                    </Trackpoint>
                    <Trackpoint>
                        <Time>2026-08-23T07:21:33.000+01:00</Time>
                        <HeartRateBpm>
                            <Value>85</Value>
                        </HeartRateBpm>
                    </Trackpoint>
                    <Trackpoint>
                        <Time>2026-08-23T07:21:34.000+01:00</Time>
                        <HeartRateBpm>
                            <Value>85</Value>
                        </HeartRateBpm>
                    </Trackpoint>
                    <Trackpoint>
                        <Time>2026-08-23T07:21:37.000+01:00</Time>
                        <HeartRateBpm>
                            <Value>88</Value>
                        </HeartRateBpm>
                    </Trackpoint>
                    <Trackpoint>
                        <Time>2026-08-23T07:21:39.000+01:00</Time>
                        <HeartRateBpm>
                            <Value>89</Value>
                        </HeartRateBpm>
                    </Trackpoint>
                    <Trackpoint>
                        <Time>2026-08-23T07:21:42.000+01:00</Time>
                        <HeartRateBpm>
                            <Value>89</Value>
                        </HeartRateBpm>
                    </Trackpoint>
                    <Trackpoint>
                        <Time>2026-08-23T07:21:43.000+01:00</Time>
                        <HeartRateBpm>
                            <Value>90</Value>
                        </HeartRateBpm>
                    </Trackpoint>
                    <Trackpoint>
                        <Time>2026-08-23T07:21:45.000+01:00</Time>
                        <HeartRateBpm>
                            <Value>91</Value>
                        </HeartRateBpm>
                    </Trackpoint>
                    <Trackpoint>
                        <Time>2026-08-23T07:21:47.000+01:00</Time>
                        <HeartRateBpm>
                            <Value>94</Value>
                        </HeartRateBpm>
                    </Trackpoint>
                    <Trackpoint>
                        <Time>2026-08-23T07:21:49.000+01:00</Time>
                        <HeartRateBpm>
                            <Value>91</Value>
                        </HeartRateBpm>
                    </Trackpoint>
                    <Trackpoint>
                        <Time>2026-08-23T07:21:51.000+01:00</Time>
                        <HeartRateBpm>
                            <Value>93</Value>
                        </HeartRateBpm>
                    </Trackpoint>
                    <Trackpoint>
                        <Time>2026-08-23T07:21:53.000+01:00</Time>
                        <HeartRateBpm>
                            <Value>92</Value>
                        </HeartRateBpm>
                    </Trackpoint>
                    <Trackpoint>
                        <Time>2026-08-23T07:21:55.000+01:00</Time>
                        <HeartRateBpm>
                            <Value>93</Value>
                        </HeartRateBpm>
                    </Trackpoint>
                    <Trackpoint>
                        <Time>2026-08-23T07:21:58.000+01:00</Time>
                        <HeartRateBpm>
                            <Value>94</Value>
                        </HeartRateBpm>
                    </Trackpoint>
                    <Trackpoint>
                        <Time>2026-08-23T07:22:00.000+01:00</Time>
                        <HeartRateBpm>
                            <Value>95</Value>
                        </HeartRateBpm>
                    </Trackpoint>
                    <Trackpoint>
                        <Time>2026-08-23T07:22:02.000+01:00</Time>
                        <HeartRateBpm>
                            <Value>96</Value>
                        </HeartRateBpm>
                    </Trackpoint>
                    <Trackpoint>
                        <Time>2026-08-23T07:22:05.000+01:00</Time>
                        <HeartRateBpm>
                            <Value>96</Value>
                        </HeartRateBpm>
                    </Trackpoint>
                    <Trackpoint>
                        <Time>2026-08-23T07:22:06.000+01:00</Time>
                        <HeartRateBpm>
                            <Value>98</Value>
                        </HeartRateBpm>
                    </Trackpoint>
                    <Trackpoint>
                        <Time>2026-08-23T07:22:08.000+01:00</Time>
                        <HeartRateBpm>
                            <Value>99</Value>
                        </HeartRateBpm>
                    </Trackpoint>
                    <Trackpoint>
                        <Time>2026-08-23T07:22:11.000+01:00</Time>
                        <HeartRateBpm>
                            <Value>98</Value>
                        </HeartRateBpm>
                    </Trackpoint>
                    <Trackpoint>
                        <Time>2026-08-23T07:22:13.000+01:00</Time>
                        <HeartRateBpm>
                            <Value>97</Value>
                        </HeartRateBpm>
                    </Trackpoint>
                    <Trackpoint>
                        <Time>2026-08-23T07:22:15.000+01:00</Time>
                        <HeartRateBpm>
                            <Value>99</Value>
                        </HeartRateBpm>
                    </Trackpoint>
                    <Trackpoint>
                        <Time>2026-08-23T07:22:17.000+01:00</Time>
                        <HeartRateBpm>
                            <Value>98</Value>
                        </HeartRateBpm>
                    </Trackpoint>
                    <Trackpoint>
                        <Time>2026-08-23T07:22:20.000+01:00</Time>
                        <HeartRateBpm>
                            <Value>98</Value>
                        </HeartRateBpm>
                    </Trackpoint>
                    <Trackpoint>
                        <Time>2026-08-23T07:22:21.000+01:00</Time>
                        <HeartRateBpm>
                            <Value>97</Value>
                        </HeartRateBpm>
                    </Trackpoint>
                    <Trackpoint>
                        <Time>2026-08-23T07:22:24.000+01:00</Time>
                        <HeartRateBpm>
                            <Value>97</Value>
                        </HeartRateBpm>
                    </Trackpoint>
                    <Trackpoint>
                        <Time>2026-08-23T07:22:27.000+01:00</Time>
                        <HeartRateBpm>
                            <Value>100</Value>
                        </HeartRateBpm>
                    </Trackpoint>
                    <Trackpoint>
                        <Time>2026-08-23T07:22:29.000+01:00</Time>
                        <HeartRateBpm>
                            <Value>99</Value>
                        </HeartRateBpm>
                    </Trackpoint>
                    <Trackpoint>
                        <Time>2026-08-23T07:22:31.000+01:00</Time>
                        <HeartRateBpm>
                            <Value>100</Value>
                        </HeartRateBpm>
                    </Trackpoint>
                    <Trackpoint>
                        <Time>2026-08-23T07:22:32.000+01:00</Time>
                        <HeartRateBpm>
                            <Value>100</Value>
                        </HeartRateBpm>
                    </Trackpoint>
                    <Trackpoint>
                        <Time>2026-08-23T07:22:33.000+01:00</Time>
                        <HeartRateBpm>
                            <Value>98</Value>
                        </HeartRateBpm>
                    </Trackpoint>
                    <Trackpoint>
                        <Time>2026-08-23T07:22:34.000+01:00</Time>
                        <HeartRateBpm>
                            <Value>102</Value>
                        </HeartRateBpm>
                    </Trackpoint>
                    <Trackpoint>
                        <Time>2026-08-23T07:22:36.000+01:00</Time>
                        <HeartRateBpm>
                            <Value>105</Value>
                        </HeartRateBpm>
                    </Trackpoint>
                    <Trackpoint>
                        <Time>2026-08-23T07:22:38.000+01:00</Time>
                        <HeartRateBpm>
                            <Value>107</Value>
                        </HeartRateBpm>
                    </Trackpoint>
                    <Trackpoint>
                        <Time>2026-08-23T07:22:41.000+01:00</Time>
                        <HeartRateBpm>
                            <Value>107</Value>
                        </HeartRateBpm>
                    </Trackpoint>
                    <Trackpoint>
                        <Time>2026-08-23T07:22:42.000+01:00</Time>
                        <HeartRateBpm>
                            <Value>105</Value>
                        </HeartRateBpm>
                    </Trackpoint>
                    <Trackpoint>
                        <Time>2026-08-23T07:22:45.000+01:00</Time>
                        <HeartRateBpm>
                            <Value>103</Value>
                        </HeartRateBpm>
                    </Trackpoint>
                    <Trackpoint>
                        <Time>2026-08-23T07:22:46.000+01:00</Time>
                        <HeartRateBpm>
                            <Value>101</Value>
                        </HeartRateBpm>
                    </Trackpoint>
                    <Trackpoint>
                        <Time>2026-08-23T07:22:48.000+01:00</Time>
                        <HeartRateBpm>
                            <Value>99</Value>
                        </HeartRateBpm>
                    </Trackpoint>
                    <Trackpoint>
                        <Time>2026-08-23T07:22:51.000+01:00</Time>
                        <HeartRateBpm>
                            <Value>99</Value>
                        </HeartRateBpm>
                    </Trackpoint>
                    <Trackpoint>
                        <Time>2026-08-23T07:22:53.000+01:00</Time>
                        <HeartRateBpm>
                            <Value>98</Value>
                        </HeartRateBpm>
                    </Trackpoint>
                    <Trackpoint>
                        <Time>2026-08-23T07:22:54.000+01:00</Time>
                        <HeartRateBpm>
                            <Value>99</Value>
                        </HeartRateBpm>
                    </Trackpoint>
                    <Trackpoint>
                        <Time>2026-08-23T07:22:56.000+01:00</Time>
                        <HeartRateBpm>
                            <Value>106</Value>
                        </HeartRateBpm>
                    </Trackpoint>
                    <Trackpoint>
                        <Time>2026-08-23T07:22:58.000+01:00</Time>
                        <HeartRateBpm>
                            <Value>108</Value>
                        </HeartRateBpm>
                    </Trackpoint>
                    <Trackpoint>
                        <Time>2026-08-23T07:23:00.000+01:00</Time>
                        <HeartRateBpm>
                            <Value>106</Value>
                        </HeartRateBpm>
                    </Trackpoint>
                    <Trackpoint>
                        <Time>2026-08-23T07:23:02.000+01:00</Time>
                        <HeartRateBpm>
                            <Value>103</Value>
                        </HeartRateBpm>
                    </Trackpoint>
                    <Trackpoint>
                        <Time>2026-08-23T07:23:04.000+01:00</Time>
                        <HeartRateBpm>
                            <Value>105</Value>
                        </HeartRateBpm>
                    </Trackpoint>
                    <Trackpoint>
                        <Time>2026-08-23T07:23:05.000+01:00</Time>
                        <HeartRateBpm>
                            <Value>102</Value>
                        </HeartRateBpm>
                    </Trackpoint>
                    <Trackpoint>
                        <Time>2026-08-23T07:23:07.000+01:00</Time>
                        <HeartRateBpm>
                            <Value>100</Value>
                        </HeartRateBpm>
                    </Trackpoint>
                    <Trackpoint>
                        <Time>2026-08-23T07:23:09.000+01:00</Time>
                        <HeartRateBpm>
                            <Value>104</Value>
                        </HeartRateBpm>
                    </Trackpoint>
                    <Trackpoint>
                        <Time>2026-08-23T07:23:11.000+01:00</Time>
                        <HeartRateBpm>
                            <Value>109</Value>
                        </HeartRateBpm>
                    </Trackpoint>
                    <Trackpoint>
                        <Time>2026-08-23T07:23:13.000+01:00</Time>
                        <HeartRateBpm>
                            <Value>105</Value>
                        </HeartRateBpm>
                    </Trackpoint>
                    <Trackpoint>
                        <Time>2026-08-23T07:23:15.000+01:00</Time>
                        <HeartRateBpm>
                            <Value>102</Value>
                        </HeartRateBpm>
                    </Trackpoint>
                    <Trackpoint>
                        <Time>2026-08-23T07:23:17.000+01:00</Time>
                        <HeartRateBpm>
                            <Value>105</Value>
                        </HeartRateBpm>
                    </Trackpoint>
                    <Trackpoint>
                        <Time>2026-08-23T07:23:19.000+01:00</Time>
                        <HeartRateBpm>
                            <Value>103</Value>
                        </HeartRateBpm>
                    </Trackpoint>
                    <Trackpoint>
                        <Time>2026-08-23T07:23:21.000+01:00</Time>
                        <HeartRateBpm>
                            <Value>104</Value>
                        </HeartRateBpm>
                    </Trackpoint>
                    <Trackpoint>
                        <Time>2026-08-23T07:23:24.000+01:00</Time>
                        <HeartRateBpm>
                            <Value>100</Value>
                        </HeartRateBpm>
                    </Trackpoint>
                    <Trackpoint>
                        <Time>2026-08-23T07:23:25.000+01:00</Time>
                        <HeartRateBpm>
                            <Value>102</Value>
                        </HeartRateBpm>
                    </Trackpoint>
                    <Trackpoint>
                        <Time>2026-08-23T07:23:27.000+01:00</Time>
                        <HeartRateBpm>
                            <Value>105</Value>
                        </HeartRateBpm>
                    </Trackpoint>
                    <Trackpoint>
                        <Time>2026-08-23T07:23:29.000+01:00</Time>
                        <HeartRateBpm>
                            <Value>106</Value>
                        </HeartRateBpm>
                    </Trackpoint>
                    <Trackpoint>
                        <Time>2026-08-23T07:23:31.000+01:00</Time>
                        <HeartRateBpm>
                            <Value>103</Value>
                        </HeartRateBpm>
                    </Trackpoint>
                    <Trackpoint>
                        <Time>2026-08-23T07:23:33.000+01:00</Time>
                        <HeartRateBpm>
                            <Value>103</Value>
                        </HeartRateBpm>
                    </Trackpoint>
                    <Trackpoint>
                        <Time>2026-08-23T07:23:35.000+01:00</Time>
                        <HeartRateBpm>
                            <Value>102</Value>
                        </HeartRateBpm>
                    </Trackpoint>
                    <Trackpoint>
                        <Time>2026-08-23T07:23:36.000+01:00</Time>
                        <HeartRateBpm>
                            <Value>105</Value>
                        </HeartRateBpm>
                    </Trackpoint>
                    <Trackpoint>
                        <Time>2026-08-23T07:23:38.000+01:00</Time>
                        <HeartRateBpm>
                            <Value>103</Value>
                        </HeartRateBpm>
                    </Trackpoint>
                    <Trackpoint>
                        <Time>2026-08-23T07:23:40.000+01:00</Time>
                        <HeartRateBpm>
                            <Value>104</Value>
                        </HeartRateBpm>
                    </Trackpoint>
                    <Trackpoint>
                        <Time>2026-08-23T07:23:42.000+01:00</Time>
                        <HeartRateBpm>
                            <Value>105</Value>
                        </HeartRateBpm>
                    </Trackpoint>
                    <Trackpoint>
                        <Time>2026-08-23T07:23:44.000+01:00</Time>
                        <HeartRateBpm>
                            <Value>104</Value>
                        </HeartRateBpm>
                    </Trackpoint>
                    <Trackpoint>
                        <Time>2026-08-23T07:23:46.000+01:00</Time>
                        <HeartRateBpm>
                            <Value>100</Value>
                        </HeartRateBpm>
                    </Trackpoint>
                    <Trackpoint>
                        <Time>2026-08-23T07:23:49.000+01:00</Time>
                        <HeartRateBpm>
                            <Value>102</Value>
                        </HeartRateBpm>
                    </Trackpoint>
                    <Trackpoint>
                        <Time>2026-08-23T07:23:50.000+01:00</Time>
                        <HeartRateBpm>
                            <Value>103</Value>
                        </HeartRateBpm>
                    </Trackpoint>
                    <Trackpoint>
                        <Time>2026-08-23T07:23:52.000+01:00</Time>
                        <HeartRateBpm>
                            <Value>103</Value>
                        </HeartRateBpm>
                    </Trackpoint>
                    <Trackpoint>
                        <Time>2026-08-23T07:23:54.000+01:00</Time>
                        <HeartRateBpm>
                            <Value>100</Value>
                        </HeartRateBpm>
                    </Trackpoint>
                    <Trackpoint>
                        <Time>2026-08-23T07:23:56.000+01:00</Time>
                        <HeartRateBpm>
                            <Value>104</Value>
                        </HeartRateBpm>
                    </Trackpoint>
                    <Trackpoint>
                        <Time>2026-08-23T07:23:58.000+01:00</Time>
                        <HeartRateBpm>
                            <Value>106</Value>
                        </HeartRateBpm>
                    </Trackpoint>
                    <Trackpoint>
                        <Time>2026-08-23T07:24:00.000+01:00</Time>
                        <HeartRateBpm>
                            <Value>109</Value>
                        </HeartRateBpm>
                    </Trackpoint>
                    <Trackpoint>
                        <Time>2026-08-23T07:24:01.000+01:00</Time>
                        <HeartRateBpm>
                            <Value>108</Value>
                        </HeartRateBpm>
                    </Trackpoint>
                    <Trackpoint>
                        <Time>2026-08-23T07:24:03.000+01:00</Time>
                        <HeartRateBpm>
                            <Value>109</Value>
                        </HeartRateBpm>
                    </Trackpoint>
                    <Trackpoint>
                        <Time>2026-08-23T07:24:06.000+01:00</Time>
                        <HeartRateBpm>
                            <Value>109</Value>
                        </HeartRateBpm>
                    </Trackpoint>
                    <Trackpoint>
                        <Time>2026-08-23T07:24:09.000+01:00</Time>
                        <HeartRateBpm>
                            <Value>109</Value>
                        </HeartRateBpm>
                    </Trackpoint>
                    <Trackpoint>
                        <Time>2026-08-23T07:24:10.000+01:00</Time>
                        <HeartRateBpm>
                            <Value>105</Value>
                        </HeartRateBpm>
                    </Trackpoint>
                    <Trackpoint>
                        <Time>2026-08-23T07:24:11.000+01:00</Time>
                        <HeartRateBpm>
                            <Value>108</Value>
                        </HeartRateBpm>
                    </Trackpoint>
                    <Trackpoint>
                        <Time>2026-08-23T07:24:13.000+01:00</Time>
                        <HeartRateBpm>
                            <Value>110</Value>
                        </HeartRateBpm>
                    </Trackpoint>
                    <Trackpoint>
                        <Time>2026-08-23T07:24:14.000+01:00</Time>
                        <HeartRateBpm>
                            <Value>110</Value>
                        </HeartRateBpm>
                    </Trackpoint>
                    <Trackpoint>
                        <Time>2026-08-23T07:24:16.000+01:00</Time>
                        <HeartRateBpm>
                            <Value>109</Value>
                        </HeartRateBpm>
                    </Trackpoint>
                    <Trackpoint>
                        <Time>2026-08-23T07:24:17.000+01:00</Time>
                        <HeartRateBpm>
                            <Value>112</Value>
                        </HeartRateBpm>
                    </Trackpoint>
                    <Trackpoint>
                        <Time>2026-08-23T07:24:19.000+01:00</Time>
                        <HeartRateBpm>
                            <Value>115</Value>
                        </HeartRateBpm>
                    </Trackpoint>
                    <Trackpoint>
                        <Time>2026-08-23T07:24:21.000+01:00</Time>
                        <HeartRateBpm>
                            <Value>117</Value>
                        </HeartRateBpm>
                    </Trackpoint>
                    <Trackpoint>
                        <Time>2026-08-23T07:24:24.000+01:00</Time>
                        <HeartRateBpm>
                            <Value>117</Value>
                        </HeartRateBpm>
                    </Trackpoint>
                    <Trackpoint>
                        <Time>2026-08-23T07:24:27.000+01:00</Time>
                        <HeartRateBpm>
                            <Value>117</Value>
                        </HeartRateBpm>
                    </Trackpoint>
                    <Trackpoint>
                        <Time>2026-08-23T07:24:30.000+01:00</Time>
                        <HeartRateBpm>
                            <Value>117</Value>
                        </HeartRateBpm>
                    </Trackpoint>
                    <Trackpoint>
                        <Time>2026-08-23T07:24:33.000+01:00</Time>
                        <HeartRateBpm>
                            <Value>117</Value>
                        </HeartRateBpm>
                    </Trackpoint>
                    <Trackpoint>
                        <Time>2026-08-23T07:24:36.000+01:00</Time>
                        <HeartRateBpm>
                            <Value>120</Value>
                        </HeartRateBpm>
                    </Trackpoint>
                    <Trackpoint>
                        <Time>2026-08-23T07:24:38.000+01:00</Time>
                        <HeartRateBpm>
                            <Value>118</Value>
                        </HeartRateBpm>
                    </Trackpoint>
                    <Trackpoint>
                        <Time>2026-08-23T07:24:41.000+01:00</Time>
                        <HeartRateBpm>
                            <Value>118</Value>
                        </HeartRateBpm>
                    </Trackpoint>
                    <Trackpoint>
                        <Time>2026-08-23T07:24:43.000+01:00</Time>
                        <HeartRateBpm>
                            <Value>119</Value>
                        </HeartRateBpm>
                    </Trackpoint>
                    <Trackpoint>
                        <Time>2026-08-23T07:24:45.000+01:00</Time>
                        <HeartRateBpm>
                            <Value>120</Value>
                        </HeartRateBpm>
                    </Trackpoint>
                    <Trackpoint>
                        <Time>2026-08-23T07:24:47.000+01:00</Time>
                        <HeartRateBpm>
                            <Value>118</Value>
                        </HeartRateBpm>
                    </Trackpoint>
                    <Trackpoint>
                        <Time>2026-08-23T07:24:49.000+01:00</Time>
                        <HeartRateBpm>
                            <Value>121</Value>
                        </HeartRateBpm>
                    </Trackpoint>
                    <Trackpoint>
                        <Time>2026-08-23T07:24:52.000+01:00</Time>
                        <HeartRateBpm>
                            <Value>121</Value>
                        </HeartRateBpm>
                    </Trackpoint>
                    <Trackpoint>
                        <Time>2026-08-23T07:24:53.000+01:00</Time>
                        <HeartRateBpm>
                            <Value>122</Value>
                        </HeartRateBpm>
                    </Trackpoint>
                    <Trackpoint>
                        <Time>2026-08-23T07:24:56.000+01:00</Time>
                        <HeartRateBpm>
                            <Value>122</Value>
                        </HeartRateBpm>
                    </Trackpoint>
                    <Trackpoint>
                        <Time>2026-08-23T07:24:57.000+01:00</Time>
                        <HeartRateBpm>
                            <Value>121</Value>
                        </HeartRateBpm>
                    </Trackpoint>
                    <Trackpoint>
                        <Time>2026-08-23T07:24:59.000+01:00</Time>
                        <HeartRateBpm>
                            <Value>126</Value>
                        </HeartRateBpm>
                    </Trackpoint>
                    <Trackpoint>
                        <Time>2026-08-23T07:25:00.000+01:00</Time>
                        <HeartRateBpm>
                            <Value>124</Value>
                        </HeartRateBpm>
                    </Trackpoint>
                    <Trackpoint>
                        <Time>2026-08-23T07:25:02.000+01:00</Time>
                        <HeartRateBpm>
                            <Value>121</Value>
                        </HeartRateBpm>
                    </Trackpoint>
                    <Trackpoint>
                        <Time>2026-08-23T07:25:04.000+01:00</Time>
                        <HeartRateBpm>
                            <Value>124</Value>
                        </HeartRateBpm>
                    </Trackpoint>
                    <Trackpoint>
                        <Time>2026-08-23T07:25:06.000+01:00</Time>
                        <HeartRateBpm>
                            <Value>122</Value>
                        </HeartRateBpm>
                    </Trackpoint>
                    <Trackpoint>
                        <Time>2026-08-23T07:25:08.000+01:00</Time>
                        <HeartRateBpm>
                            <Value>123</Value>
                        </HeartRateBpm>
                    </Trackpoint>
                    <Trackpoint>
                        <Time>2026-08-23T07:25:11.000+01:00</Time>
                        <HeartRateBpm>
                            <Value>123</Value>
                        </HeartRateBpm>
                    </Trackpoint>
                    <Trackpoint>
                        <Time>2026-08-23T07:25:13.000+01:00</Time>
                        <HeartRateBpm>
                            <Value>122</Value>
                        </HeartRateBpm>
                    </Trackpoint>
                    <Trackpoint>
                        <Time>2026-08-23T07:25:14.000+01:00</Time>
                        <HeartRateBpm>
                            <Value>125</Value>
                        </HeartRateBpm>
                    </Trackpoint>
                    <Trackpoint>
                        <Time>2026-08-23T07:25:17.000+01:00</Time>
                        <HeartRateBpm>
                            <Value>125</Value>
                        </HeartRateBpm>
                    </Trackpoint>
                    <Trackpoint>
                        <Time>2026-08-23T07:25:18.000+01:00</Time>
                        <HeartRateBpm>
                            <Value>123</Value>
                        </HeartRateBpm>
                    </Trackpoint>
                    <Trackpoint>
                        <Time>2026-08-23T07:25:20.000+01:00</Time>
                        <HeartRateBpm>
                            <Value>120</Value>
                        </HeartRateBpm>
                    </Trackpoint>
                    <Trackpoint>
                        <Time>2026-08-23T07:25:21.000+01:00</Time>
                        <HeartRateBpm>
                            <Value>118</Value>
                        </HeartRateBpm>
                    </Trackpoint>
                    <Trackpoint>
                        <Time>2026-08-23T07:25:24.000+01:00</Time>
                        <HeartRateBpm>
                            <Value>118</Value>
                        </HeartRateBpm>
                    </Trackpoint>
                    <Trackpoint>
                        <Time>2026-08-23T07:25:25.000+01:00</Time>
                        <HeartRateBpm>
                            <Value>116</Value>
                        </HeartRateBpm>
                    </Trackpoint>
                    <Trackpoint>
                        <Time>2026-08-23T07:25:26.000+01:00</Time>
                        <HeartRateBpm>
                            <Value>117</Value>
                        </HeartRateBpm>
                    </Trackpoint>
                    <Trackpoint>
                        <Time>2026-08-23T07:25:29.000+01:00</Time>
                        <HeartRateBpm>
                            <Value>113</Value>
                        </HeartRateBpm>
                    </Trackpoint>
                    <Trackpoint>
                        <Time>2026-08-23T07:25:30.000+01:00</Time>
                        <HeartRateBpm>
                            <Value>115</Value>
                        </HeartRateBpm>
                    </Trackpoint>
                    <Trackpoint>
                        <Time>2026-08-23T07:25:32.000+01:00</Time>
                        <HeartRateBpm>
                            <Value>118</Value>
                        </HeartRateBpm>
                    </Trackpoint>
                    <Trackpoint>
                        <Time>2026-08-23T07:25:33.000+01:00</Time>
                        <HeartRateBpm>
                            <Value>116</Value>
                        </HeartRateBpm>
                    </Trackpoint>
                    <Trackpoint>
                        <Time>2026-08-23T07:25:36.000+01:00</Time>
                        <HeartRateBpm>
                            <Value>118</Value>
                        </HeartRateBpm>
                    </Trackpoint>
                    <Trackpoint>
                        <Time>2026-08-23T07:25:39.000+01:00</Time>
                        <HeartRateBpm>
                            <Value>118</Value>
                        </HeartRateBpm>
                    </Trackpoint>
                    <Trackpoint>
                        <Time>2026-08-23T07:25:40.000+01:00</Time>
                        <HeartRateBpm>
                            <Value>114</Value>
                        </HeartRateBpm>
                    </Trackpoint>
                    <Trackpoint>
                        <Time>2026-08-23T07:25:41.000+01:00</Time>
                        <HeartRateBpm>
                            <Value>112</Value>
                        </HeartRateBpm>
                    </Trackpoint>
                    <Trackpoint>
                        <Time>2026-08-23T07:25:43.000+01:00</Time>
                        <HeartRateBpm>
                            <Value>115</Value>
                        </HeartRateBpm>
                    </Trackpoint>
                    <Trackpoint>
                        <Time>2026-08-23T07:25:45.000+01:00</Time>
                        <HeartRateBpm>
                            <Value>114</Value>
                        </HeartRateBpm>
                    </Trackpoint>
                    <Trackpoint>
                        <Time>2026-08-23T07:25:47.000+01:00</Time>
                        <HeartRateBpm>
                            <Value>116</Value>
                        </HeartRateBpm>
                    </Trackpoint>
                    <Trackpoint>
                        <Time>2026-08-23T07:25:48.000+01:00</Time>
                        <HeartRateBpm>
                            <Value>119</Value>
                        </HeartRateBpm>
                    </Trackpoint>
                    <Trackpoint>
                        <Time>2026-08-23T07:25:50.000+01:00</Time>
                        <HeartRateBpm>
                            <Value>117</Value>
                        </HeartRateBpm>
                    </Trackpoint>
                    <Trackpoint>
                        <Time>2026-08-23T07:25:52.000+01:00</Time>
                        <HeartRateBpm>
                            <Value>118</Value>
                        </HeartRateBpm>
                    </Trackpoint>
                    <Trackpoint>
                        <Time>2026-08-23T07:25:54.000+01:00</Time>
                        <HeartRateBpm>
                            <Value>113</Value>
                        </HeartRateBpm>
                    </Trackpoint>
                    <Trackpoint>
                        <Time>2026-08-23T07:25:56.000+01:00</Time>
                        <HeartRateBpm>
                            <Value>116</Value>
                        </HeartRateBpm>
                    </Trackpoint>
                    <Trackpoint>
                        <Time>2026-08-23T07:25:59.000+01:00</Time>
                        <HeartRateBpm>
                            <Value>116</Value>
                        </HeartRateBpm>
                    </Trackpoint>
                    <Trackpoint>
                        <Time>2026-08-23T07:26:00.000+01:00</Time>
                        <HeartRateBpm>
                            <Value>118</Value>
                        </HeartRateBpm>
                    </Trackpoint>
                    <Trackpoint>
                        <Time>2026-08-23T07:26:01.000+01:00</Time>
                        <HeartRateBpm>
                            <Value>118</Value>
                        </HeartRateBpm>
                    </Trackpoint>
                    <Trackpoint>
                        <Time>2026-08-23T07:26:04.000+01:00</Time>
                        <HeartRateBpm>
                            <Value>119</Value>
                        </HeartRateBpm>
                    </Trackpoint>
                    <Trackpoint>
                        <Time>2026-08-23T07:26:06.000+01:00</Time>
                        <HeartRateBpm>
                            <Value>120</Value>
                        </HeartRateBpm>
                    </Trackpoint>
                    <Trackpoint>
                        <Time>2026-08-23T07:26:08.000+01:00</Time>
                        <HeartRateBpm>
                            <Value>121</Value>
                        </HeartRateBpm>
                    </Trackpoint>
                    <Trackpoint>
                        <Time>2026-08-23T07:26:10.000+01:00</Time>
                        <HeartRateBpm>
                            <Value>123</Value>
                        </HeartRateBpm>
                    </Trackpoint>
                    <Trackpoint>
                        <Time>2026-08-23T07:26:11.000+01:00</Time>
                        <HeartRateBpm>
                            <Value>122</Value>
                        </HeartRateBpm>
                    </Trackpoint>
                    <Trackpoint>
                        <Time>2026-08-23T07:26:13.000+01:00</Time>
                        <HeartRateBpm>
                            <Value>123</Value>
                        </HeartRateBpm>
                    </Trackpoint>
                    <Trackpoint>
                        <Time>2026-08-23T07:26:15.000+01:00</Time>
                        <HeartRateBpm>
                            <Value>124</Value>
                        </HeartRateBpm>
                    </Trackpoint>
                    <Trackpoint>
                        <Time>2026-08-23T07:26:17.000+01:00</Time>
                        <HeartRateBpm>
                            <Value>125</Value>
                        </HeartRateBpm>
                    </Trackpoint>
                    <Trackpoint>
                        <Time>2026-08-23T07:26:19.000+01:00</Time>
                        <HeartRateBpm>
                            <Value>126</Value>
                        </HeartRateBpm>
                    </Trackpoint>
                    <Trackpoint>
                        <Time>2026-08-23T07:26:21.000+01:00</Time>
                        <HeartRateBpm>
                            <Value>128</Value>
                        </HeartRateBpm>
                    </Trackpoint>
                    <Trackpoint>
                        <Time>2026-08-23T07:26:23.000+01:00</Time>
                        <HeartRateBpm>
                            <Value>127</Value>
                        </HeartRateBpm>
                    </Trackpoint>
                    <Trackpoint>
                        <Time>2026-08-23T07:26:25.000+01:00</Time>
                        <HeartRateBpm>
                            <Value>128</Value>
                        </HeartRateBpm>
                    </Trackpoint>
                    <Trackpoint>
                        <Time>2026-08-23T07:26:26.000+01:00</Time>
                        <HeartRateBpm>
                            <Value>126</Value>
                        </HeartRateBpm>
                    </Trackpoint>
                    <Trackpoint>
                        <Time>2026-08-23T07:26:28.000+01:00</Time>
                        <HeartRateBpm>
                            <Value>128</Value>
                        </HeartRateBpm>
                    </Trackpoint>
                    <Trackpoint>
                        <Time>2026-08-23T07:26:30.000+01:00</Time>
                        <HeartRateBpm>
                            <Value>129</Value>
                        </HeartRateBpm>
                    </Trackpoint>
                    <Trackpoint>
                        <Time>2026-08-23T07:26:32.000+01:00</Time>
                        <HeartRateBpm>
                            <Value>130</Value>
                        </HeartRateBpm>
                    </Trackpoint>
                    <Trackpoint>
                        <Time>2026-08-23T07:26:34.000+01:00</Time>
                        <HeartRateBpm>
                            <Value>127</Value>
                        </HeartRateBpm>
                    </Trackpoint>
                    <Trackpoint>
                        <Time>2026-08-23T07:26:36.000+01:00</Time>
                        <HeartRateBpm>
                            <Value>130</Value>
                        </HeartRateBpm>
                    </Trackpoint>
                    <Trackpoint>
                        <Time>2026-08-23T07:26:38.000+01:00</Time>
                        <HeartRateBpm>
                            <Value>129</Value>
                        </HeartRateBpm>
                    </Trackpoint>
                    <Trackpoint>
                        <Time>2026-08-23T07:26:40.000+01:00</Time>
                        <HeartRateBpm>
                            <Value>131</Value>
                        </HeartRateBpm>
                    </Trackpoint>
                    <Trackpoint>
                        <Time>2026-08-23T07:26:43.000+01:00</Time>
                        <HeartRateBpm>
                            <Value>131</Value>
                        </HeartRateBpm>
                    </Trackpoint>
                    <Trackpoint>
                        <Time>2026-08-23T07:26:44.000+01:00</Time>
                        <HeartRateBpm>
                            <Value>133</Value>
                        </HeartRateBpm>
                    </Trackpoint>
                    <Trackpoint>
                        <Time>2026-08-23T07:26:46.000+01:00</Time>
                        <HeartRateBpm>
                            <Value>135</Value>
                        </HeartRateBpm>
                    </Trackpoint>
                    <Trackpoint>
                        <Time>2026-08-23T07:26:48.000+01:00</Time>
                        <HeartRateBpm>
                            <Value>140</Value>
                        </HeartRateBpm>
                    </Trackpoint>
                    <Trackpoint>
                        <Time>2026-08-23T07:26:49.000+01:00</Time>
                        <HeartRateBpm>
                            <Value>143</Value>
                        </HeartRateBpm>
                    </Trackpoint>
                    <Trackpoint>
                        <Time>2026-08-23T07:26:52.000+01:00</Time>
                        <HeartRateBpm>
                            <Value>144</Value>
                        </HeartRateBpm>
                    </Trackpoint>
                    <Trackpoint>
                        <Time>2026-08-23T07:26:53.000+01:00</Time>
                        <HeartRateBpm>
                            <Value>144</Value>
                        </HeartRateBpm>
                    </Trackpoint>
                    <Trackpoint>
                        <Time>2026-08-23T07:26:54.000+01:00</Time>
                        <HeartRateBpm>
                            <Value>143</Value>
                        </HeartRateBpm>
                    </Trackpoint>
                    <Trackpoint>
                        <Time>2026-08-23T07:26:55.000+01:00</Time>
                        <HeartRateBpm>
                            <Value>147</Value>
                        </HeartRateBpm>
                    </Trackpoint>
                    <Trackpoint>
                        <Time>2026-08-23T07:26:57.000+01:00</Time>
                        <HeartRateBpm>
                            <Value>150</Value>
                        </HeartRateBpm>
                    </Trackpoint>
                    <Trackpoint>
                        <Time>2026-08-23T07:27:00.000+01:00</Time>
                        <HeartRateBpm>
                            <Value>150</Value>
                        </HeartRateBpm>
                    </Trackpoint>
                    <Trackpoint>
                        <Time>2026-08-23T07:27:02.000+01:00</Time>
                        <HeartRateBpm>
                            <Value>153</Value>
                        </HeartRateBpm>
                    </Trackpoint>
                    <Trackpoint>
                        <Time>2026-08-23T07:27:04.000+01:00</Time>
                        <HeartRateBpm>
                            <Value>155</Value>
                        </HeartRateBpm>
                    </Trackpoint>
                    <Trackpoint>
                        <Time>2026-08-23T07:27:06.000+01:00</Time>
                        <HeartRateBpm>
                            <Value>155</Value>
                        </HeartRateBpm>
                    </Trackpoint>
                    <Trackpoint>
                        <Time>2026-08-23T07:27:08.000+01:00</Time>
                        <HeartRateBpm>
                            <Value>154</Value>
                        </HeartRateBpm>
                    </Trackpoint>
                    <Trackpoint>
                        <Time>2026-08-23T07:27:09.000+01:00</Time>
                        <HeartRateBpm>
                            <Value>157</Value>
                        </HeartRateBpm>
                    </Trackpoint>
                    <Trackpoint>
                        <Time>2026-08-23T07:27:11.000+01:00</Time>
                        <HeartRateBpm>
                            <Value>159</Value>
                        </HeartRateBpm>
                    </Trackpoint>
                    <Trackpoint>
                        <Time>2026-08-23T07:27:13.000+01:00</Time>
                        <HeartRateBpm>
                            <Value>158</Value>
                        </HeartRateBpm>
                    </Trackpoint>
                    <Trackpoint>
                        <Time>2026-08-23T07:27:15.000+01:00</Time>
                        <HeartRateBpm>
                            <Value>157</Value>
                        </HeartRateBpm>
                    </Trackpoint>
                    <Trackpoint>
                        <Time>2026-08-23T07:27:17.000+01:00</Time>
                        <HeartRateBpm>
                            <Value>161</Value>
                        </HeartRateBpm>
                    </Trackpoint>
                    <Trackpoint>
                        <Time>2026-08-23T07:27:19.000+01:00</Time>
                        <HeartRateBpm>
                            <Value>163</Value>
                        </HeartRateBpm>
                    </Trackpoint>
                    <Trackpoint>
                        <Time>2026-08-23T07:27:21.000+01:00</Time>
                        <HeartRateBpm>
                            <Value>165</Value>
                        </HeartRateBpm>
                    </Trackpoint>
                    <Trackpoint>
                        <Time>2026-08-23T07:27:23.000+01:00</Time>
                        <HeartRateBpm>
                            <Value>162</Value>
                        </HeartRateBpm>
                    </Trackpoint>
                    <Trackpoint>
                        <Time>2026-08-23T07:27:25.000+01:00</Time>
                        <HeartRateBpm>
                            <Value>159</Value>
                        </HeartRateBpm>
                    </Trackpoint>
                    <Trackpoint>
                        <Time>2026-08-23T07:27:27.000+01:00</Time>
                        <HeartRateBpm>
                            <Value>162</Value>
                        </HeartRateBpm>
                    </Trackpoint>
                    <Trackpoint>
                        <Time>2026-08-23T07:27:29.000+01:00</Time>
                        <HeartRateBpm>
                            <Value>163</Value>
                        </HeartRateBpm>
                    </Trackpoint>
                    <Trackpoint>
                        <Time>2026-08-23T07:27:31.000+01:00</Time>
                        <HeartRateBpm>
                            <Value>159</Value>
                        </HeartRateBpm>
                    </Trackpoint>
                    <Trackpoint>
                        <Time>2026-08-23T07:27:33.000+01:00</Time>
                        <HeartRateBpm>
                            <Value>160</Value>
                        </HeartRateBpm>
                    </Trackpoint>
                    <Trackpoint>
                        <Time>2026-08-23T07:27:35.000+01:00</Time>
                        <HeartRateBpm>
                            <Value>159</Value>
                        </HeartRateBpm>
                    </Trackpoint>
                    <Trackpoint>
                        <Time>2026-08-23T07:27:36.000+01:00</Time>
                        <HeartRateBpm>
                            <Value>157</Value>
                        </HeartRateBpm>
                    </Trackpoint>
                    <Trackpoint>
                        <Time>2026-08-23T07:27:38.000+01:00</Time>
                        <HeartRateBpm>
                            <Value>155</Value>
                        </HeartRateBpm>
                    </Trackpoint>
                    <Trackpoint>
                        <Time>2026-08-23T07:27:40.000+01:00</Time>
                        <HeartRateBpm>
                            <Value>153</Value>
                        </HeartRateBpm>
                    </Trackpoint>
                    <Trackpoint>
                        <Time>2026-08-23T07:27:42.000+01:00</Time>
                        <HeartRateBpm>
                            <Value>155</Value>
                        </HeartRateBpm>
                    </Trackpoint>
                    <Trackpoint>
                        <Time>2026-08-23T07:27:43.000+01:00</Time>
                        <HeartRateBpm>
                            <Value>155</Value>
                        </HeartRateBpm>
                    </Trackpoint>
                    <Trackpoint>
                        <Time>2026-08-23T07:27:44.000+01:00</Time>
                        <HeartRateBpm>
                            <Value>155</Value>
                        </HeartRateBpm>
                    </Trackpoint>
                    <Trackpoint>
                        <Time>2026-08-23T07:27:46.000+01:00</Time>
                        <HeartRateBpm>
                            <Value>153</Value>
                        </HeartRateBpm>
                    </Trackpoint>
                    <Trackpoint>
                        <Time>2026-08-23T07:27:48.000+01:00</Time>
                        <HeartRateBpm>
                            <Value>156</Value>
                        </HeartRateBpm>
                    </Trackpoint>
                    <Trackpoint>
                        <Time>2026-08-23T07:27:50.000+01:00</Time>
                        <HeartRateBpm>
                            <Value>159</Value>
                        </HeartRateBpm>
                    </Trackpoint>
                    <Trackpoint>
                        <Time>2026-08-23T07:27:53.000+01:00</Time>
                        <HeartRateBpm>
                            <Value>159</Value>
                        </HeartRateBpm>
                    </Trackpoint>
                    <Trackpoint>
                        <Time>2026-08-23T07:27:54.000+01:00</Time>
                        <HeartRateBpm>
                            <Value>152</Value>
                        </HeartRateBpm>
                    </Trackpoint>
                    <Trackpoint>
                        <Time>2026-08-23T07:27:56.000+01:00</Time>
                        <HeartRateBpm>
                            <Value>150</Value>
                        </HeartRateBpm>
                    </Trackpoint>
                    <Trackpoint>
                        <Time>2026-08-23T07:27:59.000+01:00</Time>
                        <HeartRateBpm>
                            <Value>152</Value>
                        </HeartRateBpm>
                    </Trackpoint>
                    <Trackpoint>
                        <Time>2026-08-23T07:28:01.000+01:00</Time>
                        <HeartRateBpm>
                            <Value>149</Value>
                        </HeartRateBpm>
                    </Trackpoint>
                    <Trackpoint>
                        <Time>2026-08-23T07:28:03.000+01:00</Time>
                        <HeartRateBpm>
                            <Value>151</Value>
                        </HeartRateBpm>
                    </Trackpoint>
                    <Trackpoint>
                        <Time>2026-08-23T07:28:05.000+01:00</Time>
                        <HeartRateBpm>
                            <Value>152</Value>
                        </HeartRateBpm>
                    </Trackpoint>
                    <Trackpoint>
                        <Time>2026-08-23T07:28:07.000+01:00</Time>
                        <HeartRateBpm>
                            <Value>153</Value>
                        </HeartRateBpm>
                    </Trackpoint>
                    <Trackpoint>
                        <Time>2026-08-23T07:28:09.000+01:00</Time>
                        <HeartRateBpm>
                            <Value>150</Value>
                        </HeartRateBpm>
                    </Trackpoint>
                    <Trackpoint>
                        <Time>2026-08-23T07:28:11.000+01:00</Time>
                        <HeartRateBpm>
                            <Value>155</Value>
                        </HeartRateBpm>
                    </Trackpoint>
                    <Trackpoint>
                        <Time>2026-08-23T07:28:14.000+01:00</Time>
                        <HeartRateBpm>
                            <Value>155</Value>
                        </HeartRateBpm>
                    </Trackpoint>
                    <Trackpoint>
                        <Time>2026-08-23T07:28:15.000+01:00</Time>
                        <HeartRateBpm>
                            <Value>156</Value>
                        </HeartRateBpm>
                    </Trackpoint>
                    <Trackpoint>
                        <Time>2026-08-23T07:28:17.000+01:00</Time>
                        <HeartRateBpm>
                            <Value>154</Value>
                        </HeartRateBpm>
                    </Trackpoint>
                    <Trackpoint>
                        <Time>2026-08-23T07:28:19.000+01:00</Time>
                        <HeartRateBpm>
                            <Value>156</Value>
                        </HeartRateBpm>
                    </Trackpoint>
                    <Trackpoint>
                        <Time>2026-08-23T07:28:21.000+01:00</Time>
                        <HeartRateBpm>
                            <Value>158</Value>
                        </HeartRateBpm>
                    </Trackpoint>
                    <Trackpoint>
                        <Time>2026-08-23T07:28:22.000+01:00</Time>
                        <HeartRateBpm>
                            <Value>160</Value>
                        </HeartRateBpm>
                    </Trackpoint>
                    <Trackpoint>
                        <Time>2026-08-23T07:28:24.000+01:00</Time>
                        <HeartRateBpm>
                            <Value>158</Value>
                        </HeartRateBpm>
                    </Trackpoint>
                    <Trackpoint>
                        <Time>2026-08-23T07:28:26.000+01:00</Time>
                        <HeartRateBpm>
                            <Value>155</Value>
                        </HeartRateBpm>
                    </Trackpoint>
                    <Trackpoint>
                        <Time>2026-08-23T07:28:28.000+01:00</Time>
                        <HeartRateBpm>
                            <Value>152</Value>
                        </HeartRateBpm>
                    </Trackpoint>
                    <Trackpoint>
                        <Time>2026-08-23T07:28:31.000+01:00</Time>
                        <HeartRateBpm>
                            <Value>152</Value>
                        </HeartRateBpm>
                    </Trackpoint>
                    <Trackpoint>
                        <Time>2026-08-23T07:28:32.000+01:00</Time>
                        <HeartRateBpm>
                            <Value>148</Value>
                        </HeartRateBpm>
                    </Trackpoint>
                    <Trackpoint>
                        <Time>2026-08-23T07:28:35.000+01:00</Time>
                        <HeartRateBpm>
                            <Value>148</Value>
                        </HeartRateBpm>
                    </Trackpoint>
                    <Trackpoint>
                        <Time>2026-08-23T07:28:36.000+01:00</Time>
                        <HeartRateBpm>
                            <Value>148</Value>
                        </HeartRateBpm>
                    </Trackpoint>
                    <Trackpoint>
                        <Time>2026-08-23T07:28:39.000+01:00</Time>
                        <HeartRateBpm>
                            <Value>148</Value>
                        </HeartRateBpm>
                    </Trackpoint>
                    <Trackpoint>
                        <Time>2026-08-23T07:28:41.000+01:00</Time>
                        <HeartRateBpm>
                            <Value>145</Value>
                        </HeartRateBpm>
                    </Trackpoint>
                    <Trackpoint>
                        <Time>2026-08-23T07:28:43.000+01:00</Time>
                        <HeartRateBpm>
                            <Value>150</Value>
                        </HeartRateBpm>
                    </Trackpoint>
                    <Trackpoint>
                        <Time>2026-08-23T07:28:45.000+01:00</Time>
                        <HeartRateBpm>
                            <Value>146</Value>
                        </HeartRateBpm>
                    </Trackpoint>
                    <Trackpoint>
                        <Time>2026-08-23T07:28:47.000+01:00</Time>
                        <HeartRateBpm>
                            <Value>148</Value>
                        </HeartRateBpm>
                    </Trackpoint>
                    <Trackpoint>
                        <Time>2026-08-23T07:28:49.000+01:00</Time>
                        <HeartRateBpm>
                            <Value>150</Value>
                        </HeartRateBpm>
                    </Trackpoint>
                    <Trackpoint>
                        <Time>2026-08-23T07:28:51.000+01:00</Time>
                        <HeartRateBpm>
                            <Value>155</Value>
                        </HeartRateBpm>
                    </Trackpoint>
                    <Trackpoint>
                        <Time>2026-08-23T07:28:53.000+01:00</Time>
                        <HeartRateBpm>
                            <Value>154</Value>
                        </HeartRateBpm>
                    </Trackpoint>
                    <Trackpoint>
                        <Time>2026-08-23T07:28:55.000+01:00</Time>
                        <HeartRateBpm>
                            <Value>146</Value>
                        </HeartRateBpm>
                    </Trackpoint>
                    <Trackpoint>
                        <Time>2026-08-23T07:28:57.000+01:00</Time>
                        <HeartRateBpm>
                            <Value>150</Value>
                        </HeartRateBpm>
                    </Trackpoint>
                    <Trackpoint>
                        <Time>2026-08-23T07:29:00.000+01:00</Time>
                        <HeartRateBpm>
                            <Value>150</Value>
                        </HeartRateBpm>
                    </Trackpoint>
                    <Trackpoint>
                        <Time>2026-08-23T07:29:01.000+01:00</Time>
                        <HeartRateBpm>
                            <Value>153</Value>
                        </HeartRateBpm>
                    </Trackpoint>
                    <Trackpoint>
                        <Time>2026-08-23T07:29:03.000+01:00</Time>
                        <HeartRateBpm>
                            <Value>148</Value>
                        </HeartRateBpm>
                    </Trackpoint>
                    <Trackpoint>
                        <Time>2026-08-23T07:29:05.000+01:00</Time>
                        <HeartRateBpm>
                            <Value>150</Value>
                        </HeartRateBpm>
                    </Trackpoint>
                    <Trackpoint>
                        <Time>2026-08-23T07:29:06.000+01:00</Time>
                        <HeartRateBpm>
                            <Value>152</Value>
                        </HeartRateBpm>
                    </Trackpoint>
                    <Trackpoint>
                        <Time>2026-08-23T07:29:08.000+01:00</Time>
                        <HeartRateBpm>
                            <Value>153</Value>
                        </HeartRateBpm>
                    </Trackpoint>
                    <Trackpoint>
                        <Time>2026-08-23T07:29:10.000+01:00</Time>
                        <HeartRateBpm>
                            <Value>152</Value>
                        </HeartRateBpm>
                    </Trackpoint>
                    <Trackpoint>
                        <Time>2026-08-23T07:29:12.000+01:00</Time>
                        <HeartRateBpm>
                            <Value>153</Value>
                        </HeartRateBpm>
                    </Trackpoint>
                    <Trackpoint>
                        <Time>2026-08-23T07:29:14.000+01:00</Time>
                        <HeartRateBpm>
                            <Value>156</Value>
                        </HeartRateBpm>
                    </Trackpoint>
                    <Trackpoint>
                        <Time>2026-08-23T07:29:16.000+01:00</Time>
                        <HeartRateBpm>
                            <Value>157</Value>
                        </HeartRateBpm>
                    </Trackpoint>
                    <Trackpoint>
                        <Time>2026-08-23T07:29:18.000+01:00</Time>
                        <HeartRateBpm>
                            <Value>150</Value>
                        </HeartRateBpm>
                    </Trackpoint>
                    <Trackpoint>
                        <Time>2026-08-23T07:29:20.000+01:00</Time>
                        <HeartRateBpm>
                            <Value>154</Value>
                        </HeartRateBpm>
                    </Trackpoint>
                    <Trackpoint>
                        <Time>2026-08-23T07:29:22.000+01:00</Time>
                        <HeartRateBpm>
                            <Value>157</Value>
                        </HeartRateBpm>
                    </Trackpoint>
                    <Trackpoint>
                        <Time>2026-08-23T07:29:24.000+01:00</Time>
                        <HeartRateBpm>
                            <Value>156</Value>
                        </HeartRateBpm>
                    </Trackpoint>
                    <Trackpoint>
                        <Time>2026-08-23T07:29:26.000+01:00</Time>
                        <HeartRateBpm>
                            <Value>154</Value>
                        </HeartRateBpm>
                    </Trackpoint>
                    <Trackpoint>
                        <Time>2026-08-23T07:29:28.000+01:00</Time>
                        <HeartRateBpm>
                            <Value>148</Value>
                        </HeartRateBpm>
                    </Trackpoint>
                    <Trackpoint>
                        <Time>2026-08-23T07:29:29.000+01:00</Time>
                        <HeartRateBpm>
                            <Value>148</Value>
                        </HeartRateBpm>
                    </Trackpoint>
                    <Trackpoint>
                        <Time>2026-08-23T07:29:30.000+01:00</Time>
                        <HeartRateBpm>
                            <Value>151</Value>
                        </HeartRateBpm>
                    </Trackpoint>
                    <Trackpoint>
                        <Time>2026-08-23T07:29:33.000+01:00</Time>
                        <HeartRateBpm>
                            <Value>150</Value>
                        </HeartRateBpm>
                    </Trackpoint>
                    <Trackpoint>
                        <Time>2026-08-23T07:29:35.000+01:00</Time>
                        <HeartRateBpm>
                            <Value>147</Value>
                        </HeartRateBpm>
                    </Trackpoint>
                    <Trackpoint>
                        <Time>2026-08-23T07:29:37.000+01:00</Time>
                        <HeartRateBpm>
                            <Value>147</Value>
                        </HeartRateBpm>
                    </Trackpoint>
                    <Trackpoint>
                        <Time>2026-08-23T07:29:39.000+01:00</Time>
                        <HeartRateBpm>
                            <Value>145</Value>
                        </HeartRateBpm>
                    </Trackpoint>
                    <Trackpoint>
                        <Time>2026-08-23T07:29:41.000+01:00</Time>
                        <HeartRateBpm>
                            <Value>142</Value>
                        </HeartRateBpm>
                    </Trackpoint>
                    <Trackpoint>
                        <Time>2026-08-23T07:29:43.000+01:00</Time>
                        <HeartRateBpm>
                            <Value>139</Value>
                        </HeartRateBpm>
                    </Trackpoint>
                    <Trackpoint>
                        <Time>2026-08-23T07:29:45.000+01:00</Time>
                        <HeartRateBpm>
                            <Value>137</Value>
                        </HeartRateBpm>
                    </Trackpoint>
                    <Trackpoint>
                        <Time>2026-08-23T07:29:47.000+01:00</Time>
                        <HeartRateBpm>
                            <Value>136</Value>
                        </HeartRateBpm>
                    </Trackpoint>
                    <Trackpoint>
                        <Time>2026-08-23T07:29:49.000+01:00</Time>
                        <HeartRateBpm>
                            <Value>135</Value>
                        </HeartRateBpm>
                    </Trackpoint>
                    <Trackpoint>
                        <Time>2026-08-23T07:29:51.000+01:00</Time>
                        <HeartRateBpm>
                            <Value>139</Value>
                        </HeartRateBpm>
                    </Trackpoint>
                    <Trackpoint>
                        <Time>2026-08-23T07:29:53.000+01:00</Time>
                        <HeartRateBpm>
                            <Value>140</Value>
                        </HeartRateBpm>
                    </Trackpoint>
                    <Trackpoint>
                        <Time>2026-08-23T07:29:54.000+01:00</Time>
                        <HeartRateBpm>
                            <Value>137</Value>
                        </HeartRateBpm>
                    </Trackpoint>
                    <Trackpoint>
                        <Time>2026-08-23T07:29:56.000+01:00</Time>
                        <HeartRateBpm>
                            <Value>135</Value>
                        </HeartRateBpm>
                    </Trackpoint>
                    <Trackpoint>
                        <Time>2026-08-23T07:29:58.000+01:00</Time>
                        <HeartRateBpm>
                            <Value>134</Value>
                        </HeartRateBpm>
                    </Trackpoint>
                    <Trackpoint>
                        <Time>2026-08-23T07:30:00.000+01:00</Time>
                        <HeartRateBpm>
                            <Value>132</Value>
                        </HeartRateBpm>
                    </Trackpoint>
                    <Trackpoint>
                        <Time>2026-08-23T07:30:02.000+01:00</Time>
                        <HeartRateBpm>
                            <Value>138</Value>
                        </HeartRateBpm>
                    </Trackpoint>
                    <Trackpoint>
                        <Time>2026-08-23T07:30:04.000+01:00</Time>
                        <HeartRateBpm>
                            <Value>134</Value>
                        </HeartRateBpm>
                    </Trackpoint>
                    <Trackpoint>
                        <Time>2026-08-23T07:30:06.000+01:00</Time>
                        <HeartRateBpm>
                            <Value>136</Value>
                        </HeartRateBpm>
                    </Trackpoint>
                    <Trackpoint>
                        <Time>2026-08-23T07:30:09.000+01:00</Time>
                        <HeartRateBpm>
                            <Value>138</Value>
                        </HeartRateBpm>
                    </Trackpoint>
                    <Trackpoint>
                        <Time>2026-08-23T07:30:11.000+01:00</Time>
                        <HeartRateBpm>
                            <Value>134</Value>
                        </HeartRateBpm>
                    </Trackpoint>
                    <Trackpoint>
                        <Time>2026-08-23T07:30:13.000+01:00</Time>
                        <HeartRateBpm>
                            <Value>137</Value>
                        </HeartRateBpm>
                    </Trackpoint>
                    <Trackpoint>
                        <Time>2026-08-23T07:30:16.000+01:00</Time>
                        <HeartRateBpm>
                            <Value>137</Value>
                        </HeartRateBpm>
                    </Trackpoint>
                    <Trackpoint>
                        <Time>2026-08-23T07:30:17.000+01:00</Time>
                        <HeartRateBpm>
                            <Value>140</Value>
                        </HeartRateBpm>
                    </Trackpoint>
                    <Trackpoint>
                        <Time>2026-08-23T07:30:19.000+01:00</Time>
                        <HeartRateBpm>
                            <Value>141</Value>
                        </HeartRateBpm>
                    </Trackpoint>
                    <Trackpoint>
                        <Time>2026-08-23T07:30:21.000+01:00</Time>
                        <HeartRateBpm>
                            <Value>142</Value>
                        </HeartRateBpm>
                    </Trackpoint>
                    <Trackpoint>
                        <Time>2026-08-23T07:30:22.000+01:00</Time>
                        <HeartRateBpm>
                            <Value>142</Value>
                        </HeartRateBpm>
                    </Trackpoint>
                    <Trackpoint>
                        <Time>2026-08-23T07:30:25.000+01:00</Time>
                        <HeartRateBpm>
                            <Value>139</Value>
                        </HeartRateBpm>
                    </Trackpoint>
                    <Trackpoint>
                        <Time>2026-08-23T07:30:27.000+01:00</Time>
                        <HeartRateBpm>
                            <Value>138</Value>
                        </HeartRateBpm>
                    </Trackpoint>
                    <Trackpoint>
                        <Time>2026-08-23T07:30:29.000+01:00</Time>
                        <HeartRateBpm>
                            <Value>137</Value>
                        </HeartRateBpm>
                    </Trackpoint>
                    <Trackpoint>
                        <Time>2026-08-23T07:30:32.000+01:00</Time>
                        <HeartRateBpm>
                            <Value>138</Value>
                        </HeartRateBpm>
                    </Trackpoint>
                    <Trackpoint>
                        <Time>2026-08-23T07:30:35.000+01:00</Time>
                        <HeartRateBpm>
                            <Value>138</Value>
                        </HeartRateBpm>
                    </Trackpoint>
                    <Trackpoint>
                        <Time>2026-08-23T07:30:36.000+01:00</Time>
                        <HeartRateBpm>
                            <Value>144</Value>
                        </HeartRateBpm>
                    </Trackpoint>
                    <Trackpoint>
                        <Time>2026-08-23T07:30:38.000+01:00</Time>
                        <HeartRateBpm>
                            <Value>139</Value>
                        </HeartRateBpm>
                    </Trackpoint>
                    <Trackpoint>
                        <Time>2026-08-23T07:30:41.000+01:00</Time>
                        <HeartRateBpm>
                            <Value>139</Value>
                        </HeartRateBpm>
                    </Trackpoint>
                    <Trackpoint>
                        <Time>2026-08-23T07:30:42.000+01:00</Time>
                        <HeartRateBpm>
                            <Value>137</Value>
                        </HeartRateBpm>
                    </Trackpoint>
                    <Trackpoint>
                        <Time>2026-08-23T07:30:45.000+01:00</Time>
                        <HeartRateBpm>
                            <Value>137</Value>
                        </HeartRateBpm>
                    </Trackpoint>
                    <Trackpoint>
                        <Time>2026-08-23T07:30:46.000+01:00</Time>
                        <HeartRateBpm>
                            <Value>135</Value>
                        </HeartRateBpm>
                    </Trackpoint>
                    <Trackpoint>
                        <Time>2026-08-23T07:30:48.000+01:00</Time>
                        <HeartRateBpm>
                            <Value>139</Value>
                        </HeartRateBpm>
                    </Trackpoint>
                    <Trackpoint>
                        <Time>2026-08-23T07:30:50.000+01:00</Time>
                        <HeartRateBpm>
                            <Value>139</Value>
                        </HeartRateBpm>
                    </Trackpoint>
                    <Trackpoint>
                        <Time>2026-08-23T07:30:52.000+01:00</Time>
                        <HeartRateBpm>
                            <Value>141</Value>
                        </HeartRateBpm>
                    </Trackpoint>
                    <Trackpoint>
                        <Time>2026-08-23T07:30:54.000+01:00</Time>
                        <HeartRateBpm>
                            <Value>137</Value>
                        </HeartRateBpm>
                    </Trackpoint>
                    <Trackpoint>
                        <Time>2026-08-23T07:30:57.000+01:00</Time>
                        <HeartRateBpm>
                            <Value>138</Value>
                        </HeartRateBpm>
                    </Trackpoint>
                    <Trackpoint>
                        <Time>2026-08-23T07:30:58.000+01:00</Time>
                        <HeartRateBpm>
                            <Value>136</Value>
                        </HeartRateBpm>
                    </Trackpoint>
                    <Trackpoint>
                        <Time>2026-08-23T07:31:00.000+01:00</Time>
                        <HeartRateBpm>
                            <Value>135</Value>
                        </HeartRateBpm>
                    </Trackpoint>
                    <Trackpoint>
                        <Time>2026-08-23T07:31:02.000+01:00</Time>
                        <HeartRateBpm>
                            <Value>133</Value>
                        </HeartRateBpm>
                    </Trackpoint>
                    <Trackpoint>
                        <Time>2026-08-23T07:31:03.000+01:00</Time>
                        <HeartRateBpm>
                            <Value>134</Value>
                        </HeartRateBpm>
                    </Trackpoint>
                    <Trackpoint>
                        <Time>2026-08-23T07:31:06.000+01:00</Time>
                        <HeartRateBpm>
                            <Value>134</Value>
                        </HeartRateBpm>
                    </Trackpoint>
                    <Trackpoint>
                        <Time>2026-08-23T07:31:07.000+01:00</Time>
                        <HeartRateBpm>
                            <Value>135</Value>
                        </HeartRateBpm>
                    </Trackpoint>
                    <Trackpoint>
                        <Time>2026-08-23T07:31:09.000+01:00</Time>
                        <HeartRateBpm>
                            <Value>136</Value>
                        </HeartRateBpm>
                    </Trackpoint>
                    <Trackpoint>
                        <Time>2026-08-23T07:31:12.000+01:00</Time>
                        <HeartRateBpm>
                            <Value>138</Value>
                        </HeartRateBpm>
                    </Trackpoint>
                    <Trackpoint>
                        <Time>2026-08-23T07:31:15.000+01:00</Time>
                        <HeartRateBpm>
                            <Value>139</Value>
                        </HeartRateBpm>
                    </Trackpoint>
                    <Trackpoint>
                        <Time>2026-08-23T07:31:17.000+01:00</Time>
                        <HeartRateBpm>
                            <Value>136</Value>
                        </HeartRateBpm>
                    </Trackpoint>
                    <Trackpoint>
                        <Time>2026-08-23T07:31:18.000+01:00</Time>
                        <HeartRateBpm>
                            <Value>136</Value>
                        </HeartRateBpm>
                    </Trackpoint>
                    <Trackpoint>
                        <Time>2026-08-23T07:31:19.000+01:00</Time>
                        <HeartRateBpm>
                            <Value>141</Value>
                        </HeartRateBpm>
                    </Trackpoint>
                    <Trackpoint>
                        <Time>2026-08-23T07:31:21.000+01:00</Time>
                        <HeartRateBpm>
                            <Value>140</Value>
                        </HeartRateBpm>
                    </Trackpoint>
                    <Trackpoint>
                        <Time>2026-08-23T07:31:23.000+01:00</Time>
                        <HeartRateBpm>
                            <Value>142</Value>
                        </HeartRateBpm>
                    </Trackpoint>
                    <Trackpoint>
                        <Time>2026-08-23T07:31:25.000+01:00</Time>
                        <HeartRateBpm>
                            <Value>138</Value>
                        </HeartRateBpm>
                    </Trackpoint>
                    <Trackpoint>
                        <Time>2026-08-23T07:31:27.000+01:00</Time>
                        <HeartRateBpm>
                            <Value>142</Value>
                        </HeartRateBpm>
                    </Trackpoint>
                    <Trackpoint>
                        <Time>2026-08-23T07:31:29.000+01:00</Time>
                        <HeartRateBpm>
                            <Value>139</Value>
                        </HeartRateBpm>
                    </Trackpoint>
                    <Trackpoint>
                        <Time>2026-08-23T07:31:31.000+01:00</Time>
                        <HeartRateBpm>
                            <Value>140</Value>
                        </HeartRateBpm>
                    </Trackpoint>
                    <Trackpoint>
                        <Time>2026-08-23T07:31:33.000+01:00</Time>
                        <HeartRateBpm>
                            <Value>138</Value>
                        </HeartRateBpm>
                    </Trackpoint>
                    <Trackpoint>
                        <Time>2026-08-23T07:31:35.000+01:00</Time>
                        <HeartRateBpm>
                            <Value>140</Value>
                        </HeartRateBpm>
                    </Trackpoint>
                    <Trackpoint>
                        <Time>2026-08-23T07:31:37.000+01:00</Time>
                        <HeartRateBpm>
                            <Value>139</Value>
                        </HeartRateBpm>
                    </Trackpoint>
                    <Trackpoint>
                        <Time>2026-08-23T07:31:38.000+01:00</Time>
                        <HeartRateBpm>
                            <Value>143</Value>
                        </HeartRateBpm>
                    </Trackpoint>
                    <Trackpoint>
                        <Time>2026-08-23T07:31:40.000+01:00</Time>
                        <HeartRateBpm>
                            <Value>140</Value>
                        </HeartRateBpm>
                    </Trackpoint>
                    <Trackpoint>
                        <Time>2026-08-23T07:31:42.000+01:00</Time>
                        <HeartRateBpm>
                            <Value>143</Value>
                        </HeartRateBpm>
                    </Trackpoint>
                    <Trackpoint>
                        <Time>2026-08-23T07:31:44.000+01:00</Time>
                        <HeartRateBpm>
                            <Value>140</Value>
                        </HeartRateBpm>
                    </Trackpoint>
                    <Trackpoint>
                        <Time>2026-08-23T07:31:47.000+01:00</Time>
                        <HeartRateBpm>
                            <Value>137</Value>
                        </HeartRateBpm>
                    </Trackpoint>
                    <Trackpoint>
                        <Time>2026-08-23T07:31:49.000+01:00</Time>
                        <HeartRateBpm>
                            <Value>139</Value>
                        </HeartRateBpm>
                    </Trackpoint>
                    <Trackpoint>
                        <Time>2026-08-23T07:31:51.000+01:00</Time>
                        <HeartRateBpm>
                            <Value>138</Value>
                        </HeartRateBpm>
                    </Trackpoint>
                    <Trackpoint>
                        <Time>2026-08-23T07:31:53.000+01:00</Time>
                        <HeartRateBpm>
                            <Value>145</Value>
                        </HeartRateBpm>
                    </Trackpoint>
                    <Trackpoint>
                        <Time>2026-08-23T07:31:55.000+01:00</Time>
                        <HeartRateBpm>
                            <Value>143</Value>
                        </HeartRateBpm>
                    </Trackpoint>
                    <Trackpoint>
                        <Time>2026-08-23T07:31:58.000+01:00</Time>
                        <HeartRateBpm>
                            <Value>143</Value>
                        </HeartRateBpm>
                    </Trackpoint>
                    <Trackpoint>
                        <Time>2026-08-23T07:31:59.000+01:00</Time>
                        <HeartRateBpm>
                            <Value>139</Value>
                        </HeartRateBpm>
                    </Trackpoint>
                    <Trackpoint>
                        <Time>2026-08-23T07:32:01.000+01:00</Time>
                        <HeartRateBpm>
                            <Value>138</Value>
                        </HeartRateBpm>
                    </Trackpoint>
                    <Trackpoint>
                        <Time>2026-08-23T07:32:03.000+01:00</Time>
                        <HeartRateBpm>
                            <Value>137</Value>
                        </HeartRateBpm>
                    </Trackpoint>
                    <Trackpoint>
                        <Time>2026-08-23T07:32:04.000+01:00</Time>
                        <HeartRateBpm>
                            <Value>138</Value>
                        </HeartRateBpm>
                    </Trackpoint>
                    <Trackpoint>
                        <Time>2026-08-23T07:32:06.000+01:00</Time>
                        <HeartRateBpm>
                            <Value>135</Value>
                        </HeartRateBpm>
                    </Trackpoint>
                    <Trackpoint>
                        <Time>2026-08-23T07:32:08.000+01:00</Time>
                        <HeartRateBpm>
                            <Value>136</Value>
                        </HeartRateBpm>
                    </Trackpoint>
                    <Trackpoint>
                        <Time>2026-08-23T07:32:09.000+01:00</Time>
                        <HeartRateBpm>
                            <Value>136</Value>
                        </HeartRateBpm>
                    </Trackpoint>
                    <Trackpoint>
                        <Time>2026-08-23T07:32:10.000+01:00</Time>
                        <HeartRateBpm>
                            <Value>135</Value>
                        </HeartRateBpm>
                    </Trackpoint>
                    <Trackpoint>
                        <Time>2026-08-23T07:32:12.000+01:00</Time>
                        <HeartRateBpm>
                            <Value>140</Value>
                        </HeartRateBpm>
                    </Trackpoint>
                    <Trackpoint>
                        <Time>2026-08-23T07:32:14.000+01:00</Time>
                        <HeartRateBpm>
                            <Value>138</Value>
                        </HeartRateBpm>
                    </Trackpoint>
                    <Trackpoint>
                        <Time>2026-08-23T07:32:16.000+01:00</Time>
                        <HeartRateBpm>
                            <Value>139</Value>
                        </HeartRateBpm>
                    </Trackpoint>
                    <Trackpoint>
                        <Time>2026-08-23T07:32:18.000+01:00</Time>
                        <HeartRateBpm>
                            <Value>138</Value>
                        </HeartRateBpm>
                    </Trackpoint>
                    <Trackpoint>
                        <Time>2026-08-23T07:32:20.000+01:00</Time>
                        <HeartRateBpm>
                            <Value>141</Value>
                        </HeartRateBpm>
                    </Trackpoint>
                    <Trackpoint>
                        <Time>2026-08-23T07:32:22.000+01:00</Time>
                        <HeartRateBpm>
                            <Value>142</Value>
                        </HeartRateBpm>
                    </Trackpoint>
                    <Trackpoint>
                        <Time>2026-08-23T07:32:24.000+01:00</Time>
                        <HeartRateBpm>
                            <Value>144</Value>
                        </HeartRateBpm>
                    </Trackpoint>
                    <Trackpoint>
                        <Time>2026-08-23T07:32:26.000+01:00</Time>
                        <HeartRateBpm>
                            <Value>143</Value>
                        </HeartRateBpm>
                    </Trackpoint>
                    <Trackpoint>
                        <Time>2026-08-23T07:32:28.000+01:00</Time>
                        <HeartRateBpm>
                            <Value>145</Value>
                        </HeartRateBpm>
                    </Trackpoint>
                    <Trackpoint>
                        <Time>2026-08-23T07:32:30.000+01:00</Time>
                        <HeartRateBpm>
                            <Value>143</Value>
                        </HeartRateBpm>
                    </Trackpoint>
                    <Trackpoint>
                        <Time>2026-08-23T07:32:32.000+01:00</Time>
                        <HeartRateBpm>
                            <Value>144</Value>
                        </HeartRateBpm>
                    </Trackpoint>
                    <Trackpoint>
                        <Time>2026-08-23T07:32:35.000+01:00</Time>
                        <HeartRateBpm>
                            <Value>144</Value>
                        </HeartRateBpm>
                    </Trackpoint>
                    <Trackpoint>
                        <Time>2026-08-23T07:32:36.000+01:00</Time>
                        <HeartRateBpm>
                            <Value>145</Value>
                        </HeartRateBpm>
                    </Trackpoint>
                    <Trackpoint>
                        <Time>2026-08-23T07:32:38.000+01:00</Time>
                        <HeartRateBpm>
                            <Value>143</Value>
                        </HeartRateBpm>
                    </Trackpoint>
                    <Trackpoint>
                        <Time>2026-08-23T07:32:39.000+01:00</Time>
                        <HeartRateBpm>
                            <Value>144</Value>
                        </HeartRateBpm>
                    </Trackpoint>
                    <Trackpoint>
                        <Time>2026-08-23T07:32:42.000+01:00</Time>
                        <HeartRateBpm>
                            <Value>144</Value>
                        </HeartRateBpm>
                    </Trackpoint>
                    <Trackpoint>
                        <Time>2026-08-23T07:32:45.000+01:00</Time>
                        <HeartRateBpm>
                            <Value>144</Value>
                        </HeartRateBpm>
                    </Trackpoint>
                    <Trackpoint>
                        <Time>2026-08-23T07:32:46.000+01:00</Time>
                        <HeartRateBpm>
                            <Value>142</Value>
                        </HeartRateBpm>
                    </Trackpoint>
                    <Trackpoint>
                        <Time>2026-08-23T07:32:49.000+01:00</Time>
                        <HeartRateBpm>
                            <Value>139</Value>
                        </HeartRateBpm>
                    </Trackpoint>
                    <Trackpoint>
                        <Time>2026-08-23T07:32:52.000+01:00</Time>
                        <HeartRateBpm>
                            <Value>140</Value>
                        </HeartRateBpm>
                    </Trackpoint>
                    <Trackpoint>
                        <Time>2026-08-23T07:32:53.000+01:00</Time>
                        <HeartRateBpm>
                            <Value>139</Value>
                        </HeartRateBpm>
                    </Trackpoint>
                    <Trackpoint>
                        <Time>2026-08-23T07:32:55.000+01:00</Time>
                        <HeartRateBpm>
                            <Value>140</Value>
                        </HeartRateBpm>
                    </Trackpoint>
                    <Trackpoint>
                        <Time>2026-08-23T07:32:58.000+01:00</Time>
                        <HeartRateBpm>
                            <Value>140</Value>
                        </HeartRateBpm>
                    </Trackpoint>
                    <Trackpoint>
                        <Time>2026-08-23T07:33:01.000+01:00</Time>
                        <HeartRateBpm>
                            <Value>137</Value>
                        </HeartRateBpm>
                    </Trackpoint>
                    <Trackpoint>
                        <Time>2026-08-23T07:33:03.000+01:00</Time>
                        <HeartRateBpm>
                            <Value>138</Value>
                        </HeartRateBpm>
                    </Trackpoint>
                    <Trackpoint>
                        <Time>2026-08-23T07:33:04.000+01:00</Time>
                        <HeartRateBpm>
                            <Value>138</Value>
                        </HeartRateBpm>
                    </Trackpoint>
                    <Trackpoint>
                        <Time>2026-08-23T07:33:05.000+01:00</Time>
                        <HeartRateBpm>
                            <Value>135</Value>
                        </HeartRateBpm>
                    </Trackpoint>
                    <Trackpoint>
                        <Time>2026-08-23T07:33:06.000+01:00</Time>
                        <HeartRateBpm>
                            <Value>139</Value>
                        </HeartRateBpm>
                    </Trackpoint>
                    <Trackpoint>
                        <Time>2026-08-23T07:33:08.000+01:00</Time>
                        <HeartRateBpm>
                            <Value>136</Value>
                        </HeartRateBpm>
                    </Trackpoint>
                    <Trackpoint>
                        <Time>2026-08-23T07:33:11.000+01:00</Time>
                        <HeartRateBpm>
                            <Value>138</Value>
                        </HeartRateBpm>
                    </Trackpoint>
                    <Trackpoint>
                        <Time>2026-08-23T07:33:12.000+01:00</Time>
                        <HeartRateBpm>
                            <Value>138</Value>
                        </HeartRateBpm>
                    </Trackpoint>
                    <Trackpoint>
                        <Time>2026-08-23T07:33:14.000+01:00</Time>
                        <HeartRateBpm>
                            <Value>139</Value>
                        </HeartRateBpm>
                    </Trackpoint>
                    <Trackpoint>
                        <Time>2026-08-23T07:33:16.000+01:00</Time>
                        <HeartRateBpm>
                            <Value>137</Value>
                        </HeartRateBpm>
                    </Trackpoint>
                    <Trackpoint>
                        <Time>2026-08-23T07:33:18.000+01:00</Time>
                        <HeartRateBpm>
                            <Value>138</Value>
                        </HeartRateBpm>
                    </Trackpoint>
                    <Trackpoint>
                        <Time>2026-08-23T07:33:21.000+01:00</Time>
                        <HeartRateBpm>
                            <Value>138</Value>
                        </HeartRateBpm>
                    </Trackpoint>
                    <Trackpoint>
                        <Time>2026-08-23T07:33:22.000+01:00</Time>
                        <HeartRateBpm>
                            <Value>141</Value>
                        </HeartRateBpm>
                    </Trackpoint>
                    <Trackpoint>
                        <Time>2026-08-23T07:33:25.000+01:00</Time>
                        <HeartRateBpm>
                            <Value>141</Value>
                        </HeartRateBpm>
                    </Trackpoint>
                    <Trackpoint>
                        <Time>2026-08-23T07:33:26.000+01:00</Time>
                        <HeartRateBpm>
                            <Value>144</Value>
                        </HeartRateBpm>
                    </Trackpoint>
                    <Trackpoint>
                        <Time>2026-08-23T07:33:28.000+01:00</Time>
                        <HeartRateBpm>
                            <Value>146</Value>
                        </HeartRateBpm>
                    </Trackpoint>
                    <Trackpoint>
                        <Time>2026-08-23T07:33:30.000+01:00</Time>
                        <HeartRateBpm>
                            <Value>148</Value>
                        </HeartRateBpm>
                    </Trackpoint>
                    <Trackpoint>
                        <Time>2026-08-23T07:33:32.000+01:00</Time>
                        <HeartRateBpm>
                            <Value>141</Value>
                        </HeartRateBpm>
                    </Trackpoint>
                    <Trackpoint>
                        <Time>2026-08-23T07:33:33.000+01:00</Time>
                        <HeartRateBpm>
                            <Value>142</Value>
                        </HeartRateBpm>
                    </Trackpoint>
                    <Trackpoint>
                        <Time>2026-08-23T07:33:35.000+01:00</Time>
                        <HeartRateBpm>
                            <Value>137</Value>
                        </HeartRateBpm>
                    </Trackpoint>
                    <Trackpoint>
                        <Time>2026-08-23T07:33:37.000+01:00</Time>
                        <HeartRateBpm>
                            <Value>142</Value>
                        </HeartRateBpm>
                    </Trackpoint>
                    <Trackpoint>
                        <Time>2026-08-23T07:33:39.000+01:00</Time>
                        <HeartRateBpm>
                            <Value>139</Value>
                        </HeartRateBpm>
                    </Trackpoint>
                    <Trackpoint>
                        <Time>2026-08-23T07:33:41.000+01:00</Time>
                        <HeartRateBpm>
                            <Value>140</Value>
                        </HeartRateBpm>
                    </Trackpoint>
                    <Trackpoint>
                        <Time>2026-08-23T07:33:43.000+01:00</Time>
                        <HeartRateBpm>
                            <Value>139</Value>
                        </HeartRateBpm>
                    </Trackpoint>
                    <Trackpoint>
                        <Time>2026-08-23T07:33:45.000+01:00</Time>
                        <HeartRateBpm>
                            <Value>141</Value>
                        </HeartRateBpm>
                    </Trackpoint>
                    <Trackpoint>
                        <Time>2026-08-23T07:33:47.000+01:00</Time>
                        <HeartRateBpm>
                            <Value>140</Value>
                        </HeartRateBpm>
                    </Trackpoint>
                    <Trackpoint>
                        <Time>2026-08-23T07:33:49.000+01:00</Time>
                        <HeartRateBpm>
                            <Value>141</Value>
                        </HeartRateBpm>
                    </Trackpoint>
                    <Trackpoint>
                        <Time>2026-08-23T07:33:51.000+01:00</Time>
                        <HeartRateBpm>
                            <Value>140</Value>
                        </HeartRateBpm>
                    </Trackpoint>
                    <Trackpoint>
                        <Time>2026-08-23T07:33:53.000+01:00</Time>
                        <HeartRateBpm>
                            <Value>144</Value>
                        </HeartRateBpm>
                    </Trackpoint>
                    <Trackpoint>
                        <Time>2026-08-23T07:33:54.000+01:00</Time>
                        <HeartRateBpm>
                            <Value>144</Value>
                        </HeartRateBpm>
                    </Trackpoint>
                    <Trackpoint>
                        <Time>2026-08-23T07:33:55.000+01:00</Time>
                        <HeartRateBpm>
                            <Value>143</Value>
                        </HeartRateBpm>
                    </Trackpoint>
                    <Trackpoint>
                        <Time>2026-08-23T07:33:57.000+01:00</Time>
                        <HeartRateBpm>
                            <Value>146</Value>
                        </HeartRateBpm>
                    </Trackpoint>
                    <Trackpoint>
                        <Time>2026-08-23T07:33:58.000+01:00</Time>
                        <HeartRateBpm>
                            <Value>147</Value>
                        </HeartRateBpm>
                    </Trackpoint>
                    <Trackpoint>
                        <Time>2026-08-23T07:34:00.000+01:00</Time>
                        <HeartRateBpm>
                            <Value>149</Value>
                        </HeartRateBpm>
                    </Trackpoint>
                    <Trackpoint>
                        <Time>2026-08-23T07:34:02.000+01:00</Time>
                        <HeartRateBpm>
                            <Value>150</Value>
                        </HeartRateBpm>
                    </Trackpoint>
                    <Trackpoint>
                        <Time>2026-08-23T07:34:04.000+01:00</Time>
                        <HeartRateBpm>
                            <Value>149</Value>
                        </HeartRateBpm>
                    </Trackpoint>
                    <Trackpoint>
                        <Time>2026-08-23T07:34:06.000+01:00</Time>
                        <HeartRateBpm>
                            <Value>146</Value>
                        </HeartRateBpm>
                    </Trackpoint>
                    <Trackpoint>
                        <Time>2026-08-23T07:34:08.000+01:00</Time>
                        <HeartRateBpm>
                            <Value>146</Value>
                        </HeartRateBpm>
                    </Trackpoint>
                    <Trackpoint>
                        <Time>2026-08-23T07:34:11.000+01:00</Time>
                        <HeartRateBpm>
                            <Value>146</Value>
                        </HeartRateBpm>
                    </Trackpoint>
                    <Trackpoint>
                        <Time>2026-08-23T07:34:12.000+01:00</Time>
                        <HeartRateBpm>
                            <Value>144</Value>
                        </HeartRateBpm>
                    </Trackpoint>
                    <Trackpoint>
                        <Time>2026-08-23T07:34:13.000+01:00</Time>
                        <HeartRateBpm>
                            <Value>145</Value>
                        </HeartRateBpm>
                    </Trackpoint>
                    <Trackpoint>
                        <Time>2026-08-23T07:34:15.000+01:00</Time>
                        <HeartRateBpm>
                            <Value>147</Value>
                        </HeartRateBpm>
                    </Trackpoint>
                    <Trackpoint>
                        <Time>2026-08-23T07:34:17.000+01:00</Time>
                        <HeartRateBpm>
                            <Value>148</Value>
                        </HeartRateBpm>
                    </Trackpoint>
                    <Trackpoint>
                        <Time>2026-08-23T07:34:20.000+01:00</Time>
                        <HeartRateBpm>
                            <Value>148</Value>
                        </HeartRateBpm>
                    </Trackpoint>
                    <Trackpoint>
                        <Time>2026-08-23T07:34:23.000+01:00</Time>
                        <HeartRateBpm>
                            <Value>150</Value>
                        </HeartRateBpm>
                    </Trackpoint>
                    <Trackpoint>
                        <Time>2026-08-23T07:34:26.000+01:00</Time>
                        <HeartRateBpm>
                            <Value>150</Value>
                        </HeartRateBpm>
                    </Trackpoint>
                    <Trackpoint>
                        <Time>2026-08-23T07:34:27.000+01:00</Time>
                        <HeartRateBpm>
                            <Value>152</Value>
                        </HeartRateBpm>
                    </Trackpoint>
                    <Trackpoint>
                        <Time>2026-08-23T07:34:29.000+01:00</Time>
                        <HeartRateBpm>
                            <Value>151</Value>
                        </HeartRateBpm>
                    </Trackpoint>
                    <Trackpoint>
                        <Time>2026-08-23T07:34:31.000+01:00</Time>
                        <HeartRateBpm>
                            <Value>154</Value>
                        </HeartRateBpm>
                    </Trackpoint>
                    <Trackpoint>
                        <Time>2026-08-23T07:34:32.000+01:00</Time>
                        <HeartRateBpm>
                            <Value>150</Value>
                        </HeartRateBpm>
                    </Trackpoint>
                    <Trackpoint>
                        <Time>2026-08-23T07:34:34.000+01:00</Time>
                        <HeartRateBpm>
                            <Value>154</Value>
                        </HeartRateBpm>
                    </Trackpoint>
                    <Trackpoint>
                        <Time>2026-08-23T07:34:36.000+01:00</Time>
                        <HeartRateBpm>
                            <Value>153</Value>
                        </HeartRateBpm>
                    </Trackpoint>
                    <Trackpoint>
                        <Time>2026-08-23T07:34:38.000+01:00</Time>
                        <HeartRateBpm>
                            <Value>154</Value>
                        </HeartRateBpm>
                    </Trackpoint>
                    <Trackpoint>
                        <Time>2026-08-23T07:34:41.000+01:00</Time>
                        <HeartRateBpm>
                            <Value>154</Value>
                        </HeartRateBpm>
                    </Trackpoint>
                    <Trackpoint>
                        <Time>2026-08-23T07:34:44.000+01:00</Time>
                        <HeartRateBpm>
                            <Value>152</Value>
                        </HeartRateBpm>
                    </Trackpoint>
                    <Trackpoint>
                        <Time>2026-08-23T07:34:46.000+01:00</Time>
                        <HeartRateBpm>
                            <Value>154</Value>
                        </HeartRateBpm>
                    </Trackpoint>
                    <Trackpoint>
                        <Time>2026-08-23T07:34:47.000+01:00</Time>
                        <HeartRateBpm>
                            <Value>154</Value>
                        </HeartRateBpm>
                    </Trackpoint>
                    <Trackpoint>
                        <Time>2026-08-23T07:34:48.000+01:00</Time>
                        <HeartRateBpm>
                            <Value>153</Value>
                        </HeartRateBpm>
                    </Trackpoint>
                    <Trackpoint>
                        <Time>2026-08-23T07:34:50.000+01:00</Time>
                        <HeartRateBpm>
                            <Value>154</Value>
                        </HeartRateBpm>
                    </Trackpoint>
                    <Trackpoint>
                        <Time>2026-08-23T07:34:52.000+01:00</Time>
                        <HeartRateBpm>
                            <Value>153</Value>
                        </HeartRateBpm>
                    </Trackpoint>
                    <Trackpoint>
                        <Time>2026-08-23T07:34:54.000+01:00</Time>
                        <HeartRateBpm>
                            <Value>154</Value>
                        </HeartRateBpm>
                    </Trackpoint>
                    <Trackpoint>
                        <Time>2026-08-23T07:34:55.000+01:00</Time>
                        <HeartRateBpm>
                            <Value>152</Value>
                        </HeartRateBpm>
                    </Trackpoint>
                    <Trackpoint>
                        <Time>2026-08-23T07:34:57.000+01:00</Time>
                        <HeartRateBpm>
                            <Value>150</Value>
                        </HeartRateBpm>
                    </Trackpoint>
                    <Trackpoint>
                        <Time>2026-08-23T07:34:59.000+01:00</Time>
                        <HeartRateBpm>
                            <Value>149</Value>
                        </HeartRateBpm>
                    </Trackpoint>
                    <Trackpoint>
                        <Time>2026-08-23T07:35:01.000+01:00</Time>
                        <HeartRateBpm>
                            <Value>152</Value>
                        </HeartRateBpm>
                    </Trackpoint>
                    <Trackpoint>
                        <Time>2026-08-23T07:35:03.000+01:00</Time>
                        <HeartRateBpm>
                            <Value>149</Value>
                        </HeartRateBpm>
                    </Trackpoint>
                    <Trackpoint>
                        <Time>2026-08-23T07:35:05.000+01:00</Time>
                        <HeartRateBpm>
                            <Value>150</Value>
                        </HeartRateBpm>
                    </Trackpoint>
                    <Trackpoint>
                        <Time>2026-08-23T07:35:07.000+01:00</Time>
                        <HeartRateBpm>
                            <Value>148</Value>
                        </HeartRateBpm>
                    </Trackpoint>
                    <Trackpoint>
                        <Time>2026-08-23T07:35:09.000+01:00</Time>
                        <HeartRateBpm>
                            <Value>151</Value>
                        </HeartRateBpm>
                    </Trackpoint>
                    <Trackpoint>
                        <Time>2026-08-23T07:35:11.000+01:00</Time>
                        <HeartRateBpm>
                            <Value>150</Value>
                        </HeartRateBpm>
                    </Trackpoint>
                    <Trackpoint>
                        <Time>2026-08-23T07:35:13.000+01:00</Time>
                        <HeartRateBpm>
                            <Value>152</Value>
                        </HeartRateBpm>
                    </Trackpoint>
                    <Trackpoint>
                        <Time>2026-08-23T07:35:15.000+01:00</Time>
                        <HeartRateBpm>
                            <Value>151</Value>
                        </HeartRateBpm>
                    </Trackpoint>
                    <Trackpoint>
                        <Time>2026-08-23T07:35:17.000+01:00</Time>
                        <HeartRateBpm>
                            <Value>153</Value>
                        </HeartRateBpm>
                    </Trackpoint>
                    <Trackpoint>
                        <Time>2026-08-23T07:35:20.000+01:00</Time>
                        <HeartRateBpm>
                            <Value>153</Value>
                        </HeartRateBpm>
                    </Trackpoint>
                    <Trackpoint>
                        <Time>2026-08-23T07:35:22.000+01:00</Time>
                        <HeartRateBpm>
                            <Value>152</Value>
                        </HeartRateBpm>
                    </Trackpoint>
                    <Trackpoint>
                        <Time>2026-08-23T07:35:24.000+01:00</Time>
                        <HeartRateBpm>
                            <Value>155</Value>
                        </HeartRateBpm>
                    </Trackpoint>
                    <Trackpoint>
                        <Time>2026-08-23T07:35:27.000+01:00</Time>
                        <HeartRateBpm>
                            <Value>155</Value>
                        </HeartRateBpm>
                    </Trackpoint>
                    <Trackpoint>
                        <Time>2026-08-23T07:35:30.000+01:00</Time>
                        <HeartRateBpm>
                            <Value>153</Value>
                        </HeartRateBpm>
                    </Trackpoint>
                    <Trackpoint>
                        <Time>2026-08-23T07:35:32.000+01:00</Time>
                        <HeartRateBpm>
                            <Value>158</Value>
                        </HeartRateBpm>
                    </Trackpoint>
                    <Trackpoint>
                        <Time>2026-08-23T07:35:34.000+01:00</Time>
                        <HeartRateBpm>
                            <Value>156</Value>
                        </HeartRateBpm>
                    </Trackpoint>
                    <Trackpoint>
                        <Time>2026-08-23T07:35:36.000+01:00</Time>
                        <HeartRateBpm>
                            <Value>157</Value>
                        </HeartRateBpm>
                    </Trackpoint>
                    <Trackpoint>
                        <Time>2026-08-23T07:35:39.000+01:00</Time>
                        <HeartRateBpm>
                            <Value>157</Value>
                        </HeartRateBpm>
                    </Trackpoint>
                    <Trackpoint>
                        <Time>2026-08-23T07:35:40.000+01:00</Time>
                        <HeartRateBpm>
                            <Value>160</Value>
                        </HeartRateBpm>
                    </Trackpoint>
                    <Trackpoint>
                        <Time>2026-08-23T07:35:41.000+01:00</Time>
                        <HeartRateBpm>
                            <Value>160</Value>
                        </HeartRateBpm>
                    </Trackpoint>
                    <Trackpoint>
                        <Time>2026-08-23T07:35:42.000+01:00</Time>
                        <HeartRateBpm>
                            <Value>162</Value>
                        </HeartRateBpm>
                    </Trackpoint>
                    <Trackpoint>
                        <Time>2026-08-23T07:35:43.000+01:00</Time>
                        <HeartRateBpm>
                            <Value>164</Value>
                        </HeartRateBpm>
                    </Trackpoint>
                    <Trackpoint>
                        <Time>2026-08-23T07:35:46.000+01:00</Time>
                        <HeartRateBpm>
                            <Value>161</Value>
                        </HeartRateBpm>
                    </Trackpoint>
                    <Trackpoint>
                        <Time>2026-08-23T07:35:47.000+01:00</Time>
                        <HeartRateBpm>
                            <Value>163</Value>
                        </HeartRateBpm>
                    </Trackpoint>
                    <Trackpoint>
                        <Time>2026-08-23T07:35:49.000+01:00</Time>
                        <HeartRateBpm>
                            <Value>159</Value>
                        </HeartRateBpm>
                    </Trackpoint>
                    <Trackpoint>
                        <Time>2026-08-23T07:35:51.000+01:00</Time>
                        <HeartRateBpm>
                            <Value>160</Value>
                        </HeartRateBpm>
                    </Trackpoint>
                    <Trackpoint>
                        <Time>2026-08-23T07:35:53.000+01:00</Time>
                        <HeartRateBpm>
                            <Value>161</Value>
                        </HeartRateBpm>
                    </Trackpoint>
                    <Trackpoint>
                        <Time>2026-08-23T07:35:55.000+01:00</Time>
                        <HeartRateBpm>
                            <Value>162</Value>
                        </HeartRateBpm>
                    </Trackpoint>
                    <Trackpoint>
                        <Time>2026-08-23T07:35:57.000+01:00</Time>
                        <HeartRateBpm>
                            <Value>163</Value>
                        </HeartRateBpm>
                    </Trackpoint>
                    <Trackpoint>
                        <Time>2026-08-23T07:35:59.000+01:00</Time>
                        <HeartRateBpm>
                            <Value>162</Value>
                        </HeartRateBpm>
                    </Trackpoint>
                    <Trackpoint>
                        <Time>2026-08-23T07:36:01.000+01:00</Time>
                        <HeartRateBpm>
                            <Value>158</Value>
                        </HeartRateBpm>
                    </Trackpoint>
                    <Trackpoint>
                        <Time>2026-08-23T07:36:03.000+01:00</Time>
                        <HeartRateBpm>
                            <Value>162</Value>
                        </HeartRateBpm>
                    </Trackpoint>
                    <Trackpoint>
                        <Time>2026-08-23T07:36:05.000+01:00</Time>
                        <HeartRateBpm>
                            <Value>158</Value>
                        </HeartRateBpm>
                    </Trackpoint>
                    <Trackpoint>
                        <Time>2026-08-23T07:36:07.000+01:00</Time>
                        <HeartRateBpm>
                            <Value>162</Value>
                        </HeartRateBpm>
                    </Trackpoint>
                    <Trackpoint>
                        <Time>2026-08-23T07:36:08.000+01:00</Time>
                        <HeartRateBpm>
                            <Value>159</Value>
                        </HeartRateBpm>
                    </Trackpoint>
                    <Trackpoint>
                        <Time>2026-08-23T07:36:10.000+01:00</Time>
                        <HeartRateBpm>
                            <Value>162</Value>
                        </HeartRateBpm>
                    </Trackpoint>
                    <Trackpoint>
                        <Time>2026-08-23T07:36:13.000+01:00</Time>
                        <HeartRateBpm>
                            <Value>164</Value>
                        </HeartRateBpm>
                    </Trackpoint>
                    <Trackpoint>
                        <Time>2026-08-23T07:36:15.000+01:00</Time>
                        <HeartRateBpm>
                            <Value>163</Value>
                        </HeartRateBpm>
                    </Trackpoint>
                    <Trackpoint>
                        <Time>2026-08-23T07:36:17.000+01:00</Time>
                        <HeartRateBpm>
                            <Value>161</Value>
                        </HeartRateBpm>
                    </Trackpoint>
                    <Trackpoint>
                        <Time>2026-08-23T07:36:19.000+01:00</Time>
                        <HeartRateBpm>
                            <Value>162</Value>
                        </HeartRateBpm>
                    </Trackpoint>
                    <Trackpoint>
                        <Time>2026-08-23T07:36:20.000+01:00</Time>
                        <HeartRateBpm>
                            <Value>161</Value>
                        </HeartRateBpm>
                    </Trackpoint>
                    <Trackpoint>
                        <Time>2026-08-23T07:36:23.000+01:00</Time>
                        <HeartRateBpm>
                            <Value>161</Value>
                        </HeartRateBpm>
                    </Trackpoint>
                    <Trackpoint>
                        <Time>2026-08-23T07:36:24.000+01:00</Time>
                        <HeartRateBpm>
                            <Value>160</Value>
                        </HeartRateBpm>
                    </Trackpoint>
                    <Trackpoint>
                        <Time>2026-08-23T07:36:26.000+01:00</Time>
                        <HeartRateBpm>
                            <Value>159</Value>
                        </HeartRateBpm>
                    </Trackpoint>
                    <Trackpoint>
                        <Time>2026-08-23T07:36:28.000+01:00</Time>
                        <HeartRateBpm>
                            <Value>160</Value>
                        </HeartRateBpm>
                    </Trackpoint>
                    <Trackpoint>
                        <Time>2026-08-23T07:36:31.000+01:00</Time>
                        <HeartRateBpm>
                            <Value>160</Value>
                        </HeartRateBpm>
                    </Trackpoint>
                    <Trackpoint>
                        <Time>2026-08-23T07:36:32.000+01:00</Time>
                        <HeartRateBpm>
                            <Value>159</Value>
                        </HeartRateBpm>
                    </Trackpoint>
                    <Trackpoint>
                        <Time>2026-08-23T07:36:34.000+01:00</Time>
                        <HeartRateBpm>
                            <Value>160</Value>
                        </HeartRateBpm>
                    </Trackpoint>
                    <Trackpoint>
                        <Time>2026-08-23T07:36:37.000+01:00</Time>
                        <HeartRateBpm>
                            <Value>160</Value>
                        </HeartRateBpm>
                    </Trackpoint>
                    <Trackpoint>
                        <Time>2026-08-23T07:36:40.000+01:00</Time>
                        <HeartRateBpm>
                            <Value>160</Value>
                        </HeartRateBpm>
                    </Trackpoint>
                    <Trackpoint>
                        <Time>2026-08-23T07:36:41.000+01:00</Time>
                        <HeartRateBpm>
                            <Value>159</Value>
                        </HeartRateBpm>
                    </Trackpoint>
                    <Trackpoint>
                        <Time>2026-08-23T07:36:43.000+01:00</Time>
                        <HeartRateBpm>
                            <Value>160</Value>
                        </HeartRateBpm>
                    </Trackpoint>
                    <Trackpoint>
                        <Time>2026-08-23T07:36:46.000+01:00</Time>
                        <HeartRateBpm>
                            <Value>160</Value>
                        </HeartRateBpm>
                    </Trackpoint>
                    <Trackpoint>
                        <Time>2026-08-23T07:36:49.000+01:00</Time>
                        <HeartRateBpm>
                            <Value>161</Value>
                        </HeartRateBpm>
                    </Trackpoint>
                    <Trackpoint>
                        <Time>2026-08-23T07:36:51.000+01:00</Time>
                        <HeartRateBpm>
                            <Value>160</Value>
                        </HeartRateBpm>
                    </Trackpoint>
                    <Trackpoint>
                        <Time>2026-08-23T07:36:53.000+01:00</Time>
                        <HeartRateBpm>
                            <Value>161</Value>
                        </HeartRateBpm>
                    </Trackpoint>
                    <Trackpoint>
                        <Time>2026-08-23T07:36:56.000+01:00</Time>
                        <HeartRateBpm>
                            <Value>161</Value>
                        </HeartRateBpm>
                    </Trackpoint>
                    <Trackpoint>
                        <Time>2026-08-23T07:36:59.000+01:00</Time>
                        <HeartRateBpm>
                            <Value>161</Value>
                        </HeartRateBpm>
                    </Trackpoint>
                    <Trackpoint>
                        <Time>2026-08-23T07:37:01.000+01:00</Time>
                        <HeartRateBpm>
                            <Value>160</Value>
                        </HeartRateBpm>
                    </Trackpoint>
                    <Trackpoint>
                        <Time>2026-08-23T07:37:03.000+01:00</Time>
                        <HeartRateBpm>
                            <Value>159</Value>
                        </HeartRateBpm>
                    </Trackpoint>
                    <Trackpoint>
                        <Time>2026-08-23T07:37:04.000+01:00</Time>
                        <HeartRateBpm>
                            <Value>161</Value>
                        </HeartRateBpm>
                    </Trackpoint>
                    <Trackpoint>
                        <Time>2026-08-23T07:37:06.000+01:00</Time>
                        <HeartRateBpm>
                            <Value>160</Value>
                        </HeartRateBpm>
                    </Trackpoint>
                    <Trackpoint>
                        <Time>2026-08-23T07:37:08.000+01:00</Time>
                        <HeartRateBpm>
                            <Value>161</Value>
                        </HeartRateBpm>
                    </Trackpoint>
                    <Trackpoint>
                        <Time>2026-08-23T07:37:10.000+01:00</Time>
                        <HeartRateBpm>
                            <Value>158</Value>
                        </HeartRateBpm>
                    </Trackpoint>
                    <Trackpoint>
                        <Time>2026-08-23T07:37:12.000+01:00</Time>
                        <HeartRateBpm>
                            <Value>159</Value>
                        </HeartRateBpm>
                    </Trackpoint>
                    <Trackpoint>
                        <Time>2026-08-23T07:37:15.000+01:00</Time>
                        <HeartRateBpm>
                            <Value>159</Value>
                        </HeartRateBpm>
                    </Trackpoint>
                    <Trackpoint>
                        <Time>2026-08-23T07:37:16.000+01:00</Time>
                        <HeartRateBpm>
                            <Value>162</Value>
                        </HeartRateBpm>
                    </Trackpoint>
                    <Trackpoint>
                        <Time>2026-08-23T07:37:18.000+01:00</Time>
                        <HeartRateBpm>
                            <Value>160</Value>
                        </HeartRateBpm>
                    </Trackpoint>
                    <Trackpoint>
                        <Time>2026-08-23T07:37:20.000+01:00</Time>
                        <HeartRateBpm>
                            <Value>162</Value>
                        </HeartRateBpm>
                    </Trackpoint>
                    <Trackpoint>
                        <Time>2026-08-23T07:37:22.000+01:00</Time>
                        <HeartRateBpm>
                            <Value>161</Value>
                        </HeartRateBpm>
                    </Trackpoint>
                    <Trackpoint>
                        <Time>2026-08-23T07:37:25.000+01:00</Time>
                        <HeartRateBpm>
                            <Value>161</Value>
                        </HeartRateBpm>
                    </Trackpoint>
                    <Trackpoint>
                        <Time>2026-08-23T07:37:26.000+01:00</Time>
                        <HeartRateBpm>
                            <Value>160</Value>
                        </HeartRateBpm>
                    </Trackpoint>
                    <Trackpoint>
                        <Time>2026-08-23T07:37:28.000+01:00</Time>
                        <HeartRateBpm>
                            <Value>162</Value>
                        </HeartRateBpm>
                    </Trackpoint>
                    <Trackpoint>
                        <Time>2026-08-23T07:37:29.000+01:00</Time>
                        <HeartRateBpm>
                            <Value>161</Value>
                        </HeartRateBpm>
                    </Trackpoint>
                    <Trackpoint>
                        <Time>2026-08-23T07:37:31.000+01:00</Time>
                        <HeartRateBpm>
                            <Value>162</Value>
                        </HeartRateBpm>
                    </Trackpoint>
                    <Trackpoint>
                        <Time>2026-08-23T07:37:34.000+01:00</Time>
                        <HeartRateBpm>
                            <Value>162</Value>
                        </HeartRateBpm>
                    </Trackpoint>
                    <Trackpoint>
                        <Time>2026-08-23T07:37:35.000+01:00</Time>
                        <HeartRateBpm>
                            <Value>165</Value>
                        </HeartRateBpm>
                    </Trackpoint>
                    <Trackpoint>
                        <Time>2026-08-23T07:37:38.000+01:00</Time>
                        <HeartRateBpm>
                            <Value>165</Value>
                        </HeartRateBpm>
                    </Trackpoint>
                    <Trackpoint>
                        <Time>2026-08-23T07:37:39.000+01:00</Time>
                        <HeartRateBpm>
                            <Value>163</Value>
                        </HeartRateBpm>
                    </Trackpoint>
                    <Trackpoint>
                        <Time>2026-08-23T07:37:41.000+01:00</Time>
                        <HeartRateBpm>
                            <Value>166</Value>
                        </HeartRateBpm>
                    </Trackpoint>
                    <Trackpoint>
                        <Time>2026-08-23T07:37:43.000+01:00</Time>
                        <HeartRateBpm>
                            <Value>165</Value>
                        </HeartRateBpm>
                    </Trackpoint>
                    <Trackpoint>
                        <Time>2026-08-23T07:37:45.000+01:00</Time>
                        <HeartRateBpm>
                            <Value>164</Value>
                        </HeartRateBpm>
                    </Trackpoint>
                    <Trackpoint>
                        <Time>2026-08-23T07:37:47.000+01:00</Time>
                        <HeartRateBpm>
                            <Value>163</Value>
                        </HeartRateBpm>
                    </Trackpoint>
                    <Trackpoint>
                        <Time>2026-08-23T07:37:50.000+01:00</Time>
                        <HeartRateBpm>
                            <Value>163</Value>
                        </HeartRateBpm>
                    </Trackpoint>
                    <Trackpoint>
                        <Time>2026-08-23T07:37:51.000+01:00</Time>
                        <HeartRateBpm>
                            <Value>164</Value>
                        </HeartRateBpm>
                    </Trackpoint>
                    <Trackpoint>
                        <Time>2026-08-23T07:37:53.000+01:00</Time>
                        <HeartRateBpm>
                            <Value>163</Value>
                        </HeartRateBpm>
                    </Trackpoint>
                    <Trackpoint>
                        <Time>2026-08-23T07:37:56.000+01:00</Time>
                        <HeartRateBpm>
                            <Value>164</Value>
                        </HeartRateBpm>
                    </Trackpoint>
                    <Trackpoint>
                        <Time>2026-08-23T07:37:59.000+01:00</Time>
                        <HeartRateBpm>
                            <Value>164</Value>
                        </HeartRateBpm>
                    </Trackpoint>
                    <Trackpoint>
                        <Time>2026-08-23T07:38:00.000+01:00</Time>
                        <HeartRateBpm>
                            <Value>165</Value>
                        </HeartRateBpm>
                    </Trackpoint>
                    <Trackpoint>
                        <Time>2026-08-23T07:38:03.000+01:00</Time>
                        <HeartRateBpm>
                            <Value>165</Value>
                        </HeartRateBpm>
                    </Trackpoint>
                    <Trackpoint>
                        <Time>2026-08-23T07:38:04.000+01:00</Time>
                        <HeartRateBpm>
                            <Value>166</Value>
                        </HeartRateBpm>
                    </Trackpoint>
                    <Trackpoint>
                        <Time>2026-08-23T07:38:06.000+01:00</Time>
                        <HeartRateBpm>
                            <Value>164</Value>
                        </HeartRateBpm>
                    </Trackpoint>
                    <Trackpoint>
                        <Time>2026-08-23T07:38:08.000+01:00</Time>
                        <HeartRateBpm>
                            <Value>165</Value>
                        </HeartRateBpm>
                    </Trackpoint>
                    <Trackpoint>
                        <Time>2026-08-23T07:38:10.000+01:00</Time>
                        <HeartRateBpm>
                            <Value>164</Value>
                        </HeartRateBpm>
                    </Trackpoint>
                    <Trackpoint>
                        <Time>2026-08-23T07:38:12.000+01:00</Time>
                        <HeartRateBpm>
                            <Value>165</Value>
                        </HeartRateBpm>
                    </Trackpoint>
                    <Trackpoint>
                        <Time>2026-08-23T07:38:15.000+01:00</Time>
                        <HeartRateBpm>
                            <Value>165</Value>
                        </HeartRateBpm>
                    </Trackpoint>
                    <Trackpoint>
                        <Time>2026-08-23T07:38:17.000+01:00</Time>
                        <HeartRateBpm>
                            <Value>164</Value>
                        </HeartRateBpm>
                    </Trackpoint>
                    <Trackpoint>
                        <Time>2026-08-23T07:38:19.000+01:00</Time>
                        <HeartRateBpm>
                            <Value>166</Value>
                        </HeartRateBpm>
                    </Trackpoint>
                    <Trackpoint>
                        <Time>2026-08-23T07:38:21.000+01:00</Time>
                        <HeartRateBpm>
                            <Value>165</Value>
                        </HeartRateBpm>
                    </Trackpoint>
                    <Trackpoint>
                        <Time>2026-08-23T07:38:24.000+01:00</Time>
                        <HeartRateBpm>
                            <Value>165</Value>
                        </HeartRateBpm>
                    </Trackpoint>
                    <Trackpoint>
                        <Time>2026-08-23T07:38:25.000+01:00</Time>
                        <HeartRateBpm>
                            <Value>164</Value>
                        </HeartRateBpm>
                    </Trackpoint>
                    <Trackpoint>
                        <Time>2026-08-23T07:38:27.000+01:00</Time>
                        <HeartRateBpm>
                            <Value>165</Value>
                        </HeartRateBpm>
                    </Trackpoint>
                    <Trackpoint>
                        <Time>2026-08-23T07:38:29.000+01:00</Time>
                        <HeartRateBpm>
                            <Value>164</Value>
                        </HeartRateBpm>
                    </Trackpoint>
                    <Trackpoint>
                        <Time>2026-08-23T07:38:31.000+01:00</Time>
                        <HeartRateBpm>
                            <Value>165</Value>
                        </HeartRateBpm>
                    </Trackpoint>
                    <Trackpoint>
                        <Time>2026-08-23T07:38:33.000+01:00</Time>
                        <HeartRateBpm>
                            <Value>164</Value>
                        </HeartRateBpm>
                    </Trackpoint>
                    <Trackpoint>
                        <Time>2026-08-23T07:38:35.000+01:00</Time>
                        <HeartRateBpm>
                            <Value>166</Value>
                        </HeartRateBpm>
                    </Trackpoint>
                    <Trackpoint>
                        <Time>2026-08-23T07:38:37.000+01:00</Time>
                        <HeartRateBpm>
                            <Value>165</Value>
                        </HeartRateBpm>
                    </Trackpoint>
                    <Trackpoint>
                        <Time>2026-08-23T07:38:39.000+01:00</Time>
                        <HeartRateBpm>
                            <Value>166</Value>
                        </HeartRateBpm>
                    </Trackpoint>
                    <Trackpoint>
                        <Time>2026-08-23T07:38:41.000+01:00</Time>
                        <HeartRateBpm>
                            <Value>167</Value>
                        </HeartRateBpm>
                    </Trackpoint>
                    <Trackpoint>
                        <Time>2026-08-23T07:38:42.000+01:00</Time>
                        <HeartRateBpm>
                            <Value>169</Value>
                        </HeartRateBpm>
                    </Trackpoint>
                    <Trackpoint>
                        <Time>2026-08-23T07:38:44.000+01:00</Time>
                        <HeartRateBpm>
                            <Value>168</Value>
                        </HeartRateBpm>
                    </Trackpoint>
                    <Trackpoint>
                        <Time>2026-08-23T07:38:47.000+01:00</Time>
                        <HeartRateBpm>
                            <Value>168</Value>
                        </HeartRateBpm>
                    </Trackpoint>
                    <Trackpoint>
                        <Time>2026-08-23T07:38:48.000+01:00</Time>
                        <HeartRateBpm>
                            <Value>169</Value>
                        </HeartRateBpm>
                    </Trackpoint>
                    <Trackpoint>
                        <Time>2026-08-23T07:38:51.000+01:00</Time>
                        <HeartRateBpm>
                            <Value>169</Value>
                        </HeartRateBpm>
                    </Trackpoint>
                    <Trackpoint>
                        <Time>2026-08-23T07:38:54.000+01:00</Time>
                        <HeartRateBpm>
                            <Value>168</Value>
                        </HeartRateBpm>
                    </Trackpoint>
                    <Trackpoint>
                        <Time>2026-08-23T07:38:57.000+01:00</Time>
                        <HeartRateBpm>
                            <Value>168</Value>
                        </HeartRateBpm>
                    </Trackpoint>
                    <Trackpoint>
                        <Time>2026-08-23T07:39:00.000+01:00</Time>
                        <HeartRateBpm>
                            <Value>168</Value>
                        </HeartRateBpm>
                    </Trackpoint>
                    <Trackpoint>
                        <Time>2026-08-23T07:39:02.000+01:00</Time>
                        <HeartRateBpm>
                            <Value>166</Value>
                        </HeartRateBpm>
                    </Trackpoint>
                    <Trackpoint>
                        <Time>2026-08-23T07:39:04.000+01:00</Time>
                        <HeartRateBpm>
                            <Value>169</Value>
                        </HeartRateBpm>
                    </Trackpoint>
                    <Trackpoint>
                        <Time>2026-08-23T07:39:05.000+01:00</Time>
                        <HeartRateBpm>
                            <Value>168</Value>
                        </HeartRateBpm>
                    </Trackpoint>
                    <Trackpoint>
                        <Time>2026-08-23T07:39:07.000+01:00</Time>
                        <HeartRateBpm>
                            <Value>169</Value>
                        </HeartRateBpm>
                    </Trackpoint>
                    <Trackpoint>
                        <Time>2026-08-23T07:39:09.000+01:00</Time>
                        <HeartRateBpm>
                            <Value>168</Value>
                        </HeartRateBpm>
                    </Trackpoint>
                    <Trackpoint>
                        <Time>2026-08-23T07:39:12.000+01:00</Time>
                        <HeartRateBpm>
                            <Value>168</Value>
                        </HeartRateBpm>
                    </Trackpoint>
                    <Trackpoint>
                        <Time>2026-08-23T07:39:13.000+01:00</Time>
                        <HeartRateBpm>
                            <Value>170</Value>
                        </HeartRateBpm>
                    </Trackpoint>
                    <Trackpoint>
                        <Time>2026-08-23T07:39:15.000+01:00</Time>
                        <HeartRateBpm>
                            <Value>171</Value>
                        </HeartRateBpm>
                    </Trackpoint>
                    <Trackpoint>
                        <Time>2026-08-23T07:39:17.000+01:00</Time>
                        <HeartRateBpm>
                            <Value>170</Value>
                        </HeartRateBpm>
                    </Trackpoint>
                    <Trackpoint>
                        <Time>2026-08-23T07:39:19.000+01:00</Time>
                        <HeartRateBpm>
                            <Value>171</Value>
                        </HeartRateBpm>
                    </Trackpoint>
                    <Trackpoint>
                        <Time>2026-08-23T07:39:20.000+01:00</Time>
                        <HeartRateBpm>
                            <Value>171</Value>
                        </HeartRateBpm>
                    </Trackpoint>
                    <Trackpoint>
                        <Time>2026-08-23T07:39:23.000+01:00</Time>
                        <HeartRateBpm>
                            <Value>171</Value>
                        </HeartRateBpm>
                    </Trackpoint>
                    <Trackpoint>
                        <Time>2026-08-23T07:39:25.000+01:00</Time>
                        <HeartRateBpm>
                            <Value>168</Value>
                        </HeartRateBpm>
                    </Trackpoint>
                    <Trackpoint>
                        <Time>2026-08-23T07:39:27.000+01:00</Time>
                        <HeartRateBpm>
                            <Value>170</Value>
                        </HeartRateBpm>
                    </Trackpoint>
                    <Trackpoint>
                        <Time>2026-08-23T07:39:28.000+01:00</Time>
                        <HeartRateBpm>
                            <Value>169</Value>
                        </HeartRateBpm>
                    </Trackpoint>
                    <Trackpoint>
                        <Time>2026-08-23T07:39:30.000+01:00</Time>
                        <HeartRateBpm>
                            <Value>167</Value>
                        </HeartRateBpm>
                    </Trackpoint>
                    <Trackpoint>
                        <Time>2026-08-23T07:39:32.000+01:00</Time>
                        <HeartRateBpm>
                            <Value>166</Value>
                        </HeartRateBpm>
                    </Trackpoint>
                    <Trackpoint>
                        <Time>2026-08-23T07:39:35.000+01:00</Time>
                        <HeartRateBpm>
                            <Value>166</Value>
                        </HeartRateBpm>
                    </Trackpoint>
                    <Trackpoint>
                        <Time>2026-08-23T07:39:36.000+01:00</Time>
                        <HeartRateBpm>
                            <Value>168</Value>
                        </HeartRateBpm>
                    </Trackpoint>
                    <Trackpoint>
                        <Time>2026-08-23T07:39:38.000+01:00</Time>
                        <HeartRateBpm>
                            <Value>166</Value>
                        </HeartRateBpm>
                    </Trackpoint>
                    <Trackpoint>
                        <Time>2026-08-23T07:39:41.000+01:00</Time>
                        <HeartRateBpm>
                            <Value>166</Value>
                        </HeartRateBpm>
                    </Trackpoint>
                    <Trackpoint>
                        <Time>2026-08-23T07:39:42.000+01:00</Time>
                        <HeartRateBpm>
                            <Value>168</Value>
                        </HeartRateBpm>
                    </Trackpoint>
                    <Trackpoint>
                        <Time>2026-08-23T07:39:44.000+01:00</Time>
                        <HeartRateBpm>
                            <Value>167</Value>
                        </HeartRateBpm>
                    </Trackpoint>
                    <Trackpoint>
                        <Time>2026-08-23T07:39:46.000+01:00</Time>
                        <HeartRateBpm>
                            <Value>166</Value>
                        </HeartRateBpm>
                    </Trackpoint>
                    <Trackpoint>
                        <Time>2026-08-23T07:39:48.000+01:00</Time>
                        <HeartRateBpm>
                            <Value>167</Value>
                        </HeartRateBpm>
                    </Trackpoint>
                    <Trackpoint>
                        <Time>2026-08-23T07:39:50.000+01:00</Time>
                        <HeartRateBpm>
                            <Value>168</Value>
                        </HeartRateBpm>
                    </Trackpoint>
                    <Trackpoint>
                        <Time>2026-08-23T07:39:53.000+01:00</Time>
                        <HeartRateBpm>
                            <Value>167</Value>
                        </HeartRateBpm>
                    </Trackpoint>
                    <Trackpoint>
                        <Time>2026-08-23T07:39:55.000+01:00</Time>
                        <HeartRateBpm>
                            <Value>166</Value>
                        </HeartRateBpm>
                    </Trackpoint>
                    <Trackpoint>
                        <Time>2026-08-23T07:39:57.000+01:00</Time>
                        <HeartRateBpm>
                            <Value>169</Value>
                        </HeartRateBpm>
                    </Trackpoint>
                    <Trackpoint>
                        <Time>2026-08-23T07:39:59.000+01:00</Time>
                        <HeartRateBpm>
                            <Value>170</Value>
                        </HeartRateBpm>
                    </Trackpoint>
                    <Trackpoint>
                        <Time>2026-08-23T07:40:01.000+01:00</Time>
                        <HeartRateBpm>
                            <Value>167</Value>
                        </HeartRateBpm>
                    </Trackpoint>
                    <Trackpoint>
                        <Time>2026-08-23T07:40:04.000+01:00</Time>
                        <HeartRateBpm>
                            <Value>167</Value>
                        </HeartRateBpm>
                    </Trackpoint>
                    <Trackpoint>
                        <Time>2026-08-23T07:40:05.000+01:00</Time>
                        <HeartRateBpm>
                            <Value>168</Value>
                        </HeartRateBpm>
                    </Trackpoint>
                    <Trackpoint>
                        <Time>2026-08-23T07:40:07.000+01:00</Time>
                        <HeartRateBpm>
                            <Value>169</Value>
                        </HeartRateBpm>
                    </Trackpoint>
                    <Trackpoint>
                        <Time>2026-08-23T07:40:09.000+01:00</Time>
                        <HeartRateBpm>
                            <Value>168</Value>
                        </HeartRateBpm>
                    </Trackpoint>
                    <Trackpoint>
                        <Time>2026-08-23T07:40:12.000+01:00</Time>
                        <HeartRateBpm>
                            <Value>168</Value>
                        </HeartRateBpm>
                    </Trackpoint>
                    <Trackpoint>
                        <Time>2026-08-23T07:40:13.000+01:00</Time>
                        <HeartRateBpm>
                            <Value>169</Value>
                        </HeartRateBpm>
                    </Trackpoint>
                    <Trackpoint>
                        <Time>2026-08-23T07:40:14.000+01:00</Time>
                        <HeartRateBpm>
                            <Value>169</Value>
                        </HeartRateBpm>
                    </Trackpoint>
                    <Trackpoint>
                        <Time>2026-08-23T07:40:15.000+01:00</Time>
                        <HeartRateBpm>
                            <Value>168</Value>
                        </HeartRateBpm>
                    </Trackpoint>
                    <Trackpoint>
                        <Time>2026-08-23T07:40:17.000+01:00</Time>
                        <HeartRateBpm>
                            <Value>167</Value>
                        </HeartRateBpm>
                    </Trackpoint>
                    <Trackpoint>
                        <Time>2026-08-23T07:40:20.000+01:00</Time>
                        <HeartRateBpm>
                            <Value>167</Value>
                        </HeartRateBpm>
                    </Trackpoint>
                    <Trackpoint>
                        <Time>2026-08-23T07:40:23.000+01:00</Time>
                        <HeartRateBpm>
                            <Value>167</Value>
                        </HeartRateBpm>
                    </Trackpoint>
                    <Trackpoint>
                        <Time>2026-08-23T07:40:24.000+01:00</Time>
                        <HeartRateBpm>
                            <Value>165</Value>
                        </HeartRateBpm>
                    </Trackpoint>
                    <Trackpoint>
                        <Time>2026-08-23T07:40:26.000+01:00</Time>
                        <HeartRateBpm>
                            <Value>167</Value>
                        </HeartRateBpm>
                    </Trackpoint>
                    <Trackpoint>
                        <Time>2026-08-23T07:40:28.000+01:00</Time>
                        <HeartRateBpm>
                            <Value>166</Value>
                        </HeartRateBpm>
                    </Trackpoint>
                    <Trackpoint>
                        <Time>2026-08-23T07:40:31.000+01:00</Time>
                        <HeartRateBpm>
                            <Value>166</Value>
                        </HeartRateBpm>
                    </Trackpoint>
                    <Trackpoint>
                        <Time>2026-08-23T07:40:32.000+01:00</Time>
                        <HeartRateBpm>
                            <Value>165</Value>
                        </HeartRateBpm>
                    </Trackpoint>
                    <Trackpoint>
                        <Time>2026-08-23T07:40:35.000+01:00</Time>
                        <HeartRateBpm>
                            <Value>165</Value>
                        </HeartRateBpm>
                    </Trackpoint>
                    <Trackpoint>
                        <Time>2026-08-23T07:40:36.000+01:00</Time>
                        <HeartRateBpm>
                            <Value>163</Value>
                        </HeartRateBpm>
                    </Trackpoint>
                    <Trackpoint>
                        <Time>2026-08-23T07:40:38.000+01:00</Time>
                        <HeartRateBpm>
                            <Value>165</Value>
                        </HeartRateBpm>
                    </Trackpoint>
                    <Trackpoint>
                        <Time>2026-08-23T07:40:40.000+01:00</Time>
                        <HeartRateBpm>
                            <Value>163</Value>
                        </HeartRateBpm>
                    </Trackpoint>
                    <Trackpoint>
                        <Time>2026-08-23T07:40:41.000+01:00</Time>
                        <HeartRateBpm>
                            <Value>164</Value>
                        </HeartRateBpm>
                    </Trackpoint>
                    <Trackpoint>
                        <Time>2026-08-23T07:40:43.000+01:00</Time>
                        <HeartRateBpm>
                            <Value>163</Value>
                        </HeartRateBpm>
                    </Trackpoint>
                    <Trackpoint>
                        <Time>2026-08-23T07:40:45.000+01:00</Time>
                        <HeartRateBpm>
                            <Value>165</Value>
                        </HeartRateBpm>
                    </Trackpoint>
                    <Trackpoint>
                        <Time>2026-08-23T07:40:47.000+01:00</Time>
                        <HeartRateBpm>
                            <Value>164</Value>
                        </HeartRateBpm>
                    </Trackpoint>
                    <Trackpoint>
                        <Time>2026-08-23T07:40:49.000+01:00</Time>
                        <HeartRateBpm>
                            <Value>166</Value>
                        </HeartRateBpm>
                    </Trackpoint>
                    <Trackpoint>
                        <Time>2026-08-23T07:40:51.000+01:00</Time>
                        <HeartRateBpm>
                            <Value>165</Value>
                        </HeartRateBpm>
                    </Trackpoint>
                    <Trackpoint>
                        <Time>2026-08-23T07:40:52.000+01:00</Time>
                        <HeartRateBpm>
                            <Value>166</Value>
                        </HeartRateBpm>
                    </Trackpoint>
                    <Trackpoint>
                        <Time>2026-08-23T07:40:54.000+01:00</Time>
                        <HeartRateBpm>
                            <Value>164</Value>
                        </HeartRateBpm>
                    </Trackpoint>
                    <Trackpoint>
                        <Time>2026-08-23T07:40:57.000+01:00</Time>
                        <HeartRateBpm>
                            <Value>164</Value>
                        </HeartRateBpm>
                    </Trackpoint>
                    <Trackpoint>
                        <Time>2026-08-23T07:41:00.000+01:00</Time>
                        <HeartRateBpm>
                            <Value>164</Value>
                        </HeartRateBpm>
                    </Trackpoint>
                    <Trackpoint>
                        <Time>2026-08-23T07:41:03.000+01:00</Time>
                        <HeartRateBpm>
                            <Value>165</Value>
                        </HeartRateBpm>
                    </Trackpoint>
                    <Trackpoint>
                        <Time>2026-08-23T07:41:06.000+01:00</Time>
                        <HeartRateBpm>
                            <Value>165</Value>
                        </HeartRateBpm>
                    </Trackpoint>
                    <Trackpoint>
                        <Time>2026-08-23T07:41:09.000+01:00</Time>
                        <HeartRateBpm>
                            <Value>165</Value>
                        </HeartRateBpm>
                    </Trackpoint>
                    <Trackpoint>
                        <Time>2026-08-23T07:41:10.000+01:00</Time>
                        <HeartRateBpm>
                            <Value>165</Value>
                        </HeartRateBpm>
                    </Trackpoint>
                    <Trackpoint>
                        <Time>2026-08-23T07:41:12.000+01:00</Time>
                        <HeartRateBpm>
                            <Value>166</Value>
                        </HeartRateBpm>
                    </Trackpoint>
                    <Trackpoint>
                        <Time>2026-08-23T07:41:14.000+01:00</Time>
                        <HeartRateBpm>
                            <Value>164</Value>
                        </HeartRateBpm>
                    </Trackpoint>
                    <Trackpoint>
                        <Time>2026-08-23T07:41:16.000+01:00</Time>
                        <HeartRateBpm>
                            <Value>166</Value>
                        </HeartRateBpm>
                    </Trackpoint>
                    <Trackpoint>
                        <Time>2026-08-23T07:41:17.000+01:00</Time>
                        <HeartRateBpm>
                            <Value>165</Value>
                        </HeartRateBpm>
                    </Trackpoint>
                    <Trackpoint>
                        <Time>2026-08-23T07:41:20.000+01:00</Time>
                        <HeartRateBpm>
                            <Value>165</Value>
                        </HeartRateBpm>
                    </Trackpoint>
                    <Trackpoint>
                        <Time>2026-08-23T07:41:21.000+01:00</Time>
                        <HeartRateBpm>
                            <Value>167</Value>
                        </HeartRateBpm>
                    </Trackpoint>
                    <Trackpoint>
                        <Time>2026-08-23T07:41:23.000+01:00</Time>
                        <HeartRateBpm>
                            <Value>165</Value>
                        </HeartRateBpm>
                    </Trackpoint>
                    <Trackpoint>
                        <Time>2026-08-23T07:41:25.000+01:00</Time>
                        <HeartRateBpm>
                            <Value>166</Value>
                        </HeartRateBpm>
                    </Trackpoint>
                    <Trackpoint>
                        <Time>2026-08-23T07:41:28.000+01:00</Time>
                        <HeartRateBpm>
                            <Value>166</Value>
                        </HeartRateBpm>
                    </Trackpoint>
                    <Trackpoint>
                        <Time>2026-08-23T07:41:29.000+01:00</Time>
                        <HeartRateBpm>
                            <Value>165</Value>
                        </HeartRateBpm>
                    </Trackpoint>
                    <Trackpoint>
                        <Time>2026-08-23T07:41:31.000+01:00</Time>
                        <HeartRateBpm>
                            <Value>166</Value>
                        </HeartRateBpm>
                    </Trackpoint>
                    <Trackpoint>
                        <Time>2026-08-23T07:41:34.000+01:00</Time>
                        <HeartRateBpm>
                            <Value>166</Value>
                        </HeartRateBpm>
                    </Trackpoint>
                    <Trackpoint>
                        <Time>2026-08-23T07:41:37.000+01:00</Time>
                        <HeartRateBpm>
                            <Value>166</Value>
                        </HeartRateBpm>
                    </Trackpoint>
                    <Trackpoint>
                        <Time>2026-08-23T07:41:39.000+01:00</Time>
                        <HeartRateBpm>
                            <Value>167</Value>
                        </HeartRateBpm>
                    </Trackpoint>
                    <Trackpoint>
                        <Time>2026-08-23T07:41:41.000+01:00</Time>
                        <HeartRateBpm>
                            <Value>165</Value>
                        </HeartRateBpm>
                    </Trackpoint>
                    <Trackpoint>
                        <Time>2026-08-23T07:41:44.000+01:00</Time>
                        <HeartRateBpm>
                            <Value>165</Value>
                        </HeartRateBpm>
                    </Trackpoint>
                    <Trackpoint>
                        <Time>2026-08-23T07:41:46.000+01:00</Time>
                        <HeartRateBpm>
                            <Value>166</Value>
                        </HeartRateBpm>
                    </Trackpoint>
                    <Trackpoint>
                        <Time>2026-08-23T07:41:48.000+01:00</Time>
                        <HeartRateBpm>
                            <Value>167</Value>
                        </HeartRateBpm>
                    </Trackpoint>
                    <Trackpoint>
                        <Time>2026-08-23T07:41:50.000+01:00</Time>
                        <HeartRateBpm>
                            <Value>166</Value>
                        </HeartRateBpm>
                    </Trackpoint>
                    <Trackpoint>
                        <Time>2026-08-23T07:41:52.000+01:00</Time>
                        <HeartRateBpm>
                            <Value>165</Value>
                        </HeartRateBpm>
                    </Trackpoint>
                    <Trackpoint>
                        <Time>2026-08-23T07:41:54.000+01:00</Time>
                        <HeartRateBpm>
                            <Value>167</Value>
                        </HeartRateBpm>
                    </Trackpoint>
                    <Trackpoint>
                        <Time>2026-08-23T07:41:56.000+01:00</Time>
                        <HeartRateBpm>
                            <Value>164</Value>
                        </HeartRateBpm>
                    </Trackpoint>
                    <Trackpoint>
                        <Time>2026-08-23T07:41:58.000+01:00</Time>
                        <HeartRateBpm>
                            <Value>165</Value>
                        </HeartRateBpm>
                    </Trackpoint>
                    <Trackpoint>
                        <Time>2026-08-23T07:42:00.000+01:00</Time>
                        <HeartRateBpm>
                            <Value>164</Value>
                        </HeartRateBpm>
                    </Trackpoint>
                    <Trackpoint>
                        <Time>2026-08-23T07:42:03.000+01:00</Time>
                        <HeartRateBpm>
                            <Value>164</Value>
                        </HeartRateBpm>
                    </Trackpoint>
                    <Trackpoint>
                        <Time>2026-08-23T07:42:04.000+01:00</Time>
                        <HeartRateBpm>
                            <Value>165</Value>
                        </HeartRateBpm>
                    </Trackpoint>
                    <Trackpoint>
                        <Time>2026-08-23T07:42:05.000+01:00</Time>
                        <HeartRateBpm>
                            <Value>165</Value>
                        </HeartRateBpm>
                    </Trackpoint>
                    <Trackpoint>
                        <Time>2026-08-23T07:42:07.000+01:00</Time>
                        <HeartRateBpm>
                            <Value>163</Value>
                        </HeartRateBpm>
                    </Trackpoint>
                    <Trackpoint>
                        <Time>2026-08-23T07:42:09.000+01:00</Time>
                        <HeartRateBpm>
                            <Value>164</Value>
                        </HeartRateBpm>
                    </Trackpoint>
                    <Trackpoint>
                        <Time>2026-08-23T07:42:11.000+01:00</Time>
                        <HeartRateBpm>
                            <Value>165</Value>
                        </HeartRateBpm>
                    </Trackpoint>
                    <Trackpoint>
                        <Time>2026-08-23T07:42:14.000+01:00</Time>
                        <HeartRateBpm>
                            <Value>165</Value>
                        </HeartRateBpm>
                    </Trackpoint>
                    <Trackpoint>
                        <Time>2026-08-23T07:42:17.000+01:00</Time>
                        <HeartRateBpm>
                            <Value>165</Value>
                        </HeartRateBpm>
                    </Trackpoint>
                    <Trackpoint>
                        <Time>2026-08-23T07:42:19.000+01:00</Time>
                        <HeartRateBpm>
                            <Value>167</Value>
                        </HeartRateBpm>
                    </Trackpoint>
                    <Trackpoint>
                        <Time>2026-08-23T07:42:22.000+01:00</Time>
                        <HeartRateBpm>
                            <Value>167</Value>
                        </HeartRateBpm>
                    </Trackpoint>
                    <Trackpoint>
                        <Time>2026-08-23T07:42:25.000+01:00</Time>
                        <HeartRateBpm>
                            <Value>167</Value>
                        </HeartRateBpm>
                    </Trackpoint>
                    <Trackpoint>
                        <Time>2026-08-23T07:42:27.000+01:00</Time>
                        <HeartRateBpm>
                            <Value>165</Value>
                        </HeartRateBpm>
                    </Trackpoint>
                    <Trackpoint>
                        <Time>2026-08-23T07:42:28.000+01:00</Time>
                        <HeartRateBpm>
                            <Value>167</Value>
                        </HeartRateBpm>
                    </Trackpoint>
                    <Trackpoint>
                        <Time>2026-08-23T07:42:30.000+01:00</Time>
                        <HeartRateBpm>
                            <Value>166</Value>
                        </HeartRateBpm>
                    </Trackpoint>
                    <Trackpoint>
                        <Time>2026-08-23T07:42:32.000+01:00</Time>
                        <HeartRateBpm>
                            <Value>167</Value>
                        </HeartRateBpm>
                    </Trackpoint>
                    <Trackpoint>
                        <Time>2026-08-23T07:42:35.000+01:00</Time>
                        <HeartRateBpm>
                            <Value>167</Value>
                        </HeartRateBpm>
                    </Trackpoint>
                    <Trackpoint>
                        <Time>2026-08-23T07:42:36.000+01:00</Time>
                        <HeartRateBpm>
                            <Value>168</Value>
                        </HeartRateBpm>
                    </Trackpoint>
                    <Trackpoint>
                        <Time>2026-08-23T07:42:38.000+01:00</Time>
                        <HeartRateBpm>
                            <Value>165</Value>
                        </HeartRateBpm>
                    </Trackpoint>
                    <Trackpoint>
                        <Time>2026-08-23T07:42:40.000+01:00</Time>
                        <HeartRateBpm>
                            <Value>166</Value>
                        </HeartRateBpm>
                    </Trackpoint>
                    <Trackpoint>
                        <Time>2026-08-23T07:42:43.000+01:00</Time>
                        <HeartRateBpm>
                            <Value>166</Value>
                        </HeartRateBpm>
                    </Trackpoint>
                    <Trackpoint>
                        <Time>2026-08-23T07:42:44.000+01:00</Time>
                        <HeartRateBpm>
                            <Value>167</Value>
                        </HeartRateBpm>
                    </Trackpoint>
                    <Trackpoint>
                        <Time>2026-08-23T07:42:47.000+01:00</Time>
                        <HeartRateBpm>
                            <Value>167</Value>
                        </HeartRateBpm>
                    </Trackpoint>
                    <Trackpoint>
                        <Time>2026-08-23T07:42:48.000+01:00</Time>
                        <HeartRateBpm>
                            <Value>168</Value>
                        </HeartRateBpm>
                    </Trackpoint>
                    <Trackpoint>
                        <Time>2026-08-23T07:42:51.000+01:00</Time>
                        <HeartRateBpm>
                            <Value>168</Value>
                        </HeartRateBpm>
                    </Trackpoint>
                    <Trackpoint>
                        <Time>2026-08-23T07:42:52.000+01:00</Time>
                        <HeartRateBpm>
                            <Value>169</Value>
                        </HeartRateBpm>
                    </Trackpoint>
                    <Trackpoint>
                        <Time>2026-08-23T07:42:54.000+01:00</Time>
                        <HeartRateBpm>
                            <Value>167</Value>
                        </HeartRateBpm>
                    </Trackpoint>
                    <Trackpoint>
                        <Time>2026-08-23T07:42:57.000+01:00</Time>
                        <HeartRateBpm>
                            <Value>167</Value>
                        </HeartRateBpm>
                    </Trackpoint>
                    <Trackpoint>
                        <Time>2026-08-23T07:42:58.000+01:00</Time>
                        <HeartRateBpm>
                            <Value>165</Value>
                        </HeartRateBpm>
                    </Trackpoint>
                    <Trackpoint>
                        <Time>2026-08-23T07:42:59.000+01:00</Time>
                        <HeartRateBpm>
                            <Value>168</Value>
                        </HeartRateBpm>
                    </Trackpoint>
                    <Trackpoint>
                        <Time>2026-08-23T07:43:00.000+01:00</Time>
                        <HeartRateBpm>
                            <Value>168</Value>
                        </HeartRateBpm>
                    </Trackpoint>
                    <Trackpoint>
                        <Time>2026-08-23T07:43:01.000+01:00</Time>
                        <HeartRateBpm>
                            <Value>166</Value>
                        </HeartRateBpm>
                    </Trackpoint>
                    <Trackpoint>
                        <Time>2026-08-23T07:43:03.000+01:00</Time>
                        <HeartRateBpm>
                            <Value>167</Value>
                        </HeartRateBpm>
                    </Trackpoint>
                    <Trackpoint>
                        <Time>2026-08-23T07:43:05.000+01:00</Time>
                        <HeartRateBpm>
                            <Value>164</Value>
                        </HeartRateBpm>
                    </Trackpoint>
                    <Trackpoint>
                        <Time>2026-08-23T07:43:07.000+01:00</Time>
                        <HeartRateBpm>
                            <Value>166</Value>
                        </HeartRateBpm>
                    </Trackpoint>
                    <Trackpoint>
                        <Time>2026-08-23T07:43:09.000+01:00</Time>
                        <HeartRateBpm>
                            <Value>165</Value>
                        </HeartRateBpm>
                    </Trackpoint>
                    <Trackpoint>
                        <Time>2026-08-23T07:43:12.000+01:00</Time>
                        <HeartRateBpm>
                            <Value>165</Value>
                        </HeartRateBpm>
                    </Trackpoint>
                    <Trackpoint>
                        <Time>2026-08-23T07:43:13.000+01:00</Time>
                        <HeartRateBpm>
                            <Value>162</Value>
                        </HeartRateBpm>
                    </Trackpoint>
                    <Trackpoint>
                        <Time>2026-08-23T07:43:15.000+01:00</Time>
                        <HeartRateBpm>
                            <Value>163</Value>
                        </HeartRateBpm>
                    </Trackpoint>
                    <Trackpoint>
                        <Time>2026-08-23T07:43:17.000+01:00</Time>
                        <HeartRateBpm>
                            <Value>162</Value>
                        </HeartRateBpm>
                    </Trackpoint>
                    <Trackpoint>
                        <Time>2026-08-23T07:43:19.000+01:00</Time>
                        <HeartRateBpm>
                            <Value>163</Value>
                        </HeartRateBpm>
                    </Trackpoint>
                    <Trackpoint>
                        <Time>2026-08-23T07:43:21.000+01:00</Time>
                        <HeartRateBpm>
                            <Value>161</Value>
                        </HeartRateBpm>
                    </Trackpoint>
                    <Trackpoint>
                        <Time>2026-08-23T07:43:22.000+01:00</Time>
                        <HeartRateBpm>
                            <Value>163</Value>
                        </HeartRateBpm>
                    </Trackpoint>
                    <Trackpoint>
                        <Time>2026-08-23T07:43:24.000+01:00</Time>
                        <HeartRateBpm>
                            <Value>162</Value>
                        </HeartRateBpm>
                    </Trackpoint>
                    <Trackpoint>
                        <Time>2026-08-23T07:43:26.000+01:00</Time>
                        <HeartRateBpm>
                            <Value>161</Value>
                        </HeartRateBpm>
                    </Trackpoint>
                    <Trackpoint>
                        <Time>2026-08-23T07:43:28.000+01:00</Time>
                        <HeartRateBpm>
                            <Value>158</Value>
                        </HeartRateBpm>
                    </Trackpoint>
                    <Trackpoint>
                        <Time>2026-08-23T07:43:30.000+01:00</Time>
                        <HeartRateBpm>
                            <Value>162</Value>
                        </HeartRateBpm>
                    </Trackpoint>
                    <Trackpoint>
                        <Time>2026-08-23T07:43:32.000+01:00</Time>
                        <HeartRateBpm>
                            <Value>161</Value>
                        </HeartRateBpm>
                    </Trackpoint>
                    <Trackpoint>
                        <Time>2026-08-23T07:43:34.000+01:00</Time>
                        <HeartRateBpm>
                            <Value>163</Value>
                        </HeartRateBpm>
                    </Trackpoint>
                    <Trackpoint>
                        <Time>2026-08-23T07:43:36.000+01:00</Time>
                        <HeartRateBpm>
                            <Value>161</Value>
                        </HeartRateBpm>
                    </Trackpoint>
                    <Trackpoint>
                        <Time>2026-08-23T07:43:38.000+01:00</Time>
                        <HeartRateBpm>
                            <Value>164</Value>
                        </HeartRateBpm>
                    </Trackpoint>
                    <Trackpoint>
                        <Time>2026-08-23T07:43:40.000+01:00</Time>
                        <HeartRateBpm>
                            <Value>162</Value>
                        </HeartRateBpm>
                    </Trackpoint>
                    <Trackpoint>
                        <Time>2026-08-23T07:43:42.000+01:00</Time>
                        <HeartRateBpm>
                            <Value>163</Value>
                        </HeartRateBpm>
                    </Trackpoint>
                    <Trackpoint>
                        <Time>2026-08-23T07:43:44.000+01:00</Time>
                        <HeartRateBpm>
                            <Value>159</Value>
                        </HeartRateBpm>
                    </Trackpoint>
                    <Trackpoint>
                        <Time>2026-08-23T07:43:45.000+01:00</Time>
                        <HeartRateBpm>
                            <Value>161</Value>
                        </HeartRateBpm>
                    </Trackpoint>
                    <Trackpoint>
                        <Time>2026-08-23T07:43:47.000+01:00</Time>
                        <HeartRateBpm>
                            <Value>159</Value>
                        </HeartRateBpm>
                    </Trackpoint>
                    <Trackpoint>
                        <Time>2026-08-23T07:43:50.000+01:00</Time>
                        <HeartRateBpm>
                            <Value>159</Value>
                        </HeartRateBpm>
                    </Trackpoint>
                    <Trackpoint>
                        <Time>2026-08-23T07:43:51.000+01:00</Time>
                        <HeartRateBpm>
                            <Value>159</Value>
                        </HeartRateBpm>
                    </Trackpoint>
                    <Trackpoint>
                        <Time>2026-08-23T07:43:53.000+01:00</Time>
                        <HeartRateBpm>
                            <Value>160</Value>
                        </HeartRateBpm>
                    </Trackpoint>
                    <Trackpoint>
                        <Time>2026-08-23T07:43:55.000+01:00</Time>
                        <HeartRateBpm>
                            <Value>159</Value>
                        </HeartRateBpm>
                    </Trackpoint>
                    <Trackpoint>
                        <Time>2026-08-23T07:43:58.000+01:00</Time>
                        <HeartRateBpm>
                            <Value>159</Value>
                        </HeartRateBpm>
                    </Trackpoint>
                    <Trackpoint>
                        <Time>2026-08-23T07:43:59.000+01:00</Time>
                        <HeartRateBpm>
                            <Value>157</Value>
                        </HeartRateBpm>
                    </Trackpoint>
                    <Trackpoint>
                        <Time>2026-08-23T07:44:01.000+01:00</Time>
                        <HeartRateBpm>
                            <Value>159</Value>
                        </HeartRateBpm>
                    </Trackpoint>
                    <Trackpoint>
                        <Time>2026-08-23T07:44:04.000+01:00</Time>
                        <HeartRateBpm>
                            <Value>159</Value>
                        </HeartRateBpm>
                    </Trackpoint>
                    <Trackpoint>
                        <Time>2026-08-23T07:44:07.000+01:00</Time>
                        <HeartRateBpm>
                            <Value>158</Value>
                        </HeartRateBpm>
                    </Trackpoint>
                    <Trackpoint>
                        <Time>2026-08-23T07:44:08.000+01:00</Time>
                        <HeartRateBpm>
                            <Value>161</Value>
                        </HeartRateBpm>
                    </Trackpoint>
                    <Trackpoint>
                        <Time>2026-08-23T07:44:10.000+01:00</Time>
                        <HeartRateBpm>
                            <Value>159</Value>
                        </HeartRateBpm>
                    </Trackpoint>
                    <Trackpoint>
                        <Time>2026-08-23T07:44:12.000+01:00</Time>
                        <HeartRateBpm>
                            <Value>158</Value>
                        </HeartRateBpm>
                    </Trackpoint>
                    <Trackpoint>
                        <Time>2026-08-23T07:44:14.000+01:00</Time>
                        <HeartRateBpm>
                            <Value>159</Value>
                        </HeartRateBpm>
                    </Trackpoint>
                    <Trackpoint>
                        <Time>2026-08-23T07:44:16.000+01:00</Time>
                        <HeartRateBpm>
                            <Value>160</Value>
                        </HeartRateBpm>
                    </Trackpoint>
                    <Trackpoint>
                        <Time>2026-08-23T07:44:18.000+01:00</Time>
                        <HeartRateBpm>
                            <Value>158</Value>
                        </HeartRateBpm>
                    </Trackpoint>
                    <Trackpoint>
                        <Time>2026-08-23T07:44:20.000+01:00</Time>
                        <HeartRateBpm>
                            <Value>162</Value>
                        </HeartRateBpm>
                    </Trackpoint>
                    <Trackpoint>
                        <Time>2026-08-23T07:44:23.000+01:00</Time>
                        <HeartRateBpm>
                            <Value>163</Value>
                        </HeartRateBpm>
                    </Trackpoint>
                    <Trackpoint>
                        <Time>2026-08-23T07:44:24.000+01:00</Time>
                        <HeartRateBpm>
                            <Value>165</Value>
                        </HeartRateBpm>
                    </Trackpoint>
                    <Trackpoint>
                        <Time>2026-08-23T07:44:26.000+01:00</Time>
                        <HeartRateBpm>
                            <Value>162</Value>
                        </HeartRateBpm>
                    </Trackpoint>
                    <Trackpoint>
                        <Time>2026-08-23T07:44:28.000+01:00</Time>
                        <HeartRateBpm>
                            <Value>164</Value>
                        </HeartRateBpm>
                    </Trackpoint>
                    <Trackpoint>
                        <Time>2026-08-23T07:44:30.000+01:00</Time>
                        <HeartRateBpm>
                            <Value>162</Value>
                        </HeartRateBpm>
                    </Trackpoint>
                    <Trackpoint>
                        <Time>2026-08-23T07:44:32.000+01:00</Time>
                        <HeartRateBpm>
                            <Value>165</Value>
                        </HeartRateBpm>
                    </Trackpoint>
                    <Trackpoint>
                        <Time>2026-08-23T07:44:34.000+01:00</Time>
                        <HeartRateBpm>
                            <Value>162</Value>
                        </HeartRateBpm>
                    </Trackpoint>
                    <Trackpoint>
                        <Time>2026-08-23T07:44:36.000+01:00</Time>
                        <HeartRateBpm>
                            <Value>164</Value>
                        </HeartRateBpm>
                    </Trackpoint>
                    <Trackpoint>
                        <Time>2026-08-23T07:44:38.000+01:00</Time>
                        <HeartRateBpm>
                            <Value>163</Value>
                        </HeartRateBpm>
                    </Trackpoint>
                    <Trackpoint>
                        <Time>2026-08-23T07:44:40.000+01:00</Time>
                        <HeartRateBpm>
                            <Value>164</Value>
                        </HeartRateBpm>
                    </Trackpoint>
                    <Trackpoint>
                        <Time>2026-08-23T07:44:42.000+01:00</Time>
                        <HeartRateBpm>
                            <Value>160</Value>
                        </HeartRateBpm>
                    </Trackpoint>
                    <Trackpoint>
                        <Time>2026-08-23T07:44:45.000+01:00</Time>
                        <HeartRateBpm>
                            <Value>160</Value>
                        </HeartRateBpm>
                    </Trackpoint>
                    <Trackpoint>
                        <Time>2026-08-23T07:44:46.000+01:00</Time>
                        <HeartRateBpm>
                            <Value>158</Value>
                        </HeartRateBpm>
                    </Trackpoint>
                    <Trackpoint>
                        <Time>2026-08-23T07:44:48.000+01:00</Time>
                        <HeartRateBpm>
                            <Value>159</Value>
                        </HeartRateBpm>
                    </Trackpoint>
                    <Trackpoint>
                        <Time>2026-08-23T07:44:49.000+01:00</Time>
                        <HeartRateBpm>
                            <Value>158</Value>
                        </HeartRateBpm>
                    </Trackpoint>
                    <Trackpoint>
                        <Time>2026-08-23T07:44:52.000+01:00</Time>
                        <HeartRateBpm>
                            <Value>158</Value>
                        </HeartRateBpm>
                    </Trackpoint>
                    <Trackpoint>
                        <Time>2026-08-23T07:44:53.000+01:00</Time>
                        <HeartRateBpm>
                            <Value>159</Value>
                        </HeartRateBpm>
                    </Trackpoint>
                    <Trackpoint>
                        <Time>2026-08-23T07:44:55.000+01:00</Time>
                        <HeartRateBpm>
                            <Value>162</Value>
                        </HeartRateBpm>
                    </Trackpoint>
                    <Trackpoint>
                        <Time>2026-08-23T07:44:57.000+01:00</Time>
                        <HeartRateBpm>
                            <Value>158</Value>
                        </HeartRateBpm>
                    </Trackpoint>
                    <Trackpoint>
                        <Time>2026-08-23T07:44:59.000+01:00</Time>
                        <HeartRateBpm>
                            <Value>159</Value>
                        </HeartRateBpm>
                    </Trackpoint>
                    <Trackpoint>
                        <Time>2026-08-23T07:45:01.000+01:00</Time>
                        <HeartRateBpm>
                            <Value>157</Value>
                        </HeartRateBpm>
                    </Trackpoint>
                    <Trackpoint>
                        <Time>2026-08-23T07:45:03.000+01:00</Time>
                        <HeartRateBpm>
                            <Value>159</Value>
                        </HeartRateBpm>
                    </Trackpoint>
                    <Trackpoint>
                        <Time>2026-08-23T07:45:05.000+01:00</Time>
                        <HeartRateBpm>
                            <Value>157</Value>
                        </HeartRateBpm>
                    </Trackpoint>
                    <Trackpoint>
                        <Time>2026-08-23T07:45:07.000+01:00</Time>
                        <HeartRateBpm>
                            <Value>160</Value>
                        </HeartRateBpm>
                    </Trackpoint>
                    <Trackpoint>
                        <Time>2026-08-23T07:45:09.000+01:00</Time>
                        <HeartRateBpm>
                            <Value>156</Value>
                        </HeartRateBpm>
                    </Trackpoint>
                    <Trackpoint>
                        <Time>2026-08-23T07:45:11.000+01:00</Time>
                        <HeartRateBpm>
                            <Value>160</Value>
                        </HeartRateBpm>
                    </Trackpoint>
                    <Trackpoint>
                        <Time>2026-08-23T07:45:13.000+01:00</Time>
                        <HeartRateBpm>
                            <Value>157</Value>
                        </HeartRateBpm>
                    </Trackpoint>
                    <Trackpoint>
                        <Time>2026-08-23T07:45:14.000+01:00</Time>
                        <HeartRateBpm>
                            <Value>161</Value>
                        </HeartRateBpm>
                    </Trackpoint>
                    <Trackpoint>
                        <Time>2026-08-23T07:45:16.000+01:00</Time>
                        <HeartRateBpm>
                            <Value>160</Value>
                        </HeartRateBpm>
                    </Trackpoint>
                    <Trackpoint>
                        <Time>2026-08-23T07:45:18.000+01:00</Time>
                        <HeartRateBpm>
                            <Value>161</Value>
                        </HeartRateBpm>
                    </Trackpoint>
                    <Trackpoint>
                        <Time>2026-08-23T07:45:20.000+01:00</Time>
                        <HeartRateBpm>
                            <Value>159</Value>
                        </HeartRateBpm>
                    </Trackpoint>
                    <Trackpoint>
                        <Time>2026-08-23T07:45:22.000+01:00</Time>
                        <HeartRateBpm>
                            <Value>161</Value>
                        </HeartRateBpm>
                    </Trackpoint>
                    <Trackpoint>
                        <Time>2026-08-23T07:45:25.000+01:00</Time>
                        <HeartRateBpm>
                            <Value>161</Value>
                        </HeartRateBpm>
                    </Trackpoint>
                    <Trackpoint>
                        <Time>2026-08-23T07:45:26.000+01:00</Time>
                        <HeartRateBpm>
                            <Value>162</Value>
                        </HeartRateBpm>
                    </Trackpoint>
                    <Trackpoint>
                        <Time>2026-08-23T07:45:28.000+01:00</Time>
                        <HeartRateBpm>
                            <Value>161</Value>
                        </HeartRateBpm>
                    </Trackpoint>
                    <Trackpoint>
                        <Time>2026-08-23T07:45:30.000+01:00</Time>
                        <HeartRateBpm>
                            <Value>162</Value>
                        </HeartRateBpm>
                    </Trackpoint>
                    <Trackpoint>
                        <Time>2026-08-23T07:45:32.000+01:00</Time>
                        <HeartRateBpm>
                            <Value>161</Value>
                        </HeartRateBpm>
                    </Trackpoint>
                    <Trackpoint>
                        <Time>2026-08-23T07:45:34.000+01:00</Time>
                        <HeartRateBpm>
                            <Value>163</Value>
                        </HeartRateBpm>
                    </Trackpoint>
                    <Trackpoint>
                        <Time>2026-08-23T07:45:36.000+01:00</Time>
                        <HeartRateBpm>
                            <Value>157</Value>
                        </HeartRateBpm>
                    </Trackpoint>
                    <Trackpoint>
                        <Time>2026-08-23T07:45:37.000+01:00</Time>
                        <HeartRateBpm>
                            <Value>161</Value>
                        </HeartRateBpm>
                    </Trackpoint>
                    <Trackpoint>
                        <Time>2026-08-23T07:45:39.000+01:00</Time>
                        <HeartRateBpm>
                            <Value>157</Value>
                        </HeartRateBpm>
                    </Trackpoint>
                    <Trackpoint>
                        <Time>2026-08-23T07:45:41.000+01:00</Time>
                        <HeartRateBpm>
                            <Value>158</Value>
                        </HeartRateBpm>
                    </Trackpoint>
                    <Trackpoint>
                        <Time>2026-08-23T07:45:43.000+01:00</Time>
                        <HeartRateBpm>
                            <Value>155</Value>
                        </HeartRateBpm>
                    </Trackpoint>
                    <Trackpoint>
                        <Time>2026-08-23T07:45:46.000+01:00</Time>
                        <HeartRateBpm>
                            <Value>155</Value>
                        </HeartRateBpm>
                    </Trackpoint>
                    <Trackpoint>
                        <Time>2026-08-23T07:45:47.000+01:00</Time>
                        <HeartRateBpm>
                            <Value>153</Value>
                        </HeartRateBpm>
                    </Trackpoint>
                    <Trackpoint>
                        <Time>2026-08-23T07:45:49.000+01:00</Time>
                        <HeartRateBpm>
                            <Value>154</Value>
                        </HeartRateBpm>
                    </Trackpoint>
                    <Trackpoint>
                        <Time>2026-08-23T07:45:51.000+01:00</Time>
                        <HeartRateBpm>
                            <Value>151</Value>
                        </HeartRateBpm>
                    </Trackpoint>
                    <Trackpoint>
                        <Time>2026-08-23T07:45:53.000+01:00</Time>
                        <HeartRateBpm>
                            <Value>152</Value>
                        </HeartRateBpm>
                    </Trackpoint>
                    <Trackpoint>
                        <Time>2026-08-23T07:45:55.000+01:00</Time>
                        <HeartRateBpm>
                            <Value>154</Value>
                        </HeartRateBpm>
                    </Trackpoint>
                    <Trackpoint>
                        <Time>2026-08-23T07:45:57.000+01:00</Time>
                        <HeartRateBpm>
                            <Value>157</Value>
                        </HeartRateBpm>
                    </Trackpoint>
                    <Trackpoint>
                        <Time>2026-08-23T07:45:59.000+01:00</Time>
                        <HeartRateBpm>
                            <Value>156</Value>
                        </HeartRateBpm>
                    </Trackpoint>
                    <Trackpoint>
                        <Time>2026-08-23T07:46:01.000+01:00</Time>
                        <HeartRateBpm>
                            <Value>158</Value>
                        </HeartRateBpm>
                    </Trackpoint>
                    <Trackpoint>
                        <Time>2026-08-23T07:46:02.000+01:00</Time>
                        <HeartRateBpm>
                            <Value>159</Value>
                        </HeartRateBpm>
                    </Trackpoint>
                    <Trackpoint>
                        <Time>2026-08-23T07:46:04.000+01:00</Time>
                        <HeartRateBpm>
                            <Value>160</Value>
                        </HeartRateBpm>
                    </Trackpoint>
                    <Trackpoint>
                        <Time>2026-08-23T07:46:06.000+01:00</Time>
                        <HeartRateBpm>
                            <Value>160</Value>
                        </HeartRateBpm>
                    </Trackpoint>
                    <Trackpoint>
                        <Time>2026-08-23T07:46:08.000+01:00</Time>
                        <HeartRateBpm>
                            <Value>162</Value>
                        </HeartRateBpm>
                    </Trackpoint>
                    <Trackpoint>
                        <Time>2026-08-23T07:46:10.000+01:00</Time>
                        <HeartRateBpm>
                            <Value>162</Value>
                        </HeartRateBpm>
                    </Trackpoint>
                    <Trackpoint>
                        <Time>2026-08-23T07:46:13.000+01:00</Time>
                        <HeartRateBpm>
                            <Value>162</Value>
                        </HeartRateBpm>
                    </Trackpoint>
                    <Trackpoint>
                        <Time>2026-08-23T07:46:14.000+01:00</Time>
                        <HeartRateBpm>
                            <Value>160</Value>
                        </HeartRateBpm>
                    </Trackpoint>
                    <Trackpoint>
                        <Time>2026-08-23T07:46:16.000+01:00</Time>
                        <HeartRateBpm>
                            <Value>157</Value>
                        </HeartRateBpm>
                    </Trackpoint>
                    <Trackpoint>
                        <Time>2026-08-23T07:46:18.000+01:00</Time>
                        <HeartRateBpm>
                            <Value>161</Value>
                        </HeartRateBpm>
                    </Trackpoint>
                    <Trackpoint>
                        <Time>2026-08-23T07:46:20.000+01:00</Time>
                        <HeartRateBpm>
                            <Value>163</Value>
                        </HeartRateBpm>
                    </Trackpoint>
                    <Trackpoint>
                        <Time>2026-08-23T07:46:22.000+01:00</Time>
                        <HeartRateBpm>
                            <Value>157</Value>
                        </HeartRateBpm>
                    </Trackpoint>
                    <Trackpoint>
                        <Time>2026-08-23T07:46:24.000+01:00</Time>
                        <HeartRateBpm>
                            <Value>158</Value>
                        </HeartRateBpm>
                    </Trackpoint>
                    <Trackpoint>
                        <Time>2026-08-23T07:46:25.000+01:00</Time>
                        <HeartRateBpm>
                            <Value>155</Value>
                        </HeartRateBpm>
                    </Trackpoint>
                    <Trackpoint>
                        <Time>2026-08-23T07:46:27.000+01:00</Time>
                        <HeartRateBpm>
                            <Value>152</Value>
                        </HeartRateBpm>
                    </Trackpoint>
                    <Trackpoint>
                        <Time>2026-08-23T07:46:28.000+01:00</Time>
                        <HeartRateBpm>
                            <Value>152</Value>
                        </HeartRateBpm>
                    </Trackpoint>
                    <Trackpoint>
                        <Time>2026-08-23T07:46:29.000+01:00</Time>
                        <HeartRateBpm>
                            <Value>146</Value>
                        </HeartRateBpm>
                    </Trackpoint>
                    <Trackpoint>
                        <Time>2026-08-23T07:46:31.000+01:00</Time>
                        <HeartRateBpm>
                            <Value>141</Value>
                        </HeartRateBpm>
                    </Trackpoint>
                    <Trackpoint>
                        <Time>2026-08-23T07:46:33.000+01:00</Time>
                        <HeartRateBpm>
                            <Value>138</Value>
                        </HeartRateBpm>
                    </Trackpoint>
                    <Trackpoint>
                        <Time>2026-08-23T07:46:35.000+01:00</Time>
                        <HeartRateBpm>
                            <Value>137</Value>
                        </HeartRateBpm>
                    </Trackpoint>
                    <Trackpoint>
                        <Time>2026-08-23T07:46:37.000+01:00</Time>
                        <HeartRateBpm>
                            <Value>135</Value>
                        </HeartRateBpm>
                    </Trackpoint>
                    <Trackpoint>
                        <Time>2026-08-23T07:46:39.000+01:00</Time>
                        <HeartRateBpm>
                            <Value>134</Value>
                        </HeartRateBpm>
                    </Trackpoint>
                    <Trackpoint>
                        <Time>2026-08-23T07:46:41.000+01:00</Time>
                        <HeartRateBpm>
                            <Value>133</Value>
                        </HeartRateBpm>
                    </Trackpoint>
                    <Trackpoint>
                        <Time>2026-08-23T07:46:44.000+01:00</Time>
                        <HeartRateBpm>
                            <Value>133</Value>
                        </HeartRateBpm>
                    </Trackpoint>
                    <Trackpoint>
                        <Time>2026-08-23T07:46:45.000+01:00</Time>
                        <HeartRateBpm>
                            <Value>135</Value>
                        </HeartRateBpm>
                    </Trackpoint>
                    <Trackpoint>
                        <Time>2026-08-23T07:46:47.000+01:00</Time>
                        <HeartRateBpm>
                            <Value>134</Value>
                        </HeartRateBpm>
                    </Trackpoint>
                    <Trackpoint>
                        <Time>2026-08-23T07:46:48.000+01:00</Time>
                        <HeartRateBpm>
                            <Value>135</Value>
                        </HeartRateBpm>
                    </Trackpoint>
                    <Trackpoint>
                        <Time>2026-08-23T07:46:51.000+01:00</Time>
                        <HeartRateBpm>
                            <Value>134</Value>
                        </HeartRateBpm>
                    </Trackpoint>
                    <Trackpoint>
                        <Time>2026-08-23T07:46:52.000+01:00</Time>
                        <HeartRateBpm>
                            <Value>135</Value>
                        </HeartRateBpm>
                    </Trackpoint>
                    <Trackpoint>
                        <Time>2026-08-23T07:46:54.000+01:00</Time>
                        <HeartRateBpm>
                            <Value>134</Value>
                        </HeartRateBpm>
                    </Trackpoint>
                    <Trackpoint>
                        <Time>2026-08-23T07:46:56.000+01:00</Time>
                        <HeartRateBpm>
                            <Value>135</Value>
                        </HeartRateBpm>
                    </Trackpoint>
                    <Trackpoint>
                        <Time>2026-08-23T07:46:58.000+01:00</Time>
                        <HeartRateBpm>
                            <Value>134</Value>
                        </HeartRateBpm>
                    </Trackpoint>
                    <Trackpoint>
                        <Time>2026-08-23T07:47:00.000+01:00</Time>
                        <HeartRateBpm>
                            <Value>135</Value>
                        </HeartRateBpm>
                    </Trackpoint>
                    <Trackpoint>
                        <Time>2026-08-23T07:47:02.000+01:00</Time>
                        <HeartRateBpm>
                            <Value>134</Value>
                        </HeartRateBpm>
                    </Trackpoint>
                    <Trackpoint>
                        <Time>2026-08-23T07:47:04.000+01:00</Time>
                        <HeartRateBpm>
                            <Value>135</Value>
                        </HeartRateBpm>
                    </Trackpoint>
                    <Trackpoint>
                        <Time>2026-08-23T07:47:07.000+01:00</Time>
                        <HeartRateBpm>
                            <Value>135</Value>
                        </HeartRateBpm>
                    </Trackpoint>
                    <Trackpoint>
                        <Time>2026-08-23T07:47:10.000+01:00</Time>
                        <HeartRateBpm>
                            <Value>136</Value>
                        </HeartRateBpm>
                    </Trackpoint>
                    <Trackpoint>
                        <Time>2026-08-23T07:47:12.000+01:00</Time>
                        <HeartRateBpm>
                            <Value>135</Value>
                        </HeartRateBpm>
                    </Trackpoint>
                    <Trackpoint>
                        <Time>2026-08-23T07:47:13.000+01:00</Time>
                        <HeartRateBpm>
                            <Value>136</Value>
                        </HeartRateBpm>
                    </Trackpoint>
                    <Trackpoint>
                        <Time>2026-08-23T07:47:15.000+01:00</Time>
                        <HeartRateBpm>
                            <Value>135</Value>
                        </HeartRateBpm>
                    </Trackpoint>
                    <Trackpoint>
                        <Time>2026-08-23T07:47:17.000+01:00</Time>
                        <HeartRateBpm>
                            <Value>136</Value>
                        </HeartRateBpm>
                    </Trackpoint>
                    <Trackpoint>
                        <Time>2026-08-23T07:47:20.000+01:00</Time>
                        <HeartRateBpm>
                            <Value>136</Value>
                        </HeartRateBpm>
                    </Trackpoint>
                    <Trackpoint>
                        <Time>2026-08-23T07:47:21.000+01:00</Time>
                        <HeartRateBpm>
                            <Value>137</Value>
                        </HeartRateBpm>
                    </Trackpoint>
                    <Trackpoint>
                        <Time>2026-08-23T07:47:24.000+01:00</Time>
                        <HeartRateBpm>
                            <Value>137</Value>
                        </HeartRateBpm>
                    </Trackpoint>
                    <Trackpoint>
                        <Time>2026-08-23T07:47:27.000+01:00</Time>
                        <HeartRateBpm>
                            <Value>135</Value>
                        </HeartRateBpm>
                    </Trackpoint>
                    <Trackpoint>
                        <Time>2026-08-23T07:47:29.000+01:00</Time>
                        <HeartRateBpm>
                            <Value>134</Value>
                        </HeartRateBpm>
                    </Trackpoint>
                    <Trackpoint>
                        <Time>2026-08-23T07:47:32.000+01:00</Time>
                        <HeartRateBpm>
                            <Value>134</Value>
                        </HeartRateBpm>
                    </Trackpoint>
                    <Trackpoint>
                        <Time>2026-08-23T07:47:33.000+01:00</Time>
                        <HeartRateBpm>
                            <Value>135</Value>
                        </HeartRateBpm>
                    </Trackpoint>
                    <Trackpoint>
                        <Time>2026-08-23T07:47:35.000+01:00</Time>
                        <HeartRateBpm>
                            <Value>134</Value>
                        </HeartRateBpm>
                    </Trackpoint>
                    <Trackpoint>
                        <Time>2026-08-23T07:47:38.000+01:00</Time>
                        <HeartRateBpm>
                            <Value>133</Value>
                        </HeartRateBpm>
                    </Trackpoint>
                    <Trackpoint>
                        <Time>2026-08-23T07:47:40.000+01:00</Time>
                        <HeartRateBpm>
                            <Value>135</Value>
                        </HeartRateBpm>
                    </Trackpoint>
                    <Trackpoint>
                        <Time>2026-08-23T07:47:42.000+01:00</Time>
                        <HeartRateBpm>
                            <Value>133</Value>
                        </HeartRateBpm>
                    </Trackpoint>
                    <Trackpoint>
                        <Time>2026-08-23T07:47:44.000+01:00</Time>
                        <HeartRateBpm>
                            <Value>135</Value>
                        </HeartRateBpm>
                    </Trackpoint>
                    <Trackpoint>
                        <Time>2026-08-23T07:47:46.000+01:00</Time>
                        <HeartRateBpm>
                            <Value>134</Value>
                        </HeartRateBpm>
                    </Trackpoint>
                    <Trackpoint>
                        <Time>2026-08-23T07:47:48.000+01:00</Time>
                        <HeartRateBpm>
                            <Value>135</Value>
                        </HeartRateBpm>
                    </Trackpoint>
                    <Trackpoint>
                        <Time>2026-08-23T07:47:50.000+01:00</Time>
                        <HeartRateBpm>
                            <Value>136</Value>
                        </HeartRateBpm>
                    </Trackpoint>
                    <Trackpoint>
                        <Time>2026-08-23T07:47:52.000+01:00</Time>
                        <HeartRateBpm>
                            <Value>135</Value>
                        </HeartRateBpm>
                    </Trackpoint>
                    <Trackpoint>
                        <Time>2026-08-23T07:47:54.000+01:00</Time>
                        <HeartRateBpm>
                            <Value>136</Value>
                        </HeartRateBpm>
                    </Trackpoint>
                    <Trackpoint>
                        <Time>2026-08-23T07:47:57.000+01:00</Time>
                        <HeartRateBpm>
                            <Value>136</Value>
                        </HeartRateBpm>
                    </Trackpoint>
                    <Trackpoint>
                        <Time>2026-08-23T07:47:58.000+01:00</Time>
                        <HeartRateBpm>
                            <Value>137</Value>
                        </HeartRateBpm>
                    </Trackpoint>
                    <Trackpoint>
                        <Time>2026-08-23T07:48:01.000+01:00</Time>
                        <HeartRateBpm>
                            <Value>137</Value>
                        </HeartRateBpm>
                    </Trackpoint>
                    <Trackpoint>
                        <Time>2026-08-23T07:48:03.000+01:00</Time>
                        <HeartRateBpm>
                            <Value>138</Value>
                        </HeartRateBpm>
                    </Trackpoint>
                    <Trackpoint>
                        <Time>2026-08-23T07:48:05.000+01:00</Time>
                        <HeartRateBpm>
                            <Value>139</Value>
                        </HeartRateBpm>
                    </Trackpoint>
                    <Trackpoint>
                        <Time>2026-08-23T07:48:07.000+01:00</Time>
                        <HeartRateBpm>
                            <Value>140</Value>
                        </HeartRateBpm>
                    </Trackpoint>
                    <Trackpoint>
                        <Time>2026-08-23T07:48:10.000+01:00</Time>
                        <HeartRateBpm>
                            <Value>140</Value>
                        </HeartRateBpm>
                    </Trackpoint>
                    <Trackpoint>
                        <Time>2026-08-23T07:48:11.000+01:00</Time>
                        <HeartRateBpm>
                            <Value>139</Value>
                        </HeartRateBpm>
                    </Trackpoint>
                    <Trackpoint>
                        <Time>2026-08-23T07:48:13.000+01:00</Time>
                        <HeartRateBpm>
                            <Value>141</Value>
                        </HeartRateBpm>
                    </Trackpoint>
                    <Trackpoint>
                        <Time>2026-08-23T07:48:15.000+01:00</Time>
                        <HeartRateBpm>
                            <Value>140</Value>
                        </HeartRateBpm>
                    </Trackpoint>
                    <Trackpoint>
                        <Time>2026-08-23T07:48:17.000+01:00</Time>
                        <HeartRateBpm>
                            <Value>143</Value>
                        </HeartRateBpm>
                    </Trackpoint>
                    <Trackpoint>
                        <Time>2026-08-23T07:48:18.000+01:00</Time>
                        <HeartRateBpm>
                            <Value>143</Value>
                        </HeartRateBpm>
                    </Trackpoint>
                    <Trackpoint>
                        <Time>2026-08-23T07:48:19.000+01:00</Time>
                        <HeartRateBpm>
                            <Value>142</Value>
                        </HeartRateBpm>
                    </Trackpoint>
                    <Trackpoint>
                        <Time>2026-08-23T07:48:21.000+01:00</Time>
                        <HeartRateBpm>
                            <Value>144</Value>
                        </HeartRateBpm>
                    </Trackpoint>
                    <Trackpoint>
                        <Time>2026-08-23T07:48:23.000+01:00</Time>
                        <HeartRateBpm>
                            <Value>146</Value>
                        </HeartRateBpm>
                    </Trackpoint>
                    <Trackpoint>
                        <Time>2026-08-23T07:48:26.000+01:00</Time>
                        <HeartRateBpm>
                            <Value>144</Value>
                        </HeartRateBpm>
                    </Trackpoint>
                    <Trackpoint>
                        <Time>2026-08-23T07:48:29.000+01:00</Time>
                        <HeartRateBpm>
                            <Value>144</Value>
                        </HeartRateBpm>
                    </Trackpoint>
                    <Trackpoint>
                        <Time>2026-08-23T07:48:30.000+01:00</Time>
                        <HeartRateBpm>
                            <Value>146</Value>
                        </HeartRateBpm>
                    </Trackpoint>
                    <Trackpoint>
                        <Time>2026-08-23T07:48:32.000+01:00</Time>
                        <HeartRateBpm>
                            <Value>145</Value>
                        </HeartRateBpm>
                    </Trackpoint>
                    <Trackpoint>
                        <Time>2026-08-23T07:48:34.000+01:00</Time>
                        <HeartRateBpm>
                            <Value>144</Value>
                        </HeartRateBpm>
                    </Trackpoint>
                    <Trackpoint>
                        <Time>2026-08-23T07:48:36.000+01:00</Time>
                        <HeartRateBpm>
                            <Value>142</Value>
                        </HeartRateBpm>
                    </Trackpoint>
                    <Trackpoint>
                        <Time>2026-08-23T07:48:39.000+01:00</Time>
                        <HeartRateBpm>
                            <Value>142</Value>
                        </HeartRateBpm>
                    </Trackpoint>
                    <Trackpoint>
                        <Time>2026-08-23T07:48:40.000+01:00</Time>
                        <HeartRateBpm>
                            <Value>140</Value>
                        </HeartRateBpm>
                    </Trackpoint>
                    <Trackpoint>
                        <Time>2026-08-23T07:48:42.000+01:00</Time>
                        <HeartRateBpm>
                            <Value>141</Value>
                        </HeartRateBpm>
                    </Trackpoint>
                    <Trackpoint>
                        <Time>2026-08-23T07:48:44.000+01:00</Time>
                        <HeartRateBpm>
                            <Value>140</Value>
                        </HeartRateBpm>
                    </Trackpoint>
                    <Trackpoint>
                        <Time>2026-08-23T07:48:47.000+01:00</Time>
                        <HeartRateBpm>
                            <Value>140</Value>
                        </HeartRateBpm>
                    </Trackpoint>
                    <Trackpoint>
                        <Time>2026-08-23T07:48:49.000+01:00</Time>
                        <HeartRateBpm>
                            <Value>141</Value>
                        </HeartRateBpm>
                    </Trackpoint>
                    <Trackpoint>
                        <Time>2026-08-23T07:48:52.000+01:00</Time>
                        <HeartRateBpm>
                            <Value>141</Value>
                        </HeartRateBpm>
                    </Trackpoint>
                    <Trackpoint>
                        <Time>2026-08-23T07:48:53.000+01:00</Time>
                        <HeartRateBpm>
                            <Value>142</Value>
                        </HeartRateBpm>
                    </Trackpoint>
                    <Trackpoint>
                        <Time>2026-08-23T07:48:55.000+01:00</Time>
                        <HeartRateBpm>
                            <Value>141</Value>
                        </HeartRateBpm>
                    </Trackpoint>
                    <Trackpoint>
                        <Time>2026-08-23T07:48:57.000+01:00</Time>
                        <HeartRateBpm>
                            <Value>142</Value>
                        </HeartRateBpm>
                    </Trackpoint>
                    <Trackpoint>
                        <Time>2026-08-23T07:49:00.000+01:00</Time>
                        <HeartRateBpm>
                            <Value>142</Value>
                        </HeartRateBpm>
                    </Trackpoint>
                    <Trackpoint>
                        <Time>2026-08-23T07:49:01.000+01:00</Time>
                        <HeartRateBpm>
                            <Value>141</Value>
                        </HeartRateBpm>
                    </Trackpoint>
                    <Trackpoint>
                        <Time>2026-08-23T07:49:03.000+01:00</Time>
                        <HeartRateBpm>
                            <Value>142</Value>
                        </HeartRateBpm>
                    </Trackpoint>
                    <Trackpoint>
                        <Time>2026-08-23T07:49:05.000+01:00</Time>
                        <HeartRateBpm>
                            <Value>141</Value>
                        </HeartRateBpm>
                    </Trackpoint>
                    <Trackpoint>
                        <Time>2026-08-23T07:49:07.000+01:00</Time>
                        <HeartRateBpm>
                            <Value>142</Value>
                        </HeartRateBpm>
                    </Trackpoint>
                    <Trackpoint>
                        <Time>2026-08-23T07:49:10.000+01:00</Time>
                        <HeartRateBpm>
                            <Value>142</Value>
                        </HeartRateBpm>
                    </Trackpoint>
                    <Trackpoint>
                        <Time>2026-08-23T07:49:13.000+01:00</Time>
                        <HeartRateBpm>
                            <Value>142</Value>
                        </HeartRateBpm>
                    </Trackpoint>
                    <Trackpoint>
                        <Time>2026-08-23T07:49:14.000+01:00</Time>
                        <HeartRateBpm>
                            <Value>142</Value>
                        </HeartRateBpm>
                    </Trackpoint>
                    <Trackpoint>
                        <Time>2026-08-23T07:49:16.000+01:00</Time>
                        <HeartRateBpm>
                            <Value>144</Value>
                        </HeartRateBpm>
                    </Trackpoint>
                    <Trackpoint>
                        <Time>2026-08-23T07:49:18.000+01:00</Time>
                        <HeartRateBpm>
                            <Value>143</Value>
                        </HeartRateBpm>
                    </Trackpoint>
                    <Trackpoint>
                        <Time>2026-08-23T07:49:21.000+01:00</Time>
                        <HeartRateBpm>
                            <Value>146</Value>
                        </HeartRateBpm>
                    </Trackpoint>
                    <Trackpoint>
                        <Time>2026-08-23T07:49:23.000+01:00</Time>
                        <HeartRateBpm>
                            <Value>148</Value>
                        </HeartRateBpm>
                    </Trackpoint>
                    <Trackpoint>
                        <Time>2026-08-23T07:49:25.000+01:00</Time>
                        <HeartRateBpm>
                            <Value>147</Value>
                        </HeartRateBpm>
                    </Trackpoint>
                    <Trackpoint>
                        <Time>2026-08-23T07:49:27.000+01:00</Time>
                        <HeartRateBpm>
                            <Value>146</Value>
                        </HeartRateBpm>
                    </Trackpoint>
                    <Trackpoint>
                        <Time>2026-08-23T07:49:29.000+01:00</Time>
                        <HeartRateBpm>
                            <Value>148</Value>
                        </HeartRateBpm>
                    </Trackpoint>
                    <Trackpoint>
                        <Time>2026-08-23T07:49:31.000+01:00</Time>
                        <HeartRateBpm>
                            <Value>150</Value>
                        </HeartRateBpm>
                    </Trackpoint>
                    <Trackpoint>
                        <Time>2026-08-23T07:49:34.000+01:00</Time>
                        <HeartRateBpm>
                            <Value>150</Value>
                        </HeartRateBpm>
                    </Trackpoint>
                    <Trackpoint>
                        <Time>2026-08-23T07:49:37.000+01:00</Time>
                        <HeartRateBpm>
                            <Value>150</Value>
                        </HeartRateBpm>
                    </Trackpoint>
                    <Trackpoint>
                        <Time>2026-08-23T07:49:40.000+01:00</Time>
                        <HeartRateBpm>
                            <Value>150</Value>
                        </HeartRateBpm>
                    </Trackpoint>
                    <Trackpoint>
                        <Time>2026-08-23T07:49:42.000+01:00</Time>
                        <HeartRateBpm>
                            <Value>151</Value>
                        </HeartRateBpm>
                    </Trackpoint>
                    <Trackpoint>
                        <Time>2026-08-23T07:49:44.000+01:00</Time>
                        <HeartRateBpm>
                            <Value>152</Value>
                        </HeartRateBpm>
                    </Trackpoint>
                    <Trackpoint>
                        <Time>2026-08-23T07:49:46.000+01:00</Time>
                        <HeartRateBpm>
                            <Value>153</Value>
                        </HeartRateBpm>
                    </Trackpoint>
                    <Trackpoint>
                        <Time>2026-08-23T07:49:49.000+01:00</Time>
                        <HeartRateBpm>
                            <Value>153</Value>
                        </HeartRateBpm>
                    </Trackpoint>
                    <Trackpoint>
                        <Time>2026-08-23T07:49:50.000+01:00</Time>
                        <HeartRateBpm>
                            <Value>152</Value>
                        </HeartRateBpm>
                    </Trackpoint>
                    <Trackpoint>
                        <Time>2026-08-23T07:49:53.000+01:00</Time>
                        <HeartRateBpm>
                            <Value>152</Value>
                        </HeartRateBpm>
                    </Trackpoint>
                    <Trackpoint>
                        <Time>2026-08-23T07:49:56.000+01:00</Time>
                        <HeartRateBpm>
                            <Value>153</Value>
                        </HeartRateBpm>
                    </Trackpoint>
                    <Trackpoint>
                        <Time>2026-08-23T07:49:58.000+01:00</Time>
                        <HeartRateBpm>
                            <Value>152</Value>
                        </HeartRateBpm>
                    </Trackpoint>
                    <Trackpoint>
                        <Time>2026-08-23T07:50:00.000+01:00</Time>
                        <HeartRateBpm>
                            <Value>154</Value>
                        </HeartRateBpm>
                    </Trackpoint>
                    <Trackpoint>
                        <Time>2026-08-23T07:50:03.000+01:00</Time>
                        <HeartRateBpm>
                            <Value>154</Value>
                        </HeartRateBpm>
                    </Trackpoint>
                    <Trackpoint>
                        <Time>2026-08-23T07:50:04.000+01:00</Time>
                        <HeartRateBpm>
                            <Value>156</Value>
                        </HeartRateBpm>
                    </Trackpoint>
                    <Trackpoint>
                        <Time>2026-08-23T07:50:07.000+01:00</Time>
                        <HeartRateBpm>
                            <Value>156</Value>
                        </HeartRateBpm>
                    </Trackpoint>
                    <Trackpoint>
                        <Time>2026-08-23T07:50:10.000+01:00</Time>
                        <HeartRateBpm>
                            <Value>156</Value>
                        </HeartRateBpm>
                    </Trackpoint>
                    <Trackpoint>
                        <Time>2026-08-23T07:50:11.000+01:00</Time>
                        <HeartRateBpm>
                            <Value>157</Value>
                        </HeartRateBpm>
                    </Trackpoint>
                    <Trackpoint>
                        <Time>2026-08-23T07:50:14.000+01:00</Time>
                        <HeartRateBpm>
                            <Value>157</Value>
                        </HeartRateBpm>
                    </Trackpoint>
                    <Trackpoint>
                        <Time>2026-08-23T07:50:15.000+01:00</Time>
                        <HeartRateBpm>
                            <Value>157</Value>
                        </HeartRateBpm>
                    </Trackpoint>
                    <Trackpoint>
                        <Time>2026-08-23T07:50:18.000+01:00</Time>
                        <HeartRateBpm>
                            <Value>157</Value>
                        </HeartRateBpm>
                    </Trackpoint>
                    <Trackpoint>
                        <Time>2026-08-23T07:50:19.000+01:00</Time>
                        <HeartRateBpm>
                            <Value>156</Value>
                        </HeartRateBpm>
                    </Trackpoint>
                    <Trackpoint>
                        <Time>2026-08-23T07:50:21.000+01:00</Time>
                        <HeartRateBpm>
                            <Value>157</Value>
                        </HeartRateBpm>
                    </Trackpoint>
                    <Trackpoint>
                        <Time>2026-08-23T07:50:23.000+01:00</Time>
                        <HeartRateBpm>
                            <Value>156</Value>
                        </HeartRateBpm>
                    </Trackpoint>
                    <Trackpoint>
                        <Time>2026-08-23T07:50:25.000+01:00</Time>
                        <HeartRateBpm>
                            <Value>157</Value>
                        </HeartRateBpm>
                    </Trackpoint>
                    <Trackpoint>
                        <Time>2026-08-23T07:50:27.000+01:00</Time>
                        <HeartRateBpm>
                            <Value>156</Value>
                        </HeartRateBpm>
                    </Trackpoint>
                    <Trackpoint>
                        <Time>2026-08-23T07:50:30.000+01:00</Time>
                        <HeartRateBpm>
                            <Value>156</Value>
                        </HeartRateBpm>
                    </Trackpoint>
                    <Trackpoint>
                        <Time>2026-08-23T07:50:33.000+01:00</Time>
                        <HeartRateBpm>
                            <Value>156</Value>
                        </HeartRateBpm>
                    </Trackpoint>
                    <Trackpoint>
                        <Time>2026-08-23T07:50:34.000+01:00</Time>
                        <HeartRateBpm>
                            <Value>158</Value>
                        </HeartRateBpm>
                    </Trackpoint>
                    <Trackpoint>
                        <Time>2026-08-23T07:50:37.000+01:00</Time>
                        <HeartRateBpm>
                            <Value>158</Value>
                        </HeartRateBpm>
                    </Trackpoint>
                    <Trackpoint>
                        <Time>2026-08-23T07:50:38.000+01:00</Time>
                        <HeartRateBpm>
                            <Value>156</Value>
                        </HeartRateBpm>
                    </Trackpoint>
                    <Trackpoint>
                        <Time>2026-08-23T07:50:41.000+01:00</Time>
                        <HeartRateBpm>
                            <Value>156</Value>
                        </HeartRateBpm>
                    </Trackpoint>
                    <Trackpoint>
                        <Time>2026-08-23T07:50:42.000+01:00</Time>
                        <HeartRateBpm>
                            <Value>157</Value>
                        </HeartRateBpm>
                    </Trackpoint>
                    <Trackpoint>
                        <Time>2026-08-23T07:50:44.000+01:00</Time>
                        <HeartRateBpm>
                            <Value>155</Value>
                        </HeartRateBpm>
                    </Trackpoint>
                    <Trackpoint>
                        <Time>2026-08-23T07:50:46.000+01:00</Time>
                        <HeartRateBpm>
                            <Value>157</Value>
                        </HeartRateBpm>
                    </Trackpoint>
                    <Trackpoint>
                        <Time>2026-08-23T07:50:48.000+01:00</Time>
                        <HeartRateBpm>
                            <Value>155</Value>
                        </HeartRateBpm>
                    </Trackpoint>
                    <Trackpoint>
                        <Time>2026-08-23T07:50:50.000+01:00</Time>
                        <HeartRateBpm>
                            <Value>157</Value>
                        </HeartRateBpm>
                    </Trackpoint>
                    <Trackpoint>
                        <Time>2026-08-23T07:50:53.000+01:00</Time>
                        <HeartRateBpm>
                            <Value>158</Value>
                        </HeartRateBpm>
                    </Trackpoint>
                    <Trackpoint>
                        <Time>2026-08-23T07:50:55.000+01:00</Time>
                        <HeartRateBpm>
                            <Value>157</Value>
                        </HeartRateBpm>
                    </Trackpoint>
                    <Trackpoint>
                        <Time>2026-08-23T07:50:57.000+01:00</Time>
                        <HeartRateBpm>
                            <Value>159</Value>
                        </HeartRateBpm>
                    </Trackpoint>
                    <Trackpoint>
                        <Time>2026-08-23T07:50:59.000+01:00</Time>
                        <HeartRateBpm>
                            <Value>157</Value>
                        </HeartRateBpm>
                    </Trackpoint>
                    <Trackpoint>
                        <Time>2026-08-23T07:51:01.000+01:00</Time>
                        <HeartRateBpm>
                            <Value>158</Value>
                        </HeartRateBpm>
                    </Trackpoint>
                    <Trackpoint>
                        <Time>2026-08-23T07:51:03.000+01:00</Time>
                        <HeartRateBpm>
                            <Value>157</Value>
                        </HeartRateBpm>
                    </Trackpoint>
                    <Trackpoint>
                        <Time>2026-08-23T07:51:05.000+01:00</Time>
                        <HeartRateBpm>
                            <Value>159</Value>
                        </HeartRateBpm>
                    </Trackpoint>
                    <Trackpoint>
                        <Time>2026-08-23T07:51:07.000+01:00</Time>
                        <HeartRateBpm>
                            <Value>157</Value>
                        </HeartRateBpm>
                    </Trackpoint>
                    <Trackpoint>
                        <Time>2026-08-23T07:51:09.000+01:00</Time>
                        <HeartRateBpm>
                            <Value>159</Value>
                        </HeartRateBpm>
                    </Trackpoint>
                    <Trackpoint>
                        <Time>2026-08-23T07:51:10.000+01:00</Time>
                        <HeartRateBpm>
                            <Value>159</Value>
                        </HeartRateBpm>
                    </Trackpoint>
                    <Trackpoint>
                        <Time>2026-08-23T07:51:11.000+01:00</Time>
                        <HeartRateBpm>
                            <Value>157</Value>
                        </HeartRateBpm>
                    </Trackpoint>
                    <Trackpoint>
                        <Time>2026-08-23T07:51:13.000+01:00</Time>
                        <HeartRateBpm>
                            <Value>159</Value>
                        </HeartRateBpm>
                    </Trackpoint>
                    <Trackpoint>
                        <Time>2026-08-23T07:51:15.000+01:00</Time>
                        <HeartRateBpm>
                            <Value>156</Value>
                        </HeartRateBpm>
                    </Trackpoint>
                    <Trackpoint>
                        <Time>2026-08-23T07:51:18.000+01:00</Time>
                        <HeartRateBpm>
                            <Value>153</Value>
                        </HeartRateBpm>
                    </Trackpoint>
                    <Trackpoint>
                        <Time>2026-08-23T07:51:20.000+01:00</Time>
                        <HeartRateBpm>
                            <Value>155</Value>
                        </HeartRateBpm>
                    </Trackpoint>
                    <Trackpoint>
                        <Time>2026-08-23T07:51:23.000+01:00</Time>
                        <HeartRateBpm>
                            <Value>155</Value>
                        </HeartRateBpm>
                    </Trackpoint>
                    <Trackpoint>
                        <Time>2026-08-23T07:51:24.000+01:00</Time>
                        <HeartRateBpm>
                            <Value>158</Value>
                        </HeartRateBpm>
                    </Trackpoint>
                    <Trackpoint>
                        <Time>2026-08-23T07:51:26.000+01:00</Time>
                        <HeartRateBpm>
                            <Value>154</Value>
                        </HeartRateBpm>
                    </Trackpoint>
                    <Trackpoint>
                        <Time>2026-08-23T07:51:28.000+01:00</Time>
                        <HeartRateBpm>
                            <Value>157</Value>
                        </HeartRateBpm>
                    </Trackpoint>
                    <Trackpoint>
                        <Time>2026-08-23T07:51:30.000+01:00</Time>
                        <HeartRateBpm>
                            <Value>156</Value>
                        </HeartRateBpm>
                    </Trackpoint>
                    <Trackpoint>
                        <Time>2026-08-23T07:51:33.000+01:00</Time>
                        <HeartRateBpm>
                            <Value>156</Value>
                        </HeartRateBpm>
                    </Trackpoint>
                    <Trackpoint>
                        <Time>2026-08-23T07:51:36.000+01:00</Time>
                        <HeartRateBpm>
                            <Value>154</Value>
                        </HeartRateBpm>
                    </Trackpoint>
                    <Trackpoint>
                        <Time>2026-08-23T07:51:38.000+01:00</Time>
                        <HeartRateBpm>
                            <Value>153</Value>
                        </HeartRateBpm>
                    </Trackpoint>
                    <Trackpoint>
                        <Time>2026-08-23T07:51:41.000+01:00</Time>
                        <HeartRateBpm>
                            <Value>154</Value>
                        </HeartRateBpm>
                    </Trackpoint>
                    <Trackpoint>
                        <Time>2026-08-23T07:51:43.000+01:00</Time>
                        <HeartRateBpm>
                            <Value>156</Value>
                        </HeartRateBpm>
                    </Trackpoint>
                    <Trackpoint>
                        <Time>2026-08-23T07:51:46.000+01:00</Time>
                        <HeartRateBpm>
                            <Value>157</Value>
                        </HeartRateBpm>
                    </Trackpoint>
                    <Trackpoint>
                        <Time>2026-08-23T07:51:47.000+01:00</Time>
                        <HeartRateBpm>
                            <Value>156</Value>
                        </HeartRateBpm>
                    </Trackpoint>
                    <Trackpoint>
                        <Time>2026-08-23T07:51:49.000+01:00</Time>
                        <HeartRateBpm>
                            <Value>157</Value>
                        </HeartRateBpm>
                    </Trackpoint>
                    <Trackpoint>
                        <Time>2026-08-23T07:51:52.000+01:00</Time>
                        <HeartRateBpm>
                            <Value>157</Value>
                        </HeartRateBpm>
                    </Trackpoint>
                    <Trackpoint>
                        <Time>2026-08-23T07:51:55.000+01:00</Time>
                        <HeartRateBpm>
                            <Value>156</Value>
                        </HeartRateBpm>
                    </Trackpoint>
                    <Trackpoint>
                        <Time>2026-08-23T07:51:57.000+01:00</Time>
                        <HeartRateBpm>
                            <Value>154</Value>
                        </HeartRateBpm>
                    </Trackpoint>
                    <Trackpoint>
                        <Time>2026-08-23T07:51:59.000+01:00</Time>
                        <HeartRateBpm>
                            <Value>156</Value>
                        </HeartRateBpm>
                    </Trackpoint>
                    <Trackpoint>
                        <Time>2026-08-23T07:52:01.000+01:00</Time>
                        <HeartRateBpm>
                            <Value>157</Value>
                        </HeartRateBpm>
                    </Trackpoint>
                    <Trackpoint>
                        <Time>2026-08-23T07:52:04.000+01:00</Time>
                        <HeartRateBpm>
                            <Value>157</Value>
                        </HeartRateBpm>
                    </Trackpoint>
                    <Trackpoint>
                        <Time>2026-08-23T07:52:05.000+01:00</Time>
                        <HeartRateBpm>
                            <Value>160</Value>
                        </HeartRateBpm>
                    </Trackpoint>
                    <Trackpoint>
                        <Time>2026-08-23T07:52:07.000+01:00</Time>
                        <HeartRateBpm>
                            <Value>159</Value>
                        </HeartRateBpm>
                    </Trackpoint>
                    <Trackpoint>
                        <Time>2026-08-23T07:52:08.000+01:00</Time>
                        <HeartRateBpm>
                            <Value>160</Value>
                        </HeartRateBpm>
                    </Trackpoint>
                    <Trackpoint>
                        <Time>2026-08-23T07:52:10.000+01:00</Time>
                        <HeartRateBpm>
                            <Value>159</Value>
                        </HeartRateBpm>
                    </Trackpoint>
                    <Trackpoint>
                        <Time>2026-08-23T07:52:12.000+01:00</Time>
                        <HeartRateBpm>
                            <Value>161</Value>
                        </HeartRateBpm>
                    </Trackpoint>
                    <Trackpoint>
                        <Time>2026-08-23T07:52:14.000+01:00</Time>
                        <HeartRateBpm>
                            <Value>159</Value>
                        </HeartRateBpm>
                    </Trackpoint>
                    <Trackpoint>
                        <Time>2026-08-23T07:52:16.000+01:00</Time>
                        <HeartRateBpm>
                            <Value>161</Value>
                        </HeartRateBpm>
                    </Trackpoint>
                    <Trackpoint>
                        <Time>2026-08-23T07:52:18.000+01:00</Time>
                        <HeartRateBpm>
                            <Value>159</Value>
                        </HeartRateBpm>
                    </Trackpoint>
                    <Trackpoint>
                        <Time>2026-08-23T07:52:20.000+01:00</Time>
                        <HeartRateBpm>
                            <Value>161</Value>
                        </HeartRateBpm>
                    </Trackpoint>
                    <Trackpoint>
                        <Time>2026-08-23T07:52:23.000+01:00</Time>
                        <HeartRateBpm>
                            <Value>161</Value>
                        </HeartRateBpm>
                    </Trackpoint>
                    <Trackpoint>
                        <Time>2026-08-23T07:52:24.000+01:00</Time>
                        <HeartRateBpm>
                            <Value>163</Value>
                        </HeartRateBpm>
                    </Trackpoint>
                    <Trackpoint>
                        <Time>2026-08-23T07:52:27.000+01:00</Time>
                        <HeartRateBpm>
                            <Value>163</Value>
                        </HeartRateBpm>
                    </Trackpoint>
                    <Trackpoint>
                        <Time>2026-08-23T07:52:30.000+01:00</Time>
                        <HeartRateBpm>
                            <Value>163</Value>
                        </HeartRateBpm>
                    </Trackpoint>
                    <Trackpoint>
                        <Time>2026-08-23T07:52:33.000+01:00</Time>
                        <HeartRateBpm>
                            <Value>162</Value>
                        </HeartRateBpm>
                    </Trackpoint>
                    <Trackpoint>
                        <Time>2026-08-23T07:52:35.000+01:00</Time>
                        <HeartRateBpm>
                            <Value>163</Value>
                        </HeartRateBpm>
                    </Trackpoint>
                    <Trackpoint>
                        <Time>2026-08-23T07:52:38.000+01:00</Time>
                        <HeartRateBpm>
                            <Value>163</Value>
                        </HeartRateBpm>
                    </Trackpoint>
                    <Trackpoint>
                        <Time>2026-08-23T07:52:39.000+01:00</Time>
                        <HeartRateBpm>
                            <Value>164</Value>
                        </HeartRateBpm>
                    </Trackpoint>
                    <Trackpoint>
                        <Time>2026-08-23T07:52:41.000+01:00</Time>
                        <HeartRateBpm>
                            <Value>163</Value>
                        </HeartRateBpm>
                    </Trackpoint>
                    <Trackpoint>
                        <Time>2026-08-23T07:52:44.000+01:00</Time>
                        <HeartRateBpm>
                            <Value>163</Value>
                        </HeartRateBpm>
                    </Trackpoint>
                    <Trackpoint>
                        <Time>2026-08-23T07:52:45.000+01:00</Time>
                        <HeartRateBpm>
                            <Value>162</Value>
                        </HeartRateBpm>
                    </Trackpoint>
                    <Trackpoint>
                        <Time>2026-08-23T07:52:47.000+01:00</Time>
                        <HeartRateBpm>
                            <Value>163</Value>
                        </HeartRateBpm>
                    </Trackpoint>
                    <Trackpoint>
                        <Time>2026-08-23T07:52:50.000+01:00</Time>
                        <HeartRateBpm>
                            <Value>163</Value>
                        </HeartRateBpm>
                    </Trackpoint>
                    <Trackpoint>
                        <Time>2026-08-23T07:52:51.000+01:00</Time>
                        <HeartRateBpm>
                            <Value>164</Value>
                        </HeartRateBpm>
                    </Trackpoint>
                    <Trackpoint>
                        <Time>2026-08-23T07:52:53.000+01:00</Time>
                        <HeartRateBpm>
                            <Value>162</Value>
                        </HeartRateBpm>
                    </Trackpoint>
                    <Trackpoint>
                        <Time>2026-08-23T07:52:55.000+01:00</Time>
                        <HeartRateBpm>
                            <Value>163</Value>
                        </HeartRateBpm>
                    </Trackpoint>
                    <Trackpoint>
                        <Time>2026-08-23T07:52:57.000+01:00</Time>
                        <HeartRateBpm>
                            <Value>161</Value>
                        </HeartRateBpm>
                    </Trackpoint>
                    <Trackpoint>
                        <Time>2026-08-23T07:52:59.000+01:00</Time>
                        <HeartRateBpm>
                            <Value>162</Value>
                        </HeartRateBpm>
                    </Trackpoint>
                    <Trackpoint>
                        <Time>2026-08-23T07:53:00.000+01:00</Time>
                        <HeartRateBpm>
                            <Value>161</Value>
                        </HeartRateBpm>
                    </Trackpoint>
                    <Trackpoint>
                        <Time>2026-08-23T07:53:03.000+01:00</Time>
                        <HeartRateBpm>
                            <Value>161</Value>
                        </HeartRateBpm>
                    </Trackpoint>
                    <Trackpoint>
                        <Time>2026-08-23T07:53:04.000+01:00</Time>
                        <HeartRateBpm>
                            <Value>161</Value>
                        </HeartRateBpm>
                    </Trackpoint>
                    <Trackpoint>
                        <Time>2026-08-23T07:53:06.000+01:00</Time>
                        <HeartRateBpm>
                            <Value>162</Value>
                        </HeartRateBpm>
                    </Trackpoint>
                    <Trackpoint>
                        <Time>2026-08-23T07:53:09.000+01:00</Time>
                        <HeartRateBpm>
                            <Value>162</Value>
                        </HeartRateBpm>
                    </Trackpoint>
                    <Trackpoint>
                        <Time>2026-08-23T07:53:10.000+01:00</Time>
                        <HeartRateBpm>
                            <Value>161</Value>
                        </HeartRateBpm>
                    </Trackpoint>
                    <Trackpoint>
                        <Time>2026-08-23T07:53:12.000+01:00</Time>
                        <HeartRateBpm>
                            <Value>159</Value>
                        </HeartRateBpm>
                    </Trackpoint>
                    <Trackpoint>
                        <Time>2026-08-23T07:53:14.000+01:00</Time>
                        <HeartRateBpm>
                            <Value>160</Value>
                        </HeartRateBpm>
                    </Trackpoint>
                    <Trackpoint>
                        <Time>2026-08-23T07:53:16.000+01:00</Time>
                        <HeartRateBpm>
                            <Value>162</Value>
                        </HeartRateBpm>
                    </Trackpoint>
                    <Trackpoint>
                        <Time>2026-08-23T07:53:19.000+01:00</Time>
                        <HeartRateBpm>
                            <Value>162</Value>
                        </HeartRateBpm>
                    </Trackpoint>
                    <Trackpoint>
                        <Time>2026-08-23T07:53:20.000+01:00</Time>
                        <HeartRateBpm>
                            <Value>161</Value>
                        </HeartRateBpm>
                    </Trackpoint>
                    <Trackpoint>
                        <Time>2026-08-23T07:53:22.000+01:00</Time>
                        <HeartRateBpm>
                            <Value>164</Value>
                        </HeartRateBpm>
                    </Trackpoint>
                    <Trackpoint>
                        <Time>2026-08-23T07:53:23.000+01:00</Time>
                        <HeartRateBpm>
                            <Value>163</Value>
                        </HeartRateBpm>
                    </Trackpoint>
                    <Trackpoint>
                        <Time>2026-08-23T07:53:25.000+01:00</Time>
                        <HeartRateBpm>
                            <Value>160</Value>
                        </HeartRateBpm>
                    </Trackpoint>
                    <Trackpoint>
                        <Time>2026-08-23T07:53:27.000+01:00</Time>
                        <HeartRateBpm>
                            <Value>158</Value>
                        </HeartRateBpm>
                    </Trackpoint>
                    <Trackpoint>
                        <Time>2026-08-23T07:53:30.000+01:00</Time>
                        <HeartRateBpm>
                            <Value>158</Value>
                        </HeartRateBpm>
                    </Trackpoint>
                    <Trackpoint>
                        <Time>2026-08-23T07:53:33.000+01:00</Time>
                        <HeartRateBpm>
                            <Value>159</Value>
                        </HeartRateBpm>
                    </Trackpoint>
                    <Trackpoint>
                        <Time>2026-08-23T07:53:35.000+01:00</Time>
                        <HeartRateBpm>
                            <Value>157</Value>
                        </HeartRateBpm>
                    </Trackpoint>
                    <Trackpoint>
                        <Time>2026-08-23T07:53:37.000+01:00</Time>
                        <HeartRateBpm>
                            <Value>159</Value>
                        </HeartRateBpm>
                    </Trackpoint>
                    <Trackpoint>
                        <Time>2026-08-23T07:53:39.000+01:00</Time>
                        <HeartRateBpm>
                            <Value>158</Value>
                        </HeartRateBpm>
                    </Trackpoint>
                    <Trackpoint>
                        <Time>2026-08-23T07:53:41.000+01:00</Time>
                        <HeartRateBpm>
                            <Value>159</Value>
                        </HeartRateBpm>
                    </Trackpoint>
                    <Trackpoint>
                        <Time>2026-08-23T07:53:43.000+01:00</Time>
                        <HeartRateBpm>
                            <Value>157</Value>
                        </HeartRateBpm>
                    </Trackpoint>
                    <Trackpoint>
                        <Time>2026-08-23T07:53:45.000+01:00</Time>
                        <HeartRateBpm>
                            <Value>158</Value>
                        </HeartRateBpm>
                    </Trackpoint>
                    <Trackpoint>
                        <Time>2026-08-23T07:53:47.000+01:00</Time>
                        <HeartRateBpm>
                            <Value>157</Value>
                        </HeartRateBpm>
                    </Trackpoint>
                    <Trackpoint>
                        <Time>2026-08-23T07:53:48.000+01:00</Time>
                        <HeartRateBpm>
                            <Value>159</Value>
                        </HeartRateBpm>
                    </Trackpoint>
                    <Trackpoint>
                        <Time>2026-08-23T07:53:50.000+01:00</Time>
                        <HeartRateBpm>
                            <Value>153</Value>
                        </HeartRateBpm>
                    </Trackpoint>
                    <Trackpoint>
                        <Time>2026-08-23T07:53:52.000+01:00</Time>
                        <HeartRateBpm>
                            <Value>151</Value>
                        </HeartRateBpm>
                    </Trackpoint>
                    <Trackpoint>
                        <Time>2026-08-23T07:53:54.000+01:00</Time>
                        <HeartRateBpm>
                            <Value>149</Value>
                        </HeartRateBpm>
                    </Trackpoint>
                    <Trackpoint>
                        <Time>2026-08-23T07:53:56.000+01:00</Time>
                        <HeartRateBpm>
                            <Value>147</Value>
                        </HeartRateBpm>
                    </Trackpoint>
                    <Trackpoint>
                        <Time>2026-08-23T07:53:57.000+01:00</Time>
                        <HeartRateBpm>
                            <Value>147</Value>
                        </HeartRateBpm>
                    </Trackpoint>
                    <Trackpoint>
                        <Time>2026-08-23T07:53:58.000+01:00</Time>
                        <HeartRateBpm>
                            <Value>145</Value>
                        </HeartRateBpm>
                    </Trackpoint>
                    <Trackpoint>
                        <Time>2026-08-23T07:54:00.000+01:00</Time>
                        <HeartRateBpm>
                            <Value>143</Value>
                        </HeartRateBpm>
                    </Trackpoint>
                    <Trackpoint>
                        <Time>2026-08-23T07:54:02.000+01:00</Time>
                        <HeartRateBpm>
                            <Value>141</Value>
                        </HeartRateBpm>
                    </Trackpoint>
                    <Trackpoint>
                        <Time>2026-08-23T07:54:04.000+01:00</Time>
                        <HeartRateBpm>
                            <Value>139</Value>
                        </HeartRateBpm>
                    </Trackpoint>
                    <Trackpoint>
                        <Time>2026-08-23T07:54:06.000+01:00</Time>
                        <HeartRateBpm>
                            <Value>138</Value>
                        </HeartRateBpm>
                    </Trackpoint>
                    <Trackpoint>
                        <Time>2026-08-23T07:54:08.000+01:00</Time>
                        <HeartRateBpm>
                            <Value>137</Value>
                        </HeartRateBpm>
                    </Trackpoint>
                    <Trackpoint>
                        <Time>2026-08-23T07:54:10.000+01:00</Time>
                        <HeartRateBpm>
                            <Value>136</Value>
                        </HeartRateBpm>
                    </Trackpoint>
                    <Trackpoint>
                        <Time>2026-08-23T07:54:11.000+01:00</Time>
                        <HeartRateBpm>
                            <Value>135</Value>
                        </HeartRateBpm>
                    </Trackpoint>
                    <Trackpoint>
                        <Time>2026-08-23T07:54:14.000+01:00</Time>
                        <HeartRateBpm>
                            <Value>135</Value>
                        </HeartRateBpm>
                    </Trackpoint>
                    <Trackpoint>
                        <Time>2026-08-23T07:54:17.000+01:00</Time>
                        <HeartRateBpm>
                            <Value>134</Value>
                        </HeartRateBpm>
                    </Trackpoint>
                    <Trackpoint>
                        <Time>2026-08-23T07:54:19.000+01:00</Time>
                        <HeartRateBpm>
                            <Value>133</Value>
                        </HeartRateBpm>
                    </Trackpoint>
                    <Trackpoint>
                        <Time>2026-08-23T07:54:21.000+01:00</Time>
                        <HeartRateBpm>
                            <Value>132</Value>
                        </HeartRateBpm>
                    </Trackpoint>
                    <Trackpoint>
                        <Time>2026-08-23T07:54:23.000+01:00</Time>
                        <HeartRateBpm>
                            <Value>129</Value>
                        </HeartRateBpm>
                    </Trackpoint>
                    <Trackpoint>
                        <Time>2026-08-23T07:54:25.000+01:00</Time>
                        <HeartRateBpm>
                            <Value>123</Value>
                        </HeartRateBpm>
                    </Trackpoint>
                    <Trackpoint>
                        <Time>2026-08-23T07:54:27.000+01:00</Time>
                        <HeartRateBpm>
                            <Value>124</Value>
                        </HeartRateBpm>
                    </Trackpoint>
                    <Trackpoint>
                        <Time>2026-08-23T07:54:29.000+01:00</Time>
                        <HeartRateBpm>
                            <Value>123</Value>
                        </HeartRateBpm>
                    </Trackpoint>
                    <Trackpoint>
                        <Time>2026-08-23T07:54:31.000+01:00</Time>
                        <HeartRateBpm>
                            <Value>122</Value>
                        </HeartRateBpm>
                    </Trackpoint>
                    <Trackpoint>
                        <Time>2026-08-23T07:54:34.000+01:00</Time>
                        <HeartRateBpm>
                            <Value>122</Value>
                        </HeartRateBpm>
                    </Trackpoint>
                    <Trackpoint>
                        <Time>2026-08-23T07:54:35.000+01:00</Time>
                        <HeartRateBpm>
                            <Value>121</Value>
                        </HeartRateBpm>
                    </Trackpoint>
                    <Trackpoint>
                        <Time>2026-08-23T07:54:36.000+01:00</Time>
                        <HeartRateBpm>
                            <Value>120</Value>
                        </HeartRateBpm>
                    </Trackpoint>
                    <Trackpoint>
                        <Time>2026-08-23T07:54:39.000+01:00</Time>
                        <HeartRateBpm>
                            <Value>120</Value>
                        </HeartRateBpm>
                    </Trackpoint>
                    <Trackpoint>
                        <Time>2026-08-23T07:54:42.000+01:00</Time>
                        <HeartRateBpm>
                            <Value>121</Value>
                        </HeartRateBpm>
                    </Trackpoint>
                    <Trackpoint>
                        <Time>2026-08-23T07:54:44.000+01:00</Time>
                        <HeartRateBpm>
                            <Value>123</Value>
                        </HeartRateBpm>
                    </Trackpoint>
                    <Trackpoint>
                        <Time>2026-08-23T07:54:46.000+01:00</Time>
                        <HeartRateBpm>
                            <Value>124</Value>
                        </HeartRateBpm>
                    </Trackpoint>
                    <Trackpoint>
                        <Time>2026-08-23T07:54:49.000+01:00</Time>
                        <HeartRateBpm>
                            <Value>124</Value>
                        </HeartRateBpm>
                    </Trackpoint>
                    <Trackpoint>
                        <Time>2026-08-23T07:54:52.000+01:00</Time>
                        <HeartRateBpm>
                            <Value>124</Value>
                        </HeartRateBpm>
                    </Trackpoint>
                    <Trackpoint>
                        <Time>2026-08-23T07:54:53.000+01:00</Time>
                        <HeartRateBpm>
                            <Value>124</Value>
                        </HeartRateBpm>
                    </Trackpoint>
                    <Trackpoint>
                        <Time>2026-08-23T07:54:56.000+01:00</Time>
                        <HeartRateBpm>
                            <Value>124</Value>
                        </HeartRateBpm>
                    </Trackpoint>
                    <Trackpoint>
                        <Time>2026-08-23T07:54:58.000+01:00</Time>
                        <HeartRateBpm>
                            <Value>123</Value>
                        </HeartRateBpm>
                    </Trackpoint>
                    <Trackpoint>
                        <Time>2026-08-23T07:55:00.000+01:00</Time>
                        <HeartRateBpm>
                            <Value>122</Value>
                        </HeartRateBpm>
                    </Trackpoint>
                    <Trackpoint>
                        <Time>2026-08-23T07:55:01.000+01:00</Time>
                        <HeartRateBpm>
                            <Value>121</Value>
                        </HeartRateBpm>
                    </Trackpoint>
                    <Trackpoint>
                        <Time>2026-08-23T07:55:04.000+01:00</Time>
                        <HeartRateBpm>
                            <Value>121</Value>
                        </HeartRateBpm>
                    </Trackpoint>
                    <Trackpoint>
                        <Time>2026-08-23T07:55:07.000+01:00</Time>
                        <HeartRateBpm>
                            <Value>122</Value>
                        </HeartRateBpm>
                    </Trackpoint>
                    <Trackpoint>
                        <Time>2026-08-23T07:55:09.000+01:00</Time>
                        <HeartRateBpm>
                            <Value>124</Value>
                        </HeartRateBpm>
                    </Trackpoint>
                    <Trackpoint>
                        <Time>2026-08-23T07:55:12.000+01:00</Time>
                        <HeartRateBpm>
                            <Value>124</Value>
                        </HeartRateBpm>
                    </Trackpoint>
                    <Trackpoint>
                        <Time>2026-08-23T07:55:13.000+01:00</Time>
                        <HeartRateBpm>
                            <Value>123</Value>
                        </HeartRateBpm>
                    </Trackpoint>
                    <Trackpoint>
                        <Time>2026-08-23T07:55:15.000+01:00</Time>
                        <HeartRateBpm>
                            <Value>124</Value>
                        </HeartRateBpm>
                    </Trackpoint>
                    <Trackpoint>
                        <Time>2026-08-23T07:55:17.000+01:00</Time>
                        <HeartRateBpm>
                            <Value>121</Value>
                        </HeartRateBpm>
                    </Trackpoint>
                    <Trackpoint>
                        <Time>2026-08-23T07:55:20.000+01:00</Time>
                        <HeartRateBpm>
                            <Value>121</Value>
                        </HeartRateBpm>
                    </Trackpoint>
                    <Trackpoint>
                        <Time>2026-08-23T07:55:23.000+01:00</Time>
                        <HeartRateBpm>
                            <Value>121</Value>
                        </HeartRateBpm>
                    </Trackpoint>
                    <Trackpoint>
                        <Time>2026-08-23T07:55:26.000+01:00</Time>
                        <HeartRateBpm>
                            <Value>119</Value>
                        </HeartRateBpm>
                    </Trackpoint>
                    <Trackpoint>
                        <Time>2026-08-23T07:55:28.000+01:00</Time>
                        <HeartRateBpm>
                            <Value>120</Value>
                        </HeartRateBpm>
                    </Trackpoint>
                    <Trackpoint>
                        <Time>2026-08-23T07:55:30.000+01:00</Time>
                        <HeartRateBpm>
                            <Value>119</Value>
                        </HeartRateBpm>
                    </Trackpoint>
                    <Trackpoint>
                        <Time>2026-08-23T07:55:33.000+01:00</Time>
                        <HeartRateBpm>
                            <Value>119</Value>
                        </HeartRateBpm>
                    </Trackpoint>
                    <Trackpoint>
                        <Time>2026-08-23T07:55:34.000+01:00</Time>
                        <HeartRateBpm>
                            <Value>118</Value>
                        </HeartRateBpm>
                    </Trackpoint>
                    <Trackpoint>
                        <Time>2026-08-23T07:55:37.000+01:00</Time>
                        <HeartRateBpm>
                            <Value>118</Value>
                        </HeartRateBpm>
                    </Trackpoint>
                    <Trackpoint>
                        <Time>2026-08-23T07:55:38.000+01:00</Time>
                        <HeartRateBpm>
                            <Value>117</Value>
                        </HeartRateBpm>
                    </Trackpoint>
                    <Trackpoint>
                        <Time>2026-08-23T07:55:39.000+01:00</Time>
                        <HeartRateBpm>
                            <Value>116</Value>
                        </HeartRateBpm>
                    </Trackpoint>
                    <Trackpoint>
                        <Time>2026-08-23T07:55:42.000+01:00</Time>
                        <HeartRateBpm>
                            <Value>116</Value>
                        </HeartRateBpm>
                    </Trackpoint>
                    <Trackpoint>
                        <Time>2026-08-23T07:55:45.000+01:00</Time>
                        <HeartRateBpm>
                            <Value>117</Value>
                        </HeartRateBpm>
                    </Trackpoint>
                    <Trackpoint>
                        <Time>2026-08-23T07:55:48.000+01:00</Time>
                        <HeartRateBpm>
                            <Value>117</Value>
                        </HeartRateBpm>
                    </Trackpoint>
                    <Trackpoint>
                        <Time>2026-08-23T07:55:51.000+01:00</Time>
                        <HeartRateBpm>
                            <Value>117</Value>
                        </HeartRateBpm>
                    </Trackpoint>
                    <Trackpoint>
                        <Time>2026-08-23T07:55:53.000+01:00</Time>
                        <HeartRateBpm>
                            <Value>116</Value>
                        </HeartRateBpm>
                    </Trackpoint>
                    <Trackpoint>
                        <Time>2026-08-23T07:55:54.000+01:00</Time>
                        <HeartRateBpm>
                            <Value>116</Value>
                        </HeartRateBpm>
                    </Trackpoint>
                    <Trackpoint>
                        <Time>2026-08-23T07:55:55.000+01:00</Time>
                        <HeartRateBpm>
                            <Value>113</Value>
                        </HeartRateBpm>
                    </Trackpoint>
                    <Trackpoint>
                        <Time>2026-08-23T07:55:57.000+01:00</Time>
                        <HeartRateBpm>
                            <Value>114</Value>
                        </HeartRateBpm>
                    </Trackpoint>
                    <Trackpoint>
                        <Time>2026-08-23T07:56:00.000+01:00</Time>
                        <HeartRateBpm>
                            <Value>114</Value>
                        </HeartRateBpm>
                    </Trackpoint>
                    <Trackpoint>
                        <Time>2026-08-23T07:56:01.000+01:00</Time>
                        <HeartRateBpm>
                            <Value>113</Value>
                        </HeartRateBpm>
                    </Trackpoint>
                    <Trackpoint>
                        <Time>2026-08-23T07:56:04.000+01:00</Time>
                        <HeartRateBpm>
                            <Value>114</Value>
                        </HeartRateBpm>
                    </Trackpoint>
                    <Trackpoint>
                        <Time>2026-08-23T07:56:07.000+01:00</Time>
                        <HeartRateBpm>
                            <Value>114</Value>
                        </HeartRateBpm>
                    </Trackpoint>
                    <Trackpoint>
                        <Time>2026-08-23T07:56:08.000+01:00</Time>
                        <HeartRateBpm>
                            <Value>113</Value>
                        </HeartRateBpm>
                    </Trackpoint>
                    <Trackpoint>
                        <Time>2026-08-23T07:56:10.000+01:00</Time>
                        <HeartRateBpm>
                            <Value>112</Value>
                        </HeartRateBpm>
                    </Trackpoint>
                    <Trackpoint>
                        <Time>2026-08-23T07:56:12.000+01:00</Time>
                        <HeartRateBpm>
                            <Value>113</Value>
                        </HeartRateBpm>
                    </Trackpoint>
                    <Trackpoint>
                        <Time>2026-08-23T07:56:15.000+01:00</Time>
                        <HeartRateBpm>
                            <Value>113</Value>
                        </HeartRateBpm>
                    </Trackpoint>
                    <Trackpoint>
                        <Time>2026-08-23T07:56:18.000+01:00</Time>
                        <HeartRateBpm>
                            <Value>112</Value>
                        </HeartRateBpm>
                    </Trackpoint>
                    <Trackpoint>
                        <Time>2026-08-23T07:56:20.000+01:00</Time>
                        <HeartRateBpm>
                            <Value>113</Value>
                        </HeartRateBpm>
                    </Trackpoint>
                    <Trackpoint>
                        <Time>2026-08-23T07:56:22.000+01:00</Time>
                        <HeartRateBpm>
                            <Value>114</Value>
                        </HeartRateBpm>
                    </Trackpoint>
                    <Trackpoint>
                        <Time>2026-08-23T07:56:24.000+01:00</Time>
                        <HeartRateBpm>
                            <Value>113</Value>
                        </HeartRateBpm>
                    </Trackpoint>
                    <Trackpoint>
                        <Time>2026-08-23T07:56:27.000+01:00</Time>
                        <HeartRateBpm>
                            <Value>113</Value>
                        </HeartRateBpm>
                    </Trackpoint>
                    <Trackpoint>
                        <Time>2026-08-23T07:56:30.000+01:00</Time>
                        <HeartRateBpm>
                            <Value>113</Value>
                        </HeartRateBpm>
                    </Trackpoint>
                    <Trackpoint>
                        <Time>2026-08-23T07:56:31.000+01:00</Time>
                        <HeartRateBpm>
                            <Value>112</Value>
                        </HeartRateBpm>
                    </Trackpoint>
                    <Trackpoint>
                        <Time>2026-08-23T07:56:33.000+01:00</Time>
                        <HeartRateBpm>
                            <Value>111</Value>
                        </HeartRateBpm>
                    </Trackpoint>
                    <Trackpoint>
                        <Time>2026-08-23T07:56:35.000+01:00</Time>
                        <HeartRateBpm>
                            <Value>112</Value>
                        </HeartRateBpm>
                    </Trackpoint>
                    <Trackpoint>
                        <Time>2026-08-23T07:56:37.000+01:00</Time>
                        <HeartRateBpm>
                            <Value>113</Value>
                        </HeartRateBpm>
                    </Trackpoint>
                    <Trackpoint>
                        <Time>2026-08-23T07:56:40.000+01:00</Time>
                        <HeartRateBpm>
                            <Value>113</Value>
                        </HeartRateBpm>
                    </Trackpoint>
                    <Trackpoint>
                        <Time>2026-08-23T07:56:41.000+01:00</Time>
                        <HeartRateBpm>
                            <Value>114</Value>
                        </HeartRateBpm>
                    </Trackpoint>
                    <Trackpoint>
                        <Time>2026-08-23T07:56:43.000+01:00</Time>
                        <HeartRateBpm>
                            <Value>113</Value>
                        </HeartRateBpm>
                    </Trackpoint>
                    <Trackpoint>
                        <Time>2026-08-23T07:56:46.000+01:00</Time>
                        <HeartRateBpm>
                            <Value>113</Value>
                        </HeartRateBpm>
                    </Trackpoint>
                    <Trackpoint>
                        <Time>2026-08-23T07:56:47.000+01:00</Time>
                        <HeartRateBpm>
                            <Value>111</Value>
                        </HeartRateBpm>
                    </Trackpoint>
                    <Trackpoint>
                        <Time>2026-08-23T07:56:49.000+01:00</Time>
                        <HeartRateBpm>
                            <Value>110</Value>
                        </HeartRateBpm>
                    </Trackpoint>
                    <Trackpoint>
                        <Time>2026-08-23T07:56:50.000+01:00</Time>
                        <HeartRateBpm>
                            <Value>110</Value>
                        </HeartRateBpm>
                    </Trackpoint>
                    <Trackpoint>
                        <Time>2026-08-23T07:56:53.000+01:00</Time>
                        <HeartRateBpm>
                            <Value>110</Value>
                        </HeartRateBpm>
                    </Trackpoint>
                    <Trackpoint>
                        <Time>2026-08-23T07:56:56.000+01:00</Time>
                        <HeartRateBpm>
                            <Value>109</Value>
                        </HeartRateBpm>
                    </Trackpoint>
                    <Trackpoint>
                        <Time>2026-08-23T07:56:58.000+01:00</Time>
                        <HeartRateBpm>
                            <Value>108</Value>
                        </HeartRateBpm>
                    </Trackpoint>
                    <Trackpoint>
                        <Time>2026-08-23T07:57:00.000+01:00</Time>
                        <HeartRateBpm>
                            <Value>107</Value>
                        </HeartRateBpm>
                    </Trackpoint>
                    <Trackpoint>
                        <Time>2026-08-23T07:57:02.000+01:00</Time>
                        <HeartRateBpm>
                            <Value>106</Value>
                        </HeartRateBpm>
                    </Trackpoint>
                    <Trackpoint>
                        <Time>2026-08-23T07:57:04.000+01:00</Time>
                        <HeartRateBpm>
                            <Value>104</Value>
                        </HeartRateBpm>
                    </Trackpoint>
                    <Trackpoint>
                        <Time>2026-08-23T07:57:07.000+01:00</Time>
                        <HeartRateBpm>
                            <Value>104</Value>
                        </HeartRateBpm>
                    </Trackpoint>
                    <Trackpoint>
                        <Time>2026-08-23T07:57:10.000+01:00</Time>
                        <HeartRateBpm>
                            <Value>105</Value>
                        </HeartRateBpm>
                    </Trackpoint>
                    <Trackpoint>
                        <Time>2026-08-23T07:57:12.000+01:00</Time>
                        <HeartRateBpm>
                            <Value>106</Value>
                        </HeartRateBpm>
                    </Trackpoint>
                    <Trackpoint>
                        <Time>2026-08-23T07:57:13.000+01:00</Time>
                        <HeartRateBpm>
                            <Value>107</Value>
                        </HeartRateBpm>
                    </Trackpoint>
                    <Trackpoint>
                        <Time>2026-08-23T07:57:16.000+01:00</Time>
                        <HeartRateBpm>
                            <Value>107</Value>
                        </HeartRateBpm>
                    </Trackpoint>
                    <Trackpoint>
                        <Time>2026-08-23T07:57:17.000+01:00</Time>
                        <HeartRateBpm>
                            <Value>108</Value>
                        </HeartRateBpm>
                    </Trackpoint>
                    <Trackpoint>
                        <Time>2026-08-23T07:57:20.000+01:00</Time>
                        <HeartRateBpm>
                            <Value>108</Value>
                        </HeartRateBpm>
                    </Trackpoint>
                    <Trackpoint>
                        <Time>2026-08-23T07:57:21.000+01:00</Time>
                        <HeartRateBpm>
                            <Value>107</Value>
                        </HeartRateBpm>
                    </Trackpoint>
                    <Trackpoint>
                        <Time>2026-08-23T07:57:23.000+01:00</Time>
                        <HeartRateBpm>
                            <Value>109</Value>
                        </HeartRateBpm>
                    </Trackpoint>
                    <Trackpoint>
                        <Time>2026-08-23T07:57:26.000+01:00</Time>
                        <HeartRateBpm>
                            <Value>109</Value>
                        </HeartRateBpm>
                    </Trackpoint>
                    <Trackpoint>
                        <Time>2026-08-23T07:57:27.000+01:00</Time>
                        <HeartRateBpm>
                            <Value>110</Value>
                        </HeartRateBpm>
                    </Trackpoint>
                    <Trackpoint>
                        <Time>2026-08-23T07:57:29.000+01:00</Time>
                        <HeartRateBpm>
                            <Value>109</Value>
                        </HeartRateBpm>
                    </Trackpoint>
                    <Trackpoint>
                        <Time>2026-08-23T07:57:31.000+01:00</Time>
                        <HeartRateBpm>
                            <Value>108</Value>
                        </HeartRateBpm>
                    </Trackpoint>
                    <Trackpoint>
                        <Time>2026-08-23T07:57:33.000+01:00</Time>
                        <HeartRateBpm>
                            <Value>110</Value>
                        </HeartRateBpm>
                    </Trackpoint>
                    <Trackpoint>
                        <Time>2026-08-23T07:57:36.000+01:00</Time>
                        <HeartRateBpm>
                            <Value>110</Value>
                        </HeartRateBpm>
                    </Trackpoint>
                    <Trackpoint>
                        <Time>2026-08-23T07:57:38.000+01:00</Time>
                        <HeartRateBpm>
                            <Value>109</Value>
                        </HeartRateBpm>
                    </Trackpoint>
                    <Trackpoint>
                        <Time>2026-08-23T07:57:40.000+01:00</Time>
                        <HeartRateBpm>
                            <Value>110</Value>
                        </HeartRateBpm>
                    </Trackpoint>
                    <Trackpoint>
                        <Time>2026-08-23T07:57:42.000+01:00</Time>
                        <HeartRateBpm>
                            <Value>111</Value>
                        </HeartRateBpm>
                    </Trackpoint>
                    <Trackpoint>
                        <Time>2026-08-23T07:57:44.000+01:00</Time>
                        <HeartRateBpm>
                            <Value>112</Value>
                        </HeartRateBpm>
                    </Trackpoint>
                    <Trackpoint>
                        <Time>2026-08-23T07:57:46.000+01:00</Time>
                        <HeartRateBpm>
                            <Value>111</Value>
                        </HeartRateBpm>
                    </Trackpoint>
                    <Trackpoint>
                        <Time>2026-08-23T07:57:47.000+01:00</Time>
                        <HeartRateBpm>
                            <Value>111</Value>
                        </HeartRateBpm>
                    </Trackpoint>
                </Track>
            </Lap>
            <Creator xsi:type="Device_t" xmlns:xsi="http://www.w3.org/2001/XMLSchema-instance">
                <Name>Google Pixel Watch 4</Name>
                <UnitId>0</UnitId>
                <ProductID>0</ProductID>
            </Creator>
        </Activity>
    </Activities>
</TrainingCenterDatabase>
