<?xml version="1.0" encoding="UTF-8" standalone="yes"?>
<TrainingCenterDatabase xmlns="http://www.garmin.com/xmlschemas/TrainingCenterDatabase/v2">
    <Activities>
        <Activity Sport="Running">
            <Id>2026-08-23T09:11:55.000+01:00</Id>
            <Lap StartTime="2026-08-23T09:11:55.000+01:00">
                <TotalTimeSeconds>806.989</TotalTimeSeconds>
                <DistanceMeters>1924.879</DistanceMeters>
                <Calories>215</Calories>
                <Intensity>Active</Intensity>
                <TriggerMethod>Manual</TriggerMethod>
                <Track>
                    <Trackpoint>
                        <Time>2026-08-23T09:11:56.000+01:00</Time>
                        <HeartRateBpm>
                            <Value>109</Value>
                        </HeartRateBpm>
                    </Trackpoint>
                    <Trackpoint>
                        <Time>2026-08-23T09:11:57.000+01:00</Time>
                        <Position>
                            <LatitudeDegrees>51.31172</LatitudeDegrees>
                            <LongitudeDegrees>-0.555325</LongitudeDegrees>
                        </Position>
                        <AltitudeMeters>26.983999999999998</AltitudeMeters>
                        <DistanceMeters>0.0</DistanceMeters>
                    </Trackpoint>
                    <Trackpoint>
                        <Time>2026-08-23T09:11:58.000+01:00</Time>
                        <Position>
                            <LatitudeDegrees>51.31171166666667</LatitudeDegrees>
                            <LongitudeDegrees>-0.5553783333333333</LongitudeDegrees>
                        </Position>
                        <AltitudeMeters>26.983999999999998</AltitudeMeters>
                        <DistanceMeters>3.821054106365201</DistanceMeters>
                        <HeartRateBpm>
                            <Value>112</Value>
                        </HeartRateBpm>
                    </Trackpoint>
                    <Trackpoint>
                        <Time>2026-08-23T09:11:59.000+01:00</Time>
                        <Position>
                            <LatitudeDegrees>51.31171166666667</LatitudeDegrees>
                            <LongitudeDegrees>-0.5553783333333333</LongitudeDegrees>
                        </Position>
                        <AltitudeMeters>26.983999999999998</AltitudeMeters>
                        <DistanceMeters>3.821054106365201</DistanceMeters>
                        <HeartRateBpm>
                            <Value>117</Value>
                        </HeartRateBpm>
                    </Trackpoint>
                    <Trackpoint>
                        <Time>2026-08-23T09:12:00.000+01:00</Time>
                        <Position>
                            <LatitudeDegrees>51.31171666666667</LatitudeDegrees>
                            <LongitudeDegrees>-0.5554233333333334</LongitudeDegrees>
                        </Position>
                        <AltitudeMeters>26.983999999999998</AltitudeMeters>
                        <DistanceMeters>6.997861259197765</DistanceMeters>
                    </Trackpoint>
                    <Trackpoint>
                        <Time>2026-08-23T09:12:01.000+01:00</Time>
                        <Position>
                            <LatitudeDegrees>51.31171666666667</LatitudeDegrees>
                            <LongitudeDegrees>-0.5554233333333334</LongitudeDegrees>
                        </Position>
                        <AltitudeMeters>26.983999999999998</AltitudeMeters>
                        <DistanceMeters>6.997861259197765</DistanceMeters>
                        <HeartRateBpm>
                            <Value>118</Value>
                        </HeartRateBpm>
                    </Trackpoint>
                    <Trackpoint>
                        <Time>2026-08-23T09:12:02.000+01:00</Time>
                        <Position>
                            <LatitudeDegrees>51.311721666666664</LatitudeDegrees>
                            <LongitudeDegrees>-0.5555</LongitudeDegrees>
                        </Position>
                        <AltitudeMeters>26.983999999999998</AltitudeMeters>
                        <DistanceMeters>12.35559262313207</DistanceMeters>
                    </Trackpoint>
                    <Trackpoint>
                        <Time>2026-08-23T09:12:03.000+01:00</Time>
                        <Position>
                            <LatitudeDegrees>51.31173</LatitudeDegrees>
                            <LongitudeDegrees>-0.5555366666666667</LongitudeDegrees>
                        </Position>
                        <AltitudeMeters>26.983999999999998</AltitudeMeters>
                        <DistanceMeters>15.067379722651488</DistanceMeters>
                        <HeartRateBpm>
                            <Value>119</Value>
                        </HeartRateBpm>
                    </Trackpoint>
                    <Trackpoint>
                        <Time>2026-08-23T09:12:04.000+01:00</Time>
                        <Position>
                            <LatitudeDegrees>51.31173</LatitudeDegrees>
                            <LongitudeDegrees>-0.5555766666666667</LongitudeDegrees>
                        </Position>
                        <AltitudeMeters>26.983999999999998</AltitudeMeters>
                        <DistanceMeters>17.847625832552634</DistanceMeters>
                    </Trackpoint>
                    <Trackpoint>
                        <Time>2026-08-23T09:12:05.000+01:00</Time>
                        <Position>
                            <LatitudeDegrees>51.311728333333335</LatitudeDegrees>
                            <LongitudeDegrees>-0.555625</LongitudeDegrees>
                        </Position>
                        <AltitudeMeters>26.983999999999998</AltitudeMeters>
                        <DistanceMeters>21.21219780050256</DistanceMeters>
                        <HeartRateBpm>
                            <Value>122</Value>
                        </HeartRateBpm>
                    </Trackpoint>
                    <Trackpoint>
                        <Time>2026-08-23T09:12:06.000+01:00</Time>
                        <Position>
                            <LatitudeDegrees>51.311728333333335</LatitudeDegrees>
                            <LongitudeDegrees>-0.5556666666666666</LongitudeDegrees>
                        </Position>
                        <AltitudeMeters>26.983999999999998</AltitudeMeters>
                        <DistanceMeters>24.108287603511286</DistanceMeters>
                    </Trackpoint>
                    <Trackpoint>
                        <Time>2026-08-23T09:12:07.000+01:00</Time>
                        <Position>
                            <LatitudeDegrees>51.31172333333333</LatitudeDegrees>
                            <LongitudeDegrees>-0.5557066666666667</LongitudeDegrees>
                        </Position>
                        <AltitudeMeters>26.983999999999998</AltitudeMeters>
                        <DistanceMeters>26.943579228500415</DistanceMeters>
                        <HeartRateBpm>
                            <Value>125</Value>
                        </HeartRateBpm>
                    </Trackpoint>
                    <Trackpoint>
                        <Time>2026-08-23T09:12:08.000+01:00</Time>
                        <Position>
                            <LatitudeDegrees>51.31171833333333</LatitudeDegrees>
                            <LongitudeDegrees>-0.55575</LongitudeDegrees>
                        </Position>
                        <AltitudeMeters>26.983999999999998</AltitudeMeters>
                        <DistanceMeters>30.006397294532068</DistanceMeters>
                    </Trackpoint>
                    <Trackpoint>
                        <Time>2026-08-23T09:12:09.000+01:00</Time>
                        <Position>
                            <LatitudeDegrees>51.31171833333333</LatitudeDegrees>
                            <LongitudeDegrees>-0.5557883333333333</LongitudeDegrees>
                        </Position>
                        <AltitudeMeters>26.983999999999998</AltitudeMeters>
                        <DistanceMeters>32.67080049398899</DistanceMeters>
                        <HeartRateBpm>
                            <Value>126</Value>
                        </HeartRateBpm>
                    </Trackpoint>
                    <Trackpoint>
                        <Time>2026-08-23T09:12:10.000+01:00</Time>
                        <Position>
                            <LatitudeDegrees>51.31171833333333</LatitudeDegrees>
                            <LongitudeDegrees>-0.5558233333333333</LongitudeDegrees>
                        </Position>
                        <AltitudeMeters>26.983999999999998</AltitudeMeters>
                        <DistanceMeters>35.10351645871534</DistanceMeters>
                    </Trackpoint>
                    <Trackpoint>
                        <Time>2026-08-23T09:12:11.000+01:00</Time>
                        <Position>
                            <LatitudeDegrees>51.311715</LatitudeDegrees>
                            <LongitudeDegrees>-0.55586</LongitudeDegrees>
                        </Position>
                        <AltitudeMeters>26.983999999999998</AltitudeMeters>
                        <DistanceMeters>37.678887905265114</DistanceMeters>
                        <HeartRateBpm>
                            <Value>127</Value>
                        </HeartRateBpm>
                    </Trackpoint>
                    <Trackpoint>
                        <Time>2026-08-23T09:12:12.000+01:00</Time>
                        <Position>
                            <LatitudeDegrees>51.31171333333333</LatitudeDegrees>
                            <LongitudeDegrees>-0.5558966666666667</LongitudeDegrees>
                        </Position>
                        <AltitudeMeters>26.983999999999998</AltitudeMeters>
                        <DistanceMeters>40.234177035940114</DistanceMeters>
                    </Trackpoint>
                    <Trackpoint>
                        <Time>2026-08-23T09:12:13.000+01:00</Time>
                        <Position>
                            <LatitudeDegrees>51.31171</LatitudeDegrees>
                            <LongitudeDegrees>-0.555935</LongitudeDegrees>
                        </Position>
                        <AltitudeMeters>26.983999999999998</AltitudeMeters>
                        <DistanceMeters>42.924238028664035</DistanceMeters>
                        <HeartRateBpm>
                            <Value>130</Value>
                        </HeartRateBpm>
                    </Trackpoint>
                    <Trackpoint>
                        <Time>2026-08-23T09:12:14.000+01:00</Time>
                        <Position>
                            <LatitudeDegrees>51.3117</LatitudeDegrees>
                            <LongitudeDegrees>-0.5559766666666667</LongitudeDegrees>
                        </Position>
                        <AltitudeMeters>26.983999999999998</AltitudeMeters>
                        <DistanceMeters>46.02645976970507</DistanceMeters>
                    </Trackpoint>
                    <Trackpoint>
                        <Time>2026-08-23T09:12:15.000+01:00</Time>
                        <Position>
                            <LatitudeDegrees>51.311688333333336</LatitudeDegrees>
                            <LongitudeDegrees>-0.5560133333333334</LongitudeDegrees>
                        </Position>
                        <AltitudeMeters>26.983999999999998</AltitudeMeters>
                        <DistanceMeters>48.8861954695428</DistanceMeters>
                    </Trackpoint>
                    <Trackpoint>
                        <Time>2026-08-23T09:12:16.000+01:00</Time>
                        <Position>
                            <LatitudeDegrees>51.31167333333333</LatitudeDegrees>
                            <LongitudeDegrees>-0.5560733333333333</LongitudeDegrees>
                        </Position>
                        <AltitudeMeters>26.983999999999998</AltitudeMeters>
                        <DistanceMeters>53.37774254301324</DistanceMeters>
                        <HeartRateBpm>
                            <Value>130</Value>
                        </HeartRateBpm>
                    </Trackpoint>
                    <Trackpoint>
                        <Time>2026-08-23T09:12:17.000+01:00</Time>
                        <Position>
                            <LatitudeDegrees>51.31166833333333</LatitudeDegrees>
                            <LongitudeDegrees>-0.5560983333333334</LongitudeDegrees>
                        </Position>
                        <AltitudeMeters>26.983999999999998</AltitudeMeters>
                        <DistanceMeters>55.20217597397165</DistanceMeters>
                        <HeartRateBpm>
                            <Value>133</Value>
                        </HeartRateBpm>
                    </Trackpoint>
                    <Trackpoint>
                        <Time>2026-08-23T09:12:18.000+01:00</Time>
                        <Position>
                            <LatitudeDegrees>51.31167</LatitudeDegrees>
                            <LongitudeDegrees>-0.5561216666666666</LongitudeDegrees>
                        </Position>
                        <AltitudeMeters>26.983999999999998</AltitudeMeters>
                        <DistanceMeters>56.834542604796226</DistanceMeters>
                    </Trackpoint>
                    <Trackpoint>
                        <Time>2026-08-23T09:12:19.000+01:00</Time>
                        <Position>
                            <LatitudeDegrees>51.31167166666667</LatitudeDegrees>
                            <LongitudeDegrees>-0.556145</LongitudeDegrees>
                        </Position>
                        <AltitudeMeters>26.983999999999998</AltitudeMeters>
                        <DistanceMeters>58.46690917709107</DistanceMeters>
                        <HeartRateBpm>
                            <Value>134</Value>
                        </HeartRateBpm>
                    </Trackpoint>
                    <Trackpoint>
                        <Time>2026-08-23T09:12:20.000+01:00</Time>
                        <Position>
                            <LatitudeDegrees>51.31167</LatitudeDegrees>
                            <LongitudeDegrees>-0.5561733333333333</LongitudeDegrees>
                        </Position>
                        <AltitudeMeters>26.983999999999998</AltitudeMeters>
                        <DistanceMeters>60.44495350749783</DistanceMeters>
                    </Trackpoint>
                    <Trackpoint>
                        <Time>2026-08-23T09:12:21.000+01:00</Time>
                        <Position>
                            <LatitudeDegrees>51.31166833333333</LatitudeDegrees>
                            <LongitudeDegrees>-0.556205</LongitudeDegrees>
                        </Position>
                        <AltitudeMeters>26.983999999999998</AltitudeMeters>
                        <DistanceMeters>62.65377293670626</DistanceMeters>
                        <HeartRateBpm>
                            <Value>137</Value>
                        </HeartRateBpm>
                    </Trackpoint>
                    <Trackpoint>
                        <Time>2026-08-23T09:12:22.000+01:00</Time>
                        <Position>
                            <LatitudeDegrees>51.311663333333335</LatitudeDegrees>
                            <LongitudeDegrees>-0.556235</LongitudeDegrees>
                        </Position>
                        <AltitudeMeters>26.983999999999998</AltitudeMeters>
                        <DistanceMeters>64.81180807691233</DistanceMeters>
                    </Trackpoint>
                    <Trackpoint>
                        <Time>2026-08-23T09:12:23.000+01:00</Time>
                        <Position>
                            <LatitudeDegrees>51.311658333333334</LatitudeDegrees>
                            <LongitudeDegrees>-0.5562666666666667</LongitudeDegrees>
                        </Position>
                        <AltitudeMeters>26.983999999999998</AltitudeMeters>
                        <DistanceMeters>67.08197291153775</DistanceMeters>
                        <HeartRateBpm>
                            <Value>135</Value>
                        </HeartRateBpm>
                    </Trackpoint>
                    <Trackpoint>
                        <Time>2026-08-23T09:12:24.000+01:00</Time>
                        <Position>
                            <LatitudeDegrees>51.31165333333333</LatitudeDegrees>
                            <LongitudeDegrees>-0.5562983333333333</LongitudeDegrees>
                        </Position>
                        <AltitudeMeters>26.983999999999998</AltitudeMeters>
                        <DistanceMeters>69.35213797853609</DistanceMeters>
                        <HeartRateBpm>
                            <Value>132</Value>
                        </HeartRateBpm>
                    </Trackpoint>
                    <Trackpoint>
                        <Time>2026-08-23T09:12:25.000+01:00</Time>
                        <Position>
                            <LatitudeDegrees>51.31164833333333</LatitudeDegrees>
                            <LongitudeDegrees>-0.55633</LongitudeDegrees>
                        </Position>
                        <AltitudeMeters>26.983999999999998</AltitudeMeters>
                        <DistanceMeters>71.62230327808061</DistanceMeters>
                    </Trackpoint>
                    <Trackpoint>
                        <Time>2026-08-23T09:12:26.000+01:00</Time>
                        <Position>
                            <LatitudeDegrees>51.311645</LatitudeDegrees>
                            <LongitudeDegrees>-0.5563633333333333</LongitudeDegrees>
                        </Position>
                        <AltitudeMeters>26.983999999999998</AltitudeMeters>
                        <DistanceMeters>73.96863997917363</DistanceMeters>
                        <HeartRateBpm>
                            <Value>131</Value>
                        </HeartRateBpm>
                    </Trackpoint>
                    <Trackpoint>
                        <Time>2026-08-23T09:12:27.000+01:00</Time>
                        <Position>
                            <LatitudeDegrees>51.31164</LatitudeDegrees>
                            <LongitudeDegrees>-0.556395</LongitudeDegrees>
                        </Position>
                        <AltitudeMeters>26.983999999999998</AltitudeMeters>
                        <DistanceMeters>76.23880566629505</DistanceMeters>
                    </Trackpoint>
                    <Trackpoint>
                        <Time>2026-08-23T09:12:28.000+01:00</Time>
                        <Position>
                            <LatitudeDegrees>51.311635</LatitudeDegrees>
                            <LongitudeDegrees>-0.5564283333333333</LongitudeDegrees>
                        </Position>
                        <AltitudeMeters>26.983999999999998</AltitudeMeters>
                        <DistanceMeters>78.62145653240802</DistanceMeters>
                    </Trackpoint>
                    <Trackpoint>
                        <Time>2026-08-23T09:12:29.000+01:00</Time>
                        <Position>
                            <LatitudeDegrees>51.31163</LatitudeDegrees>
                            <LongitudeDegrees>-0.5564616666666666</LongitudeDegrees>
                        </Position>
                        <AltitudeMeters>26.983999999999998</AltitudeMeters>
                        <DistanceMeters>81.0041076441903</DistanceMeters>
                        <HeartRateBpm>
                            <Value>131</Value>
                        </HeartRateBpm>
                    </Trackpoint>
                    <Trackpoint>
                        <Time>2026-08-23T09:12:30.000+01:00</Time>
                        <Position>
                            <LatitudeDegrees>51.31162666666667</LatitudeDegrees>
                            <LongitudeDegrees>-0.5564933333333333</LongitudeDegrees>
                        </Position>
                        <AltitudeMeters>26.983999999999998</AltitudeMeters>
                        <DistanceMeters>83.23613097463766</DistanceMeters>
                        <HeartRateBpm>
                            <Value>132</Value>
                        </HeartRateBpm>
                    </Trackpoint>
                    <Trackpoint>
                        <Time>2026-08-23T09:12:31.000+01:00</Time>
                        <Position>
                            <LatitudeDegrees>51.31162333333333</LatitudeDegrees>
                            <LongitudeDegrees>-0.5565266666666666</LongitudeDegrees>
                        </Position>
                        <AltitudeMeters>26.983999999999998</AltitudeMeters>
                        <DistanceMeters>85.58246875615927</DistanceMeters>
                    </Trackpoint>
                    <Trackpoint>
                        <Time>2026-08-23T09:12:32.000+01:00</Time>
                        <Position>
                            <LatitudeDegrees>51.31162</LatitudeDegrees>
                            <LongitudeDegrees>-0.5565583333333334</LongitudeDegrees>
                        </Position>
                        <AltitudeMeters>26.983999999999998</AltitudeMeters>
                        <DistanceMeters>87.81449240197354</DistanceMeters>
                    </Trackpoint>
                    <Trackpoint>
                        <Time>2026-08-23T09:12:33.000+01:00</Time>
                        <Position>
                            <LatitudeDegrees>51.311618333333335</LatitudeDegrees>
                            <LongitudeDegrees>-0.55659</LongitudeDegrees>
                        </Position>
                        <AltitudeMeters>26.983999999999998</AltitudeMeters>
                        <DistanceMeters>90.0233142211684</DistanceMeters>
                        <HeartRateBpm>
                            <Value>132</Value>
                        </HeartRateBpm>
                    </Trackpoint>
                    <Trackpoint>
                        <Time>2026-08-23T09:12:34.000+01:00</Time>
                        <Position>
                            <LatitudeDegrees>51.311616666666666</LatitudeDegrees>
                            <LongitudeDegrees>-0.5566233333333334</LongitudeDegrees>
                        </Position>
                        <AltitudeMeters>26.983999999999998</AltitudeMeters>
                        <DistanceMeters>92.34759184775228</DistanceMeters>
                    </Trackpoint>
                    <Trackpoint>
                        <Time>2026-08-23T09:12:35.000+01:00</Time>
                        <Position>
                            <LatitudeDegrees>51.311615</LatitudeDegrees>
                            <LongitudeDegrees>-0.5566583333333334</LongitudeDegrees>
                        </Position>
                        <AltitudeMeters>26.983999999999998</AltitudeMeters>
                        <DistanceMeters>94.78736208774936</DistanceMeters>
                    </Trackpoint>
                    <Trackpoint>
                        <Time>2026-08-23T09:12:36.000+01:00</Time>
                        <Position>
                            <LatitudeDegrees>51.311615</LatitudeDegrees>
                            <LongitudeDegrees>-0.5566933333333334</LongitudeDegrees>
                        </Position>
                        <AltitudeMeters>26.983999999999998</AltitudeMeters>
                        <DistanceMeters>97.22008353115616</DistanceMeters>
                        <HeartRateBpm>
                            <Value>137</Value>
                        </HeartRateBpm>
                    </Trackpoint>
                    <Trackpoint>
                        <Time>2026-08-23T09:12:37.000+01:00</Time>
                        <Position>
                            <LatitudeDegrees>51.311615</LatitudeDegrees>
                            <LongitudeDegrees>-0.5567283333333334</LongitudeDegrees>
                        </Position>
                        <AltitudeMeters>26.983999999999998</AltitudeMeters>
                        <DistanceMeters>99.65280497456989</DistanceMeters>
                    </Trackpoint>
                    <Trackpoint>
                        <Time>2026-08-23T09:12:38.000+01:00</Time>
                        <Position>
                            <LatitudeDegrees>51.311615</LatitudeDegrees>
                            <LongitudeDegrees>-0.556765</LongitudeDegrees>
                        </Position>
                        <AltitudeMeters>26.983999999999998</AltitudeMeters>
                        <DistanceMeters>102.20137029623187</DistanceMeters>
                        <HeartRateBpm>
                            <Value>138</Value>
                        </HeartRateBpm>
                    </Trackpoint>
                    <Trackpoint>
                        <Time>2026-08-23T09:12:39.000+01:00</Time>
                        <Position>
                            <LatitudeDegrees>51.311615</LatitudeDegrees>
                            <LongitudeDegrees>-0.5568033333333333</LongitudeDegrees>
                        </Position>
                        <AltitudeMeters>26.983999999999998</AltitudeMeters>
                        <DistanceMeters>104.86577949616284</DistanceMeters>
                    </Trackpoint>
                    <Trackpoint>
                        <Time>2026-08-23T09:12:40.000+01:00</Time>
                        <Position>
                            <LatitudeDegrees>51.311613333333334</LatitudeDegrees>
                            <LongitudeDegrees>-0.5568416666666667</LongitudeDegrees>
                        </Position>
                        <AltitudeMeters>26.983999999999998</AltitudeMeters>
                        <DistanceMeters>107.53662618981492</DistanceMeters>
                        <HeartRateBpm>
                            <Value>143</Value>
                        </HeartRateBpm>
                    </Trackpoint>
                    <Trackpoint>
                        <Time>2026-08-23T09:12:41.000+01:00</Time>
                        <Position>
                            <LatitudeDegrees>51.31161</LatitudeDegrees>
                            <LongitudeDegrees>-0.5568783333333334</LongitudeDegrees>
                        </Position>
                        <AltitudeMeters>26.983999999999998</AltitudeMeters>
                        <DistanceMeters>110.11200340780498</DistanceMeters>
                    </Trackpoint>
                    <Trackpoint>
                        <Time>2026-08-23T09:12:42.000+01:00</Time>
                        <Position>
                            <LatitudeDegrees>51.31160666666667</LatitudeDegrees>
                            <LongitudeDegrees>-0.5569183333333333</LongitudeDegrees>
                        </Position>
                        <AltitudeMeters>26.983999999999998</AltitudeMeters>
                        <DistanceMeters>112.91685475811036</DistanceMeters>
                        <HeartRateBpm>
                            <Value>147</Value>
                        </HeartRateBpm>
                    </Trackpoint>
                    <Trackpoint>
                        <Time>2026-08-23T09:12:43.000+01:00</Time>
                        <Position>
                            <LatitudeDegrees>51.31160333333333</LatitudeDegrees>
                            <LongitudeDegrees>-0.5569566666666667</LongitudeDegrees>
                        </Position>
                        <AltitudeMeters>26.983999999999998</AltitudeMeters>
                        <DistanceMeters>115.606921885884</DistanceMeters>
                    </Trackpoint>
                    <Trackpoint>
                        <Time>2026-08-23T09:12:44.000+01:00</Time>
                        <Position>
                            <LatitudeDegrees>51.3116</LatitudeDegrees>
                            <LongitudeDegrees>-0.5569933333333333</LongitudeDegrees>
                        </Position>
                        <AltitudeMeters>26.983999999999998</AltitudeMeters>
                        <DistanceMeters>118.18229965352712</DistanceMeters>
                        <HeartRateBpm>
                            <Value>151</Value>
                        </HeartRateBpm>
                    </Trackpoint>
                    <Trackpoint>
                        <Time>2026-08-23T09:12:45.000+01:00</Time>
                        <Position>
                            <LatitudeDegrees>51.311595</LatitudeDegrees>
                            <LongitudeDegrees>-0.5570283333333333</LongitudeDegrees>
                        </Position>
                        <AltitudeMeters>26.983999999999998</AltitudeMeters>
                        <DistanceMeters>120.67774488410963</DistanceMeters>
                    </Trackpoint>
                    <Trackpoint>
                        <Time>2026-08-23T09:12:46.000+01:00</Time>
                        <Position>
                            <LatitudeDegrees>51.31158833333333</LatitudeDegrees>
                            <LongitudeDegrees>-0.5570633333333334</LongitudeDegrees>
                        </Position>
                        <AltitudeMeters>26.983999999999998</AltitudeMeters>
                        <DistanceMeters>123.22090558093609</DistanceMeters>
                    </Trackpoint>
                    <Trackpoint>
                        <Time>2026-08-23T09:12:47.000+01:00</Time>
                        <Position>
                            <LatitudeDegrees>51.31158</LatitudeDegrees>
                            <LongitudeDegrees>-0.5570966666666667</LongitudeDegrees>
                        </Position>
                        <AltitudeMeters>26.983999999999998</AltitudeMeters>
                        <DistanceMeters>125.71621404268687</DistanceMeters>
                        <HeartRateBpm>
                            <Value>151</Value>
                        </HeartRateBpm>
                    </Trackpoint>
                    <Trackpoint>
                        <Time>2026-08-23T09:12:48.000+01:00</Time>
                        <Position>
                            <LatitudeDegrees>51.311573333333335</LatitudeDegrees>
                            <LongitudeDegrees>-0.5571333333333334</LongitudeDegrees>
                        </Position>
                        <AltitudeMeters>27.02412802315406</AltitudeMeters>
                        <DistanceMeters>128.37040370077423</DistanceMeters>
                        <HeartRateBpm>
                            <Value>152</Value>
                        </HeartRateBpm>
                    </Trackpoint>
                    <Trackpoint>
                        <Time>2026-08-23T09:12:49.000+01:00</Time>
                        <Position>
                            <LatitudeDegrees>51.311566666666664</LatitudeDegrees>
                            <LongitudeDegrees>-0.5571699999999999</LongitudeDegrees>
                        </Position>
                        <AltitudeMeters>27.06141945372921</AltitudeMeters>
                        <DistanceMeters>131.0245937148092</DistanceMeters>
                        <HeartRateBpm>
                            <Value>152</Value>
                        </HeartRateBpm>
                    </Trackpoint>
                    <Trackpoint>
                        <Time>2026-08-23T09:12:50.000+01:00</Time>
                        <Position>
                            <LatitudeDegrees>51.31156</LatitudeDegrees>
                            <LongitudeDegrees>-0.5572066666666666</LongitudeDegrees>
                        </Position>
                        <AltitudeMeters>27.09590152652978</AltitudeMeters>
                        <DistanceMeters>133.67878408402143</DistanceMeters>
                    </Trackpoint>
                    <Trackpoint>
                        <Time>2026-08-23T09:12:51.000+01:00</Time>
                        <Position>
                            <LatitudeDegrees>51.31155666666667</LatitudeDegrees>
                            <LongitudeDegrees>-0.557245</LongitudeDegrees>
                        </Position>
                        <AltitudeMeters>27.12762370438642</AltitudeMeters>
                        <DistanceMeters>136.36885389573644</DistanceMeters>
                        <HeartRateBpm>
                            <Value>155</Value>
                        </HeartRateBpm>
                    </Trackpoint>
                    <Trackpoint>
                        <Time>2026-08-23T09:12:52.000+01:00</Time>
                        <Position>
                            <LatitudeDegrees>51.311553333333336</LatitudeDegrees>
                            <LongitudeDegrees>-0.5572816666666667</LongitudeDegrees>
                        </Position>
                        <AltitudeMeters>27.156654463206806</AltitudeMeters>
                        <DistanceMeters>138.9442342284581</DistanceMeters>
                    </Trackpoint>
                    <Trackpoint>
                        <Time>2026-08-23T09:12:53.000+01:00</Time>
                        <Position>
                            <LatitudeDegrees>51.31155</LatitudeDegrees>
                            <LongitudeDegrees>-0.5573183333333334</LongitudeDegrees>
                        </Position>
                        <AltitudeMeters>27.183078260466033</AltitudeMeters>
                        <DistanceMeters>141.51961474450826</DistanceMeters>
                        <HeartRateBpm>
                            <Value>156</Value>
                        </HeartRateBpm>
                    </Trackpoint>
                    <Trackpoint>
                        <Time>2026-08-23T09:12:54.000+01:00</Time>
                        <Position>
                            <LatitudeDegrees>51.31154333333333</LatitudeDegrees>
                            <LongitudeDegrees>-0.557355</LongitudeDegrees>
                        </Position>
                        <AltitudeMeters>27.20699270788192</AltitudeMeters>
                        <DistanceMeters>144.17380600261143</DistanceMeters>
                    </Trackpoint>
                    <Trackpoint>
                        <Time>2026-08-23T09:12:55.000+01:00</Time>
                        <Position>
                            <LatitudeDegrees>51.31153833333333</LatitudeDegrees>
                            <LongitudeDegrees>-0.5573933333333333</LongitudeDegrees>
                        </Position>
                        <AltitudeMeters>27.22850596141863</AltitudeMeters>
                        <DistanceMeters>146.89560836463372</DistanceMeters>
                        <HeartRateBpm>
                            <Value>158</Value>
                        </HeartRateBpm>
                    </Trackpoint>
                    <Trackpoint>
                        <Time>2026-08-23T09:12:56.000+01:00</Time>
                        <Position>
                            <LatitudeDegrees>51.31153333333334</LatitudeDegrees>
                            <LongitudeDegrees>-0.5574333333333333</LongitudeDegrees>
                        </Position>
                        <AltitudeMeters>27.24773433517258</AltitudeMeters>
                        <DistanceMeters>149.73091127878357</DistanceMeters>
                    </Trackpoint>
                    <Trackpoint>
                        <Time>2026-08-23T09:12:57.000+01:00</Time>
                        <Position>
                            <LatitudeDegrees>51.311528333333335</LatitudeDegrees>
                            <LongitudeDegrees>-0.5574766666666666</LongitudeDegrees>
                        </Position>
                        <AltitudeMeters>27.26480014018697</AltitudeMeters>
                        <DistanceMeters>152.79374160982087</DistanceMeters>
                        <HeartRateBpm>
                            <Value>161</Value>
                        </HeartRateBpm>
                    </Trackpoint>
                    <Trackpoint>
                        <Time>2026-08-23T09:12:58.000+01:00</Time>
                        <Position>
                            <LatitudeDegrees>51.311525</LatitudeDegrees>
                            <LongitudeDegrees>-0.55752</LongitudeDegrees>
                        </Position>
                        <AltitudeMeters>27.279829744800793</AltitudeMeters>
                        <DistanceMeters>155.8284086746047</DistanceMeters>
                    </Trackpoint>
                    <Trackpoint>
                        <Time>2026-08-23T09:12:59.000+01:00</Time>
                        <Position>
                            <LatitudeDegrees>51.311521666666664</LatitudeDegrees>
                            <LongitudeDegrees>-0.5575633333333333</LongitudeDegrees>
                        </Position>
                        <AltitudeMeters>27.292951849692308</AltitudeMeters>
                        <DistanceMeters>158.86307595654017</DistanceMeters>
                        <HeartRateBpm>
                            <Value>163</Value>
                        </HeartRateBpm>
                    </Trackpoint>
                    <Trackpoint>
                        <Time>2026-08-23T09:13:00.000+01:00</Time>
                        <Position>
                            <LatitudeDegrees>51.31152</LatitudeDegrees>
                            <LongitudeDegrees>-0.5576066666666667</LongitudeDegrees>
                        </Position>
                        <AltitudeMeters>27.304295968219268</AltitudeMeters>
                        <DistanceMeters>161.88071911732106</DistanceMeters>
                    </Trackpoint>
                    <Trackpoint>
                        <Time>2026-08-23T09:13:01.000+01:00</Time>
                        <Position>
                            <LatitudeDegrees>51.31152</LatitudeDegrees>
                            <LongitudeDegrees>-0.55765</LongitudeDegrees>
                        </Position>
                        <AltitudeMeters>27.313991100864737</AltitudeMeters>
                        <DistanceMeters>164.89266618811848</DistanceMeters>
                        <HeartRateBpm>
                            <Value>165</Value>
                        </HeartRateBpm>
                    </Trackpoint>
                    <Trackpoint>
                        <Time>2026-08-23T09:13:02.000+01:00</Time>
                        <Position>
                            <LatitudeDegrees>51.31151833333333</LatitudeDegrees>
                            <LongitudeDegrees>-0.55769</LongitudeDegrees>
                        </Position>
                        <AltitudeMeters>27.322164591440853</AltitudeMeters>
                        <DistanceMeters>167.6790948856272</DistanceMeters>
                    </Trackpoint>
                    <Trackpoint>
                        <Time>2026-08-23T09:13:03.000+01:00</Time>
                        <Position>
                            <LatitudeDegrees>51.311515</LatitudeDegrees>
                            <LongitudeDegrees>-0.5577283333333334</LongitudeDegrees>
                        </Position>
                        <AltitudeMeters>27.328941152061326</AltitudeMeters>
                        <DistanceMeters>170.36916709380398</DistanceMeters>
                        <HeartRateBpm>
                            <Value>166</Value>
                        </HeartRateBpm>
                    </Trackpoint>
                    <Trackpoint>
                        <Time>2026-08-23T09:13:04.000+01:00</Time>
                        <Position>
                            <LatitudeDegrees>51.31151333333333</LatitudeDegrees>
                            <LongitudeDegrees>-0.55777</LongitudeDegrees>
                        </Position>
                        <AltitudeMeters>27.33444204365608</AltitudeMeters>
                        <DistanceMeters>173.27119394816847</DistanceMeters>
                    </Trackpoint>
                    <Trackpoint>
                        <Time>2026-08-23T09:13:05.000+01:00</Time>
                        <Position>
                            <LatitudeDegrees>51.31151166666667</LatitudeDegrees>
                            <LongitudeDegrees>-0.55781</LongitudeDegrees>
                        </Position>
                        <AltitudeMeters>27.338784398871415</AltitudeMeters>
                        <DistanceMeters>176.05762304869336</DistanceMeters>
                        <HeartRateBpm>
                            <Value>168</Value>
                        </HeartRateBpm>
                    </Trackpoint>
                    <Trackpoint>
                        <Time>2026-08-23T09:13:06.000+01:00</Time>
                        <Position>
                            <LatitudeDegrees>51.31151</LatitudeDegrees>
                            <LongitudeDegrees>-0.5578516666666666</LongitudeDegrees>
                        </Position>
                        <AltitudeMeters>27.342080674495268</AltitudeMeters>
                        <DistanceMeters>178.95965011301607</DistanceMeters>
                    </Trackpoint>
                    <Trackpoint>
                        <Time>2026-08-23T09:13:07.000+01:00</Time>
                        <Position>
                            <LatitudeDegrees>51.311506666666666</LatitudeDegrees>
                            <LongitudeDegrees>-0.5578916666666667</LongitudeDegrees>
                        </Position>
                        <AltitudeMeters>27.3444382210029</AltitudeMeters>
                        <DistanceMeters>181.76450746956465</DistanceMeters>
                    </Trackpoint>
                    <Trackpoint>
                        <Time>2026-08-23T09:13:08.000+01:00</Time>
                        <Position>
                            <LatitudeDegrees>51.311503333333334</LatitudeDegrees>
                            <LongitudeDegrees>-0.5579316666666667</LongitudeDegrees>
                        </Position>
                        <AltitudeMeters>27.34595895738129</AltitudeMeters>
                        <DistanceMeters>184.56936502631387</DistanceMeters>
                        <HeartRateBpm>
                            <Value>168</Value>
                        </HeartRateBpm>
                    </Trackpoint>
                    <Trackpoint>
                        <Time>2026-08-23T09:13:09.000+01:00</Time>
                        <Position>
                            <LatitudeDegrees>51.31149666666666</LatitudeDegrees>
                            <LongitudeDegrees>-0.5579716666666666</LongitudeDegrees>
                        </Position>
                        <AltitudeMeters>27.346739140019945</AltitudeMeters>
                        <DistanceMeters>187.44675492280723</DistanceMeters>
                    </Trackpoint>
                    <Trackpoint>
                        <Time>2026-08-23T09:13:10.000+01:00</Time>
                        <Position>
                            <LatitudeDegrees>51.31149</LatitudeDegrees>
                            <LongitudeDegrees>-0.55801</LongitudeDegrees>
                        </Position>
                        <AltitudeMeters>27.346869215121657</AltitudeMeters>
                        <DistanceMeters>190.21237252518387</DistanceMeters>
                        <HeartRateBpm>
                            <Value>169</Value>
                        </HeartRateBpm>
                    </Trackpoint>
                    <Trackpoint>
                        <Time>2026-08-23T09:13:11.000+01:00</Time>
                        <Position>
                            <LatitudeDegrees>51.31148</LatitudeDegrees>
                            <LongitudeDegrees>-0.5580483333333334</LongitudeDegrees>
                        </Position>
                        <AltitudeMeters>27.346433744766625</AltitudeMeters>
                        <DistanceMeters>193.09950807183046</DistanceMeters>
                    </Trackpoint>
                    <Trackpoint>
                        <Time>2026-08-23T09:13:12.000+01:00</Time>
                        <Position>
                            <LatitudeDegrees>51.31147166666667</LatitudeDegrees>
                            <LongitudeDegrees>-0.558085</LongitudeDegrees>
                        </Position>
                        <AltitudeMeters>27.345511397442397</AltitudeMeters>
                        <DistanceMeters>195.81130822157874</DistanceMeters>
                        <HeartRateBpm>
                            <Value>170</Value>
                        </HeartRateBpm>
                    </Trackpoint>
                    <Trackpoint>
                        <Time>2026-08-23T09:13:13.000+01:00</Time>
                        <Position>
                            <LatitudeDegrees>51.311461666666666</LatitudeDegrees>
                            <LongitudeDegrees>-0.55812</LongitudeDegrees>
                        </Position>
                        <AltitudeMeters>27.34417499451928</AltitudeMeters>
                        <DistanceMeters>198.4861179229848</DistanceMeters>
                    </Trackpoint>
                    <Trackpoint>
                        <Time>2026-08-23T09:13:14.000+01:00</Time>
                        <Position>
                            <LatitudeDegrees>51.311455</LatitudeDegrees>
                            <LongitudeDegrees>-0.558155</LongitudeDegrees>
                        </Position>
                        <AltitudeMeters>27.34249160479982</AltitudeMeters>
                        <DistanceMeters>201.02928538207937</DistanceMeters>
                        <HeartRateBpm>
                            <Value>171</Value>
                        </HeartRateBpm>
                    </Trackpoint>
                    <Trackpoint>
                        <Time>2026-08-23T09:13:15.000+01:00</Time>
                        <Position>
                            <LatitudeDegrees>51.31144833333333</LatitudeDegrees>
                            <LongitudeDegrees>-0.55819</LongitudeDegrees>
                        </Position>
                        <AltitudeMeters>27.34052267989758</AltitudeMeters>
                        <DistanceMeters>203.57245317950017</DistanceMeters>
                    </Trackpoint>
                    <Trackpoint>
                        <Time>2026-08-23T09:13:16.000+01:00</Time>
                        <Position>
                            <LatitudeDegrees>51.311445</LatitudeDegrees>
                            <LongitudeDegrees>-0.558225</LongitudeDegrees>
                        </Position>
                        <AltitudeMeters>27.338324223801852</AltitudeMeters>
                        <DistanceMeters>206.03325766533212</DistanceMeters>
                        <HeartRateBpm>
                            <Value>170</Value>
                        </HeartRateBpm>
                    </Trackpoint>
                    <Trackpoint>
                        <Time>2026-08-23T09:13:17.000+01:00</Time>
                        <Position>
                            <LatitudeDegrees>51.31144</LatitudeDegrees>
                            <LongitudeDegrees>-0.5582616666666667</LongitudeDegrees>
                        </Position>
                        <AltitudeMeters>27.33594699056095</AltitudeMeters>
                        <DistanceMeters>208.64177118847726</DistanceMeters>
                    </Trackpoint>
                    <Trackpoint>
                        <Time>2026-08-23T09:13:18.000+01:00</Time>
                        <Position>
                            <LatitudeDegrees>51.311435</LatitudeDegrees>
                            <LongitudeDegrees>-0.5582966666666667</LongitudeDegrees>
                        </Position>
                        <AltitudeMeters>27.333436704565457</AltitudeMeters>
                        <DistanceMeters>211.13722468879158</DistanceMeters>
                        <HeartRateBpm>
                            <Value>167</Value>
                        </HeartRateBpm>
                    </Trackpoint>
                    <Trackpoint>
                        <Time>2026-08-23T09:13:19.000+01:00</Time>
                        <Position>
                            <LatitudeDegrees>51.311431666666664</LatitudeDegrees>
                            <LongitudeDegrees>-0.558335</LongitudeDegrees>
                        </Position>
                        <AltitudeMeters>27.3308342984356</AltitudeMeters>
                        <DistanceMeters>213.82730168998538</DistanceMeters>
                    </Trackpoint>
                    <Trackpoint>
                        <Time>2026-08-23T09:13:20.000+01:00</Time>
                        <Position>
                            <LatitudeDegrees>51.31142666666667</LatitudeDegrees>
                            <LongitudeDegrees>-0.5583716666666667</LongitudeDegrees>
                        </Position>
                        <AltitudeMeters>27.328176164012678</AltitudeMeters>
                        <DistanceMeters>216.4358159364067</DistanceMeters>
                        <HeartRateBpm>
                            <Value>168</Value>
                        </HeartRateBpm>
                    </Trackpoint>
                    <Trackpoint>
                        <Time>2026-08-23T09:13:21.000+01:00</Time>
                        <Position>
                            <LatitudeDegrees>51.31142333333333</LatitudeDegrees>
                            <LongitudeDegrees>-0.5584083333333333</LongitudeDegrees>
                        </Position>
                        <AltitudeMeters>27.325494412424057</AltitudeMeters>
                        <DistanceMeters>219.01120341479077</DistanceMeters>
                    </Trackpoint>
                    <Trackpoint>
                        <Time>2026-08-23T09:13:22.000+01:00</Time>
                        <Position>
                            <LatitudeDegrees>51.31142166666667</LatitudeDegrees>
                            <LongitudeDegrees>-0.5584416666666666</LongitudeDegrees>
                        </Position>
                        <AltitudeMeters>27.36292351279952</AltitudeMeters>
                        <DistanceMeters>221.3354908563808</DistanceMeters>
                    </Trackpoint>
                    <Trackpoint>
                        <Time>2026-08-23T09:13:23.000+01:00</Time>
                        <Position>
                            <LatitudeDegrees>51.31142666666667</LatitudeDegrees>
                            <LongitudeDegrees>-0.5584666666666667</LongitudeDegrees>
                        </Position>
                        <AltitudeMeters>27.3975488853873</AltitudeMeters>
                        <DistanceMeters>223.1599331845462</DistanceMeters>
                        <HeartRateBpm>
                            <Value>168</Value>
                        </HeartRateBpm>
                    </Trackpoint>
                    <Trackpoint>
                        <Time>2026-08-23T09:13:24.000+01:00</Time>
                        <Position>
                            <LatitudeDegrees>51.311436666666665</LatitudeDegrees>
                            <LongitudeDegrees>-0.558485</LongitudeDegrees>
                        </Position>
                        <AltitudeMeters>27.429417848749786</AltitudeMeters>
                        <DistanceMeters>224.85115887239255</DistanceMeters>
                    </Trackpoint>
                    <Trackpoint>
                        <Time>2026-08-23T09:13:25.000+01:00</Time>
                        <Position>
                            <LatitudeDegrees>51.31145333333333</LatitudeDegrees>
                            <LongitudeDegrees>-0.5584966666666666</LongitudeDegrees>
                        </Position>
                        <AltitudeMeters>27.458597150322383</AltitudeMeters>
                        <DistanceMeters>226.87405706299882</DistanceMeters>
                    </Trackpoint>
                    <Trackpoint>
                        <Time>2026-08-23T09:13:26.000+01:00</Time>
                        <Position>
                            <LatitudeDegrees>51.311475</LatitudeDegrees>
                            <LongitudeDegrees>-0.5585016666666667</LongitudeDegrees>
                        </Position>
                        <AltitudeMeters>27.485169783691</AltitudeMeters>
                        <DistanceMeters>229.30822112774464</DistanceMeters>
                        <HeartRateBpm>
                            <Value>166</Value>
                        </HeartRateBpm>
                    </Trackpoint>
                    <Trackpoint>
                        <Time>2026-08-23T09:13:27.000+01:00</Time>
                        <Position>
                            <LatitudeDegrees>51.31149833333333</LatitudeDegrees>
                            <LongitudeDegrees>-0.5585033333333334</LongitudeDegrees>
                        </Position>
                        <AltitudeMeters>27.50923207398465</AltitudeMeters>
                        <DistanceMeters>231.90535836570447</DistanceMeters>
                    </Trackpoint>
                    <Trackpoint>
                        <Time>2026-08-23T09:13:28.000+01:00</Time>
                        <Position>
                            <LatitudeDegrees>51.311521666666664</LatitudeDegrees>
                            <LongitudeDegrees>-0.558505</LongitudeDegrees>
                        </Position>
                        <AltitudeMeters>27.530891023193025</AltitudeMeters>
                        <DistanceMeters>234.50249560033032</DistanceMeters>
                        <HeartRateBpm>
                            <Value>168</Value>
                        </HeartRateBpm>
                    </Trackpoint>
                    <Trackpoint>
                        <Time>2026-08-23T09:13:29.000+01:00</Time>
                        <Position>
                            <LatitudeDegrees>51.311545</LatitudeDegrees>
                            <LongitudeDegrees>-0.5585066666666667</LongitudeDegrees>
                        </Position>
                        <AltitudeMeters>27.550261905891617</AltitudeMeters>
                        <DistanceMeters>237.09963283374142</DistanceMeters>
                    </Trackpoint>
                    <Trackpoint>
                        <Time>2026-08-23T09:13:30.000+01:00</Time>
                        <Position>
                            <LatitudeDegrees>51.311566666666664</LatitudeDegrees>
                            <LongitudeDegrees>-0.5585083333333334</LongitudeDegrees>
                        </Position>
                        <AltitudeMeters>27.567466104786426</AltitudeMeters>
                        <DistanceMeters>239.51164350912995</DistanceMeters>
                        <HeartRateBpm>
                            <Value>167</Value>
                        </HeartRateBpm>
                    </Trackpoint>
                    <Trackpoint>
                        <Time>2026-08-23T09:13:31.000+01:00</Time>
                        <Position>
                            <LatitudeDegrees>51.31158666666666</LatitudeDegrees>
                            <LongitudeDegrees>-0.5585133333333333</LongitudeDegrees>
                        </Position>
                        <AltitudeMeters>27.582629174654592</AltitudeMeters>
                        <DistanceMeters>241.76253636546005</DistanceMeters>
                    </Trackpoint>
                    <Trackpoint>
                        <Time>2026-08-23T09:13:32.000+01:00</Time>
                        <Position>
                            <LatitudeDegrees>51.31160666666667</LatitudeDegrees>
                            <LongitudeDegrees>-0.5585183333333333</LongitudeDegrees>
                        </Position>
                        <AltitudeMeters>27.59587912263442</AltitudeMeters>
                        <DistanceMeters>244.0134291984024</DistanceMeters>
                        <HeartRateBpm>
                            <Value>168</Value>
                        </HeartRateBpm>
                    </Trackpoint>
                    <Trackpoint>
                        <Time>2026-08-23T09:13:33.000+01:00</Time>
                        <Position>
                            <LatitudeDegrees>51.311625</LatitudeDegrees>
                            <LongitudeDegrees>-0.5585233333333334</LongitudeDegrees>
                        </Position>
                        <AltitudeMeters>27.607344892387783</AltitudeMeters>
                        <DistanceMeters>246.081417067415</DistanceMeters>
                    </Trackpoint>
                    <Trackpoint>
                        <Time>2026-08-23T09:13:34.000+01:00</Time>
                        <Position>
                            <LatitudeDegrees>51.311645</LatitudeDegrees>
                            <LongitudeDegrees>-0.55853</LongitudeDegrees>
                        </Position>
                        <AltitudeMeters>27.61715503939891</AltitudeMeters>
                        <DistanceMeters>248.35308097025</DistanceMeters>
                        <HeartRateBpm>
                            <Value>165</Value>
                        </HeartRateBpm>
                    </Trackpoint>
                    <Trackpoint>
                        <Time>2026-08-23T09:13:35.000+01:00</Time>
                        <Position>
                            <LatitudeDegrees>51.311663333333335</LatitudeDegrees>
                            <LongitudeDegrees>-0.558535</LongitudeDegrees>
                        </Position>
                        <AltitudeMeters>27.625436584567186</AltitudeMeters>
                        <DistanceMeters>250.4210687911665</DistanceMeters>
                        <HeartRateBpm>
                            <Value>168</Value>
                        </HeartRateBpm>
                    </Trackpoint>
                    <Trackpoint>
                        <Time>2026-08-23T09:13:36.000+01:00</Time>
                        <Position>
                            <LatitudeDegrees>51.311683333333335</LatitudeDegrees>
                            <LongitudeDegrees>-0.5585416666666667</LongitudeDegrees>
                        </Position>
                        <AltitudeMeters>27.632314033278725</AltitudeMeters>
                        <DistanceMeters>252.69273261503798</DistanceMeters>
                    </Trackpoint>
                    <Trackpoint>
                        <Time>2026-08-23T09:13:37.000+01:00</Time>
                        <Position>
                            <LatitudeDegrees>51.311703333333334</LatitudeDegrees>
                            <LongitudeDegrees>-0.5585483333333333</LongitudeDegrees>
                        </Position>
                        <AltitudeMeters>27.63790854728495</AltitudeMeters>
                        <DistanceMeters>254.96439639840074</DistanceMeters>
                        <HeartRateBpm>
                            <Value>167</Value>
                        </HeartRateBpm>
                    </Trackpoint>
                    <Trackpoint>
                        <Time>2026-08-23T09:13:38.000+01:00</Time>
                        <Position>
                            <LatitudeDegrees>51.311725</LatitudeDegrees>
                            <LongitudeDegrees>-0.558555</LongitudeDegrees>
                        </Position>
                        <AltitudeMeters>27.642337256959713</AltitudeMeters>
                        <DistanceMeters>257.4177801027584</DistanceMeters>
                    </Trackpoint>
                    <Trackpoint>
                        <Time>2026-08-23T09:13:39.000+01:00</Time>
                        <Position>
                            <LatitudeDegrees>51.311745</LatitudeDegrees>
                            <LongitudeDegrees>-0.558565</LongitudeDegrees>
                        </Position>
                        <AltitudeMeters>27.645712701834036</AltitudeMeters>
                        <DistanceMeters>259.74776950904106</DistanceMeters>
                        <HeartRateBpm>
                            <Value>170</Value>
                        </HeartRateBpm>
                    </Trackpoint>
                    <Trackpoint>
                        <Time>2026-08-23T09:13:40.000+01:00</Time>
                        <Position>
                            <LatitudeDegrees>51.311766666666664</LatitudeDegrees>
                            <LongitudeDegrees>-0.5585733333333334</LongitudeDegrees>
                        </Position>
                        <AltitudeMeters>27.648142387705533</AltitudeMeters>
                        <DistanceMeters>262.2256453540316</DistanceMeters>
                    </Trackpoint>
                    <Trackpoint>
                        <Time>2026-08-23T09:13:41.000+01:00</Time>
                        <Position>
                            <LatitudeDegrees>51.31178833333333</LatitudeDegrees>
                            <LongitudeDegrees>-0.5585816666666666</LongitudeDegrees>
                        </Position>
                        <AltitudeMeters>27.649728449074743</AltitudeMeters>
                        <DistanceMeters>264.70352113577115</DistanceMeters>
                        <HeartRateBpm>
                            <Value>169</Value>
                        </HeartRateBpm>
                    </Trackpoint>
                    <Trackpoint>
                        <Time>2026-08-23T09:13:42.000+01:00</Time>
                        <Position>
                            <LatitudeDegrees>51.311811666666664</LatitudeDegrees>
                            <LongitudeDegrees>-0.5585883333333334</LongitudeDegrees>
                        </Position>
                        <AltitudeMeters>27.69067344553787</AltitudeMeters>
                        <DistanceMeters>267.33912677551046</DistanceMeters>
                    </Trackpoint>
                    <Trackpoint>
                        <Time>2026-08-23T09:13:43.000+01:00</Time>
                        <Position>
                            <LatitudeDegrees>51.311835</LatitudeDegrees>
                            <LongitudeDegrees>-0.5585916666666667</LongitudeDegrees>
                        </Position>
                        <AltitudeMeters>27.728129697555712</AltitudeMeters>
                        <DistanceMeters>269.94400310392444</DistanceMeters>
                    </Trackpoint>
                    <Trackpoint>
                        <Time>2026-08-23T09:13:44.000+01:00</Time>
                        <Position>
                            <LatitudeDegrees>51.31185833333333</LatitudeDegrees>
                            <LongitudeDegrees>-0.55859</LongitudeDegrees>
                        </Position>
                        <AltitudeMeters>27.762208485635153</AltitudeMeters>
                        <DistanceMeters>272.54114030063676</DistanceMeters>
                        <HeartRateBpm>
                            <Value>171</Value>
                        </HeartRateBpm>
                    </Trackpoint>
                    <Trackpoint>
                        <Time>2026-08-23T09:13:45.000+01:00</Time>
                        <Position>
                            <LatitudeDegrees>51.311881666666665</LatitudeDegrees>
                            <LongitudeDegrees>-0.558585</LongitudeDegrees>
                        </Position>
                        <AltitudeMeters>27.793037877416204</AltitudeMeters>
                        <DistanceMeters>275.1588642830891</DistanceMeters>
                        <HeartRateBpm>
                            <Value>169</Value>
                        </HeartRateBpm>
                    </Trackpoint>
                    <Trackpoint>
                        <Time>2026-08-23T09:13:46.000+01:00</Time>
                        <Position>
                            <LatitudeDegrees>51.31190333333333</LatitudeDegrees>
                            <LongitudeDegrees>-0.5585716666666667</LongitudeDegrees>
                        </Position>
                        <AltitudeMeters>27.82075931972746</AltitudeMeters>
                        <DistanceMeters>277.7401881175668</DistanceMeters>
                    </Trackpoint>
                    <Trackpoint>
                        <Time>2026-08-23T09:13:47.000+01:00</Time>
                        <Position>
                            <LatitudeDegrees>51.31192333333333</LatitudeDegrees>
                            <LongitudeDegrees>-0.5585483333333333</LongitudeDegrees>
                        </Position>
                        <AltitudeMeters>27.845524555593936</AltitudeMeters>
                        <DistanceMeters>280.49263931915806</DistanceMeters>
                        <HeartRateBpm>
                            <Value>168</Value>
                        </HeartRateBpm>
                    </Trackpoint>
                    <Trackpoint>
                        <Time>2026-08-23T09:13:48.000+01:00</Time>
                        <Position>
                            <LatitudeDegrees>51.31194166666667</LatitudeDegrees>
                            <LongitudeDegrees>-0.5585166666666667</LongitudeDegrees>
                        </Position>
                        <AltitudeMeters>27.86749285205378</AltitudeMeters>
                        <DistanceMeters>283.49268562528437</DistanceMeters>
                    </Trackpoint>
                    <Trackpoint>
                        <Time>2026-08-23T09:13:49.000+01:00</Time>
                        <Position>
                            <LatitudeDegrees>51.31195833333334</LatitudeDegrees>
                            <LongitudeDegrees>-0.55848</LongitudeDegrees>
                        </Position>
                        <AltitudeMeters>27.886828523608994</AltitudeMeters>
                        <DistanceMeters>286.64381751190933</DistanceMeters>
                        <HeartRateBpm>
                            <Value>169</Value>
                        </HeartRateBpm>
                    </Trackpoint>
                    <Trackpoint>
                        <Time>2026-08-23T09:13:50.000+01:00</Time>
                        <Position>
                            <LatitudeDegrees>51.311971666666665</LatitudeDegrees>
                            <LongitudeDegrees>-0.5584383333333334</LongitudeDegrees>
                        </Position>
                        <AltitudeMeters>27.903698735381774</AltitudeMeters>
                        <DistanceMeters>289.8973319783427</DistanceMeters>
                    </Trackpoint>
                    <Trackpoint>
                        <Time>2026-08-23T09:13:51.000+01:00</Time>
                        <Position>
                            <LatitudeDegrees>51.31198</LatitudeDegrees>
                            <LongitudeDegrees>-0.558395</LongitudeDegrees>
                        </Position>
                        <AltitudeMeters>27.918271569542778</AltitudeMeters>
                        <DistanceMeters>293.04856671439757</DistanceMeters>
                    </Trackpoint>
                    <Trackpoint>
                        <Time>2026-08-23T09:13:52.000+01:00</Time>
                        <Position>
                            <LatitudeDegrees>51.31198833333333</LatitudeDegrees>
                            <LongitudeDegrees>-0.5583516666666667</LongitudeDegrees>
                        </Position>
                        <AltitudeMeters>27.930714338292585</AltitudeMeters>
                        <DistanceMeters>296.19980092760073</DistanceMeters>
                        <HeartRateBpm>
                            <Value>169</Value>
                        </HeartRateBpm>
                    </Trackpoint>
                    <Trackpoint>
                        <Time>2026-08-23T09:13:53.000+01:00</Time>
                        <HeartRateBpm>
                            <Value>168</Value>
                        </HeartRateBpm>
                    </Trackpoint>
                    <Trackpoint>
                        <Time>2026-08-23T09:13:54.000+01:00</Time>
                        <Position>
                            <LatitudeDegrees>51.311993333333334</LatitudeDegrees>
                            <LongitudeDegrees>-0.5583083333333333</LongitudeDegrees>
                        </Position>
                        <AltitudeMeters>27.949866547865074</AltitudeMeters>
                        <DistanceMeters>299.26260156436746</DistanceMeters>
                        <HeartRateBpm>
                            <Value>170</Value>
                        </HeartRateBpm>
                    </Trackpoint>
                    <Trackpoint>
                        <Time>2026-08-23T09:13:55.000+01:00</Time>
                        <Position>
                            <LatitudeDegrees>51.312</LatitudeDegrees>
                            <LongitudeDegrees>-0.5582283333333333</LongitudeDegrees>
                        </Position>
                        <AltitudeMeters>27.91678868254704</AltitudeMeters>
                        <DistanceMeters>304.87225761644765</DistanceMeters>
                    </Trackpoint>
                    <Trackpoint>
                        <Time>2026-08-23T09:13:56.000+01:00</Time>
                        <Position>
                            <LatitudeDegrees>51.31200333333334</LatitudeDegrees>
                            <LongitudeDegrees>-0.5581933333333333</LongitudeDegrees>
                        </Position>
                        <AltitudeMeters>27.885048634890094</AltitudeMeters>
                        <DistanceMeters>307.3330330122187</DistanceMeters>
                        <HeartRateBpm>
                            <Value>169</Value>
                        </HeartRateBpm>
                    </Trackpoint>
                    <Trackpoint>
                        <Time>2026-08-23T09:13:57.000+01:00</Time>
                        <Position>
                            <LatitudeDegrees>51.31200333333334</LatitudeDegrees>
                            <LongitudeDegrees>-0.55816</LongitudeDegrees>
                        </Position>
                        <AltitudeMeters>27.854765632740857</AltitudeMeters>
                        <DistanceMeters>309.6498909685116</DistanceMeters>
                    </Trackpoint>
                    <Trackpoint>
                        <Time>2026-08-23T09:13:58.000+01:00</Time>
                        <Position>
                            <LatitudeDegrees>51.31200333333334</LatitudeDegrees>
                            <LongitudeDegrees>-0.5581283333333333</LongitudeDegrees>
                        </Position>
                        <AltitudeMeters>27.826029599175463</AltitudeMeters>
                        <DistanceMeters>311.8509060269924</DistanceMeters>
                    </Trackpoint>
                    <Trackpoint>
                        <Time>2026-08-23T09:13:59.000+01:00</Time>
                        <Position>
                            <LatitudeDegrees>51.31200166666667</LatitudeDegrees>
                            <LongitudeDegrees>-0.558095</LongitudeDegrees>
                        </Position>
                        <AltitudeMeters>27.798904180796185</AltitudeMeters>
                        <DistanceMeters>314.17516427487385</DistanceMeters>
                        <HeartRateBpm>
                            <Value>169</Value>
                        </HeartRateBpm>
                    </Trackpoint>
                    <Trackpoint>
                        <Time>2026-08-23T09:14:00.000+01:00</Time>
                        <Position>
                            <LatitudeDegrees>51.312005</LatitudeDegrees>
                            <LongitudeDegrees>-0.55806</LongitudeDegrees>
                        </Position>
                        <AltitudeMeters>27.773429621327995</AltitudeMeters>
                        <DistanceMeters>316.6359395831802</DistanceMeters>
                        <HeartRateBpm>
                            <Value>170</Value>
                        </HeartRateBpm>
                    </Trackpoint>
                    <Trackpoint>
                        <Time>2026-08-23T09:14:01.000+01:00</Time>
                        <Position>
                            <LatitudeDegrees>51.31201</LatitudeDegrees>
                            <LongitudeDegrees>-0.5580216666666666</LongitudeDegrees>
                        </Position>
                        <AltitudeMeters>27.749625474151635</AltitudeMeters>
                        <DistanceMeters>319.3577154178122</DistanceMeters>
                    </Trackpoint>
                    <Trackpoint>
                        <Time>2026-08-23T09:14:02.000+01:00</Time>
                        <Position>
                            <LatitudeDegrees>51.312018333333334</LatitudeDegrees>
                            <LongitudeDegrees>-0.5579833333333334</LongitudeDegrees>
                        </Position>
                        <AltitudeMeters>27.72749314974994</AltitudeMeters>
                        <DistanceMeters>322.1786351827172</DistanceMeters>
                        <HeartRateBpm>
                            <Value>167</Value>
                        </HeartRateBpm>
                    </Trackpoint>
                    <Trackpoint>
                        <Time>2026-08-23T09:14:03.000+01:00</Time>
                        <Position>
                            <LatitudeDegrees>51.31203333333333</LatitudeDegrees>
                            <LongitudeDegrees>-0.5579466666666667</LongitudeDegrees>
                        </Position>
                        <AltitudeMeters>27.666912288834766</AltitudeMeters>
                        <DistanceMeters>325.2244598250924</DistanceMeters>
                    </Trackpoint>
                    <Trackpoint>
                        <Time>2026-08-23T09:14:04.000+01:00</Time>
                        <Position>
                            <LatitudeDegrees>51.31205</LatitudeDegrees>
                            <LongitudeDegrees>-0.5579133333333334</LongitudeDegrees>
                        </Position>
                        <AltitudeMeters>27.610793378297007</AltitudeMeters>
                        <DistanceMeters>328.19133758377666</DistanceMeters>
                    </Trackpoint>
                    <Trackpoint>
                        <Time>2026-08-23T09:14:05.000+01:00</Time>
                        <Position>
                            <LatitudeDegrees>51.31207</LatitudeDegrees>
                            <LongitudeDegrees>-0.5578833333333333</LongitudeDegrees>
                        </Position>
                        <AltitudeMeters>27.559070625438626</AltitudeMeters>
                        <DistanceMeters>331.2398900941575</DistanceMeters>
                        <HeartRateBpm>
                            <Value>167</Value>
                        </HeartRateBpm>
                    </Trackpoint>
                    <Trackpoint>
                        <Time>2026-08-23T09:14:06.000+01:00</Time>
                        <Position>
                            <LatitudeDegrees>51.312088333333335</LatitudeDegrees>
                            <LongitudeDegrees>-0.557855</LongitudeDegrees>
                        </Position>
                        <AltitudeMeters>27.511645958310886</AltitudeMeters>
                        <DistanceMeters>334.0743284017353</DistanceMeters>
                        <HeartRateBpm>
                            <Value>168</Value>
                        </HeartRateBpm>
                    </Trackpoint>
                    <Trackpoint>
                        <Time>2026-08-23T09:14:07.000+01:00</Time>
                        <Position>
                            <LatitudeDegrees>51.312106666666665</LatitudeDegrees>
                            <LongitudeDegrees>-0.5578316666666666</LongitudeDegrees>
                        </Position>
                        <AltitudeMeters>27.468394197970728</AltitudeMeters>
                        <DistanceMeters>336.6793278037145</DistanceMeters>
                    </Trackpoint>
                    <Trackpoint>
                        <Time>2026-08-23T09:14:08.000+01:00</Time>
                        <Position>
                            <LatitudeDegrees>51.312125</LatitudeDegrees>
                            <LongitudeDegrees>-0.5578066666666667</LongitudeDegrees>
                        </Position>
                        <AltitudeMeters>27.42916780093149</AltitudeMeters>
                        <DistanceMeters>339.3579814965684</DistanceMeters>
                    </Trackpoint>
                    <Trackpoint>
                        <Time>2026-08-23T09:14:09.000+01:00</Time>
                        <Position>
                            <LatitudeDegrees>51.31214333333333</LatitudeDegrees>
                            <LongitudeDegrees>-0.5577833333333333</LongitudeDegrees>
                        </Position>
                        <AltitudeMeters>27.393801184325806</AltitudeMeters>
                        <DistanceMeters>341.96298009167407</DistanceMeters>
                        <HeartRateBpm>
                            <Value>167</Value>
                        </HeartRateBpm>
                    </Trackpoint>
                    <Trackpoint>
                        <Time>2026-08-23T09:14:10.000+01:00</Time>
                        <Position>
                            <LatitudeDegrees>51.31216</LatitudeDegrees>
                            <LongitudeDegrees>-0.5577583333333334</LongitudeDegrees>
                        </Position>
                        <AltitudeMeters>27.362114648534718</AltitudeMeters>
                        <DistanceMeters>344.50343814257883</DistanceMeters>
                    </Trackpoint>
                    <Trackpoint>
                        <Time>2026-08-23T09:14:11.000+01:00</Time>
                        <Position>
                            <LatitudeDegrees>51.312176666666666</LatitudeDegrees>
                            <LongitudeDegrees>-0.5577333333333333</LongitudeDegrees>
                        </Position>
                        <AltitudeMeters>27.333917913841073</AltitudeMeters>
                        <DistanceMeters>347.0438957617682</DistanceMeters>
                        <HeartRateBpm>
                            <Value>168</Value>
                        </HeartRateBpm>
                    </Trackpoint>
                    <Trackpoint>
                        <Time>2026-08-23T09:14:12.000+01:00</Time>
                        <Position>
                            <LatitudeDegrees>51.31219333333333</LatitudeDegrees>
                            <LongitudeDegrees>-0.5577066666666667</LongitudeDegrees>
                        </Position>
                        <AltitudeMeters>27.30901328907679</AltitudeMeters>
                        <DistanceMeters>349.6649501900306</DistanceMeters>
                    </Trackpoint>
                    <Trackpoint>
                        <Time>2026-08-23T09:14:13.000+01:00</Time>
                        <Position>
                            <LatitudeDegrees>51.31220833333333</LatitudeDegrees>
                            <LongitudeDegrees>-0.5576766666666667</LongitudeDegrees>
                        </Position>
                        <AltitudeMeters>27.28719849129163</AltitudeMeters>
                        <DistanceMeters>352.33513452363866</DistanceMeters>
                        <HeartRateBpm>
                            <Value>169</Value>
                        </HeartRateBpm>
                    </Trackpoint>
                    <Trackpoint>
                        <Time>2026-08-23T09:14:14.000+01:00</Time>
                        <Position>
                            <LatitudeDegrees>51.31222666666667</LatitudeDegrees>
                            <LongitudeDegrees>-0.5576483333333333</LongitudeDegrees>
                        </Position>
                        <AltitudeMeters>27.268269136212265</AltitudeMeters>
                        <DistanceMeters>355.16956870652297</DistanceMeters>
                    </Trackpoint>
                    <Trackpoint>
                        <Time>2026-08-23T09:14:15.000+01:00</Time>
                        <Position>
                            <LatitudeDegrees>51.312243333333335</LatitudeDegrees>
                            <LongitudeDegrees>-0.5576216666666667</LongitudeDegrees>
                        </Position>
                        <AltitudeMeters>27.25202091971973</AltitudeMeters>
                        <DistanceMeters>357.7906217059733</DistanceMeters>
                        <HeartRateBpm>
                            <Value>168</Value>
                        </HeartRateBpm>
                    </Trackpoint>
                    <Trackpoint>
                        <Time>2026-08-23T09:14:16.000+01:00</Time>
                        <Position>
                            <LatitudeDegrees>51.312265</LatitudeDegrees>
                            <LongitudeDegrees>-0.5575966666666666</LongitudeDegrees>
                        </Position>
                        <AltitudeMeters>27.23825151078332</AltitudeMeters>
                        <DistanceMeters>360.76110103860503</DistanceMeters>
                    </Trackpoint>
                    <Trackpoint>
                        <Time>2026-08-23T09:14:17.000+01:00</Time>
                        <Position>
                            <LatitudeDegrees>51.312286666666665</LatitudeDegrees>
                            <LongitudeDegrees>-0.5575766666666667</LongitudeDegrees>
                        </Position>
                        <AltitudeMeters>27.226762176281262</AltitudeMeters>
                        <DistanceMeters>363.54260634996854</DistanceMeters>
                    </Trackpoint>
                    <Trackpoint>
                        <Time>2026-08-23T09:14:18.000+01:00</Time>
                        <Position>
                            <LatitudeDegrees>51.31231</LatitudeDegrees>
                            <LongitudeDegrees>-0.5575583333333334</LongitudeDegrees>
                        </Position>
                        <AltitudeMeters>27.217359157941004</AltitudeMeters>
                        <DistanceMeters>366.4331858565823</DistanceMeters>
                        <HeartRateBpm>
                            <Value>168</Value>
                        </HeartRateBpm>
                    </Trackpoint>
                    <Trackpoint>
                        <Time>2026-08-23T09:14:19.000+01:00</Time>
                        <Position>
                            <LatitudeDegrees>51.312331666666665</LatitudeDegrees>
                            <LongitudeDegrees>-0.5575433333333333</LongitudeDegrees>
                        </Position>
                        <AltitudeMeters>27.20985482127236</AltitudeMeters>
                        <DistanceMeters>369.05832325446505</DistanceMeters>
                    </Trackpoint>
                    <Trackpoint>
                        <Time>2026-08-23T09:14:20.000+01:00</Time>
                        <Position>
                            <LatitudeDegrees>51.312353333333334</LatitudeDegrees>
                            <LongitudeDegrees>-0.5575266666666666</LongitudeDegrees>
                        </Position>
                        <AltitudeMeters>27.20406859586922</AltitudeMeters>
                        <DistanceMeters>371.73158222511813</DistanceMeters>
                    </Trackpoint>
                    <Trackpoint>
                        <Time>2026-08-23T09:14:21.000+01:00</Time>
                        <Position>
                            <LatitudeDegrees>51.312371666666664</LatitudeDegrees>
                            <LongitudeDegrees>-0.5575066666666667</LongitudeDegrees>
                        </Position>
                        <AltitudeMeters>27.199827725843203</AltitudeMeters>
                        <DistanceMeters>374.19900687876503</DistanceMeters>
                        <HeartRateBpm>
                            <Value>169</Value>
                        </HeartRateBpm>
                    </Trackpoint>
                    <Trackpoint>
                        <Time>2026-08-23T09:14:22.000+01:00</Time>
                        <Position>
                            <LatitudeDegrees>51.31238666666667</LatitudeDegrees>
                            <LongitudeDegrees>-0.5574833333333333</LongitudeDegrees>
                        </Position>
                        <AltitudeMeters>27.196967848446235</AltitudeMeters>
                        <DistanceMeters>376.52541459599325</DistanceMeters>
                    </Trackpoint>
                    <Trackpoint>
                        <Time>2026-08-23T09:14:23.000+01:00</Time>
                        <Position>
                            <LatitudeDegrees>51.3124</LatitudeDegrees>
                            <LongitudeDegrees>-0.5574566666666667</LongitudeDegrees>
                        </Position>
                        <AltitudeMeters>27.195333418157613</AltitudeMeters>
                        <DistanceMeters>378.8989057091347</DistanceMeters>
                        <HeartRateBpm>
                            <Value>168</Value>
                        </HeartRateBpm>
                    </Trackpoint>
                    <Trackpoint>
                        <Time>2026-08-23T09:14:24.000+01:00</Time>
                        <Position>
                            <LatitudeDegrees>51.31241333333333</LatitudeDegrees>
                            <LongitudeDegrees>-0.5574266666666666</LongitudeDegrees>
                        </Position>
                        <AltitudeMeters>27.194777992671828</AltitudeMeters>
                        <DistanceMeters>381.45741567757926</DistanceMeters>
                    </Trackpoint>
                    <Trackpoint>
                        <Time>2026-08-23T09:14:25.000+01:00</Time>
                        <Position>
                            <LatitudeDegrees>51.31242666666667</LatitudeDegrees>
                            <LongitudeDegrees>-0.557395</LongitudeDegrees>
                        </Position>
                        <AltitudeMeters>27.19516439634163</AltitudeMeters>
                        <DistanceMeters>384.1111839533967</DistanceMeters>
                        <HeartRateBpm>
                            <Value>170</Value>
                        </HeartRateBpm>
                    </Trackpoint>
                    <Trackpoint>
                        <Time>2026-08-23T09:14:26.000+01:00</Time>
                        <Position>
                            <LatitudeDegrees>51.31244</LatitudeDegrees>
                            <LongitudeDegrees>-0.55736</LongitudeDegrees>
                        </Position>
                        <AltitudeMeters>27.196364775720642</AltitudeMeters>
                        <DistanceMeters>386.9600485138842</DistanceMeters>
                    </Trackpoint>
                    <Trackpoint>
                        <Time>2026-08-23T09:14:27.000+01:00</Time>
                        <Position>
                            <LatitudeDegrees>51.31245166666667</LatitudeDegrees>
                            <LongitudeDegrees>-0.5573266666666666</LongitudeDegrees>
                        </Position>
                        <AltitudeMeters>27.198260560922996</AltitudeMeters>
                        <DistanceMeters>389.6153550388018</DistanceMeters>
                        <HeartRateBpm>
                            <Value>167</Value>
                        </HeartRateBpm>
                    </Trackpoint>
                    <Trackpoint>
                        <Time>2026-08-23T09:14:28.000+01:00</Time>
                        <Position>
                            <LatitudeDegrees>51.312465</LatitudeDegrees>
                            <LongitudeDegrees>-0.5572933333333333</LongitudeDegrees>
                        </Position>
                        <AltitudeMeters>27.200742345585425</AltitudeMeters>
                        <DistanceMeters>392.3659606246884</DistanceMeters>
                    </Trackpoint>
                    <Trackpoint>
                        <Time>2026-08-23T09:14:29.000+01:00</Time>
                        <Position>
                            <LatitudeDegrees>51.31247666666667</LatitudeDegrees>
                            <LongitudeDegrees>-0.55726</LongitudeDegrees>
                        </Position>
                        <AltitudeMeters>27.203709697288723</AltitudeMeters>
                        <DistanceMeters>395.02126604814345</DistanceMeters>
                        <HeartRateBpm>
                            <Value>170</Value>
                        </HeartRateBpm>
                    </Trackpoint>
                    <Trackpoint>
                        <Time>2026-08-23T09:14:30.000+01:00</Time>
                        <Position>
                            <LatitudeDegrees>51.312488333333334</LatitudeDegrees>
                            <LongitudeDegrees>-0.5572283333333333</LongitudeDegrees>
                        </Position>
                        <AltitudeMeters>27.207070909379276</AltitudeMeters>
                        <DistanceMeters>397.5761225202549</DistanceMeters>
                        <HeartRateBpm>
                            <Value>167</Value>
                        </HeartRateBpm>
                    </Trackpoint>
                    <Trackpoint>
                        <Time>2026-08-23T09:14:31.000+01:00</Time>
                        <Position>
                            <LatitudeDegrees>51.3125</LatitudeDegrees>
                            <LongitudeDegrees>-0.5571966666666667</LongitudeDegrees>
                        </Position>
                        <AltitudeMeters>27.210742704233866</AltitudeMeters>
                        <DistanceMeters>400.13097850987214</DistanceMeters>
                    </Trackpoint>
                    <Trackpoint>
                        <Time>2026-08-23T09:14:32.000+01:00</Time>
                        <Position>
                            <LatitudeDegrees>51.31251</LatitudeDegrees>
                            <LongitudeDegrees>-0.5571633333333333</LongitudeDegrees>
                        </Position>
                        <AltitudeMeters>27.21464989713845</AltitudeMeters>
                        <DistanceMeters>402.7008322922818</DistanceMeters>
                        <HeartRateBpm>
                            <Value>168</Value>
                        </HeartRateBpm>
                    </Trackpoint>
                    <Trackpoint>
                        <Time>2026-08-23T09:14:33.000+01:00</Time>
                        <Position>
                            <LatitudeDegrees>51.31252333333333</LatitudeDegrees>
                            <LongitudeDegrees>-0.5571283333333333</LongitudeDegrees>
                        </Position>
                        <AltitudeMeters>27.21872502910864</AltitudeMeters>
                        <DistanceMeters>405.54969307915763</DistanceMeters>
                    </Trackpoint>
                    <Trackpoint>
                        <Time>2026-08-23T09:14:34.000+01:00</Time>
                        <Position>
                            <LatitudeDegrees>51.312535</LatitudeDegrees>
                            <LongitudeDegrees>-0.5570933333333333</LongitudeDegrees>
                        </Position>
                        <AltitudeMeters>27.222907976170394</AltitudeMeters>
                        <DistanceMeters>408.30665214483747</DistanceMeters>
                        <HeartRateBpm>
                            <Value>166</Value>
                        </HeartRateBpm>
                    </Trackpoint>
                    <Trackpoint>
                        <Time>2026-08-23T09:14:35.000+01:00</Time>
                        <Position>
                            <LatitudeDegrees>51.31255</LatitudeDegrees>
                            <LongitudeDegrees>-0.5570583333333333</LongitudeDegrees>
                        </Position>
                        <AltitudeMeters>27.227145541846802</AltitudeMeters>
                        <DistanceMeters>411.25620689600146</DistanceMeters>
                    </Trackpoint>
                    <Trackpoint>
                        <Time>2026-08-23T09:14:36.000+01:00</Time>
                        <Position>
                            <LatitudeDegrees>51.31256666666667</LatitudeDegrees>
                            <LongitudeDegrees>-0.5570266666666667</LongitudeDegrees>
                        </Position>
                        <AltitudeMeters>27.271497044528704</AltitudeMeters>
                        <DistanceMeters>414.1335132582611</DistanceMeters>
                        <HeartRateBpm>
                            <Value>168</Value>
                        </HeartRateBpm>
                    </Trackpoint>
                    <Trackpoint>
                        <Time>2026-08-23T09:14:37.000+01:00</Time>
                        <Position>
                            <LatitudeDegrees>51.312585</LatitudeDegrees>
                            <LongitudeDegrees>-0.556995</LongitudeDegrees>
                        </Position>
                        <AltitudeMeters>27.312983496543744</AltitudeMeters>
                        <DistanceMeters>417.13353692293265</DistanceMeters>
                    </Trackpoint>
                    <Trackpoint>
                        <Time>2026-08-23T09:14:38.000+01:00</Time>
                        <Position>
                            <LatitudeDegrees>51.312601666666666</LatitudeDegrees>
                            <LongitudeDegrees>-0.556965</LongitudeDegrees>
                        </Position>
                        <AltitudeMeters>27.35159634636049</AltitudeMeters>
                        <DistanceMeters>419.9232273955267</DistanceMeters>
                        <HeartRateBpm>
                            <Value>166</Value>
                        </HeartRateBpm>
                    </Trackpoint>
                    <Trackpoint>
                        <Time>2026-08-23T09:14:39.000+01:00</Time>
                        <Position>
                            <LatitudeDegrees>51.31261833333333</LatitudeDegrees>
                            <LongitudeDegrees>-0.556935</LongitudeDegrees>
                        </Position>
                        <AltitudeMeters>27.387354944097627</AltitudeMeters>
                        <DistanceMeters>422.7129173024607</DistanceMeters>
                        <HeartRateBpm>
                            <Value>166</Value>
                        </HeartRateBpm>
                    </Trackpoint>
                    <Trackpoint>
                        <Time>2026-08-23T09:14:40.000+01:00</Time>
                        <Position>
                            <LatitudeDegrees>51.312635</LatitudeDegrees>
                            <LongitudeDegrees>-0.556905</LongitudeDegrees>
                        </Position>
                        <AltitudeMeters>27.420302680238954</AltitudeMeters>
                        <DistanceMeters>425.50260664277425</DistanceMeters>
                        <HeartRateBpm>
                            <Value>168</Value>
                        </HeartRateBpm>
                    </Trackpoint>
                    <Trackpoint>
                        <Time>2026-08-23T09:14:41.000+01:00</Time>
                        <Position>
                            <LatitudeDegrees>51.31265</LatitudeDegrees>
                            <LongitudeDegrees>-0.556875</LongitudeDegrees>
                        </Position>
                        <AltitudeMeters>27.45050340977363</AltitudeMeters>
                        <DistanceMeters>428.17277530214244</DistanceMeters>
                    </Trackpoint>
                    <Trackpoint>
                        <Time>2026-08-23T09:14:42.000+01:00</Time>
                        <Position>
                            <LatitudeDegrees>51.312665</LatitudeDegrees>
                            <LongitudeDegrees>-0.556845</LongitudeDegrees>
                        </Position>
                        <AltitudeMeters>27.47803815742258</AltitudeMeters>
                        <DistanceMeters>430.8429434300663</DistanceMeters>
                        <HeartRateBpm>
                            <Value>167</Value>
                        </HeartRateBpm>
                    </Trackpoint>
                    <Trackpoint>
                        <Time>2026-08-23T09:14:43.000+01:00</Time>
                        <Position>
                            <LatitudeDegrees>51.31268</LatitudeDegrees>
                            <LongitudeDegrees>-0.5568116666666667</LongitudeDegrees>
                        </Position>
                        <AltitudeMeters>27.503002097565556</AltitudeMeters>
                        <DistanceMeters>433.697703154691</DistanceMeters>
                    </Trackpoint>
                    <Trackpoint>
                        <Time>2026-08-23T09:14:44.000+01:00</Time>
                        <Position>
                            <LatitudeDegrees>51.312693333333335</LatitudeDegrees>
                            <LongitudeDegrees>-0.5567783333333334</LongitudeDegrees>
                        </Position>
                        <AltitudeMeters>27.525501800766403</AltitudeMeters>
                        <DistanceMeters>436.44829902903854</DistanceMeters>
                        <HeartRateBpm>
                            <Value>169</Value>
                        </HeartRateBpm>
                    </Trackpoint>
                    <Trackpoint>
                        <Time>2026-08-23T09:14:45.000+01:00</Time>
                        <Position>
                            <LatitudeDegrees>51.312705</LatitudeDegrees>
                            <LongitudeDegrees>-0.5567433333333334</LongitudeDegrees>
                        </Position>
                        <AltitudeMeters>27.545652737379072</AltitudeMeters>
                        <DistanceMeters>439.20525014148024</DistanceMeters>
                    </Trackpoint>
                    <Trackpoint>
                        <Time>2026-08-23T09:14:46.000+01:00</Time>
                        <Position>
                            <LatitudeDegrees>51.312715</LatitudeDegrees>
                            <LongitudeDegrees>-0.5567066666666667</LongitudeDegrees>
                        </Position>
                        <AltitudeMeters>27.563577027577328</AltitudeMeters>
                        <DistanceMeters>441.9857735165148</DistanceMeters>
                    </Trackpoint>
                    <Trackpoint>
                        <Time>2026-08-23T09:14:47.000+01:00</Time>
                        <Position>
                            <LatitudeDegrees>51.31272166666667</LatitudeDegrees>
                            <LongitudeDegrees>-0.5566683333333333</LongitudeDegrees>
                        </Position>
                        <AltitudeMeters>27.5794014262611</AltitudeMeters>
                        <DistanceMeters>444.7513225871667</DistanceMeters>
                        <HeartRateBpm>
                            <Value>169</Value>
                        </HeartRateBpm>
                    </Trackpoint>
                    <Trackpoint>
                        <Time>2026-08-23T09:14:48.000+01:00</Time>
                        <Position>
                            <LatitudeDegrees>51.31272833333333</LatitudeDegrees>
                            <LongitudeDegrees>-0.55663</LongitudeDegrees>
                        </Position>
                        <AltitudeMeters>27.593255530627495</AltitudeMeters>
                        <DistanceMeters>447.5168712846567</DistanceMeters>
                    </Trackpoint>
                    <Trackpoint>
                        <Time>2026-08-23T09:14:49.000+01:00</Time>
                        <Position>
                            <LatitudeDegrees>51.312733333333334</LatitudeDegrees>
                            <LongitudeDegrees>-0.55659</LongitudeDegrees>
                        </Position>
                        <AltitudeMeters>27.60527019773094</AltitudeMeters>
                        <DistanceMeters>450.35210319471804</DistanceMeters>
                        <HeartRateBpm>
                            <Value>167</Value>
                        </HeartRateBpm>
                    </Trackpoint>
                    <Trackpoint>
                        <Time>2026-08-23T09:14:50.000+01:00</Time>
                        <Position>
                            <LatitudeDegrees>51.312736666666666</LatitudeDegrees>
                            <LongitudeDegrees>-0.5565516666666667</LongitudeDegrees>
                        </Position>
                        <AltitudeMeters>27.615576159072756</AltitudeMeters>
                        <DistanceMeters>453.04210532979954</DistanceMeters>
                    </Trackpoint>
                    <Trackpoint>
                        <Time>2026-08-23T09:14:51.000+01:00</Time>
                        <Position>
                            <LatitudeDegrees>51.312738333333336</LatitudeDegrees>
                            <LongitudeDegrees>-0.5565116666666666</LongitudeDegrees>
                        </Position>
                        <AltitudeMeters>27.62430281913447</AltitudeMeters>
                        <DistanceMeters>455.82846036688085</DistanceMeters>
                        <HeartRateBpm>
                            <Value>171</Value>
                        </HeartRateBpm>
                    </Trackpoint>
                    <Trackpoint>
                        <Time>2026-08-23T09:14:52.000+01:00</Time>
                        <Position>
                            <LatitudeDegrees>51.312738333333336</LatitudeDegrees>
                            <LongitudeDegrees>-0.5564716666666667</LongitudeDegrees>
                        </Position>
                        <AltitudeMeters>27.631577224781683</AltitudeMeters>
                        <DistanceMeters>458.6086453775648</DistanceMeters>
                    </Trackpoint>
                    <Trackpoint>
                        <Time>2026-08-23T09:14:53.000+01:00</Time>
                        <Position>
                            <LatitudeDegrees>51.312736666666666</LatitudeDegrees>
                            <LongitudeDegrees>-0.5564316666666667</LongitudeDegrees>
                        </Position>
                        <AltitudeMeters>27.63752319259806</AltitudeMeters>
                        <DistanceMeters>461.3950004146462</DistanceMeters>
                        <HeartRateBpm>
                            <Value>167</Value>
                        </HeartRateBpm>
                    </Trackpoint>
                    <Trackpoint>
                        <Time>2026-08-23T09:14:54.000+01:00</Time>
                        <Position>
                            <LatitudeDegrees>51.312733333333334</LatitudeDegrees>
                            <LongitudeDegrees>-0.5563933333333333</LongitudeDegrees>
                        </Position>
                        <AltitudeMeters>27.64226058144479</AltitudeMeters>
                        <DistanceMeters>464.0850025497277</DistanceMeters>
                    </Trackpoint>
                    <Trackpoint>
                        <Time>2026-08-23T09:14:55.000+01:00</Time>
                        <Position>
                            <LatitudeDegrees>51.31273</LatitudeDegrees>
                            <LongitudeDegrees>-0.556355</LongitudeDegrees>
                        </Position>
                        <AltitudeMeters>27.645904697863802</AltitudeMeters>
                        <DistanceMeters>466.7750048765156</DistanceMeters>
                        <HeartRateBpm>
                            <Value>170</Value>
                        </HeartRateBpm>
                    </Trackpoint>
                    <Trackpoint>
                        <Time>2026-08-23T09:14:56.000+01:00</Time>
                        <Position>
                            <LatitudeDegrees>51.31272666666667</LatitudeDegrees>
                            <LongitudeDegrees>-0.5563216666666667</LongitudeDegrees>
                        </Position>
                        <AltitudeMeters>27.648565822338867</AltitudeMeters>
                        <DistanceMeters>469.1212876444746</DistanceMeters>
                    </Trackpoint>
                    <Trackpoint>
                        <Time>2026-08-23T09:14:57.000+01:00</Time>
                        <Position>
                            <LatitudeDegrees>51.31272166666667</LatitudeDegrees>
                            <LongitudeDegrees>-0.5562866666666667</LongitudeDegrees>
                        </Position>
                        <AltitudeMeters>27.65034884488398</AltitudeMeters>
                        <DistanceMeters>471.61667464076265</DistanceMeters>
                        <HeartRateBpm>
                            <Value>168</Value>
                        </HeartRateBpm>
                    </Trackpoint>
                    <Trackpoint>
                        <Time>2026-08-23T09:14:58.000+01:00</Time>
                        <Position>
                            <LatitudeDegrees>51.312718333333336</LatitudeDegrees>
                            <LongitudeDegrees>-0.5562549999999999</LongitudeDegrees>
                        </Position>
                        <AltitudeMeters>27.651352998930893</AltitudeMeters>
                        <DistanceMeters>473.84864633062534</DistanceMeters>
                    </Trackpoint>
                    <Trackpoint>
                        <Time>2026-08-23T09:14:59.000+01:00</Time>
                        <Position>
                            <LatitudeDegrees>51.312715</LatitudeDegrees>
                            <LongitudeDegrees>-0.5562216666666666</LongitudeDegrees>
                        </Position>
                        <AltitudeMeters>27.65167168302688</AltitudeMeters>
                        <DistanceMeters>476.1949296804068</DistanceMeters>
                        <HeartRateBpm>
                            <Value>172</Value>
                        </HeartRateBpm>
                    </Trackpoint>
                    <Trackpoint>
                        <Time>2026-08-23T09:15:00.000+01:00</Time>
                        <Position>
                            <LatitudeDegrees>51.312713333333335</LatitudeDegrees>
                            <LongitudeDegrees>-0.55619</LongitudeDegrees>
                        </Position>
                        <AltitudeMeters>27.65139236041932</AltitudeMeters>
                        <DistanceMeters>478.40369915722107</DistanceMeters>
                    </Trackpoint>
                    <Trackpoint>
                        <Time>2026-08-23T09:15:01.000+01:00</Time>
                        <Position>
                            <LatitudeDegrees>51.31271</LatitudeDegrees>
                            <LongitudeDegrees>-0.5561566666666666</LongitudeDegrees>
                        </Position>
                        <AltitudeMeters>27.65059652718729</AltitudeMeters>
                        <DistanceMeters>480.74998275619834</DistanceMeters>
                        <HeartRateBpm>
                            <Value>168</Value>
                        </HeartRateBpm>
                    </Trackpoint>
                    <Trackpoint>
                        <Time>2026-08-23T09:15:02.000+01:00</Time>
                        <Position>
                            <LatitudeDegrees>51.31270833333333</LatitudeDegrees>
                            <LongitudeDegrees>-0.55612</LongitudeDegrees>
                        </Position>
                        <AltitudeMeters>27.649359740173825</AltitudeMeters>
                        <DistanceMeters>483.30521676543265</DistanceMeters>
                    </Trackpoint>
                    <Trackpoint>
                        <Time>2026-08-23T09:15:03.000+01:00</Time>
                        <Position>
                            <LatitudeDegrees>51.312706666666664</LatitudeDegrees>
                            <LongitudeDegrees>-0.5560833333333334</LongitudeDegrees>
                        </Position>
                        <AltitudeMeters>27.647751696569244</AltitudeMeters>
                        <DistanceMeters>485.86045086698454</DistanceMeters>
                        <HeartRateBpm>
                            <Value>169</Value>
                        </HeartRateBpm>
                    </Trackpoint>
                    <Trackpoint>
                        <Time>2026-08-23T09:15:04.000+01:00</Time>
                        <Position>
                            <LatitudeDegrees>51.31270333333333</LatitudeDegrees>
                            <LongitudeDegrees>-0.556045</LongitudeDegrees>
                        </Position>
                        <AltitudeMeters>27.64583635758985</AltitudeMeters>
                        <DistanceMeters>488.5504547275394</DistanceMeters>
                    </Trackpoint>
                    <Trackpoint>
                        <Time>2026-08-23T09:15:05.000+01:00</Time>
                        <Position>
                            <LatitudeDegrees>51.31270166666667</LatitudeDegrees>
                            <LongitudeDegrees>-0.556005</LongitudeDegrees>
                        </Position>
                        <AltitudeMeters>27.643672109282285</AltitudeMeters>
                        <DistanceMeters>491.3368118806978</DistanceMeters>
                        <HeartRateBpm>
                            <Value>166</Value>
                        </HeartRateBpm>
                    </Trackpoint>
                    <Trackpoint>
                        <Time>2026-08-23T09:15:06.000+01:00</Time>
                        <Position>
                            <LatitudeDegrees>51.3127</LatitudeDegrees>
                            <LongitudeDegrees>-0.555965</LongitudeDegrees>
                        </Position>
                        <AltitudeMeters>27.641311954057436</AltitudeMeters>
                        <DistanceMeters>494.1231691346569</DistanceMeters>
                    </Trackpoint>
                    <Trackpoint>
                        <Time>2026-08-23T09:15:07.000+01:00</Time>
                        <Position>
                            <LatitudeDegrees>51.31269833333333</LatitudeDegrees>
                            <LongitudeDegrees>-0.555925</LongitudeDegrees>
                        </Position>
                        <AltitudeMeters>27.638803727115256</AltitudeMeters>
                        <DistanceMeters>496.9095264894374</DistanceMeters>
                        <HeartRateBpm>
                            <Value>168</Value>
                        </HeartRateBpm>
                    </Trackpoint>
                    <Trackpoint>
                        <Time>2026-08-23T09:15:08.000+01:00</Time>
                        <Position>
                            <LatitudeDegrees>51.31269666666667</LatitudeDegrees>
                            <LongitudeDegrees>-0.5558866666666666</LongitudeDegrees>
                        </Position>
                        <AltitudeMeters>27.636190332460306</AltitudeMeters>
                        <DistanceMeters>499.5803104260678</DistanceMeters>
                    </Trackpoint>
                    <Trackpoint>
                        <Time>2026-08-23T09:15:09.000+01:00</Time>
                        <Position>
                            <LatitudeDegrees>51.312695</LatitudeDegrees>
                            <LongitudeDegrees>-0.55585</LongitudeDegrees>
                        </Position>
                        <AltitudeMeters>27.633509993724417</AltitudeMeters>
                        <DistanceMeters>502.135545173953</DistanceMeters>
                        <HeartRateBpm>
                            <Value>166</Value>
                        </HeartRateBpm>
                    </Trackpoint>
                    <Trackpoint>
                        <Time>2026-08-23T09:15:10.000+01:00</Time>
                        <Position>
                            <LatitudeDegrees>51.312695</LatitudeDegrees>
                            <LongitudeDegrees>-0.5558133333333334</LongitudeDegrees>
                        </Position>
                        <AltitudeMeters>27.63079651550619</AltitudeMeters>
                        <DistanceMeters>504.68405050736584</DistanceMeters>
                    </Trackpoint>
                    <Trackpoint>
                        <Time>2026-08-23T09:15:11.000+01:00</Time>
                        <Position>
                            <LatitudeDegrees>51.312695</LatitudeDegrees>
                            <LongitudeDegrees>-0.5557783333333334</LongitudeDegrees>
                        </Position>
                        <AltitudeMeters>27.628079551404845</AltitudeMeters>
                        <DistanceMeters>507.1167146892621</DistanceMeters>
                        <HeartRateBpm>
                            <Value>167</Value>
                        </HeartRateBpm>
                    </Trackpoint>
                    <Trackpoint>
                        <Time>2026-08-23T09:15:12.000+01:00</Time>
                        <Position>
                            <LatitudeDegrees>51.312695</LatitudeDegrees>
                            <LongitudeDegrees>-0.555745</LongitudeDegrees>
                        </Position>
                        <AltitudeMeters>27.62538487536805</AltitudeMeters>
                        <DistanceMeters>509.43353771964865</DistanceMeters>
                    </Trackpoint>
                    <Trackpoint>
                        <Time>2026-08-23T09:15:13.000+01:00</Time>
                        <Position>
                            <LatitudeDegrees>51.31269666666667</LatitudeDegrees>
                            <LongitudeDegrees>-0.5557133333333333</LongitudeDegrees>
                        </Position>
                        <AltitudeMeters>27.622734653388335</AltitudeMeters>
                        <DistanceMeters>511.64230807288527</DistanceMeters>
                        <HeartRateBpm>
                            <Value>166</Value>
                        </HeartRateBpm>
                    </Trackpoint>
                    <Trackpoint>
                        <Time>2026-08-23T09:15:14.000+01:00</Time>
                        <Position>
                            <LatitudeDegrees>51.31269833333333</LatitudeDegrees>
                            <LongitudeDegrees>-0.55568</LongitudeDegrees>
                        </Position>
                        <AltitudeMeters>27.6201477129707</AltitudeMeters>
                        <DistanceMeters>513.9665313382249</DistanceMeters>
                        <HeartRateBpm>
                            <Value>169</Value>
                        </HeartRateBpm>
                    </Trackpoint>
                    <Trackpoint>
                        <Time>2026-08-23T09:15:15.000+01:00</Time>
                        <Position>
                            <LatitudeDegrees>51.3127</LatitudeDegrees>
                            <LongitudeDegrees>-0.5556433333333334</LongitudeDegrees>
                        </Position>
                        <AltitudeMeters>27.61763980815479</AltitudeMeters>
                        <DistanceMeters>516.5217659014849</DistanceMeters>
                    </Trackpoint>
                    <Trackpoint>
                        <Time>2026-08-23T09:15:16.000+01:00</Time>
                        <Position>
                            <LatitudeDegrees>51.31270333333333</LatitudeDegrees>
                            <LongitudeDegrees>-0.5556066666666667</LongitudeDegrees>
                        </Position>
                        <AltitudeMeters>27.61522387820897</AltitudeMeters>
                        <DistanceMeters>519.0970832060932</DistanceMeters>
                    </Trackpoint>
                    <Trackpoint>
                        <Time>2026-08-23T09:15:17.000+01:00</Time>
                        <Position>
                            <LatitudeDegrees>51.312705</LatitudeDegrees>
                            <LongitudeDegrees>-0.5555683333333333</LongitudeDegrees>
                        </Position>
                        <AltitudeMeters>27.612910298420775</AltitudeMeters>
                        <DistanceMeters>521.7678667565802</DistanceMeters>
                        <HeartRateBpm>
                            <Value>169</Value>
                        </HeartRateBpm>
                    </Trackpoint>
                    <Trackpoint>
                        <Time>2026-08-23T09:15:18.000+01:00</Time>
                        <Position>
                            <LatitudeDegrees>51.312706666666664</LatitudeDegrees>
                            <LongitudeDegrees>-0.55553</LongitudeDegrees>
                        </Position>
                        <AltitudeMeters>27.61070712168993</AltitudeMeters>
                        <DistanceMeters>524.4386502104614</DistanceMeters>
                    </Trackpoint>
                    <Trackpoint>
                        <Time>2026-08-23T09:15:19.000+01:00</Time>
                        <Position>
                            <LatitudeDegrees>51.312706666666664</LatitudeDegrees>
                            <LongitudeDegrees>-0.5554933333333333</LongitudeDegrees>
                        </Position>
                        <AltitudeMeters>27.608620309886316</AltitudeMeters>
                        <DistanceMeters>526.987154895855</DistanceMeters>
                    </Trackpoint>
                    <Trackpoint>
                        <Time>2026-08-23T09:15:20.000+01:00</Time>
                        <Position>
                            <LatitudeDegrees>51.31270833333333</LatitudeDegrees>
                            <LongitudeDegrees>-0.5554583333333334</LongitudeDegrees>
                        </Position>
                        <AltitudeMeters>27.606653954167637</AltitudeMeters>
                        <DistanceMeters>529.4268674230987</DistanceMeters>
                        <HeartRateBpm>
                            <Value>167</Value>
                        </HeartRateBpm>
                    </Trackpoint>
                    <Trackpoint>
                        <Time>2026-08-23T09:15:21.000+01:00</Time>
                        <Position>
                            <LatitudeDegrees>51.31271</LatitudeDegrees>
                            <LongitudeDegrees>-0.555425</LongitudeDegrees>
                        </Position>
                        <AltitudeMeters>27.604810483660618</AltitudeMeters>
                        <DistanceMeters>531.7510901012557</DistanceMeters>
                    </Trackpoint>
                    <Trackpoint>
                        <Time>2026-08-23T09:15:22.000+01:00</Time>
                        <Position>
                            <LatitudeDegrees>51.312715</LatitudeDegrees>
                            <LongitudeDegrees>-0.5553916666666666</LongitudeDegrees>
                        </Position>
                        <AltitudeMeters>27.603090862096565</AltitudeMeters>
                        <DistanceMeters>534.133688183592</DistanceMeters>
                        <HeartRateBpm>
                            <Value>169</Value>
                        </HeartRateBpm>
                    </Trackpoint>
                    <Trackpoint>
                        <Time>2026-08-23T09:15:23.000+01:00</Time>
                        <Position>
                            <LatitudeDegrees>51.31272166666667</LatitudeDegrees>
                            <LongitudeDegrees>-0.555355</LongitudeDegrees>
                        </Position>
                        <AltitudeMeters>27.60149477215841</AltitudeMeters>
                        <DistanceMeters>536.7878169519416</DistanceMeters>
                    </Trackpoint>
                    <Trackpoint>
                        <Time>2026-08-23T09:15:24.000+01:00</Time>
                        <Position>
                            <LatitudeDegrees>51.31272833333333</LatitudeDegrees>
                            <LongitudeDegrees>-0.55532</LongitudeDegrees>
                        </Position>
                        <AltitudeMeters>27.600020787442887</AltitudeMeters>
                        <DistanceMeters>539.3309201689847</DistanceMeters>
                        <HeartRateBpm>
                            <Value>168</Value>
                        </HeartRateBpm>
                    </Trackpoint>
                    <Trackpoint>
                        <Time>2026-08-23T09:15:25.000+01:00</Time>
                        <Position>
                            <LatitudeDegrees>51.312735</LatitudeDegrees>
                            <LongitudeDegrees>-0.555285</LongitudeDegrees>
                        </Position>
                        <AltitudeMeters>27.598666532069508</AltitudeMeters>
                        <DistanceMeters>541.8740230481218</DistanceMeters>
                    </Trackpoint>
                    <Trackpoint>
                        <Time>2026-08-23T09:15:26.000+01:00</Time>
                        <Position>
                            <LatitudeDegrees>51.31274333333333</LatitudeDegrees>
                            <LongitudeDegrees>-0.5552516666666667</LongitudeDegrees>
                        </Position>
                        <AltitudeMeters>27.59742882807904</AltitudeMeters>
                        <DistanceMeters>544.3692773581521</DistanceMeters>
                        <HeartRateBpm>
                            <Value>171</Value>
                        </HeartRateBpm>
                    </Trackpoint>
                    <Trackpoint>
                        <Time>2026-08-23T09:15:27.000+01:00</Time>
                        <Position>
                            <LatitudeDegrees>51.312751666666664</LatitudeDegrees>
                            <LongitudeDegrees>-0.55522</LongitudeDegrees>
                        </Position>
                        <AltitudeMeters>27.596303830859046</AltitudeMeters>
                        <DistanceMeters>546.757361443604</DistanceMeters>
                    </Trackpoint>
                    <Trackpoint>
                        <Time>2026-08-23T09:15:28.000+01:00</Time>
                        <Position>
                            <LatitudeDegrees>51.31276</LatitudeDegrees>
                            <LongitudeDegrees>-0.5551866666666667</LongitudeDegrees>
                        </Position>
                        <AltitudeMeters>27.59528715291428</AltitudeMeters>
                        <DistanceMeters>549.2526149724856</DistanceMeters>
                        <HeartRateBpm>
                            <Value>169</Value>
                        </HeartRateBpm>
                    </Trackpoint>
                    <Trackpoint>
                        <Time>2026-08-23T09:15:29.000+01:00</Time>
                        <Position>
                            <LatitudeDegrees>51.312765</LatitudeDegrees>
                            <LongitudeDegrees>-0.55515</LongitudeDegrees>
                        </Position>
                        <AltitudeMeters>27.59437397636641</AltitudeMeters>
                        <DistanceMeters>551.8610568613436</DistanceMeters>
                    </Trackpoint>
                    <Trackpoint>
                        <Time>2026-08-23T09:15:30.000+01:00</Time>
                        <Position>
                            <LatitudeDegrees>51.31276666666667</LatitudeDegrees>
                            <LongitudeDegrees>-0.5551083333333333</LongitudeDegrees>
                        </Position>
                        <AltitudeMeters>27.593559154621808</AltitudeMeters>
                        <DistanceMeters>554.7630048731049</DistanceMeters>
                        <HeartRateBpm>
                            <Value>172</Value>
                        </HeartRateBpm>
                    </Trackpoint>
                    <Trackpoint>
                        <Time>2026-08-23T09:15:31.000+01:00</Time>
                        <Position>
                            <LatitudeDegrees>51.312763333333336</LatitudeDegrees>
                            <LongitudeDegrees>-0.555065</LongitudeDegrees>
                        </Position>
                        <AltitudeMeters>27.59283730368922</AltitudeMeters>
                        <DistanceMeters>557.7975912576308</DistanceMeters>
                    </Trackpoint>
                    <Trackpoint>
                        <Time>2026-08-23T09:15:32.000+01:00</Time>
                        <Position>
                            <LatitudeDegrees>51.312756666666665</LatitudeDegrees>
                            <LongitudeDegrees>-0.5550233333333333</LongitudeDegrees>
                        </Position>
                        <AltitudeMeters>27.59220288366192</AltitudeMeters>
                        <DistanceMeters>560.7869867931756</DistanceMeters>
                        <HeartRateBpm>
                            <Value>170</Value>
                        </HeartRateBpm>
                    </Trackpoint>
                    <Trackpoint>
                        <Time>2026-08-23T09:15:33.000+01:00</Time>
                        <Position>
                            <LatitudeDegrees>51.31274833333333</LatitudeDegrees>
                            <LongitudeDegrees>-0.55498</LongitudeDegrees>
                        </Position>
                        <AltitudeMeters>27.591650270902818</AltitudeMeters>
                        <DistanceMeters>563.938172799833</DistanceMeters>
                        <HeartRateBpm>
                            <Value>170</Value>
                        </HeartRateBpm>
                    </Trackpoint>
                    <Trackpoint>
                        <Time>2026-08-23T09:15:34.000+01:00</Time>
                        <Position>
                            <LatitudeDegrees>51.31274</LatitudeDegrees>
                            <LongitudeDegrees>-0.5549383333333333</LongitudeDegrees>
                        </Position>
                        <AltitudeMeters>27.591173821486457</AltitudeMeters>
                        <DistanceMeters>566.9788306596025</DistanceMeters>
                    </Trackpoint>
                    <Trackpoint>
                        <Time>2026-08-23T09:15:35.000+01:00</Time>
                        <Position>
                            <LatitudeDegrees>51.312731666666664</LatitudeDegrees>
                            <LongitudeDegrees>-0.554895</LongitudeDegrees>
                        </Position>
                        <AltitudeMeters>27.590767926460288</AltitudeMeters>
                        <DistanceMeters>570.1300177119598</DistanceMeters>
                    </Trackpoint>
                    <Trackpoint>
                        <Time>2026-08-23T09:15:36.000+01:00</Time>
                        <Position>
                            <LatitudeDegrees>51.31272833333333</LatitudeDegrees>
                            <LongitudeDegrees>-0.5548533333333333</LongitudeDegrees>
                        </Position>
                        <AltitudeMeters>27.590427059489617</AltitudeMeters>
                        <DistanceMeters>573.0496669404639</DistanceMeters>
                        <HeartRateBpm>
                            <Value>170</Value>
                        </HeartRateBpm>
                    </Trackpoint>
                    <Trackpoint>
                        <Time>2026-08-23T09:15:37.000+01:00</Time>
                        <Position>
                            <LatitudeDegrees>51.312725</LatitudeDegrees>
                            <LongitudeDegrees>-0.5548133333333334</LongitudeDegrees>
                        </Position>
                        <AltitudeMeters>27.590145817447098</AltitudeMeters>
                        <DistanceMeters>575.8544511205465</DistanceMeters>
                    </Trackpoint>
                    <Trackpoint>
                        <Time>2026-08-23T09:15:38.000+01:00</Time>
                        <Position>
                            <LatitudeDegrees>51.31272666666667</LatitudeDegrees>
                            <LongitudeDegrees>-0.5547783333333334</LongitudeDegrees>
                        </Position>
                        <AltitudeMeters>27.589918954499442</AltitudeMeters>
                        <DistanceMeters>578.2941626785662</DistanceMeters>
                        <HeartRateBpm>
                            <Value>171</Value>
                        </HeartRateBpm>
                    </Trackpoint>
                    <Trackpoint>
                        <Time>2026-08-23T09:15:39.000+01:00</Time>
                        <Position>
                            <LatitudeDegrees>51.31273</LatitudeDegrees>
                            <LongitudeDegrees>-0.5547466666666666</LongitudeDegrees>
                        </Position>
                        <AltitudeMeters>27.589741410231614</AltitudeMeters>
                        <DistanceMeters>580.5261339742162</DistanceMeters>
                        <HeartRateBpm>
                            <Value>170</Value>
                        </HeartRateBpm>
                    </Trackpoint>
                    <Trackpoint>
                        <Time>2026-08-23T09:15:40.000+01:00</Time>
                        <Position>
                            <LatitudeDegrees>51.312736666666666</LatitudeDegrees>
                            <LongitudeDegrees>-0.5547166666666666</LongitudeDegrees>
                        </Position>
                        <AltitudeMeters>27.589608332333125</AltitudeMeters>
                        <DistanceMeters>582.7391254512219</DistanceMeters>
                    </Trackpoint>
                    <Trackpoint>
                        <Time>2026-08-23T09:15:41.000+01:00</Time>
                        <Position>
                            <LatitudeDegrees>51.31274666666667</LatitudeDegrees>
                            <LongitudeDegrees>-0.554685</LongitudeDegrees>
                        </Position>
                        <AltitudeMeters>27.589515094352468</AltitudeMeters>
                        <DistanceMeters>585.205042406669</DistanceMeters>
                        <HeartRateBpm>
                            <Value>169</Value>
                        </HeartRateBpm>
                    </Trackpoint>
                    <Trackpoint>
                        <Time>2026-08-23T09:15:42.000+01:00</Time>
                        <Position>
                            <LatitudeDegrees>51.31276</LatitudeDegrees>
                            <LongitudeDegrees>-0.55465</LongitudeDegrees>
                        </Position>
                        <AltitudeMeters>27.5894573090049</AltitudeMeters>
                        <DistanceMeters>588.0538924785648</DistanceMeters>
                    </Trackpoint>
                    <Trackpoint>
                        <Time>2026-08-23T09:15:43.000+01:00</Time>
                        <Position>
                            <LatitudeDegrees>51.31277</LatitudeDegrees>
                            <LongitudeDegrees>-0.5546083333333334</LongitudeDegrees>
                        </Position>
                        <AltitudeMeters>27.58943083749624</AltitudeMeters>
                        <DistanceMeters>591.1560517591831</DistanceMeters>
                        <HeartRateBpm>
                            <Value>172</Value>
                        </HeartRateBpm>
                    </Trackpoint>
                    <Trackpoint>
                        <Time>2026-08-23T09:15:44.000+01:00</Time>
                        <Position>
                            <LatitudeDegrees>51.312775</LatitudeDegrees>
                            <LongitudeDegrees>-0.5545666666666667</LongitudeDegrees>
                        </Position>
                        <AltitudeMeters>27.58943179530142</AltitudeMeters>
                        <DistanceMeters>594.1049605693532</DistanceMeters>
                    </Trackpoint>
                    <Trackpoint>
                        <Time>2026-08-23T09:15:45.000+01:00</Time>
                        <Position>
                            <LatitudeDegrees>51.31277166666667</LatitudeDegrees>
                            <LongitudeDegrees>-0.554525</LongitudeDegrees>
                        </Position>
                        <AltitudeMeters>27.589456554811598</AltitudeMeters>
                        <DistanceMeters>597.0246070848034</DistanceMeters>
                    </Trackpoint>
                    <Trackpoint>
                        <Time>2026-08-23T09:15:46.000+01:00</Time>
                        <Position>
                            <LatitudeDegrees>51.312758333333335</LatitudeDegrees>
                            <LongitudeDegrees>-0.5544883333333334</LongitudeDegrees>
                        </Position>
                        <AltitudeMeters>27.589501745238426</AltitudeMeters>
                        <DistanceMeters>599.9729907736332</DistanceMeters>
                        <HeartRateBpm>
                            <Value>172</Value>
                        </HeartRateBpm>
                    </Trackpoint>
                    <Trackpoint>
                        <Time>2026-08-23T09:15:47.000+01:00</Time>
                        <Position>
                            <LatitudeDegrees>51.312736666666666</LatitudeDegrees>
                            <LongitudeDegrees>-0.5544566666666667</LongitudeDegrees>
                        </Position>
                        <AltitudeMeters>27.58956425013806</AltitudeMeters>
                        <DistanceMeters>603.2362231912152</DistanceMeters>
                        <HeartRateBpm>
                            <Value>170</Value>
                        </HeartRateBpm>
                    </Trackpoint>
                    <Trackpoint>
                        <Time>2026-08-23T09:15:48.000+01:00</Time>
                        <Position>
                            <LatitudeDegrees>51.312711666666665</LatitudeDegrees>
                            <LongitudeDegrees>-0.5544316666666667</LongitudeDegrees>
                        </Position>
                        <AltitudeMeters>27.589641202892143</AltitudeMeters>
                        <DistanceMeters>606.5144893525951</DistanceMeters>
                    </Trackpoint>
                    <Trackpoint>
                        <Time>2026-08-23T09:15:49.000+01:00</Time>
                        <Position>
                            <LatitudeDegrees>51.31268333333333</LatitudeDegrees>
                            <LongitudeDegrees>-0.55441</LongitudeDegrees>
                        </Position>
                        <AltitudeMeters>27.58972998045729</AltitudeMeters>
                        <DistanceMeters>610.0064323255029</DistanceMeters>
                    </Trackpoint>
                    <Trackpoint>
                        <Time>2026-08-23T09:15:50.000+01:00</Time>
                        <Position>
                            <LatitudeDegrees>51.31265666666667</LatitudeDegrees>
                            <LongitudeDegrees>-0.55439</LongitudeDegrees>
                        </Position>
                        <AltitudeMeters>27.58982819566984</AltitudeMeters>
                        <DistanceMeters>613.281304836808</DistanceMeters>
                        <HeartRateBpm>
                            <Value>170</Value>
                        </HeartRateBpm>
                    </Trackpoint>
                    <Trackpoint>
                        <Time>2026-08-23T09:15:51.000+01:00</Time>
                        <Position>
                            <LatitudeDegrees>51.31263</LatitudeDegrees>
                            <LongitudeDegrees>-0.55437</LongitudeDegrees>
                        </Position>
                        <AltitudeMeters>27.589933688368077</AltitudeMeters>
                        <DistanceMeters>616.5561776923435</DistanceMeters>
                    </Trackpoint>
                    <Trackpoint>
                        <Time>2026-08-23T09:15:52.000+01:00</Time>
                        <Position>
                            <LatitudeDegrees>51.31260666666667</LatitudeDegrees>
                            <LongitudeDegrees>-0.5543516666666667</LongitudeDegrees>
                        </Position>
                        <AltitudeMeters>27.590044515570728</AltitudeMeters>
                        <DistanceMeters>619.4467532818359</DistanceMeters>
                    </Trackpoint>
                    <Trackpoint>
                        <Time>2026-08-23T09:15:53.000+01:00</Time>
                        <Position>
                            <LatitudeDegrees>51.31258166666667</LatitudeDegrees>
                            <LongitudeDegrees>-0.554335</LongitudeDegrees>
                        </Position>
                        <AltitudeMeters>27.590158940927676</AltitudeMeters>
                        <DistanceMeters>622.4583379500106</DistanceMeters>
                        <HeartRateBpm>
                            <Value>169</Value>
                        </HeartRateBpm>
                    </Trackpoint>
                    <Trackpoint>
                        <Time>2026-08-23T09:15:54.000+01:00</Time>
                        <Position>
                            <LatitudeDegrees>51.312558333333335</LatitudeDegrees>
                            <LongitudeDegrees>-0.5543166666666667</LongitudeDegrees>
                        </Position>
                        <AltitudeMeters>27.590275423637248</AltitudeMeters>
                        <DistanceMeters>625.3489141312501</DistanceMeters>
                    </Trackpoint>
                    <Trackpoint>
                        <Time>2026-08-23T09:15:55.000+01:00</Time>
                        <Position>
                            <LatitudeDegrees>51.312535</LatitudeDegrees>
                            <LongitudeDegrees>-0.5542983333333333</LongitudeDegrees>
                        </Position>
                        <AltitudeMeters>27.59039260700368</AltitudeMeters>
                        <DistanceMeters>628.2394905981562</DistanceMeters>
                        <HeartRateBpm>
                            <Value>168</Value>
                        </HeartRateBpm>
                    </Trackpoint>
                    <Trackpoint>
                        <Time>2026-08-23T09:15:56.000+01:00</Time>
                        <Position>
                            <LatitudeDegrees>51.31251</LatitudeDegrees>
                            <LongitudeDegrees>-0.55428</LongitudeDegrees>
                        </Position>
                        <AltitudeMeters>27.590509306788835</AltitudeMeters>
                        <DistanceMeters>631.2975048467779</DistanceMeters>
                    </Trackpoint>
                    <Trackpoint>
                        <Time>2026-08-23T09:15:57.000+01:00</Time>
                        <Position>
                            <LatitudeDegrees>51.312485</LatitudeDegrees>
                            <LongitudeDegrees>-0.55426</LongitudeDegrees>
                        </Position>
                        <AltitudeMeters>27.59062449949389</AltitudeMeters>
                        <DistanceMeters>634.4055744303316</DistanceMeters>
                        <HeartRateBpm>
                            <Value>169</Value>
                        </HeartRateBpm>
                    </Trackpoint>
                    <Trackpoint>
                        <Time>2026-08-23T09:15:58.000+01:00</Time>
                        <Position>
                            <LatitudeDegrees>51.312461666666664</LatitudeDegrees>
                            <LongitudeDegrees>-0.5542383333333333</LongitudeDegrees>
                        </Position>
                        <AltitudeMeters>27.59073731068934</AltitudeMeters>
                        <DistanceMeters>637.4055017633618</DistanceMeters>
                    </Trackpoint>
                    <Trackpoint>
                        <Time>2026-08-23T09:15:59.000+01:00</Time>
                        <Position>
                            <LatitudeDegrees>51.31243833333333</LatitudeDegrees>
                            <LongitudeDegrees>-0.5542166666666667</LongitudeDegrees>
                        </Position>
                        <AltitudeMeters>27.590847003495725</AltitudeMeters>
                        <DistanceMeters>640.4054294802266</DistanceMeters>
                    </Trackpoint>
                    <Trackpoint>
                        <Time>2026-08-23T09:16:00.000+01:00</Time>
                        <Position>
                            <LatitudeDegrees>51.312415</LatitudeDegrees>
                            <LongitudeDegrees>-0.5541966666666667</LongitudeDegrees>
                        </Position>
                        <AltitudeMeters>27.590952967302513</AltitudeMeters>
                        <DistanceMeters>643.3489113258922</DistanceMeters>
                        <HeartRateBpm>
                            <Value>169</Value>
                        </HeartRateBpm>
                    </Trackpoint>
                    <Trackpoint>
                        <Time>2026-08-23T09:16:01.000+01:00</Time>
                        <Position>
                            <LatitudeDegrees>51.31239166666667</LatitudeDegrees>
                            <LongitudeDegrees>-0.5541766666666667</LongitudeDegrees>
                        </Position>
                        <AltitudeMeters>27.591054706798833</AltitudeMeters>
                        <DistanceMeters>646.2923935060383</DistanceMeters>
                        <HeartRateBpm>
                            <Value>170</Value>
                        </HeartRateBpm>
                    </Trackpoint>
                    <Trackpoint>
                        <Time>2026-08-23T09:16:02.000+01:00</Time>
                        <Position>
                            <LatitudeDegrees>51.31236666666667</LatitudeDegrees>
                            <LongitudeDegrees>-0.5541583333333333</LongitudeDegrees>
                        </Position>
                        <AltitudeMeters>27.591151831377076</AltitudeMeters>
                        <DistanceMeters>649.3504094134051</DistanceMeters>
                    </Trackpoint>
                    <Trackpoint>
                        <Time>2026-08-23T09:16:03.000+01:00</Time>
                        <Position>
                            <LatitudeDegrees>51.31234</LatitudeDegrees>
                            <LongitudeDegrees>-0.5541383333333333</LongitudeDegrees>
                        </Position>
                        <AltitudeMeters>27.591244044958955</AltitudeMeters>
                        <DistanceMeters>652.6252859984556</DistanceMeters>
                        <HeartRateBpm>
                            <Value>169</Value>
                        </HeartRateBpm>
                    </Trackpoint>
                    <Trackpoint>
                        <Time>2026-08-23T09:16:04.000+01:00</Time>
                        <Position>
                            <LatitudeDegrees>51.31231</LatitudeDegrees>
                            <LongitudeDegrees>-0.5541183333333334</LongitudeDegrees>
                        </Position>
                        <AltitudeMeters>27.59133113628305</AltitudeMeters>
                        <DistanceMeters>656.2391907379013</DistanceMeters>
                        <HeartRateBpm>
                            <Value>171</Value>
                        </HeartRateBpm>
                    </Trackpoint>
                    <Trackpoint>
                        <Time>2026-08-23T09:16:05.000+01:00</Time>
                        <Position>
                            <LatitudeDegrees>51.312281666666664</LatitudeDegrees>
                            <LongitudeDegrees>-0.5541</LongitudeDegrees>
                        </Position>
                        <AltitudeMeters>27.591412969683436</AltitudeMeters>
                        <DistanceMeters>659.6376571488992</DistanceMeters>
                    </Trackpoint>
                    <Trackpoint>
                        <Time>2026-08-23T09:16:06.000+01:00</Time>
                        <Position>
                            <LatitudeDegrees>51.312255</LatitudeDegrees>
                            <LongitudeDegrees>-0.5540783333333333</LongitudeDegrees>
                        </Position>
                        <AltitudeMeters>27.591489476380566</AltitudeMeters>
                        <DistanceMeters>662.9633614881244</DistanceMeters>
                        <HeartRateBpm>
                            <Value>170</Value>
                        </HeartRateBpm>
                    </Trackpoint>
                    <Trackpoint>
                        <Time>2026-08-23T09:16:07.000+01:00</Time>
                        <Position>
                            <LatitudeDegrees>51.31223</LatitudeDegrees>
                            <LongitudeDegrees>-0.55406</LongitudeDegrees>
                        </Position>
                        <AltitudeMeters>27.591560646297925</AltitudeMeters>
                        <DistanceMeters>666.0213789770864</DistanceMeters>
                    </Trackpoint>
                    <Trackpoint>
                        <Time>2026-08-23T09:16:08.000+01:00</Time>
                        <Position>
                            <LatitudeDegrees>51.31220833333333</LatitudeDegrees>
                            <LongitudeDegrees>-0.5540416666666667</LongitudeDegrees>
                        </Position>
                        <AltitudeMeters>27.59162652041136</AltitudeMeters>
                        <DistanceMeters>668.7468384252724</DistanceMeters>
                    </Trackpoint>
                    <Trackpoint>
                        <Time>2026-08-23T09:16:09.000+01:00</Time>
                        <Position>
                            <LatitudeDegrees>51.31218666666667</LatitudeDegrees>
                            <LongitudeDegrees>-0.5540233333333333</LongitudeDegrees>
                        </Position>
                        <AltitudeMeters>27.591687183632082</AltitudeMeters>
                        <DistanceMeters>671.4722981535439</DistanceMeters>
                        <HeartRateBpm>
                            <Value>170</Value>
                        </HeartRateBpm>
                    </Trackpoint>
                    <Trackpoint>
                        <Time>2026-08-23T09:16:10.000+01:00</Time>
                        <Position>
                            <LatitudeDegrees>51.312165</LatitudeDegrees>
                            <LongitudeDegrees>-0.5540066666666666</LongitudeDegrees>
                        </Position>
                        <AltitudeMeters>27.59174275821927</AltitudeMeters>
                        <DistanceMeters>674.1455589476515</DistanceMeters>
                        <HeartRateBpm>
                            <Value>169</Value>
                        </HeartRateBpm>
                    </Trackpoint>
                    <Trackpoint>
                        <Time>2026-08-23T09:16:11.000+01:00</Time>
                        <Position>
                            <LatitudeDegrees>51.312145</LatitudeDegrees>
                            <LongitudeDegrees>-0.55399</LongitudeDegrees>
                        </Position>
                        <AltitudeMeters>27.59179339771373</AltitudeMeters>
                        <DistanceMeters>676.6530854249266</DistanceMeters>
                    </Trackpoint>
                    <Trackpoint>
                        <Time>2026-08-23T09:16:12.000+01:00</Time>
                        <Position>
                            <LatitudeDegrees>51.312125</LatitudeDegrees>
                            <LongitudeDegrees>-0.553975</LongitudeDegrees>
                        </Position>
                        <AltitudeMeters>27.591839281380455</AltitudeMeters>
                        <DistanceMeters>679.1092449694443</DistanceMeters>
                        <HeartRateBpm>
                            <Value>168</Value>
                        </HeartRateBpm>
                    </Trackpoint>
                    <Trackpoint>
                        <Time>2026-08-23T09:16:13.000+01:00</Time>
                        <Position>
                            <LatitudeDegrees>51.312105</LatitudeDegrees>
                            <LongitudeDegrees>-0.55396</LongitudeDegrees>
                        </Position>
                        <AltitudeMeters>27.591880609144663</AltitudeMeters>
                        <DistanceMeters>681.5654047062277</DistanceMeters>
                    </Trackpoint>
                    <Trackpoint>
                        <Time>2026-08-23T09:16:14.000+01:00</Time>
                        <Position>
                            <LatitudeDegrees>51.312085</LatitudeDegrees>
                            <LongitudeDegrees>-0.553945</LongitudeDegrees>
                        </Position>
                        <AltitudeMeters>27.591917597003434</AltitudeMeters>
                        <DistanceMeters>684.0215646365607</DistanceMeters>
                        <HeartRateBpm>
                            <Value>169</Value>
                        </HeartRateBpm>
                    </Trackpoint>
                    <Trackpoint>
                        <Time>2026-08-23T09:16:15.000+01:00</Time>
                        <Position>
                            <LatitudeDegrees>51.312061666666665</LatitudeDegrees>
                            <LongitudeDegrees>-0.5539316666666667</LongitudeDegrees>
                        </Position>
                        <AltitudeMeters>27.59195047289293</AltitudeMeters>
                        <DistanceMeters>686.7766603262527</DistanceMeters>
                    </Trackpoint>
                    <Trackpoint>
                        <Time>2026-08-23T09:16:16.000+01:00</Time>
                        <Position>
                            <LatitudeDegrees>51.312038333333334</LatitudeDegrees>
                            <LongitudeDegrees>-0.5539216666666666</LongitudeDegrees>
                        </Position>
                        <AltitudeMeters>27.591979472989618</AltitudeMeters>
                        <DistanceMeters>689.4626993695209</DistanceMeters>
                    </Trackpoint>
                    <Trackpoint>
                        <Time>2026-08-23T09:16:17.000+01:00</Time>
                        <Position>
                            <LatitudeDegrees>51.31201333333333</LatitudeDegrees>
                            <LongitudeDegrees>-0.5539166666666666</LongitudeDegrees>
                        </Position>
                        <AltitudeMeters>27.592004838422675</AltitudeMeters>
                        <DistanceMeters>692.2642159500856</DistanceMeters>
                        <HeartRateBpm>
                            <Value>169</Value>
                        </HeartRateBpm>
                    </Trackpoint>
                    <Trackpoint>
                        <Time>2026-08-23T09:16:18.000+01:00</Time>
                        <Position>
                            <LatitudeDegrees>51.31199</LatitudeDegrees>
                            <LongitudeDegrees>-0.5539183333333333</LongitudeDegrees>
                        </Position>
                        <AltitudeMeters>27.592026812373973</AltitudeMeters>
                        <DistanceMeters>694.8613531300492</DistanceMeters>
                    </Trackpoint>
                    <Trackpoint>
                        <Time>2026-08-23T09:16:19.000+01:00</Time>
                        <Position>
                            <LatitudeDegrees>51.311965</LatitudeDegrees>
                            <LongitudeDegrees>-0.5539283333333334</LongitudeDegrees>
                        </Position>
                        <AltitudeMeters>27.592045637541553</AltitudeMeters>
                        <DistanceMeters>697.7268067402022</DistanceMeters>
                    </Trackpoint>
                    <Trackpoint>
                        <Time>2026-08-23T09:16:20.000+01:00</Time>
                        <Position>
                            <LatitudeDegrees>51.31194333333333</LatitudeDegrees>
                            <LongitudeDegrees>-0.5539466666666667</LongitudeDegrees>
                        </Position>
                        <AltitudeMeters>27.59206155394221</AltitudeMeters>
                        <DistanceMeters>700.4522696293448</DistanceMeters>
                        <HeartRateBpm>
                            <Value>170</Value>
                        </HeartRateBpm>
                    </Trackpoint>
                    <Trackpoint>
                        <Time>2026-08-23T09:16:21.000+01:00</Time>
                        <Position>
                            <LatitudeDegrees>51.31192333333333</LatitudeDegrees>
                            <LongitudeDegrees>-0.553975</LongitudeDegrees>
                        </Position>
                        <AltitudeMeters>27.592074797028985</AltitudeMeters>
                        <DistanceMeters>703.4227931164769</DistanceMeters>
                    </Trackpoint>
                    <Trackpoint>
                        <Time>2026-08-23T09:16:22.000+01:00</Time>
                        <Position>
                            <LatitudeDegrees>51.311906666666665</LatitudeDegrees>
                            <LongitudeDegrees>-0.5540066666666666</LongitudeDegrees>
                        </Position>
                        <AltitudeMeters>27.592085596099526</AltitudeMeters>
                        <DistanceMeters>706.3001230863017</DistanceMeters>
                        <HeartRateBpm>
                            <Value>169</Value>
                        </HeartRateBpm>
                    </Trackpoint>
                    <Trackpoint>
                        <Time>2026-08-23T09:16:23.000+01:00</Time>
                        <Position>
                            <LatitudeDegrees>51.31189166666667</LatitudeDegrees>
                            <LongitudeDegrees>-0.55404</LongitudeDegrees>
                        </Position>
                        <AltitudeMeters>27.592094172971784</AltitudeMeters>
                        <DistanceMeters>709.1549145023763</DistanceMeters>
                    </Trackpoint>
                    <Trackpoint>
                        <Time>2026-08-23T09:16:24.000+01:00</Time>
                        <Position>
                            <LatitudeDegrees>51.31187666666667</LatitudeDegrees>
                            <LongitudeDegrees>-0.554075</LongitudeDegrees>
                        </Position>
                        <AltitudeMeters>27.59210074090409</AltitudeMeters>
                        <DistanceMeters>712.1044980412598</DistanceMeters>
                    </Trackpoint>
                    <Trackpoint>
                        <Time>2026-08-23T09:16:25.000+01:00</Time>
                        <Position>
                            <LatitudeDegrees>51.311863333333335</LatitudeDegrees>
                            <LongitudeDegrees>-0.554105</LongitudeDegrees>
                        </Position>
                        <AltitudeMeters>27.592105503737486</AltitudeMeters>
                        <DistanceMeters>714.6630278870125</DistanceMeters>
                        <HeartRateBpm>
                            <Value>168</Value>
                        </HeartRateBpm>
                    </Trackpoint>
                    <Trackpoint>
                        <Time>2026-08-23T09:16:26.000+01:00</Time>
                        <Position>
                            <LatitudeDegrees>51.31184666666667</LatitudeDegrees>
                            <LongitudeDegrees>-0.5541366666666666</LongitudeDegrees>
                        </Position>
                        <AltitudeMeters>27.592108655238917</AltitudeMeters>
                        <DistanceMeters>717.5403600580773</DistanceMeters>
                    </Trackpoint>
                    <Trackpoint>
                        <Time>2026-08-23T09:16:27.000+01:00</Time>
                        <Position>
                            <LatitudeDegrees>51.31183</LatitudeDegrees>
                            <LongitudeDegrees>-0.5541683333333334</LongitudeDegrees>
                        </Position>
                        <AltitudeMeters>27.59211037862496</AltitudeMeters>
                        <DistanceMeters>720.4176928411904</DistanceMeters>
                    </Trackpoint>
                    <Trackpoint>
                        <Time>2026-08-23T09:16:28.000+01:00</Time>
                        <Position>
                            <LatitudeDegrees>51.31181333333333</LatitudeDegrees>
                            <LongitudeDegrees>-0.5541966666666667</LongitudeDegrees>
                        </Position>
                        <AltitudeMeters>27.592110846246662</AltitudeMeters>
                        <DistanceMeters>723.1219173637269</DistanceMeters>
                        <HeartRateBpm>
                            <Value>168</Value>
                        </HeartRateBpm>
                    </Trackpoint>
                    <Trackpoint>
                        <Time>2026-08-23T09:16:29.000+01:00</Time>
                        <Position>
                            <LatitudeDegrees>51.311798333333336</LatitudeDegrees>
                            <LongitudeDegrees>-0.5542233333333333</LongitudeDegrees>
                        </Position>
                        <AltitudeMeters>27.552004213777153</AltitudeMeters>
                        <DistanceMeters>725.6153928793805</DistanceMeters>
                        <HeartRateBpm>
                            <Value>169</Value>
                        </HeartRateBpm>
                    </Trackpoint>
                    <Trackpoint>
                        <Time>2026-08-23T09:16:30.000+01:00</Time>
                        <Position>
                            <LatitudeDegrees>51.31178333333333</LatitudeDegrees>
                            <LongitudeDegrees>-0.5542466666666667</LongitudeDegrees>
                        </Position>
                        <AltitudeMeters>27.514729017255256</AltitudeMeters>
                        <DistanceMeters>727.9418150941834</DistanceMeters>
                        <HeartRateBpm>
                            <Value>169</Value>
                        </HeartRateBpm>
                    </Trackpoint>
                    <Trackpoint>
                        <Time>2026-08-23T09:16:31.000+01:00</Time>
                        <Position>
                            <LatitudeDegrees>51.311766666666664</LatitudeDegrees>
                            <LongitudeDegrees>-0.55427</LongitudeDegrees>
                        </Position>
                        <AltitudeMeters>27.440153000848095</AltitudeMeters>
                        <DistanceMeters>730.4044975904342</DistanceMeters>
                    </Trackpoint>
                    <Trackpoint>
                        <Time>2026-08-23T09:16:32.000+01:00</Time>
                        <Position>
                            <LatitudeDegrees>51.31175</LatitudeDegrees>
                            <LongitudeDegrees>-0.55429</LongitudeDegrees>
                        </Position>
                        <AltitudeMeters>27.371165627271395</AltitudeMeters>
                        <DistanceMeters>732.7211722612918</DistanceMeters>
                    </Trackpoint>
                    <Trackpoint>
                        <Time>2026-08-23T09:16:33.000+01:00</Time>
                        <Position>
                            <LatitudeDegrees>51.311733333333336</LatitudeDegrees>
                            <LongitudeDegrees>-0.5543116666666666</LongitudeDegrees>
                        </Position>
                        <AltitudeMeters>27.307672358130528</AltitudeMeters>
                        <DistanceMeters>735.1091580633122</DistanceMeters>
                        <HeartRateBpm>
                            <Value>169</Value>
                        </HeartRateBpm>
                    </Trackpoint>
                    <Trackpoint>
                        <Time>2026-08-23T09:16:34.000+01:00</Time>
                        <Position>
                            <LatitudeDegrees>51.31171666666667</LatitudeDegrees>
                            <LongitudeDegrees>-0.5543333333333333</LongitudeDegrees>
                        </Position>
                        <AltitudeMeters>27.20943393282808</AltitudeMeters>
                        <DistanceMeters>737.4971442097627</DistanceMeters>
                    </Trackpoint>
                    <Trackpoint>
                        <Time>2026-08-23T09:16:35.000+01:00</Time>
                        <Position>
                            <LatitudeDegrees>51.3117</LatitudeDegrees>
                            <LongitudeDegrees>-0.554355</LongitudeDegrees>
                        </Position>
                        <AltitudeMeters>27.119223114981153</AltitudeMeters>
                        <DistanceMeters>739.8851307017413</DistanceMeters>
                    </Trackpoint>
                    <Trackpoint>
                        <Time>2026-08-23T09:16:36.000+01:00</Time>
                        <Position>
                            <LatitudeDegrees>51.311685</LatitudeDegrees>
                            <LongitudeDegrees>-0.5543766666666666</LongitudeDegrees>
                        </Position>
                        <AltitudeMeters>26.996715333363234</AltitudeMeters>
                        <DistanceMeters>742.1323329858288</DistanceMeters>
                        <HeartRateBpm>
                            <Value>169</Value>
                        </HeartRateBpm>
                    </Trackpoint>
                    <Trackpoint>
                        <Time>2026-08-23T09:16:37.000+01:00</Time>
                        <Position>
                            <LatitudeDegrees>51.31166666666667</LatitudeDegrees>
                            <LongitudeDegrees>-0.5544016666666667</LongitudeDegrees>
                        </Position>
                        <AltitudeMeters>26.88458648588664</AltitudeMeters>
                        <DistanceMeters>744.8109974876676</DistanceMeters>
                    </Trackpoint>
                    <Trackpoint>
                        <Time>2026-08-23T09:16:38.000+01:00</Time>
                        <Position>
                            <LatitudeDegrees>51.31164833333333</LatitudeDegrees>
                            <LongitudeDegrees>-0.5544266666666666</LongitudeDegrees>
                        </Position>
                        <AltitudeMeters>26.742406007480024</AltitudeMeters>
                        <DistanceMeters>747.4896624409749</DistanceMeters>
                    </Trackpoint>
                    <Trackpoint>
                        <Time>2026-08-23T09:16:39.000+01:00</Time>
                        <Position>
                            <LatitudeDegrees>51.31162666666667</LatitudeDegrees>
                            <LongitudeDegrees>-0.5544533333333334</LongitudeDegrees>
                        </Position>
                        <AltitudeMeters>26.61273686587378</AltitudeMeters>
                        <DistanceMeters>750.5293733067248</DistanceMeters>
                        <HeartRateBpm>
                            <Value>169</Value>
                        </HeartRateBpm>
                    </Trackpoint>
                    <Trackpoint>
                        <Time>2026-08-23T09:16:40.000+01:00</Time>
                        <Position>
                            <LatitudeDegrees>51.31160666666667</LatitudeDegrees>
                            <LongitudeDegrees>-0.55448</LongitudeDegrees>
                        </Position>
                        <AltitudeMeters>26.49513660238729</AltitudeMeters>
                        <DistanceMeters>753.4244052269902</DistanceMeters>
                    </Trackpoint>
                    <Trackpoint>
                        <Time>2026-08-23T09:16:41.000+01:00</Time>
                        <Position>
                            <LatitudeDegrees>51.31158333333333</LatitudeDegrees>
                            <LongitudeDegrees>-0.5545083333333334</LongitudeDegrees>
                        </Position>
                        <AltitudeMeters>26.349002679013285</AltitudeMeters>
                        <DistanceMeters>756.681709131778</DistanceMeters>
                        <HeartRateBpm>
                            <Value>168</Value>
                        </HeartRateBpm>
                    </Trackpoint>
                    <Trackpoint>
                        <Time>2026-08-23T09:16:42.000+01:00</Time>
                        <Position>
                            <LatitudeDegrees>51.31156</LatitudeDegrees>
                            <LongitudeDegrees>-0.554535</LongitudeDegrees>
                        </Position>
                        <AltitudeMeters>26.216734635534582</AltitudeMeters>
                        <DistanceMeters>759.8703104395398</DistanceMeters>
                    </Trackpoint>
                    <Trackpoint>
                        <Time>2026-08-23T09:16:43.000+01:00</Time>
                        <Position>
                            <LatitudeDegrees>51.31154</LatitudeDegrees>
                            <LongitudeDegrees>-0.5545583333333334</LongitudeDegrees>
                        </Position>
                        <AltitudeMeters>26.097735525655835</AltitudeMeters>
                        <DistanceMeters>762.6227692076732</DistanceMeters>
                        <HeartRateBpm>
                            <Value>167</Value>
                        </HeartRateBpm>
                    </Trackpoint>
                    <Trackpoint>
                        <Time>2026-08-23T09:16:44.000+01:00</Time>
                        <Position>
                            <LatitudeDegrees>51.31152</LatitudeDegrees>
                            <LongitudeDegrees>-0.5545816666666666</LongitudeDegrees>
                        </Position>
                        <AltitudeMeters>25.951257523978086</AltitudeMeters>
                        <DistanceMeters>765.3752283929164</DistanceMeters>
                    </Trackpoint>
                    <Trackpoint>
                        <Time>2026-08-23T09:16:45.000+01:00</Time>
                        <Position>
                            <LatitudeDegrees>51.3115</LatitudeDegrees>
                            <LongitudeDegrees>-0.5546033333333333</LongitudeDegrees>
                        </Position>
                        <AltitudeMeters>25.81956422300013</AltitudeMeters>
                        <DistanceMeters>768.0610611290451</DistanceMeters>
                        <HeartRateBpm>
                            <Value>168</Value>
                        </HeartRateBpm>
                    </Trackpoint>
                    <Trackpoint>
                        <Time>2026-08-23T09:16:46.000+01:00</Time>
                        <Position>
                            <LatitudeDegrees>51.311481666666666</LatitudeDegrees>
                            <LongitudeDegrees>-0.5546233333333334</LongitudeDegrees>
                        </Position>
                        <AltitudeMeters>25.7019321036581</AltitudeMeters>
                        <DistanceMeters>770.5285006622644</DistanceMeters>
                    </Trackpoint>
                    <Trackpoint>
                        <Time>2026-08-23T09:16:47.000+01:00</Time>
                        <Position>
                            <LatitudeDegrees>51.311465</LatitudeDegrees>
                            <LongitudeDegrees>-0.5546433333333334</LongitudeDegrees>
                        </Position>
                        <AltitudeMeters>25.597602090465834</AltitudeMeters>
                        <DistanceMeters>772.8451805149085</DistanceMeters>
                    </Trackpoint>
                    <Trackpoint>
                        <Time>2026-08-23T09:16:48.000+01:00</Time>
                        <Position>
                            <LatitudeDegrees>51.31144666666667</LatitudeDegrees>
                            <LongitudeDegrees>-0.554665</LongitudeDegrees>
                        </Position>
                        <AltitudeMeters>25.505791314726807</AltitudeMeters>
                        <DistanceMeters>775.379693924488</DistanceMeters>
                        <HeartRateBpm>
                            <Value>168</Value>
                        </HeartRateBpm>
                    </Trackpoint>
                    <Trackpoint>
                        <Time>2026-08-23T09:16:49.000+01:00</Time>
                        <Position>
                            <LatitudeDegrees>51.31142666666667</LatitudeDegrees>
                            <LongitudeDegrees>-0.554685</LongitudeDegrees>
                        </Position>
                        <AltitudeMeters>25.42570354753544</AltitudeMeters>
                        <DistanceMeters>778.0023275298478</DistanceMeters>
                    </Trackpoint>
                    <Trackpoint>
                        <Time>2026-08-23T09:16:50.000+01:00</Time>
                        <Position>
                            <LatitudeDegrees>51.311405</LatitudeDegrees>
                            <LongitudeDegrees>-0.5547083333333334</LongitudeDegrees>
                        </Position>
                        <AltitudeMeters>25.35653838085469</AltitudeMeters>
                        <DistanceMeters>780.9065796034201</DistanceMeters>
                    </Trackpoint>
                    <Trackpoint>
                        <Time>2026-08-23T09:16:51.000+01:00</Time>
                        <Position>
                            <LatitudeDegrees>51.311385</LatitudeDegrees>
                            <LongitudeDegrees>-0.55473</LongitudeDegrees>
                        </Position>
                        <AltitudeMeters>25.29749923629275</AltitudeMeters>
                        <DistanceMeters>783.5924144565198</DistanceMeters>
                        <HeartRateBpm>
                            <Value>168</Value>
                        </HeartRateBpm>
                    </Trackpoint>
                    <Trackpoint>
                        <Time>2026-08-23T09:16:52.000+01:00</Time>
                        <Position>
                            <LatitudeDegrees>51.31136333333333</LatitudeDegrees>
                            <LongitudeDegrees>-0.5547483333333333</LongitudeDegrees>
                        </Position>
                        <AltitudeMeters>25.247800281619735</AltitudeMeters>
                        <DistanceMeters>786.3178848761974</DistanceMeters>
                        <HeartRateBpm>
                            <Value>169</Value>
                        </HeartRateBpm>
                    </Trackpoint>
                    <Trackpoint>
                        <Time>2026-08-23T09:16:53.000+01:00</Time>
                        <Position>
                            <LatitudeDegrees>51.31134</LatitudeDegrees>
                            <LongitudeDegrees>-0.554765</LongitudeDegrees>
                        </Position>
                        <AltitudeMeters>25.20667233468213</AltitudeMeters>
                        <DistanceMeters>789.1593101823265</DistanceMeters>
                    </Trackpoint>
                    <Trackpoint>
                        <Time>2026-08-23T09:16:54.000+01:00</Time>
                        <Position>
                            <LatitudeDegrees>51.31131833333333</LatitudeDegrees>
                            <LongitudeDegrees>-0.5547766666666667</LongitudeDegrees>
                        </Position>
                        <AltitudeMeters>25.173367833298254</AltitudeMeters>
                        <DistanceMeters>791.7013476049378</DistanceMeters>
                    </Trackpoint>
                    <Trackpoint>
                        <Time>2026-08-23T09:16:55.000+01:00</Time>
                        <Position>
                            <LatitudeDegrees>51.311296666666664</LatitudeDegrees>
                            <LongitudeDegrees>-0.5547866666666667</LongitudeDegrees>
                        </Position>
                        <AltitudeMeters>25.14716494805296</AltitudeMeters>
                        <DistanceMeters>794.2088354095645</DistanceMeters>
                        <HeartRateBpm>
                            <Value>169</Value>
                        </HeartRateBpm>
                    </Trackpoint>
                    <Trackpoint>
                        <Time>2026-08-23T09:16:57.000+01:00</Time>
                        <Position>
                            <LatitudeDegrees>51.31127333333333</LatitudeDegrees>
                            <LongitudeDegrees>-0.554795</LongitudeDegrees>
                        </Position>
                        <AltitudeMeters>25.113324644689417</AltitudeMeters>
                        <DistanceMeters>796.8672563467052</DistanceMeters>
                    </Trackpoint>
                    <Trackpoint>
                        <Time>2026-08-23T09:16:58.000+01:00</Time>
                        <Position>
                            <LatitudeDegrees>51.31123</LatitudeDegrees>
                            <LongitudeDegrees>-0.554795</LongitudeDegrees>
                        </Position>
                        <AltitudeMeters>25.10439872409333</AltitudeMeters>
                        <DistanceMeters>801.6857107307815</DistanceMeters>
                        <HeartRateBpm>
                            <Value>170</Value>
                        </HeartRateBpm>
                    </Trackpoint>
                    <Trackpoint>
                        <Time>2026-08-23T09:16:59.000+01:00</Time>
                        <Position>
                            <LatitudeDegrees>51.31121</LatitudeDegrees>
                            <LongitudeDegrees>-0.55479</LongitudeDegrees>
                        </Position>
                        <AltitudeMeters>25.100000798710482</AltitudeMeters>
                        <DistanceMeters>803.9366040042129</DistanceMeters>
                    </Trackpoint>
                    <Trackpoint>
                        <Time>2026-08-23T09:17:00.000+01:00</Time>
                        <Position>
                            <LatitudeDegrees>51.311191666666666</LatitudeDegrees>
                            <LongitudeDegrees>-0.5547833333333333</LongitudeDegrees>
                        </Position>
                        <AltitudeMeters>25.099574476419445</AltitudeMeters>
                        <DistanceMeters>806.0271819950949</DistanceMeters>
                        <HeartRateBpm>
                            <Value>168</Value>
                        </HeartRateBpm>
                    </Trackpoint>
                    <Trackpoint>
                        <Time>2026-08-23T09:17:01.000+01:00</Time>
                        <Position>
                            <LatitudeDegrees>51.311175</LatitudeDegrees>
                            <LongitudeDegrees>-0.5547766666666667</LongitudeDegrees>
                        </Position>
                        <AltitudeMeters>25.102599765018912</AltitudeMeters>
                        <DistanceMeters>807.9374863479931</DistanceMeters>
                    </Trackpoint>
                    <Trackpoint>
                        <Time>2026-08-23T09:17:02.000+01:00</Time>
                        <Position>
                            <LatitudeDegrees>51.31116</LatitudeDegrees>
                            <LongitudeDegrees>-0.55477</LongitudeDegrees>
                        </Position>
                        <AltitudeMeters>25.108593114859936</AltitudeMeters>
                        <DistanceMeters>809.6685842427011</DistanceMeters>
                        <HeartRateBpm>
                            <Value>170</Value>
                        </HeartRateBpm>
                    </Trackpoint>
                    <Trackpoint>
                        <Time>2026-08-23T09:17:03.000+01:00</Time>
                        <Position>
                            <LatitudeDegrees>51.311145</LatitudeDegrees>
                            <LongitudeDegrees>-0.5547616666666667</LongitudeDegrees>
                        </Position>
                        <AltitudeMeters>25.117107116317065</AltitudeMeters>
                        <DistanceMeters>811.4342231450457</DistanceMeters>
                    </Trackpoint>
                    <Trackpoint>
                        <Time>2026-08-23T09:17:04.000+01:00</Time>
                        <Position>
                            <LatitudeDegrees>51.31113</LatitudeDegrees>
                            <LongitudeDegrees>-0.5547466666666666</LongitudeDegrees>
                        </Position>
                        <AltitudeMeters>25.127729900453367</AltitudeMeters>
                        <DistanceMeters>813.4012019528764</DistanceMeters>
                    </Trackpoint>
                    <Trackpoint>
                        <Time>2026-08-23T09:17:05.000+01:00</Time>
                        <Position>
                            <LatitudeDegrees>51.31111666666666</LatitudeDegrees>
                            <LongitudeDegrees>-0.55473</LongitudeDegrees>
                        </Position>
                        <AltitudeMeters>25.140084287620272</AltitudeMeters>
                        <DistanceMeters>815.2827215337455</DistanceMeters>
                        <HeartRateBpm>
                            <Value>170</Value>
                        </HeartRateBpm>
                    </Trackpoint>
                    <Trackpoint>
                        <Time>2026-08-23T09:17:06.000+01:00</Time>
                        <Position>
                            <LatitudeDegrees>51.311103333333335</LatitudeDegrees>
                            <LongitudeDegrees>-0.5547116666666667</LongitudeDegrees>
                        </Position>
                        <AltitudeMeters>25.153826725179165</AltitudeMeters>
                        <DistanceMeters>817.2376994878808</DistanceMeters>
                        <HeartRateBpm>
                            <Value>169</Value>
                        </HeartRateBpm>
                    </Trackpoint>
                    <Trackpoint>
                        <Time>2026-08-23T09:17:07.000+01:00</Time>
                        <Position>
                            <LatitudeDegrees>51.31109</LatitudeDegrees>
                            <LongitudeDegrees>-0.5546916666666667</LongitudeDegrees>
                        </Position>
                        <AltitudeMeters>25.168646052062677</AltitudeMeters>
                        <DistanceMeters>819.2700877917478</DistanceMeters>
                    </Trackpoint>
                    <Trackpoint>
                        <Time>2026-08-23T09:17:08.000+01:00</Time>
                        <Position>
                            <LatitudeDegrees>51.31107333333333</LatitudeDegrees>
                            <LongitudeDegrees>-0.55468</LongitudeDegrees>
                        </Position>
                        <AltitudeMeters>25.18426212453091</AltitudeMeters>
                        <DistanceMeters>821.2929885557635</DistanceMeters>
                        <HeartRateBpm>
                            <Value>168</Value>
                        </HeartRateBpm>
                    </Trackpoint>
                    <Trackpoint>
                        <Time>2026-08-23T09:17:09.000+01:00</Time>
                        <Position>
                            <LatitudeDegrees>51.311056666666666</LatitudeDegrees>
                            <LongitudeDegrees>-0.5546783333333334</LongitudeDegrees>
                        </Position>
                        <AltitudeMeters>25.200424334238768</AltitudeMeters>
                        <DistanceMeters>823.1498574089109</DistanceMeters>
                    </Trackpoint>
                    <Trackpoint>
                        <Time>2026-08-23T09:17:10.000+01:00</Time>
                        <Position>
                            <LatitudeDegrees>51.311038333333336</LatitudeDegrees>
                            <LongitudeDegrees>-0.554685</LongitudeDegrees>
                        </Position>
                        <AltitudeMeters>25.2169100466287</AltitudeMeters>
                        <DistanceMeters>825.2404357430183</DistanceMeters>
                        <HeartRateBpm>
                            <Value>169</Value>
                        </HeartRateBpm>
                    </Trackpoint>
                    <Trackpoint>
                        <Time>2026-08-23T09:17:11.000+01:00</Time>
                        <Position>
                            <LatitudeDegrees>51.31101833333334</LatitudeDegrees>
                            <LongitudeDegrees>-0.5546983333333333</LongitudeDegrees>
                        </Position>
                        <AltitudeMeters>25.23352298470973</AltitudeMeters>
                        <DistanceMeters>827.6497156428782</DistanceMeters>
                    </Trackpoint>
                    <Trackpoint>
                        <Time>2026-08-23T09:17:12.000+01:00</Time>
                        <Position>
                            <LatitudeDegrees>51.31099833333333</LatitudeDegrees>
                            <LongitudeDegrees>-0.5547166666666666</LongitudeDegrees>
                        </Position>
                        <AltitudeMeters>25.250091580486217</AltitudeMeters>
                        <DistanceMeters>830.2128347298438</DistanceMeters>
                        <HeartRateBpm>
                            <Value>167</Value>
                        </HeartRateBpm>
                    </Trackpoint>
                    <Trackpoint>
                        <Time>2026-08-23T09:17:13.000+01:00</Time>
                        <Position>
                            <LatitudeDegrees>51.31098</LatitudeDegrees>
                            <LongitudeDegrees>-0.5547383333333333</LongitudeDegrees>
                        </Position>
                        <AltitudeMeters>25.26646731366405</AltitudeMeters>
                        <DistanceMeters>832.7473572404252</DistanceMeters>
                    </Trackpoint>
                    <Trackpoint>
                        <Time>2026-08-23T09:17:14.000+01:00</Time>
                        <Position>
                            <LatitudeDegrees>51.310966666666666</LatitudeDegrees>
                            <LongitudeDegrees>-0.5547633333333334</LongitudeDegrees>
                        </Position>
                        <AltitudeMeters>25.282523054791078</AltitudeMeters>
                        <DistanceMeters>835.0315742055789</DistanceMeters>
                    </Trackpoint>
                    <Trackpoint>
                        <Time>2026-08-23T09:17:15.000+01:00</Time>
                        <Position>
                            <LatitudeDegrees>51.31095333333333</LatitudeDegrees>
                            <LongitudeDegrees>-0.5547916666666667</LongitudeDegrees>
                        </Position>
                        <AltitudeMeters>25.29815142768377</AltitudeMeters>
                        <DistanceMeters>837.4966382782069</DistanceMeters>
                        <HeartRateBpm>
                            <Value>167</Value>
                        </HeartRateBpm>
                    </Trackpoint>
                    <Trackpoint>
                        <Time>2026-08-23T09:17:16.000+01:00</Time>
                        <Position>
                            <LatitudeDegrees>51.310943333333334</LatitudeDegrees>
                            <LongitudeDegrees>-0.5548216666666667</LongitudeDegrees>
                        </Position>
                        <AltitudeMeters>25.313263203853122</AltitudeMeters>
                        <DistanceMeters>839.8598094398352</DistanceMeters>
                        <HeartRateBpm>
                            <Value>166</Value>
                        </HeartRateBpm>
                    </Trackpoint>
                    <Trackpoint>
                        <Time>2026-08-23T09:17:17.000+01:00</Time>
                        <Position>
                            <LatitudeDegrees>51.31093666666666</LatitudeDegrees>
                            <LongitudeDegrees>-0.554855</LongitudeDegrees>
                        </Position>
                        <AltitudeMeters>25.327785739667366</AltitudeMeters>
                        <DistanceMeters>842.2924224957252</DistanceMeters>
                        <HeartRateBpm>
                            <Value>168</Value>
                        </HeartRateBpm>
                    </Trackpoint>
                    <Trackpoint>
                        <Time>2026-08-23T09:17:18.000+01:00</Time>
                        <Position>
                            <LatitudeDegrees>51.31093166666667</LatitudeDegrees>
                            <LongitudeDegrees>-0.55489</LongitudeDegrees>
                        </Position>
                        <AltitudeMeters>25.34166146517434</AltitudeMeters>
                        <DistanceMeters>844.7879020116153</DistanceMeters>
                    </Trackpoint>
                    <Trackpoint>
                        <Time>2026-08-23T09:17:19.000+01:00</Time>
                        <Position>
                            <LatitudeDegrees>51.31092666666667</LatitudeDegrees>
                            <LongitudeDegrees>-0.554925</LongitudeDegrees>
                        </Position>
                        <AltitudeMeters>25.35484643184792</AltitudeMeters>
                        <DistanceMeters>847.2833817861018</DistanceMeters>
                        <HeartRateBpm>
                            <Value>166</Value>
                        </HeartRateBpm>
                    </Trackpoint>
                    <Trackpoint>
                        <Time>2026-08-23T09:17:20.000+01:00</Time>
                        <Position>
                            <LatitudeDegrees>51.310925</LatitudeDegrees>
                            <LongitudeDegrees>-0.5549633333333334</LongitudeDegrees>
                        </Position>
                        <AltitudeMeters>25.36730892501547</AltitudeMeters>
                        <DistanceMeters>849.9542683540054</DistanceMeters>
                    </Trackpoint>
                    <Trackpoint>
                        <Time>2026-08-23T09:17:21.000+01:00</Time>
                        <Position>
                            <LatitudeDegrees>51.310921666666665</LatitudeDegrees>
                            <LongitudeDegrees>-0.5549983333333334</LongitudeDegrees>
                        </Position>
                        <AltitudeMeters>25.37902814536116</AltitudeMeters>
                        <DistanceMeters>852.4151002701057</DistanceMeters>
                        <HeartRateBpm>
                            <Value>167</Value>
                        </HeartRateBpm>
                    </Trackpoint>
                    <Trackpoint>
                        <Time>2026-08-23T09:17:22.000+01:00</Time>
                        <Position>
                            <LatitudeDegrees>51.31091833333333</LatitudeDegrees>
                            <LongitudeDegrees>-0.5550316666666667</LongitudeDegrees>
                        </Position>
                        <AltitudeMeters>25.38999296267666</AltitudeMeters>
                        <DistanceMeters>854.761473203199</DistanceMeters>
                    </Trackpoint>
                    <Trackpoint>
                        <Time>2026-08-23T09:17:23.000+01:00</Time>
                        <Position>
                            <LatitudeDegrees>51.31091333333333</LatitudeDegrees>
                            <LongitudeDegrees>-0.5550633333333334</LongitudeDegrees>
                        </Position>
                        <AltitudeMeters>25.40020074393911</AltitudeMeters>
                        <DistanceMeters>857.0316726868625</DistanceMeters>
                    </Trackpoint>
                    <Trackpoint>
                        <Time>2026-08-23T09:17:24.000+01:00</Time>
                        <Position>
                            <LatitudeDegrees>51.31091</LatitudeDegrees>
                            <LongitudeDegrees>-0.5550916666666666</LongitudeDegrees>
                        </Position>
                        <AltitudeMeters>25.409656256829376</AltitudeMeters>
                        <DistanceMeters>859.0356247734428</DistanceMeters>
                        <HeartRateBpm>
                            <Value>167</Value>
                        </HeartRateBpm>
                    </Trackpoint>
                    <Trackpoint>
                        <Time>2026-08-23T09:17:25.000+01:00</Time>
                        <Position>
                            <LatitudeDegrees>51.310905</LatitudeDegrees>
                            <LongitudeDegrees>-0.5551183333333334</LongitudeDegrees>
                        </Position>
                        <AltitudeMeters>25.418370648953932</AltitudeMeters>
                        <DistanceMeters>860.9707435209932</DistanceMeters>
                    </Trackpoint>
                    <Trackpoint>
                        <Time>2026-08-23T09:17:26.000+01:00</Time>
                        <Position>
                            <LatitudeDegrees>51.3109</LatitudeDegrees>
                            <LongitudeDegrees>-0.555145</LongitudeDegrees>
                        </Position>
                        <AltitudeMeters>25.46646650793363</AltitudeMeters>
                        <DistanceMeters>862.9058624619917</DistanceMeters>
                    </Trackpoint>
                    <Trackpoint>
                        <Time>2026-08-23T09:17:27.000+01:00</Time>
                        <Position>
                            <LatitudeDegrees>51.310896666666665</LatitudeDegrees>
                            <LongitudeDegrees>-0.5551733333333333</LongitudeDegrees>
                        </Position>
                        <AltitudeMeters>25.51102659287411</AltitudeMeters>
                        <DistanceMeters>864.9098151109665</DistanceMeters>
                        <HeartRateBpm>
                            <Value>166</Value>
                        </HeartRateBpm>
                    </Trackpoint>
                    <Trackpoint>
                        <Time>2026-08-23T09:17:28.000+01:00</Time>
                        <Position>
                            <LatitudeDegrees>51.31089166666667</LatitudeDegrees>
                            <LongitudeDegrees>-0.5552016666666667</LongitudeDegrees>
                        </Position>
                        <AltitudeMeters>25.552102202040466</AltitudeMeters>
                        <DistanceMeters>866.956166501568</DistanceMeters>
                    </Trackpoint>
                    <Trackpoint>
                        <Time>2026-08-23T09:17:29.000+01:00</Time>
                        <Position>
                            <LatitudeDegrees>51.31088833333333</LatitudeDegrees>
                            <LongitudeDegrees>-0.55523</LongitudeDegrees>
                        </Position>
                        <AltitudeMeters>25.58977033103852</AltitudeMeters>
                        <DistanceMeters>868.9601195021704</DistanceMeters>
                        <HeartRateBpm>
                            <Value>168</Value>
                        </HeartRateBpm>
                    </Trackpoint>
                    <Trackpoint>
                        <Time>2026-08-23T09:17:30.000+01:00</Time>
                        <Position>
                            <LatitudeDegrees>51.31088666666667</LatitudeDegrees>
                            <LongitudeDegrees>-0.5552633333333333</LongitudeDegrees>
                        </Position>
                        <AltitudeMeters>25.624129565253877</AltitudeMeters>
                        <DistanceMeters>871.2844338722841</DistanceMeters>
                        <HeartRateBpm>
                            <Value>168</Value>
                        </HeartRateBpm>
                    </Trackpoint>
                    <Trackpoint>
                        <Time>2026-08-23T09:17:31.000+01:00</Time>
                        <Position>
                            <LatitudeDegrees>51.310885</LatitudeDegrees>
                            <LongitudeDegrees>-0.5552983333333333</LongitudeDegrees>
                        </Position>
                        <AltitudeMeters>25.655296313039052</AltitudeMeters>
                        <DistanceMeters>873.7242427046194</DistanceMeters>
                        <HeartRateBpm>
                            <Value>167</Value>
                        </HeartRateBpm>
                    </Trackpoint>
                    <Trackpoint>
                        <Time>2026-08-23T09:17:32.000+01:00</Time>
                        <Position>
                            <LatitudeDegrees>51.310885</LatitudeDegrees>
                            <LongitudeDegrees>-0.555335</LongitudeDegrees>
                        </Position>
                        <AltitudeMeters>25.683401369790023</AltitudeMeters>
                        <DistanceMeters>876.2728485733883</DistanceMeters>
                    </Trackpoint>
                    <Trackpoint>
                        <Time>2026-08-23T09:17:33.000+01:00</Time>
                        <Position>
                            <LatitudeDegrees>51.310885</LatitudeDegrees>
                            <LongitudeDegrees>-0.5553733333333334</LongitudeDegrees>
                        </Position>
                        <AltitudeMeters>25.708586801271466</AltitudeMeters>
                        <DistanceMeters>878.9373001634623</DistanceMeters>
                    </Trackpoint>
                    <Trackpoint>
                        <Time>2026-08-23T09:17:34.000+01:00</Time>
                        <Position>
                            <LatitudeDegrees>51.31088666666667</LatitudeDegrees>
                            <LongitudeDegrees>-0.5554116666666666</LongitudeDegrees>
                        </Position>
                        <AltitudeMeters>25.731003133111084</AltitudeMeters>
                        <DistanceMeters>881.6081890484976</DistanceMeters>
                        <HeartRateBpm>
                            <Value>167</Value>
                        </HeartRateBpm>
                    </Trackpoint>
                    <Trackpoint>
                        <Time>2026-08-23T09:17:35.000+01:00</Time>
                        <Position>
                            <LatitudeDegrees>51.31089166666667</LatitudeDegrees>
                            <LongitudeDegrees>-0.55545</LongitudeDegrees>
                        </Position>
                        <AltitudeMeters>25.750806832256448</AltitudeMeters>
                        <DistanceMeters>884.3300284540796</DistanceMeters>
                        <HeartRateBpm>
                            <Value>165</Value>
                        </HeartRateBpm>
                    </Trackpoint>
                    <Trackpoint>
                        <Time>2026-08-23T09:17:36.000+01:00</Time>
                        <Position>
                            <LatitudeDegrees>51.3109</LatitudeDegrees>
                            <LongitudeDegrees>-0.555485</LongitudeDegrees>
                        </Position>
                        <AltitudeMeters>25.768158065341815</AltitudeMeters>
                        <DistanceMeters>886.9332869107274</DistanceMeters>
                    </Trackpoint>
                    <Trackpoint>
                        <Time>2026-08-23T09:17:37.000+01:00</Time>
                        <Position>
                            <LatitudeDegrees>51.31091166666667</LatitudeDegrees>
                            <LongitudeDegrees>-0.5555183333333333</LongitudeDegrees>
                        </Position>
                        <AltitudeMeters>25.783218718318224</AltitudeMeters>
                        <DistanceMeters>889.5886612859971</DistanceMeters>
                        <HeartRateBpm>
                            <Value>169</Value>
                        </HeartRateBpm>
                    </Trackpoint>
                    <Trackpoint>
                        <Time>2026-08-23T09:17:38.000+01:00</Time>
                        <Position>
                            <LatitudeDegrees>51.31092666666667</LatitudeDegrees>
                            <LongitudeDegrees>-0.55555</LongitudeDegrees>
                        </Position>
                        <AltitudeMeters>25.796150661330174</AltitudeMeters>
                        <DistanceMeters>892.3503048360566</DistanceMeters>
                    </Trackpoint>
                    <Trackpoint>
                        <Time>2026-08-23T09:17:39.000+01:00</Time>
                        <Position>
                            <LatitudeDegrees>51.310945</LatitudeDegrees>
                            <LongitudeDegrees>-0.5555766666666667</LongitudeDegrees>
                        </Position>
                        <AltitudeMeters>25.807114242650336</AltitudeMeters>
                        <DistanceMeters>895.105548409996</DistanceMeters>
                        <HeartRateBpm>
                            <Value>166</Value>
                        </HeartRateBpm>
                    </Trackpoint>
                    <Trackpoint>
                        <Time>2026-08-23T09:17:40.000+01:00</Time>
                        <Position>
                            <LatitudeDegrees>51.31096333333333</LatitudeDegrees>
                            <LongitudeDegrees>-0.5556</LongitudeDegrees>
                        </Position>
                        <AltitudeMeters>25.816266995485243</AltitudeMeters>
                        <DistanceMeters>897.7105729718804</DistanceMeters>
                    </Trackpoint>
                    <Trackpoint>
                        <Time>2026-08-23T09:17:41.000+01:00</Time>
                        <Position>
                            <LatitudeDegrees>51.31098166666666</LatitudeDegrees>
                            <LongitudeDegrees>-0.55562</LongitudeDegrees>
                        </Position>
                        <AltitudeMeters>25.82376254161717</AltitudeMeters>
                        <DistanceMeters>900.1780213519097</DistanceMeters>
                        <HeartRateBpm>
                            <Value>168</Value>
                        </HeartRateBpm>
                    </Trackpoint>
                    <Trackpoint>
                        <Time>2026-08-23T09:17:42.000+01:00</Time>
                        <Position>
                            <LatitudeDegrees>51.311</LatitudeDegrees>
                            <LongitudeDegrees>-0.5556383333333333</LongitudeDegrees>
                        </Position>
                        <AltitudeMeters>25.829749676128838</AltitudeMeters>
                        <DistanceMeters>902.5821087195718</DistanceMeters>
                    </Trackpoint>
                    <Trackpoint>
                        <Time>2026-08-23T09:17:43.000+01:00</Time>
                        <Position>
                            <LatitudeDegrees>51.31102</LatitudeDegrees>
                            <LongitudeDegrees>-0.5556533333333333</LongitudeDegrees>
                        </Position>
                        <AltitudeMeters>25.834371617848806</AltitudeMeters>
                        <DistanceMeters>905.0382791150881</DistanceMeters>
                        <HeartRateBpm>
                            <Value>165</Value>
                        </HeartRateBpm>
                    </Trackpoint>
                    <Trackpoint>
                        <Time>2026-08-23T09:17:44.000+01:00</Time>
                        <Position>
                            <LatitudeDegrees>51.311038333333336</LatitudeDegrees>
                            <LongitudeDegrees>-0.5556666666666666</LongitudeDegrees>
                        </Position>
                        <AltitudeMeters>25.837765410638024</AltitudeMeters>
                        <DistanceMeters>907.2776283486204</DistanceMeters>
                    </Trackpoint>
                    <Trackpoint>
                        <Time>2026-08-23T09:17:45.000+01:00</Time>
                        <Position>
                            <LatitudeDegrees>51.311058333333335</LatitudeDegrees>
                            <LongitudeDegrees>-0.55568</LongitudeDegrees>
                        </Position>
                        <AltitudeMeters>25.840061461195656</AltitudeMeters>
                        <DistanceMeters>909.6869080937464</DistanceMeters>
                        <HeartRateBpm>
                            <Value>166</Value>
                        </HeartRateBpm>
                    </Trackpoint>
                    <Trackpoint>
                        <Time>2026-08-23T09:17:46.000+01:00</Time>
                        <Position>
                            <LatitudeDegrees>51.311078333333334</LatitudeDegrees>
                            <LongitudeDegrees>-0.555695</LongitudeDegrees>
                        </Position>
                        <AltitudeMeters>25.8413831996798</AltitudeMeters>
                        <DistanceMeters>912.1430779259827</DistanceMeters>
                    </Trackpoint>
                    <Trackpoint>
                        <Time>2026-08-23T09:17:47.000+01:00</Time>
                        <Position>
                            <LatitudeDegrees>51.311098333333334</LatitudeDegrees>
                            <LongitudeDegrees>-0.5557116666666667</LongitudeDegrees>
                        </Position>
                        <AltitudeMeters>25.841846850102435</AltitudeMeters>
                        <DistanceMeters>914.6506168453541</DistanceMeters>
                    </Trackpoint>
                    <Trackpoint>
                        <Time>2026-08-23T09:17:48.000+01:00</Time>
                        <Position>
                            <LatitudeDegrees>51.31112</LatitudeDegrees>
                            <LongitudeDegrees>-0.55573</LongitudeDegrees>
                        </Position>
                        <AltitudeMeters>25.841561298155572</AltitudeMeters>
                        <DistanceMeters>917.3760907059941</DistanceMeters>
                        <HeartRateBpm>
                            <Value>166</Value>
                        </HeartRateBpm>
                    </Trackpoint>
                    <Trackpoint>
                        <Time>2026-08-23T09:17:49.000+01:00</Time>
                        <Position>
                            <LatitudeDegrees>51.311143333333334</LatitudeDegrees>
                            <LongitudeDegrees>-0.55575</LongitudeDegrees>
                        </Position>
                        <AltitudeMeters>25.840628044846213</AltitudeMeters>
                        <DistanceMeters>920.3195910815627</DistanceMeters>
                        <HeartRateBpm>
                            <Value>167</Value>
                        </HeartRateBpm>
                    </Trackpoint>
                    <Trackpoint>
                        <Time>2026-08-23T09:17:50.000+01:00</Time>
                        <Position>
                            <LatitudeDegrees>51.311166666666665</LatitudeDegrees>
                            <LongitudeDegrees>-0.5557683333333333</LongitudeDegrees>
                        </Position>
                        <AltitudeMeters>25.87924724069161</AltitudeMeters>
                        <DistanceMeters>923.2101845860302</DistanceMeters>
                    </Trackpoint>
                    <Trackpoint>
                        <Time>2026-08-23T09:17:51.000+01:00</Time>
                        <Position>
                            <LatitudeDegrees>51.31119</LatitudeDegrees>
                            <LongitudeDegrees>-0.5557866666666667</LongitudeDegrees>
                        </Position>
                        <AltitudeMeters>25.914567381954196</AltitudeMeters>
                        <DistanceMeters>926.1007778060963</DistanceMeters>
                        <HeartRateBpm>
                            <Value>166</Value>
                        </HeartRateBpm>
                    </Trackpoint>
                    <Trackpoint>
                        <Time>2026-08-23T09:17:52.000+01:00</Time>
                        <Position>
                            <LatitudeDegrees>51.311211666666665</LatitudeDegrees>
                            <LongitudeDegrees>-0.555805</LongitudeDegrees>
                        </Position>
                        <AltitudeMeters>25.946694625982605</AltitudeMeters>
                        <DistanceMeters>928.8262504758427</DistanceMeters>
                    </Trackpoint>
                    <Trackpoint>
                        <Time>2026-08-23T09:17:53.000+01:00</Time>
                        <Position>
                            <LatitudeDegrees>51.311233333333334</LatitudeDegrees>
                            <LongitudeDegrees>-0.555825</LongitudeDegrees>
                        </Position>
                        <AltitudeMeters>25.975750873387277</AltitudeMeters>
                        <DistanceMeters>931.6077717363136</DistanceMeters>
                        <HeartRateBpm>
                            <Value>169</Value>
                        </HeartRateBpm>
                    </Trackpoint>
                    <Trackpoint>
                        <Time>2026-08-23T09:17:54.000+01:00</Time>
                        <Position>
                            <LatitudeDegrees>51.31125333333333</LatitudeDegrees>
                            <LongitudeDegrees>-0.555845</LongitudeDegrees>
                        </Position>
                        <AltitudeMeters>26.001870555316046</AltitudeMeters>
                        <DistanceMeters>934.2304084457855</DistanceMeters>
                    </Trackpoint>
                    <Trackpoint>
                        <Time>2026-08-23T09:17:55.000+01:00</Time>
                        <Position>
                            <LatitudeDegrees>51.311275</LatitudeDegrees>
                            <LongitudeDegrees>-0.5558683333333333</LongitudeDegrees>
                        </Position>
                        <AltitudeMeters>26.025197727829415</AltitudeMeters>
                        <DistanceMeters>937.1346635136026</DistanceMeters>
                        <HeartRateBpm>
                            <Value>167</Value>
                        </HeartRateBpm>
                    </Trackpoint>
                    <Trackpoint>
                        <Time>2026-08-23T09:17:56.000+01:00</Time>
                        <Position>
                            <LatitudeDegrees>51.311295</LatitudeDegrees>
                            <LongitudeDegrees>-0.5558916666666667</LongitudeDegrees>
                        </Position>
                        <AltitudeMeters>26.04588345993235</AltitudeMeters>
                        <DistanceMeters>939.8871278008696</DistanceMeters>
                    </Trackpoint>
                    <Trackpoint>
                        <Time>2026-08-23T09:17:57.000+01:00</Time>
                        <Position>
                            <LatitudeDegrees>51.31131666666667</LatitudeDegrees>
                            <LongitudeDegrees>-0.555915</LongitudeDegrees>
                        </Position>
                        <AltitudeMeters>26.104189506497104</AltitudeMeters>
                        <DistanceMeters>942.791382046257</DistanceMeters>
                        <HeartRateBpm>
                            <Value>168</Value>
                        </HeartRateBpm>
                    </Trackpoint>
                    <Trackpoint>
                        <Time>2026-08-23T09:17:58.000+01:00</Time>
                        <Position>
                            <LatitudeDegrees>51.31133833333333</LatitudeDegrees>
                            <LongitudeDegrees>-0.5559383333333333</LongitudeDegrees>
                        </Position>
                        <AltitudeMeters>26.1573358425996</AltitudeMeters>
                        <DistanceMeters>945.6956358627978</DistanceMeters>
                    </Trackpoint>
                    <Trackpoint>
                        <Time>2026-08-23T09:17:59.000+01:00</Time>
                        <Position>
                            <LatitudeDegrees>51.31136</LatitudeDegrees>
                            <LongitudeDegrees>-0.555965</LongitudeDegrees>
                        </Position>
                        <AltitudeMeters>26.245614015815445</AltitudeMeters>
                        <DistanceMeters>948.7353538318544</DistanceMeters>
                        <HeartRateBpm>
                            <Value>167</Value>
                        </HeartRateBpm>
                    </Trackpoint>
                    <Trackpoint>
                        <Time>2026-08-23T09:18:00.000+01:00</Time>
                        <Position>
                            <LatitudeDegrees>51.31137833333333</LatitudeDegrees>
                            <LongitudeDegrees>-0.55599</LongitudeDegrees>
                        </Position>
                        <AltitudeMeters>26.326293048685656</AltitudeMeters>
                        <DistanceMeters>951.4140258675917</DistanceMeters>
                        <HeartRateBpm>
                            <Value>168</Value>
                        </HeartRateBpm>
                    </Trackpoint>
                    <Trackpoint>
                        <Time>2026-08-23T09:18:01.000+01:00</Time>
                        <Position>
                            <LatitudeDegrees>51.311395</LatitudeDegrees>
                            <LongitudeDegrees>-0.55602</LongitudeDegrees>
                        </Position>
                        <AltitudeMeters>26.39962378815994</AltitudeMeters>
                        <DistanceMeters>954.2037573286323</DistanceMeters>
                    </Trackpoint>
                    <Trackpoint>
                        <Time>2026-08-23T09:18:02.000+01:00</Time>
                        <Position>
                            <LatitudeDegrees>51.31141</LatitudeDegrees>
                            <LongitudeDegrees>-0.5560533333333333</LongitudeDegrees>
                        </Position>
                        <AltitudeMeters>26.505998457523184</AltitudeMeters>
                        <DistanceMeters>957.0585690990004</DistanceMeters>
                        <HeartRateBpm>
                            <Value>167</Value>
                        </HeartRateBpm>
                    </Trackpoint>
                    <Trackpoint>
                        <Time>2026-08-23T09:18:03.000+01:00</Time>
                        <Position>
                            <LatitudeDegrees>51.311425</LatitudeDegrees>
                            <LongitudeDegrees>-0.5560833333333334</LongitudeDegrees>
                        </Position>
                        <AltitudeMeters>26.60279292623115</AltitudeMeters>
                        <DistanceMeters>959.7287812321157</DistanceMeters>
                    </Trackpoint>
                    <Trackpoint>
                        <Time>2026-08-23T09:18:04.000+01:00</Time>
                        <Position>
                            <LatitudeDegrees>51.31144</LatitudeDegrees>
                            <LongitudeDegrees>-0.5561116666666667</LongitudeDegrees>
                        </Position>
                        <AltitudeMeters>26.730475255344157</AltitudeMeters>
                        <DistanceMeters>962.3095433505667</DistanceMeters>
                    </Trackpoint>
                    <Trackpoint>
                        <Time>2026-08-23T09:18:05.000+01:00</Time>
                        <Position>
                            <LatitudeDegrees>51.311458333333334</LatitudeDegrees>
                            <LongitudeDegrees>-0.5561333333333334</LongitudeDegrees>
                        </Position>
                        <AltitudeMeters>26.846507235179587</AltitudeMeters>
                        <DistanceMeters>964.8440568913024</DistanceMeters>
                        <HeartRateBpm>
                            <Value>167</Value>
                        </HeartRateBpm>
                    </Trackpoint>
                    <Trackpoint>
                        <Time>2026-08-23T09:18:06.000+01:00</Time>
                        <Position>
                            <LatitudeDegrees>51.31147833333333</LatitudeDegrees>
                            <LongitudeDegrees>-0.5561483333333334</LongitudeDegrees>
                        </Position>
                        <AltitudeMeters>26.99145079997961</AltitudeMeters>
                        <DistanceMeters>967.3002228653953</DistanceMeters>
                    </Trackpoint>
                    <Trackpoint>
                        <Time>2026-08-23T09:18:07.000+01:00</Time>
                        <Position>
                            <LatitudeDegrees>51.311503333333334</LatitudeDegrees>
                            <LongitudeDegrees>-0.5561533333333333</LongitudeDegrees>
                        </Position>
                        <AltitudeMeters>27.122867641812547</AltitudeMeters>
                        <DistanceMeters>970.1017399493417</DistanceMeters>
                    </Trackpoint>
                    <Trackpoint>
                        <Time>2026-08-23T09:18:08.000+01:00</Time>
                        <Position>
                            <LatitudeDegrees>51.311528333333335</LatitudeDegrees>
                            <LongitudeDegrees>-0.5561533333333333</LongitudeDegrees>
                        </Position>
                        <AltitudeMeters>27.241317893476992</AltitudeMeters>
                        <DistanceMeters>972.8816174791606</DistanceMeters>
                        <HeartRateBpm>
                            <Value>166</Value>
                        </HeartRateBpm>
                    </Trackpoint>
                    <Trackpoint>
                        <Time>2026-08-23T09:18:09.000+01:00</Time>
                        <Position>
                            <LatitudeDegrees>51.311555</LatitudeDegrees>
                            <LongitudeDegrees>-0.5561516666666667</LongitudeDegrees>
                        </Position>
                        <AltitudeMeters>27.347408601007356</AltitudeMeters>
                        <DistanceMeters>975.8490822022985</DistanceMeters>
                    </Trackpoint>
                    <Trackpoint>
                        <Time>2026-08-23T09:18:10.000+01:00</Time>
                        <Position>
                            <LatitudeDegrees>51.31158166666667</LatitudeDegrees>
                            <LongitudeDegrees>-0.55615</LongitudeDegrees>
                        </Position>
                        <AltitudeMeters>27.48188788428876</AltitudeMeters>
                        <DistanceMeters>978.8165469242219</DistanceMeters>
                        <HeartRateBpm>
                            <Value>165</Value>
                        </HeartRateBpm>
                    </Trackpoint>
                    <Trackpoint>
                        <Time>2026-08-23T09:18:11.000+01:00</Time>
                        <Position>
                            <LatitudeDegrees>51.31160833333333</LatitudeDegrees>
                            <LongitudeDegrees>-0.5561483333333334</LongitudeDegrees>
                        </Position>
                        <AltitudeMeters>27.6024839308959</AltitudeMeters>
                        <DistanceMeters>981.7840116421037</DistanceMeters>
                    </Trackpoint>
                    <Trackpoint>
                        <Time>2026-08-23T09:18:12.000+01:00</Time>
                        <Position>
                            <LatitudeDegrees>51.31163333333333</LatitudeDegrees>
                            <LongitudeDegrees>-0.556145</LongitudeDegrees>
                        </Position>
                        <AltitudeMeters>27.70990472542531</AltitudeMeters>
                        <DistanceMeters>984.5735274215291</DistanceMeters>
                        <HeartRateBpm>
                            <Value>167</Value>
                        </HeartRateBpm>
                    </Trackpoint>
                    <Trackpoint>
                        <Time>2026-08-23T09:18:13.000+01:00</Time>
                        <Position>
                            <LatitudeDegrees>51.311656666666664</LatitudeDegrees>
                            <LongitudeDegrees>-0.55614</LongitudeDegrees>
                        </Position>
                        <AltitudeMeters>27.804887604080434</AltitudeMeters>
                        <DistanceMeters>987.1912516295312</DistanceMeters>
                    </Trackpoint>
                    <Trackpoint>
                        <Time>2026-08-23T09:18:14.000+01:00</Time>
                        <Position>
                            <LatitudeDegrees>51.31167666666666</LatitudeDegrees>
                            <LongitudeDegrees>-0.5561316666666667</LongitudeDegrees>
                        </Position>
                        <AltitudeMeters>27.928294518232235</AltitudeMeters>
                        <DistanceMeters>989.4893453089496</DistanceMeters>
                        <HeartRateBpm>
                            <Value>165</Value>
                        </HeartRateBpm>
                    </Trackpoint>
                    <Trackpoint>
                        <Time>2026-08-23T09:18:15.000+01:00</Time>
                        <Position>
                            <LatitudeDegrees>51.311688333333336</LatitudeDegrees>
                            <LongitudeDegrees>-0.5561233333333333</LongitudeDegrees>
                        </Position>
                        <AltitudeMeters>28.03795213904094</AltitudeMeters>
                        <DistanceMeters>990.9100562596593</DistanceMeters>
                    </Trackpoint>
                    <Trackpoint>
                        <Time>2026-08-23T09:18:16.000+01:00</Time>
                        <Position>
                            <LatitudeDegrees>51.31169666666667</LatitudeDegrees>
                            <LongitudeDegrees>-0.556115</LongitudeDegrees>
                        </Position>
                        <AltitudeMeters>28.134652694025217</AltitudeMeters>
                        <DistanceMeters>992.0028185498578</DistanceMeters>
                    </Trackpoint>
                    <Trackpoint>
                        <Time>2026-08-23T09:18:17.000+01:00</Time>
                        <Position>
                            <LatitudeDegrees>51.3117</LatitudeDegrees>
                            <LongitudeDegrees>-0.5561083333333333</LongitudeDegrees>
                        </Position>
                        <AltitudeMeters>28.21920461548983</AltitudeMeters>
                        <DistanceMeters>992.5961968090804</DistanceMeters>
                        <HeartRateBpm>
                            <Value>165</Value>
                        </HeartRateBpm>
                    </Trackpoint>
                    <Trackpoint>
                        <Time>2026-08-23T09:18:18.000+01:00</Time>
                        <Position>
                            <LatitudeDegrees>51.311701666666664</LatitudeDegrees>
                            <LongitudeDegrees>-0.5561066666666666</LongitudeDegrees>
                        </Position>
                        <AltitudeMeters>28.29242287047014</AltitudeMeters>
                        <DistanceMeters>992.8147492556075</DistanceMeters>
                        <HeartRateBpm>
                            <Value>163</Value>
                        </HeartRateBpm>
                    </Trackpoint>
                    <Trackpoint>
                        <Time>2026-08-23T09:18:19.000+01:00</Time>
                        <Position>
                            <LatitudeDegrees>51.3117</LatitudeDegrees>
                            <LongitudeDegrees>-0.5561116666666667</LongitudeDegrees>
                        </Position>
                        <AltitudeMeters>28.355120505539965</AltitudeMeters>
                        <DistanceMeters>993.2086060865182</DistanceMeters>
                    </Trackpoint>
                    <Trackpoint>
                        <Time>2026-08-23T09:18:20.000+01:00</Time>
                        <Position>
                            <LatitudeDegrees>51.3117</LatitudeDegrees>
                            <LongitudeDegrees>-0.55613</LongitudeDegrees>
                        </Position>
                        <AltitudeMeters>28.408101324986067</AltitudeMeters>
                        <DistanceMeters>994.4828863867205</DistanceMeters>
                        <HeartRateBpm>
                            <Value>161</Value>
                        </HeartRateBpm>
                    </Trackpoint>
                    <Trackpoint>
                        <Time>2026-08-23T09:18:21.000+01:00</Time>
                        <Position>
                            <LatitudeDegrees>51.31169833333333</LatitudeDegrees>
                            <LongitudeDegrees>-0.5561566666666666</LongitudeDegrees>
                        </Position>
                        <AltitudeMeters>28.452153621044655</AltitudeMeters>
                        <DistanceMeters>996.345627021299</DistanceMeters>
                    </Trackpoint>
                    <Trackpoint>
                        <Time>2026-08-23T09:18:22.000+01:00</Time>
                        <Position>
                            <LatitudeDegrees>51.31169666666667</LatitudeDegrees>
                            <LongitudeDegrees>-0.556195</LongitudeDegrees>
                        </Position>
                        <AltitudeMeters>28.488044875819448</AltitudeMeters>
                        <DistanceMeters>999.0164688874308</DistanceMeters>
                        <HeartRateBpm>
                            <Value>166</Value>
                        </HeartRateBpm>
                    </Trackpoint>
                    <Trackpoint>
                        <Time>2026-08-23T09:18:23.000+01:00</Time>
                        <Position>
                            <LatitudeDegrees>51.31169333333333</LatitudeDegrees>
                            <LongitudeDegrees>-0.5562433333333333</LongitudeDegrees>
                        </Position>
                        <AltitudeMeters>28.51651735605205</AltitudeMeters>
                        <DistanceMeters>1002.3963205987586</DistanceMeters>
                        <HeartRateBpm>
                            <Value>163</Value>
                        </HeartRateBpm>
                    </Trackpoint>
                    <Trackpoint>
                        <Time>2026-08-23T09:18:24.000+01:00</Time>
                        <Position>
                            <LatitudeDegrees>51.311688333333336</LatitudeDegrees>
                            <LongitudeDegrees>-0.5562983333333333</LongitudeDegrees>
                        </Position>
                        <AltitudeMeters>28.538284523996488</AltitudeMeters>
                        <DistanceMeters>1006.2593798984673</DistanceMeters>
                    </Trackpoint>
                    <Trackpoint>
                        <Time>2026-08-23T09:18:25.000+01:00</Time>
                        <Position>
                            <LatitudeDegrees>51.31168</LatitudeDegrees>
                            <LongitudeDegrees>-0.556355</LongitudeDegrees>
                        </Position>
                        <AltitudeMeters>28.554028190171188</AltitudeMeters>
                        <DistanceMeters>1010.3055981644925</DistanceMeters>
                        <HeartRateBpm>
                            <Value>164</Value>
                        </HeartRateBpm>
                    </Trackpoint>
                    <Trackpoint>
                        <Time>2026-08-23T09:18:26.000+01:00</Time>
                        <Position>
                            <LatitudeDegrees>51.31167166666667</LatitudeDegrees>
                            <LongitudeDegrees>-0.5564116666666666</LongitudeDegrees>
                        </Position>
                        <AltitudeMeters>28.56439633664217</AltitudeMeters>
                        <DistanceMeters>1014.3518171268367</DistanceMeters>
                    </Trackpoint>
                    <Trackpoint>
                        <Time>2026-08-23T09:18:27.000+01:00</Time>
                        <Position>
                            <LatitudeDegrees>51.311663333333335</LatitudeDegrees>
                            <LongitudeDegrees>-0.55647</LongitudeDegrees>
                        </Position>
                        <AltitudeMeters>28.57000154265644</AltitudeMeters>
                        <DistanceMeters>1018.5108864809495</DistanceMeters>
                        <HeartRateBpm>
                            <Value>162</Value>
                        </HeartRateBpm>
                    </Trackpoint>
                    <Trackpoint>
                        <Time>2026-08-23T09:18:28.000+01:00</Time>
                        <Position>
                            <LatitudeDegrees>51.311655</LatitudeDegrees>
                            <LongitudeDegrees>-0.5565283333333333</LongitudeDegrees>
                        </Position>
                        <AltitudeMeters>28.571419947827334</AltitudeMeters>
                        <DistanceMeters>1022.6699565530934</DistanceMeters>
                    </Trackpoint>
                    <Trackpoint>
                        <Time>2026-08-23T09:18:29.000+01:00</Time>
                        <Position>
                            <LatitudeDegrees>51.31165</LatitudeDegrees>
                            <LongitudeDegrees>-0.556585</LongitudeDegrees>
                        </Position>
                        <AltitudeMeters>28.56919069161393</AltitudeMeters>
                        <DistanceMeters>1026.6476917101406</DistanceMeters>
                        <HeartRateBpm>
                            <Value>165</Value>
                        </HeartRateBpm>
                    </Trackpoint>
                    <Trackpoint>
                        <Time>2026-08-23T09:18:30.000+01:00</Time>
                        <Position>
                            <LatitudeDegrees>51.31164666666667</LatitudeDegrees>
                            <LongitudeDegrees>-0.5566416666666667</LongitudeDegrees>
                        </Position>
                        <AltitudeMeters>28.56381577148052</AltitudeMeters>
                        <DistanceMeters>1030.6037822938254</DistanceMeters>
                    </Trackpoint>
                    <Trackpoint>
                        <Time>2026-08-23T09:18:31.000+01:00</Time>
                        <Position>
                            <LatitudeDegrees>51.31164166666667</LatitudeDegrees>
                            <LongitudeDegrees>-0.556695</LongitudeDegrees>
                        </Position>
                        <AltitudeMeters>28.555760265822236</AltitudeMeters>
                        <DistanceMeters>1034.3522447414973</DistanceMeters>
                        <HeartRateBpm>
                            <Value>163</Value>
                        </HeartRateBpm>
                    </Trackpoint>
                    <Trackpoint>
                        <Time>2026-08-23T09:18:32.000+01:00</Time>
                        <Position>
                            <LatitudeDegrees>51.311638333333335</LatitudeDegrees>
                            <LongitudeDegrees>-0.5567483333333333</LongitudeDegrees>
                        </Position>
                        <AltitudeMeters>28.54545287145706</AltitudeMeters>
                        <DistanceMeters>1038.0777307670364</DistanceMeters>
                    </Trackpoint>
                    <Trackpoint>
                        <Time>2026-08-23T09:18:33.000+01:00</Time>
                        <Position>
                            <LatitudeDegrees>51.311635</LatitudeDegrees>
                            <LongitudeDegrees>-0.5567983333333333</LongitudeDegrees>
                        </Position>
                        <AltitudeMeters>28.53328670917639</AltitudeMeters>
                        <DistanceMeters>1041.5727549418577</DistanceMeters>
                    </Trackpoint>
                    <Trackpoint>
                        <Time>2026-08-23T09:18:34.000+01:00</Time>
                        <Position>
                            <LatitudeDegrees>51.31162833333333</LatitudeDegrees>
                            <LongitudeDegrees>-0.5568466666666667</LongitudeDegrees>
                        </Position>
                        <AltitudeMeters>28.519620354484484</AltitudeMeters>
                        <DistanceMeters>1045.0130418142983</DistanceMeters>
                        <HeartRateBpm>
                            <Value>163</Value>
                        </HeartRateBpm>
                    </Trackpoint>
                    <Trackpoint>
                        <Time>2026-08-23T09:18:35.000+01:00</Time>
                        <Position>
                            <LatitudeDegrees>51.31162166666667</LatitudeDegrees>
                            <LongitudeDegrees>-0.5568916666666667</LongitudeDegrees>
                        </Position>
                        <AltitudeMeters>28.50477905421468</AltitudeMeters>
                        <DistanceMeters>1048.22747172266</DistanceMeters>
                    </Trackpoint>
                    <Trackpoint>
                        <Time>2026-08-23T09:18:36.000+01:00</Time>
                        <Position>
                            <LatitudeDegrees>51.311615</LatitudeDegrees>
                            <LongitudeDegrees>-0.5569366666666666</LongitudeDegrees>
                        </Position>
                        <AltitudeMeters>28.489056093164862</AltitudeMeters>
                        <DistanceMeters>1051.4419020732319</DistanceMeters>
                    </Trackpoint>
                    <Trackpoint>
                        <Time>2026-08-23T09:18:37.000+01:00</Time>
                        <Position>
                            <LatitudeDegrees>51.31160666666667</LatitudeDegrees>
                            <LongitudeDegrees>-0.5569783333333334</LongitudeDegrees>
                        </Position>
                        <AltitudeMeters>28.472714278227503</AltitudeMeters>
                        <DistanceMeters>1054.4826280652794</DistanceMeters>
                        <HeartRateBpm>
                            <Value>166</Value>
                        </HeartRateBpm>
                    </Trackpoint>
                    <Trackpoint>
                        <Time>2026-08-23T09:18:38.000+01:00</Time>
                        <Position>
                            <LatitudeDegrees>51.3116</LatitudeDegrees>
                            <LongitudeDegrees>-0.5570166666666667</LongitudeDegrees>
                        </Position>
                        <AltitudeMeters>28.455987510685752</AltitudeMeters>
                        <DistanceMeters>1057.2482395140082</DistanceMeters>
                    </Trackpoint>
                    <Trackpoint>
                        <Time>2026-08-23T09:18:39.000+01:00</Time>
                        <Position>
                            <LatitudeDegrees>51.311595</LatitudeDegrees>
                            <LongitudeDegrees>-0.557055</LongitudeDegrees>
                        </Position>
                        <AltitudeMeters>28.439082420394936</AltitudeMeters>
                        <DistanceMeters>1059.9700386548443</DistanceMeters>
                        <HeartRateBpm>
                            <Value>161</Value>
                        </HeartRateBpm>
                    </Trackpoint>
                    <Trackpoint>
                        <Time>2026-08-23T09:18:40.000+01:00</Time>
                        <Position>
                            <LatitudeDegrees>51.31158833333333</LatitudeDegrees>
                            <LongitudeDegrees>-0.5570933333333333</LongitudeDegrees>
                        </Position>
                        <AltitudeMeters>28.422180038459313</AltitudeMeters>
                        <DistanceMeters>1062.7356507560576</DistanceMeters>
                    </Trackpoint>
                    <Trackpoint>
                        <Time>2026-08-23T09:18:41.000+01:00</Time>
                        <Position>
                            <LatitudeDegrees>51.31158333333333</LatitudeDegrees>
                            <LongitudeDegrees>-0.55713</LongitudeDegrees>
                        </Position>
                        <AltitudeMeters>28.405437487741107</AltitudeMeters>
                        <DistanceMeters>1065.3441565006565</DistanceMeters>
                        <HeartRateBpm>
                            <Value>159</Value>
                        </HeartRateBpm>
                    </Trackpoint>
                    <Trackpoint>
                        <Time>2026-08-23T09:18:42.000+01:00</Time>
                        <Position>
                            <LatitudeDegrees>51.31158</LatitudeDegrees>
                            <LongitudeDegrees>-0.5571666666666667</LongitudeDegrees>
                        </Position>
                        <AltitudeMeters>28.38898967309869</AltitudeMeters>
                        <DistanceMeters>1067.919535367626</DistanceMeters>
                    </Trackpoint>
                    <Trackpoint>
                        <Time>2026-08-23T09:18:43.000+01:00</Time>
                        <Position>
                            <LatitudeDegrees>51.31157666666667</LatitudeDegrees>
                            <LongitudeDegrees>-0.5572</LongitudeDegrees>
                        </Position>
                        <AltitudeMeters>28.37295095564166</AltitudeMeters>
                        <DistanceMeters>1070.265875475871</DistanceMeters>
                        <HeartRateBpm>
                            <Value>158</Value>
                        </HeartRateBpm>
                    </Trackpoint>
                    <Trackpoint>
                        <Time>2026-08-23T09:18:44.000+01:00</Time>
                        <Position>
                            <LatitudeDegrees>51.311571666666666</LatitudeDegrees>
                            <LongitudeDegrees>-0.55723</LongitudeDegrees>
                        </Position>
                        <AltitudeMeters>28.357416797512307</AltitudeMeters>
                        <DistanceMeters>1072.4239146416312</DistanceMeters>
                    </Trackpoint>
                    <Trackpoint>
                        <Time>2026-08-23T09:18:45.000+01:00</Time>
                        <Position>
                            <LatitudeDegrees>51.31157</LatitudeDegrees>
                            <LongitudeDegrees>-0.5572566666666666</LongitudeDegrees>
                        </Position>
                        <AltitudeMeters>28.342465365757363</AltitudeMeters>
                        <DistanceMeters>1074.2866604345436</DistanceMeters>
                        <HeartRateBpm>
                            <Value>160</Value>
                        </HeartRateBpm>
                    </Trackpoint>
                    <Trackpoint>
                        <Time>2026-08-23T09:18:46.000+01:00</Time>
                        <Position>
                            <LatitudeDegrees>51.311566666666664</LatitudeDegrees>
                            <LongitudeDegrees>-0.5572783333333333</LongitudeDegrees>
                        </Position>
                        <AltitudeMeters>28.328159085743795</AltitudeMeters>
                        <DistanceMeters>1075.837574095632</DistanceMeters>
                    </Trackpoint>
                    <Trackpoint>
                        <Time>2026-08-23T09:18:47.000+01:00</Time>
                        <Position>
                            <LatitudeDegrees>51.31156166666667</LatitudeDegrees>
                            <LongitudeDegrees>-0.5572966666666667</LongitudeDegrees>
                        </Position>
                        <AltitudeMeters>28.31454613630201</AltitudeMeters>
                        <DistanceMeters>1077.2278649501309</DistanceMeters>
                        <HeartRateBpm>
                            <Value>158</Value>
                        </HeartRateBpm>
                    </Trackpoint>
                    <Trackpoint>
                        <Time>2026-08-23T09:18:48.000+01:00</Time>
                        <Position>
                            <LatitudeDegrees>51.311555</LatitudeDegrees>
                            <LongitudeDegrees>-0.5573166666666667</LongitudeDegrees>
                        </Position>
                        <AltitudeMeters>28.301661880353826</AltitudeMeters>
                        <DistanceMeters>1078.8032960842725</DistanceMeters>
                        <HeartRateBpm>
                            <Value>156</Value>
                        </HeartRateBpm>
                    </Trackpoint>
                    <Trackpoint>
                        <Time>2026-08-23T09:18:49.000+01:00</Time>
                        <Position>
                            <LatitudeDegrees>51.311546666666665</LatitudeDegrees>
                            <LongitudeDegrees>-0.5573383333333334</LongitudeDegrees>
                        </Position>
                        <AltitudeMeters>28.28953022620744</AltitudeMeters>
                        <DistanceMeters>1080.5715123307286</DistanceMeters>
                    </Trackpoint>
                    <Trackpoint>
                        <Time>2026-08-23T09:18:50.000+01:00</Time>
                        <Position>
                            <LatitudeDegrees>51.31153833333333</LatitudeDegrees>
                            <LongitudeDegrees>-0.557365</LongitudeDegrees>
                        </Position>
                        <AltitudeMeters>28.27816491598301</AltitudeMeters>
                        <DistanceMeters>1082.6437372622715</DistanceMeters>
                    </Trackpoint>
                    <Trackpoint>
                        <Time>2026-08-23T09:18:51.000+01:00</Time>
                        <Position>
                            <LatitudeDegrees>51.311528333333335</LatitudeDegrees>
                            <LongitudeDegrees>-0.5573983333333333</LongitudeDegrees>
                        </Position>
                        <AltitudeMeters>28.267570738778073</AltitudeMeters>
                        <DistanceMeters>1085.2136352780817</DistanceMeters>
                        <HeartRateBpm>
                            <Value>156</Value>
                        </HeartRateBpm>
                    </Trackpoint>
                    <Trackpoint>
                        <Time>2026-08-23T09:18:52.000+01:00</Time>
                        <Position>
                            <LatitudeDegrees>51.31152</LatitudeDegrees>
                            <LongitudeDegrees>-0.5574383333333334</LongitudeDegrees>
                        </Position>
                        <AltitudeMeters>28.257744667198573</AltitudeMeters>
                        <DistanceMeters>1088.1442449821725</DistanceMeters>
                        <HeartRateBpm>
                            <Value>162</Value>
                        </HeartRateBpm>
                    </Trackpoint>
                    <Trackpoint>
                        <Time>2026-08-23T09:18:53.000+01:00</Time>
                        <Position>
                            <LatitudeDegrees>51.31151333333333</LatitudeDegrees>
                            <LongitudeDegrees>-0.55748</LongitudeDegrees>
                        </Position>
                        <AltitudeMeters>28.24867691677657</AltitudeMeters>
                        <DistanceMeters>1091.1337165444627</DistanceMeters>
                        <HeartRateBpm>
                            <Value>158</Value>
                        </HeartRateBpm>
                    </Trackpoint>
                    <Trackpoint>
                        <Time>2026-08-23T09:18:54.000+01:00</Time>
                        <Position>
                            <LatitudeDegrees>51.311506666666666</LatitudeDegrees>
                            <LongitudeDegrees>-0.55752</LongitudeDegrees>
                        </Position>
                        <AltitudeMeters>28.240351928577407</AltitudeMeters>
                        <DistanceMeters>1094.0111058553048</DistanceMeters>
                    </Trackpoint>
                    <Trackpoint>
                        <Time>2026-08-23T09:18:55.000+01:00</Time>
                        <Position>
                            <LatitudeDegrees>51.3115</LatitudeDegrees>
                            <LongitudeDegrees>-0.5575616666666666</LongitudeDegrees>
                        </Position>
                        <AltitudeMeters>28.232749275974747</AltitudeMeters>
                        <DistanceMeters>1097.0005782327132</DistanceMeters>
                        <HeartRateBpm>
                            <Value>160</Value>
                        </HeartRateBpm>
                    </Trackpoint>
                    <Trackpoint>
                        <Time>2026-08-23T09:18:56.000+01:00</Time>
                        <Position>
                            <LatitudeDegrees>51.311495</LatitudeDegrees>
                            <LongitudeDegrees>-0.5576</LongitudeDegrees>
                        </Position>
                        <AltitudeMeters>28.225844497149396</AltitudeMeters>
                        <DistanceMeters>1099.7223830580126</DistanceMeters>
                    </Trackpoint>
                    <Trackpoint>
                        <Time>2026-08-23T09:18:57.000+01:00</Time>
                        <Position>
                            <LatitudeDegrees>51.31149</LatitudeDegrees>
                            <LongitudeDegrees>-0.5576383333333333</LongitudeDegrees>
                        </Position>
                        <AltitudeMeters>28.219609855354566</AltitudeMeters>
                        <DistanceMeters>1102.4441881675277</DistanceMeters>
                    </Trackpoint>
                    <Trackpoint>
                        <Time>2026-08-23T09:18:58.000+01:00</Time>
                        <Position>
                            <LatitudeDegrees>51.311485</LatitudeDegrees>
                            <LongitudeDegrees>-0.5576783333333334</LongitudeDegrees>
                        </Position>
                        <AltitudeMeters>28.21401502939375</AltitudeMeters>
                        <DistanceMeters>1105.2794939537898</DistanceMeters>
                        <HeartRateBpm>
                            <Value>160</Value>
                        </HeartRateBpm>
                    </Trackpoint>
                    <Trackpoint>
                        <Time>2026-08-23T09:18:59.000+01:00</Time>
                        <Position>
                            <LatitudeDegrees>51.311481666666666</LatitudeDegrees>
                            <LongitudeDegrees>-0.55772</LongitudeDegrees>
                        </Position>
                        <AltitudeMeters>28.20902773708491</AltitudeMeters>
                        <DistanceMeters>1108.1992212338805</DistanceMeters>
                    </Trackpoint>
                    <Trackpoint>
                        <Time>2026-08-23T09:19:00.000+01:00</Time>
                        <Position>
                            <LatitudeDegrees>51.31147833333333</LatitudeDegrees>
                            <LongitudeDegrees>-0.557765</LongitudeDegrees>
                        </Position>
                        <AltitudeMeters>28.204614294743063</AltitudeMeters>
                        <DistanceMeters>1111.3489000192394</DistanceMeters>
                    </Trackpoint>
                    <Trackpoint>
                        <Time>2026-08-23T09:19:01.000+01:00</Time>
                        <Position>
                            <LatitudeDegrees>51.311475</LatitudeDegrees>
                            <LongitudeDegrees>-0.5578116666666667</LongitudeDegrees>
                        </Position>
                        <AltitudeMeters>28.200740115909518</AltitudeMeters>
                        <DistanceMeters>1114.613646801164</DistanceMeters>
                        <HeartRateBpm>
                            <Value>161</Value>
                        </HeartRateBpm>
                    </Trackpoint>
                    <Trackpoint>
                        <Time>2026-08-23T09:19:02.000+01:00</Time>
                        <Position>
                            <LatitudeDegrees>51.31147</LatitudeDegrees>
                            <LongitudeDegrees>-0.55786</LongitudeDegrees>
                        </Position>
                        <AltitudeMeters>28.197370152696116</AltitudeMeters>
                        <DistanceMeters>1118.018824349903</DistanceMeters>
                    </Trackpoint>
                    <Trackpoint>
                        <Time>2026-08-23T09:19:03.000+01:00</Time>
                        <Position>
                            <LatitudeDegrees>51.311465</LatitudeDegrees>
                            <LongitudeDegrees>-0.5579066666666667</LongitudeDegrees>
                        </Position>
                        <AltitudeMeters>28.1944692832031</AltitudeMeters>
                        <DistanceMeters>1121.3097668964624</DistanceMeters>
                    </Trackpoint>
                    <Trackpoint>
                        <Time>2026-08-23T09:19:04.000+01:00</Time>
                        <Position>
                            <LatitudeDegrees>51.311458333333334</LatitudeDegrees>
                            <LongitudeDegrees>-0.5579516666666666</LongitudeDegrees>
                        </Position>
                        <AltitudeMeters>28.19200264851545</AltitudeMeters>
                        <DistanceMeters>1124.5242076387901</DistanceMeters>
                        <HeartRateBpm>
                            <Value>161</Value>
                        </HeartRateBpm>
                    </Trackpoint>
                    <Trackpoint>
                        <Time>2026-08-23T09:19:05.000+01:00</Time>
                        <Position>
                            <LatitudeDegrees>51.31145333333333</LatitudeDegrees>
                            <LongitudeDegrees>-0.557995</LongitudeDegrees>
                        </Position>
                        <AltitudeMeters>28.18993594278982</AltitudeMeters>
                        <DistanceMeters>1127.5870428112753</DistanceMeters>
                    </Trackpoint>
                    <Trackpoint>
                        <Time>2026-08-23T09:19:06.000+01:00</Time>
                        <Position>
                            <LatitudeDegrees>51.31145</LatitudeDegrees>
                            <LongitudeDegrees>-0.558035</LongitudeDegrees>
                        </Position>
                        <AltitudeMeters>28.18823565991801</AltitudeMeters>
                        <DistanceMeters>1130.3919035713366</DistanceMeters>
                    </Trackpoint>
                    <Trackpoint>
                        <Time>2026-08-23T09:19:07.000+01:00</Time>
                        <Position>
                            <LatitudeDegrees>51.31144666666667</LatitudeDegrees>
                            <LongitudeDegrees>-0.558075</LongitudeDegrees>
                        </Position>
                        <AltitudeMeters>28.18686930019755</AltitudeMeters>
                        <DistanceMeters>1133.196764531612</DistanceMeters>
                        <HeartRateBpm>
                            <Value>163</Value>
                        </HeartRateBpm>
                    </Trackpoint>
                    <Trackpoint>
                        <Time>2026-08-23T09:19:08.000+01:00</Time>
                        <Position>
                            <LatitudeDegrees>51.31144333333334</LatitudeDegrees>
                            <LongitudeDegrees>-0.558115</LongitudeDegrees>
                        </Position>
                        <AltitudeMeters>28.185805540359972</AltitudeMeters>
                        <DistanceMeters>1136.0016256920946</DistanceMeters>
                    </Trackpoint>
                    <Trackpoint>
                        <Time>2026-08-23T09:19:09.000+01:00</Time>
                        <Position>
                            <LatitudeDegrees>51.31144166666667</LatitudeDegrees>
                            <LongitudeDegrees>-0.5581566666666666</LongitudeDegrees>
                        </Position>
                        <AltitudeMeters>28.185014370206794</AltitudeMeters>
                        <DistanceMeters>1138.9036570607532</DistanceMeters>
                        <HeartRateBpm>
                            <Value>160</Value>
                        </HeartRateBpm>
                    </Trackpoint>
                    <Trackpoint>
                        <Time>2026-08-23T09:19:10.000+01:00</Time>
                        <Position>
                            <LatitudeDegrees>51.311438333333335</LatitudeDegrees>
                            <LongitudeDegrees>-0.5581966666666667</LongitudeDegrees>
                        </Position>
                        <AltitudeMeters>28.184467198985487</AltitudeMeters>
                        <DistanceMeters>1141.708518521547</DistanceMeters>
                    </Trackpoint>
                    <Trackpoint>
                        <Time>2026-08-23T09:19:11.000+01:00</Time>
                        <Position>
                            <LatitudeDegrees>51.311436666666665</LatitudeDegrees>
                            <LongitudeDegrees>-0.5582383333333333</LongitudeDegrees>
                        </Position>
                        <AltitudeMeters>28.184136934506515</AltitudeMeters>
                        <DistanceMeters>1144.6105502051075</DistanceMeters>
                        <HeartRateBpm>
                            <Value>161</Value>
                        </HeartRateBpm>
                    </Trackpoint>
                    <Trackpoint>
                        <Time>2026-08-23T09:19:12.000+01:00</Time>
                        <Position>
                            <LatitudeDegrees>51.311435</LatitudeDegrees>
                            <LongitudeDegrees>-0.55828</LongitudeDegrees>
                        </Position>
                        <AltitudeMeters>28.183998037860434</AltitudeMeters>
                        <DistanceMeters>1147.5125819936054</DistanceMeters>
                    </Trackpoint>
                    <Trackpoint>
                        <Time>2026-08-23T09:19:13.000+01:00</Time>
                        <Position>
                            <LatitudeDegrees>51.311435</LatitudeDegrees>
                            <LongitudeDegrees>-0.5583216666666667</LongitudeDegrees>
                        </Position>
                        <AltitudeMeters>28.18402655644435</AltitudeMeters>
                        <DistanceMeters>1150.4086903113644</DistanceMeters>
                    </Trackpoint>
                    <Trackpoint>
                        <Time>2026-08-23T09:19:14.000+01:00</Time>
                        <Position>
                            <LatitudeDegrees>51.311436666666665</LatitudeDegrees>
                            <LongitudeDegrees>-0.5583616666666666</LongitudeDegrees>
                        </Position>
                        <AltitudeMeters>28.184200137851587</AltitudeMeters>
                        <DistanceMeters>1153.1951240471067</DistanceMeters>
                        <HeartRateBpm>
                            <Value>162</Value>
                        </HeartRateBpm>
                    </Trackpoint>
                    <Trackpoint>
                        <Time>2026-08-23T09:19:15.000+01:00</Time>
                        <Position>
                            <LatitudeDegrees>51.311445</LatitudeDegrees>
                            <LongitudeDegrees>-0.5583983333333333</LongitudeDegrees>
                        </Position>
                        <AltitudeMeters>28.18449802701982</AltitudeMeters>
                        <DistanceMeters>1155.9069260241265</DistanceMeters>
                        <HeartRateBpm>
                            <Value>164</Value>
                        </HeartRateBpm>
                    </Trackpoint>
                    <Trackpoint>
                        <Time>2026-08-23T09:19:16.000+01:00</Time>
                        <Position>
                            <LatitudeDegrees>51.31146</LatitudeDegrees>
                            <LongitudeDegrees>-0.5584283333333333</LongitudeDegrees>
                        </Position>
                        <AltitudeMeters>28.184901048872945</AltitudeMeters>
                        <DistanceMeters>1158.5771369151337</DistanceMeters>
                    </Trackpoint>
                    <Trackpoint>
                        <Time>2026-08-23T09:19:17.000+01:00</Time>
                        <Position>
                            <LatitudeDegrees>51.31148</LatitudeDegrees>
                            <LongitudeDegrees>-0.5584516666666667</LongitudeDegrees>
                        </Position>
                        <AltitudeMeters>28.18539157853215</AltitudeMeters>
                        <DistanceMeters>1161.329597349996</DistanceMeters>
                        <HeartRateBpm>
                            <Value>165</Value>
                        </HeartRateBpm>
                    </Trackpoint>
                    <Trackpoint>
                        <Time>2026-08-23T09:19:18.000+01:00</Time>
                        <Position>
                            <LatitudeDegrees>51.311503333333334</LatitudeDegrees>
                            <LongitudeDegrees>-0.5584683333333333</LongitudeDegrees>
                        </Position>
                        <AltitudeMeters>28.185953501013742</AltitudeMeters>
                        <DistanceMeters>1164.1710212150622</DistanceMeters>
                    </Trackpoint>
                    <Trackpoint>
                        <Time>2026-08-23T09:19:19.000+01:00</Time>
                        <Position>
                            <LatitudeDegrees>51.311526666666666</LatitudeDegrees>
                            <LongitudeDegrees>-0.55848</LongitudeDegrees>
                        </Position>
                        <AltitudeMeters>28.186572162176166</AltitudeMeters>
                        <DistanceMeters>1166.8893433480248</DistanceMeters>
                        <HeartRateBpm>
                            <Value>162</Value>
                        </HeartRateBpm>
                    </Trackpoint>
                    <Trackpoint>
                        <Time>2026-08-23T09:19:20.000+01:00</Time>
                        <Position>
                            <LatitudeDegrees>51.31155</LatitudeDegrees>
                            <LongitudeDegrees>-0.5584883333333334</LongitudeDegrees>
                        </Position>
                        <AltitudeMeters>28.18723431252777</AltitudeMeters>
                        <DistanceMeters>1169.5477635890707</DistanceMeters>
                        <HeartRateBpm>
                            <Value>162</Value>
                        </HeartRateBpm>
                    </Trackpoint>
                    <Trackpoint>
                        <Time>2026-08-23T09:19:21.000+01:00</Time>
                        <Position>
                            <LatitudeDegrees>51.311571666666666</LatitudeDegrees>
                            <LongitudeDegrees>-0.5584933333333333</LongitudeDegrees>
                        </Position>
                        <AltitudeMeters>28.18792804536069</AltitudeMeters>
                        <DistanceMeters>1171.98192754928</DistanceMeters>
                        <HeartRateBpm>
                            <Value>163</Value>
                        </HeartRateBpm>
                    </Trackpoint>
                    <Trackpoint>
                        <Time>2026-08-23T09:19:22.000+01:00</Time>
                        <Position>
                            <LatitudeDegrees>51.311593333333334</LatitudeDegrees>
                            <LongitudeDegrees>-0.5585</LongitudeDegrees>
                        </Position>
                        <AltitudeMeters>28.228748736175863</AltitudeMeters>
                        <DistanceMeters>1174.4353115054757</DistanceMeters>
                    </Trackpoint>
                    <Trackpoint>
                        <Time>2026-08-23T09:19:23.000+01:00</Time>
                        <Position>
                            <LatitudeDegrees>51.311613333333334</LatitudeDegrees>
                            <LongitudeDegrees>-0.5585066666666667</LongitudeDegrees>
                        </Position>
                        <AltitudeMeters>28.26674857621937</AltitudeMeters>
                        <DistanceMeters>1176.7069754735467</DistanceMeters>
                        <HeartRateBpm>
                            <Value>167</Value>
                        </HeartRateBpm>
                    </Trackpoint>
                    <Trackpoint>
                        <Time>2026-08-23T09:19:24.000+01:00</Time>
                        <Position>
                            <LatitudeDegrees>51.311635</LatitudeDegrees>
                            <LongitudeDegrees>-0.5585133333333333</LongitudeDegrees>
                        </Position>
                        <AltitudeMeters>28.301945667673934</AltitudeMeters>
                        <DistanceMeters>1179.1603593502657</DistanceMeters>
                    </Trackpoint>
                    <Trackpoint>
                        <Time>2026-08-23T09:19:25.000+01:00</Time>
                        <Position>
                            <LatitudeDegrees>51.311655</LatitudeDegrees>
                            <LongitudeDegrees>-0.5585216666666667</LongitudeDegrees>
                        </Position>
                        <AltitudeMeters>28.334381837864658</AltitudeMeters>
                        <DistanceMeters>1181.4584530979387</DistanceMeters>
                        <HeartRateBpm>
                            <Value>164</Value>
                        </HeartRateBpm>
                    </Trackpoint>
                    <Trackpoint>
                        <Time>2026-08-23T09:19:26.000+01:00</Time>
                        <Position>
                            <LatitudeDegrees>51.311675</LatitudeDegrees>
                            <LongitudeDegrees>-0.55853</LongitudeDegrees>
                        </Position>
                        <AltitudeMeters>28.36411911954988</AltitudeMeters>
                        <DistanceMeters>1183.7565467826598</DistanceMeters>
                    </Trackpoint>
                    <Trackpoint>
                        <Time>2026-08-23T09:19:27.000+01:00</Time>
                        <Position>
                            <LatitudeDegrees>51.31169666666667</LatitudeDegrees>
                            <LongitudeDegrees>-0.5585383333333334</LongitudeDegrees>
                        </Position>
                        <AltitudeMeters>28.391236507304146</AltitudeMeters>
                        <DistanceMeters>1186.2344228348989</DistanceMeters>
                        <HeartRateBpm>
                            <Value>165</Value>
                        </HeartRateBpm>
                    </Trackpoint>
                    <Trackpoint>
                        <Time>2026-08-23T09:19:28.000+01:00</Time>
                        <Position>
                            <LatitudeDegrees>51.31171833333333</LatitudeDegrees>
                            <LongitudeDegrees>-0.5585466666666666</LongitudeDegrees>
                        </Position>
                        <AltitudeMeters>28.415826983790048</AltitudeMeters>
                        <DistanceMeters>1188.712298823199</DistanceMeters>
                    </Trackpoint>
                    <Trackpoint>
                        <Time>2026-08-23T09:19:29.000+01:00</Time>
                        <Position>
                            <LatitudeDegrees>51.31174</LatitudeDegrees>
                            <LongitudeDegrees>-0.5585516666666667</LongitudeDegrees>
                        </Position>
                        <AltitudeMeters>28.43799480801945</AltitudeMeters>
                        <DistanceMeters>1191.1464626013765</DistanceMeters>
                        <HeartRateBpm>
                            <Value>166</Value>
                        </HeartRateBpm>
                    </Trackpoint>
                    <Trackpoint>
                        <Time>2026-08-23T09:19:30.000+01:00</Time>
                        <Position>
                            <LatitudeDegrees>51.31176166666667</LatitudeDegrees>
                            <LongitudeDegrees>-0.5585583333333334</LongitudeDegrees>
                        </Position>
                        <AltitudeMeters>28.45785305630584</AltitudeMeters>
                        <DistanceMeters>1193.5998462364905</DistanceMeters>
                        <HeartRateBpm>
                            <Value>169</Value>
                        </HeartRateBpm>
                    </Trackpoint>
                    <Trackpoint>
                        <Time>2026-08-23T09:19:31.000+01:00</Time>
                        <Position>
                            <LatitudeDegrees>51.311785</LatitudeDegrees>
                            <LongitudeDegrees>-0.5585633333333333</LongitudeDegrees>
                        </Position>
                        <AltitudeMeters>28.51562741112196</AltitudeMeters>
                        <DistanceMeters>1196.2175703154458</DistanceMeters>
                    </Trackpoint>
                    <Trackpoint>
                        <Time>2026-08-23T09:19:32.000+01:00</Time>
                        <Position>
                            <LatitudeDegrees>51.31180833333333</LatitudeDegrees>
                            <LongitudeDegrees>-0.5585666666666667</LongitudeDegrees>
                        </Position>
                        <AltitudeMeters>28.5685037781846</AltitudeMeters>
                        <DistanceMeters>1198.8224466551317</DistanceMeters>
                        <HeartRateBpm>
                            <Value>170</Value>
                        </HeartRateBpm>
                    </Trackpoint>
                    <Trackpoint>
                        <Time>2026-08-23T09:19:33.000+01:00</Time>
                        <Position>
                            <LatitudeDegrees>51.31183166666667</LatitudeDegrees>
                            <LongitudeDegrees>-0.558565</LongitudeDegrees>
                        </Position>
                        <AltitudeMeters>28.616635686279697</AltitudeMeters>
                        <DistanceMeters>1201.4195838562603</DistanceMeters>
                    </Trackpoint>
                    <Trackpoint>
                        <Time>2026-08-23T09:19:34.000+01:00</Time>
                        <HeartRateBpm>
                            <Value>168</Value>
                        </HeartRateBpm>
                    </Trackpoint>
                    <Trackpoint>
                        <Time>2026-08-23T09:19:35.000+01:00</Time>
                        <Position>
                            <LatitudeDegrees>51.311855</LatitudeDegrees>
                            <LongitudeDegrees>-0.5585583333333334</LongitudeDegrees>
                        </Position>
                        <AltitudeMeters>28.69939517563113</AltitudeMeters>
                        <DistanceMeters>1204.0551894183623</DistanceMeters>
                    </Trackpoint>
                    <Trackpoint>
                        <Time>2026-08-23T09:19:36.000+01:00</Time>
                        <Position>
                            <LatitudeDegrees>51.31189333333333</LatitudeDegrees>
                            <LongitudeDegrees>-0.5585233333333334</LongitudeDegrees>
                        </Position>
                        <AltitudeMeters>28.734430766505064</AltitudeMeters>
                        <DistanceMeters>1208.9630191782571</DistanceMeters>
                        <HeartRateBpm>
                            <Value>167</Value>
                        </HeartRateBpm>
                    </Trackpoint>
                    <Trackpoint>
                        <Time>2026-08-23T09:19:37.000+01:00</Time>
                        <Position>
                            <LatitudeDegrees>51.311908333333335</LatitudeDegrees>
                            <LongitudeDegrees>-0.5584933333333333</LongitudeDegrees>
                        </Position>
                        <AltitudeMeters>28.765529641697732</AltitudeMeters>
                        <DistanceMeters>1211.6332141589496</DistanceMeters>
                    </Trackpoint>
                    <Trackpoint>
                        <Time>2026-08-23T09:19:38.000+01:00</Time>
                        <Position>
                            <LatitudeDegrees>51.31191833333333</LatitudeDegrees>
                            <LongitudeDegrees>-0.5584566666666667</LongitudeDegrees>
                        </Position>
                        <AltitudeMeters>28.79292141339303</AltitudeMeters>
                        <DistanceMeters>1214.413778092254</DistanceMeters>
                        <HeartRateBpm>
                            <Value>169</Value>
                        </HeartRateBpm>
                    </Trackpoint>
                    <Trackpoint>
                        <Time>2026-08-23T09:19:39.000+01:00</Time>
                        <Position>
                            <LatitudeDegrees>51.311925</LatitudeDegrees>
                            <LongitudeDegrees>-0.558415</LongitudeDegrees>
                        </Position>
                        <AltitudeMeters>28.81683994081069</AltitudeMeters>
                        <DistanceMeters>1217.4032248901087</DistanceMeters>
                    </Trackpoint>
                    <Trackpoint>
                        <Time>2026-08-23T09:19:40.000+01:00</Time>
                        <Position>
                            <LatitudeDegrees>51.311928333333334</LatitudeDegrees>
                            <LongitudeDegrees>-0.5583716666666667</LongitudeDegrees>
                        </Position>
                        <AltitudeMeters>28.837520591029097</AltitudeMeters>
                        <DistanceMeters>1220.4378658940561</DistanceMeters>
                        <HeartRateBpm>
                            <Value>167</Value>
                        </HeartRateBpm>
                    </Trackpoint>
                    <Trackpoint>
                        <Time>2026-08-23T09:19:41.000+01:00</Time>
                        <Position>
                            <LatitudeDegrees>51.311931666666666</LatitudeDegrees>
                            <LongitudeDegrees>-0.5583283333333333</LongitudeDegrees>
                        </Position>
                        <AltitudeMeters>28.8150918414925</AltitudeMeters>
                        <DistanceMeters>1223.472506680837</DistanceMeters>
                    </Trackpoint>
                    <Trackpoint>
                        <Time>2026-08-23T09:19:42.000+01:00</Time>
                        <Position>
                            <LatitudeDegrees>51.311935</LatitudeDegrees>
                            <LongitudeDegrees>-0.558285</LongitudeDegrees>
                        </Position>
                        <AltitudeMeters>28.79272360903636</AltitudeMeters>
                        <DistanceMeters>1226.5071472504374</DistanceMeters>
                    </Trackpoint>
                    <Trackpoint>
                        <Time>2026-08-23T09:19:43.000+01:00</Time>
                        <Position>
                            <LatitudeDegrees>51.31194</LatitudeDegrees>
                            <LongitudeDegrees>-0.5582433333333333</LongitudeDegrees>
                        </Position>
                        <AltitudeMeters>28.770616315501737</AltitudeMeters>
                        <DistanceMeters>1229.4561078199133</DistanceMeters>
                        <HeartRateBpm>
                            <Value>167</Value>
                        </HeartRateBpm>
                    </Trackpoint>
                    <Trackpoint>
                        <Time>2026-08-23T09:19:44.000+01:00</Time>
                        <Position>
                            <LatitudeDegrees>51.311946666666664</LatitudeDegrees>
                            <LongitudeDegrees>-0.5582016666666667</LongitudeDegrees>
                        </Position>
                        <AltitudeMeters>28.70883550472872</AltitudeMeters>
                        <DistanceMeters>1232.445553292551</DistanceMeters>
                        <HeartRateBpm>
                            <Value>166</Value>
                        </HeartRateBpm>
                    </Trackpoint>
                    <Trackpoint>
                        <Time>2026-08-23T09:19:45.000+01:00</Time>
                        <Position>
                            <LatitudeDegrees>51.31195666666667</LatitudeDegrees>
                            <LongitudeDegrees>-0.5581633333333333</LongitudeDegrees>
                        </Position>
                        <AltitudeMeters>28.650464450376173</AltitudeMeters>
                        <DistanceMeters>1235.332663830771</DistanceMeters>
                    </Trackpoint>
                    <Trackpoint>
                        <Time>2026-08-23T09:19:46.000+01:00</Time>
                        <Position>
                            <LatitudeDegrees>51.31196666666666</LatitudeDegrees>
                            <LongitudeDegrees>-0.5581233333333333</LongitudeDegrees>
                        </Position>
                        <AltitudeMeters>28.595597156742226</AltitudeMeters>
                        <DistanceMeters>1238.3270127464477</DistanceMeters>
                        <HeartRateBpm>
                            <Value>168</Value>
                        </HeartRateBpm>
                    </Trackpoint>
                    <Trackpoint>
                        <Time>2026-08-23T09:19:47.000+01:00</Time>
                        <Position>
                            <LatitudeDegrees>51.311978333333336</LatitudeDegrees>
                            <LongitudeDegrees>-0.558085</LongitudeDegrees>
                        </Position>
                        <AltitudeMeters>28.54428258167997</AltitudeMeters>
                        <DistanceMeters>1241.290438340186</DistanceMeters>
                    </Trackpoint>
                    <Trackpoint>
                        <Time>2026-08-23T09:19:48.000+01:00</Time>
                        <Position>
                            <LatitudeDegrees>51.31199</LatitudeDegrees>
                            <LongitudeDegrees>-0.558045</LongitudeDegrees>
                        </Position>
                        <AltitudeMeters>28.49653012332682</AltitudeMeters>
                        <DistanceMeters>1244.3584357786508</DistanceMeters>
                    </Trackpoint>
                    <Trackpoint>
                        <Time>2026-08-23T09:19:49.000+01:00</Time>
                        <Position>
                            <LatitudeDegrees>51.31200333333334</LatitudeDegrees>
                            <LongitudeDegrees>-0.5580066666666667</LongitudeDegrees>
                        </Position>
                        <AltitudeMeters>28.452314751562028</AltitudeMeters>
                        <DistanceMeters>1247.4075446718048</DistanceMeters>
                        <HeartRateBpm>
                            <Value>168</Value>
                        </HeartRateBpm>
                    </Trackpoint>
                    <Trackpoint>
                        <Time>2026-08-23T09:19:50.000+01:00</Time>
                        <Position>
                            <LatitudeDegrees>51.312015</LatitudeDegrees>
                            <LongitudeDegrees>-0.5579716666666666</LongitudeDegrees>
                        </Position>
                        <AltitudeMeters>28.411581783252508</AltitudeMeters>
                        <DistanceMeters>1250.1645280649539</DistanceMeters>
                        <HeartRateBpm>
                            <Value>167</Value>
                        </HeartRateBpm>
                    </Trackpoint>
                    <Trackpoint>
                        <Time>2026-08-23T09:19:51.000+01:00</Time>
                        <Position>
                            <LatitudeDegrees>51.31203</LatitudeDegrees>
                            <LongitudeDegrees>-0.5579383333333333</LongitudeDegrees>
                        </Position>
                        <AltitudeMeters>28.37425130379002</AltitudeMeters>
                        <DistanceMeters>1253.0193144268003</DistanceMeters>
                    </Trackpoint>
                    <Trackpoint>
                        <Time>2026-08-23T09:19:52.000+01:00</Time>
                        <Position>
                            <LatitudeDegrees>51.312045</LatitudeDegrees>
                            <LongitudeDegrees>-0.5579066666666667</LongitudeDegrees>
                        </Position>
                        <AltitudeMeters>28.340222240388005</AltitudeMeters>
                        <DistanceMeters>1255.7809152197267</DistanceMeters>
                        <HeartRateBpm>
                            <Value>166</Value>
                        </HeartRateBpm>
                    </Trackpoint>
                    <Trackpoint>
                        <Time>2026-08-23T09:19:53.000+01:00</Time>
                        <Position>
                            <LatitudeDegrees>51.312063333333334</LatitudeDegrees>
                            <LongitudeDegrees>-0.557875</LongitudeDegrees>
                        </Position>
                        <AltitudeMeters>28.30937609512951</AltitudeMeters>
                        <DistanceMeters>1258.7809572444048</DistanceMeters>
                    </Trackpoint>
                    <Trackpoint>
                        <Time>2026-08-23T09:19:54.000+01:00</Time>
                        <Position>
                            <LatitudeDegrees>51.31208</LatitudeDegrees>
                            <LongitudeDegrees>-0.5578466666666667</LongitudeDegrees>
                        </Position>
                        <AltitudeMeters>28.28158034787356</AltitudeMeters>
                        <DistanceMeters>1261.4851739527478</DistanceMeters>
                        <HeartRateBpm>
                            <Value>168</Value>
                        </HeartRateBpm>
                    </Trackpoint>
                    <Trackpoint>
                        <Time>2026-08-23T09:19:55.000+01:00</Time>
                        <Position>
                            <LatitudeDegrees>51.31209666666667</LatitudeDegrees>
                            <LongitudeDegrees>-0.5578166666666666</LongitudeDegrees>
                        </Position>
                        <AltitudeMeters>28.256691540869653</AltitudeMeters>
                        <DistanceMeters>1264.2748815798454</DistanceMeters>
                        <HeartRateBpm>
                            <Value>166</Value>
                        </HeartRateBpm>
                    </Trackpoint>
                    <Trackpoint>
                        <Time>2026-08-23T09:19:56.000+01:00</Time>
                        <Position>
                            <LatitudeDegrees>51.312113333333336</LatitudeDegrees>
                            <LongitudeDegrees>-0.5577866666666667</LongitudeDegrees>
                        </Position>
                        <AltitudeMeters>28.23455805833251</AltitudeMeters>
                        <DistanceMeters>1267.0645886403343</DistanceMeters>
                    </Trackpoint>
                    <Trackpoint>
                        <Time>2026-08-23T09:19:57.000+01:00</Time>
                        <Position>
                            <LatitudeDegrees>51.312128333333334</LatitudeDegrees>
                            <LongitudeDegrees>-0.5577566666666667</LongitudeDegrees>
                        </Position>
                        <AltitudeMeters>28.21502261532276</AltitudeMeters>
                        <DistanceMeters>1269.7347758130459</DistanceMeters>
                        <HeartRateBpm>
                            <Value>165</Value>
                        </HeartRateBpm>
                    </Trackpoint>
                    <Trackpoint>
                        <Time>2026-08-23T09:19:58.000+01:00</Time>
                        <Position>
                            <LatitudeDegrees>51.312145</LatitudeDegrees>
                            <LongitudeDegrees>-0.5577283333333334</LongitudeDegrees>
                        </Position>
                        <AltitudeMeters>28.197924471095195</AltitudeMeters>
                        <DistanceMeters>1272.438990490182</DistanceMeters>
                    </Trackpoint>
                    <Trackpoint>
                        <Time>2026-08-23T09:19:59.000+01:00</Time>
                        <Position>
                            <LatitudeDegrees>51.31216166666667</LatitudeDegrees>
                            <LongitudeDegrees>-0.5576983333333333</LongitudeDegrees>
                        </Position>
                        <AltitudeMeters>28.183101382643088</AltitudeMeters>
                        <DistanceMeters>1275.2286959088678</DistanceMeters>
                    </Trackpoint>
                    <Trackpoint>
                        <Time>2026-08-23T09:20:00.000+01:00</Time>
                        <Position>
                            <LatitudeDegrees>51.31218</LatitudeDegrees>
                            <LongitudeDegrees>-0.55767</LongitudeDegrees>
                        </Position>
                        <AltitudeMeters>28.170391314512585</AltitudeMeters>
                        <DistanceMeters>1278.0631314823663</DistanceMeters>
                        <HeartRateBpm>
                            <Value>165</Value>
                        </HeartRateBpm>
                    </Trackpoint>
                    <Trackpoint>
                        <Time>2026-08-23T09:20:01.000+01:00</Time>
                        <Position>
                            <LatitudeDegrees>51.3122</LatitudeDegrees>
                            <LongitudeDegrees>-0.5576433333333334</LongitudeDegrees>
                        </Position>
                        <AltitudeMeters>28.159633921111585</AltitudeMeters>
                        <DistanceMeters>1280.9581485745957</DistanceMeters>
                    </Trackpoint>
                    <Trackpoint>
                        <Time>2026-08-23T09:20:02.000+01:00</Time>
                        <Position>
                            <LatitudeDegrees>51.312221666666666</LatitudeDegrees>
                            <LongitudeDegrees>-0.55762</LongitudeDegrees>
                        </Position>
                        <AltitudeMeters>28.15067181771652</AltitudeMeters>
                        <DistanceMeters>1283.8623849561484</DistanceMeters>
                    </Trackpoint>
                    <Trackpoint>
                        <Time>2026-08-23T09:20:03.000+01:00</Time>
                        <Position>
                            <LatitudeDegrees>51.312245</LatitudeDegrees>
                            <LongitudeDegrees>-0.5575983333333333</LongitudeDegrees>
                        </Position>
                        <AltitudeMeters>28.143351656211724</AltitudeMeters>
                        <DistanceMeters>1286.8623162429067</DistanceMeters>
                        <HeartRateBpm>
                            <Value>167</Value>
                        </HeartRateBpm>
                    </Trackpoint>
                    <Trackpoint>
                        <Time>2026-08-23T09:20:04.000+01:00</Time>
                        <Position>
                            <LatitudeDegrees>51.312268333333336</LatitudeDegrees>
                            <LongitudeDegrees>-0.5575816666666666</LongitudeDegrees>
                        </Position>
                        <AltitudeMeters>28.13752502129975</AltitudeMeters>
                        <DistanceMeters>1289.7037322342692</DistanceMeters>
                    </Trackpoint>
                    <Trackpoint>
                        <Time>2026-08-23T09:20:05.000+01:00</Time>
                        <Position>
                            <LatitudeDegrees>51.31229166666667</LatitudeDegrees>
                            <LongitudeDegrees>-0.557565</LongitudeDegrees>
                        </Position>
                        <AltitudeMeters>28.133049162517533</AltitudeMeters>
                        <DistanceMeters>1292.5451479841668</DistanceMeters>
                        <HeartRateBpm>
                            <Value>165</Value>
                        </HeartRateBpm>
                    </Trackpoint>
                    <Trackpoint>
                        <Time>2026-08-23T09:20:06.000+01:00</Time>
                        <Position>
                            <LatitudeDegrees>51.312315</LatitudeDegrees>
                            <LongitudeDegrees>-0.5575466666666666</LongitudeDegrees>
                        </Position>
                        <AltitudeMeters>28.12978757689988</AltitudeMeters>
                        <DistanceMeters>1295.4357274302004</DistanceMeters>
                    </Trackpoint>
                    <Trackpoint>
                        <Time>2026-08-23T09:20:07.000+01:00</Time>
                        <Position>
                            <LatitudeDegrees>51.31233833333334</LatitudeDegrees>
                            <LongitudeDegrees>-0.5575266666666666</LongitudeDegrees>
                        </Position>
                        <AltitudeMeters>28.127610456565343</AltitudeMeters>
                        <DistanceMeters>1298.3792107073195</DistanceMeters>
                    </Trackpoint>
                    <Trackpoint>
                        <Time>2026-08-23T09:20:08.000+01:00</Time>
                        <Position>
                            <LatitudeDegrees>51.31236</LatitudeDegrees>
                            <LongitudeDegrees>-0.5575033333333334</LongitudeDegrees>
                        </Position>
                        <AltitudeMeters>28.126395014874788</AltitudeMeters>
                        <DistanceMeters>1301.2834443583877</DistanceMeters>
                        <HeartRateBpm>
                            <Value>165</Value>
                        </HeartRateBpm>
                    </Trackpoint>
                    <Trackpoint>
                        <Time>2026-08-23T09:20:09.000+01:00</Time>
                        <Position>
                            <LatitudeDegrees>51.31238</LatitudeDegrees>
                            <LongitudeDegrees>-0.5574766666666666</LongitudeDegrees>
                        </Position>
                        <AltitudeMeters>28.126025704143423</AltitudeMeters>
                        <DistanceMeters>1304.1784567947689</DistanceMeters>
                        <HeartRateBpm>
                            <Value>166</Value>
                        </HeartRateBpm>
                    </Trackpoint>
                    <Trackpoint>
                        <Time>2026-08-23T09:20:10.000+01:00</Time>
                        <Position>
                            <LatitudeDegrees>51.3124</LatitudeDegrees>
                            <LongitudeDegrees>-0.5574483333333333</LongitudeDegrees>
                        </Position>
                        <AltitudeMeters>28.126394337184962</AltitudeMeters>
                        <DistanceMeters>1307.1489672881278</DistanceMeters>
                    </Trackpoint>
                    <Trackpoint>
                        <Time>2026-08-23T09:20:11.000+01:00</Time>
                        <Position>
                            <LatitudeDegrees>51.312416666666664</LatitudeDegrees>
                            <LongitudeDegrees>-0.5574166666666667</LongitudeDegrees>
                        </Position>
                        <AltitudeMeters>28.127400124242715</AltitudeMeters>
                        <DistanceMeters>1310.026279154648</DistanceMeters>
                        <HeartRateBpm>
                            <Value>165</Value>
                        </HeartRateBpm>
                    </Trackpoint>
                    <Trackpoint>
                        <Time>2026-08-23T09:20:12.000+01:00</Time>
                        <Position>
                            <LatitudeDegrees>51.31243166666667</LatitudeDegrees>
                            <LongitudeDegrees>-0.5573816666666667</LongitudeDegrees>
                        </Position>
                        <AltitudeMeters>28.12894963612627</AltitudeMeters>
                        <DistanceMeters>1312.975839080396</DistanceMeters>
                        <HeartRateBpm>
                            <Value>165</Value>
                        </HeartRateBpm>
                    </Trackpoint>
                    <Trackpoint>
                        <Time>2026-08-23T09:20:13.000+01:00</Time>
                        <Position>
                            <LatitudeDegrees>51.312445</LatitudeDegrees>
                            <LongitudeDegrees>-0.5573466666666667</LongitudeDegrees>
                        </Position>
                        <AltitudeMeters>28.130956703632783</AltitudeMeters>
                        <DistanceMeters>1315.824703414143</DistanceMeters>
                    </Trackpoint>
                    <Trackpoint>
                        <Time>2026-08-23T09:20:14.000+01:00</Time>
                        <Position>
                            <LatitudeDegrees>51.31245666666667</LatitudeDegrees>
                            <LongitudeDegrees>-0.55731</LongitudeDegrees>
                        </Position>
                        <AltitudeMeters>28.133342262595807</AltitudeMeters>
                        <DistanceMeters>1318.6844016588602</DistanceMeters>
                    </Trackpoint>
                    <Trackpoint>
                        <Time>2026-08-23T09:20:15.000+01:00</Time>
                        <Position>
                            <LatitudeDegrees>51.312466666666666</LatitudeDegrees>
                            <LongitudeDegrees>-0.5572733333333333</LongitudeDegrees>
                        </Position>
                        <AltitudeMeters>28.13603415317853</AltitudeMeters>
                        <DistanceMeters>1321.4649376765735</DistanceMeters>
                        <HeartRateBpm>
                            <Value>164</Value>
                        </HeartRateBpm>
                    </Trackpoint>
                    <Trackpoint>
                        <Time>2026-08-23T09:20:16.000+01:00</Time>
                        <Position>
                            <LatitudeDegrees>51.31247833333333</LatitudeDegrees>
                            <LongitudeDegrees>-0.5572366666666667</LongitudeDegrees>
                        </Position>
                        <AltitudeMeters>28.13896688131788</AltitudeMeters>
                        <DistanceMeters>1324.3246348484472</DistanceMeters>
                    </Trackpoint>
                    <Trackpoint>
                        <Time>2026-08-23T09:20:17.000+01:00</Time>
                        <Position>
                            <LatitudeDegrees>51.31249</LatitudeDegrees>
                            <LongitudeDegrees>-0.5572</LongitudeDegrees>
                        </Position>
                        <AltitudeMeters>28.142081349535463</AltitudeMeters>
                        <DistanceMeters>1327.184331443139</DistanceMeters>
                        <HeartRateBpm>
                            <Value>165</Value>
                        </HeartRateBpm>
                    </Trackpoint>
                    <Trackpoint>
                        <Time>2026-08-23T09:20:18.000+01:00</Time>
                        <Position>
                            <LatitudeDegrees>51.312505</LatitudeDegrees>
                            <LongitudeDegrees>-0.557165</LongitudeDegrees>
                        </Position>
                        <AltitudeMeters>28.145324563664758</AltitudeMeters>
                        <DistanceMeters>1330.133888162103</DistanceMeters>
                        <HeartRateBpm>
                            <Value>169</Value>
                        </HeartRateBpm>
                    </Trackpoint>
                    <Trackpoint>
                        <Time>2026-08-23T09:20:19.000+01:00</Time>
                        <Position>
                            <LatitudeDegrees>51.31252</LatitudeDegrees>
                            <LongitudeDegrees>-0.5571316666666667</LongitudeDegrees>
                        </Position>
                        <AltitudeMeters>28.14864932140429</AltitudeMeters>
                        <DistanceMeters>1332.9886544435913</DistanceMeters>
                    </Trackpoint>
                    <Trackpoint>
                        <Time>2026-08-23T09:20:20.000+01:00</Time>
                        <Position>
                            <LatitudeDegrees>51.312535</LatitudeDegrees>
                            <LongitudeDegrees>-0.5570966666666667</LongitudeDegrees>
                        </Position>
                        <AltitudeMeters>28.152013887996212</AltitudeMeters>
                        <DistanceMeters>1335.938209850689</DistanceMeters>
                        <HeartRateBpm>
                            <Value>166</Value>
                        </HeartRateBpm>
                    </Trackpoint>
                    <Trackpoint>
                        <Time>2026-08-23T09:20:21.000+01:00</Time>
                        <Position>
                            <LatitudeDegrees>51.312551666666664</LatitudeDegrees>
                            <LongitudeDegrees>-0.5570616666666667</LongitudeDegrees>
                        </Position>
                        <AltitudeMeters>28.155381663750543</AltitudeMeters>
                        <DistanceMeters>1338.9963851167583</DistanceMeters>
                    </Trackpoint>
                    <Trackpoint>
                        <Time>2026-08-23T09:20:22.000+01:00</Time>
                        <Position>
                            <LatitudeDegrees>51.31256833333333</LatitudeDegrees>
                            <LongitudeDegrees>-0.5570266666666667</LongitudeDegrees>
                        </Position>
                        <AltitudeMeters>28.1587208475885</AltitudeMeters>
                        <DistanceMeters>1342.0545596798934</DistanceMeters>
                        <HeartRateBpm>
                            <Value>168</Value>
                        </HeartRateBpm>
                    </Trackpoint>
                    <Trackpoint>
                        <Time>2026-08-23T09:20:23.000+01:00</Time>
                        <Position>
                            <LatitudeDegrees>51.312585</LatitudeDegrees>
                            <LongitudeDegrees>-0.55699</LongitudeDegrees>
                        </Position>
                        <AltitudeMeters>28.16200410026493</AltitudeMeters>
                        <DistanceMeters>1345.2056634152311</DistanceMeters>
                    </Trackpoint>
                    <Trackpoint>
                        <Time>2026-08-23T09:20:24.000+01:00</Time>
                        <Position>
                            <LatitudeDegrees>51.3126</LatitudeDegrees>
                            <LongitudeDegrees>-0.556955</LongitudeDegrees>
                        </Position>
                        <AltitudeMeters>28.16520821044991</AltitudeMeters>
                        <DistanceMeters>1348.1552159799498</DistanceMeters>
                        <HeartRateBpm>
                            <Value>169</Value>
                        </HeartRateBpm>
                    </Trackpoint>
                    <Trackpoint>
                        <Time>2026-08-23T09:20:25.000+01:00</Time>
                        <Position>
                            <LatitudeDegrees>51.31261666666666</LatitudeDegrees>
                            <LongitudeDegrees>-0.5569183333333333</LongitudeDegrees>
                        </Position>
                        <AltitudeMeters>28.1683137664035</AltitudeMeters>
                        <DistanceMeters>1351.306318292309</DistanceMeters>
                    </Trackpoint>
                    <Trackpoint>
                        <Time>2026-08-23T09:20:26.000+01:00</Time>
                        <Position>
                            <LatitudeDegrees>51.31263166666667</LatitudeDegrees>
                            <LongitudeDegrees>-0.5568833333333333</LongitudeDegrees>
                        </Position>
                        <AltitudeMeters>28.17130483556471</AltitudeMeters>
                        <DistanceMeters>1354.2558694722788</DistanceMeters>
                        <HeartRateBpm>
                            <Value>170</Value>
                        </HeartRateBpm>
                    </Trackpoint>
                    <Trackpoint>
                        <Time>2026-08-23T09:20:27.000+01:00</Time>
                        <Position>
                            <LatitudeDegrees>51.312645</LatitudeDegrees>
                            <LongitudeDegrees>-0.556845</LongitudeDegrees>
                        </Position>
                        <AltitudeMeters>28.174168653995917</AltitudeMeters>
                        <DistanceMeters>1357.304945805628</DistanceMeters>
                    </Trackpoint>
                    <Trackpoint>
                        <Time>2026-08-23T09:20:28.000+01:00</Time>
                        <Position>
                            <LatitudeDegrees>51.31265666666667</LatitudeDegrees>
                            <LongitudeDegrees>-0.5568066666666667</LongitudeDegrees>
                        </Position>
                        <AltitudeMeters>28.17689532727593</AltitudeMeters>
                        <DistanceMeters>1360.2683359837672</DistanceMeters>
                        <HeartRateBpm>
                            <Value>168</Value>
                        </HeartRateBpm>
                    </Trackpoint>
                    <Trackpoint>
                        <Time>2026-08-23T09:20:29.000+01:00</Time>
                        <Position>
                            <LatitudeDegrees>51.312666666666665</LatitudeDegrees>
                            <LongitudeDegrees>-0.5567683333333333</LongitudeDegrees>
                        </Position>
                        <AltitudeMeters>28.179477544118164</AltitudeMeters>
                        <DistanceMeters>1363.1554084729394</DistanceMeters>
                    </Trackpoint>
                    <Trackpoint>
                        <Time>2026-08-23T09:20:30.000+01:00</Time>
                        <Position>
                            <LatitudeDegrees>51.312675</LatitudeDegrees>
                            <LongitudeDegrees>-0.5567283333333334</LongitudeDegrees>
                        </Position>
                        <AltitudeMeters>28.181910303703308</AltitudeMeters>
                        <DistanceMeters>1366.085952260246</DistanceMeters>
                        <HeartRateBpm>
                            <Value>170</Value>
                        </HeartRateBpm>
                    </Trackpoint>
                    <Trackpoint>
                        <Time>2026-08-23T09:20:31.000+01:00</Time>
                        <Position>
                            <LatitudeDegrees>51.31268166666667</LatitudeDegrees>
                            <LongitudeDegrees>-0.5566866666666667</LongitudeDegrees>
                        </Position>
                        <AltitudeMeters>28.18419065745764</AltitudeMeters>
                        <DistanceMeters>1369.075352789542</DistanceMeters>
                    </Trackpoint>
                    <Trackpoint>
                        <Time>2026-08-23T09:20:32.000+01:00</Time>
                        <Position>
                            <LatitudeDegrees>51.312688333333334</LatitudeDegrees>
                            <LongitudeDegrees>-0.556645</LongitudeDegrees>
                        </Position>
                        <AltitudeMeters>28.186317465777066</AltitudeMeters>
                        <DistanceMeters>1372.064752911003</DistanceMeters>
                    </Trackpoint>
                    <Trackpoint>
                        <Time>2026-08-23T09:20:33.000+01:00</Time>
                        <Position>
                            <LatitudeDegrees>51.312695</LatitudeDegrees>
                            <LongitudeDegrees>-0.556605</LongitudeDegrees>
                        </Position>
                        <AltitudeMeters>28.188291169991743</AltitudeMeters>
                        <DistanceMeters>1374.9420730368272</DistanceMeters>
                        <HeartRateBpm>
                            <Value>170</Value>
                        </HeartRateBpm>
                    </Trackpoint>
                    <Trackpoint>
                        <Time>2026-08-23T09:20:34.000+01:00</Time>
                        <Position>
                            <LatitudeDegrees>51.3127</LatitudeDegrees>
                            <LongitudeDegrees>-0.556565</LongitudeDegrees>
                        </Position>
                        <AltitudeMeters>28.190113579685256</AltitudeMeters>
                        <DistanceMeters>1377.777306927641</DistanceMeters>
                        <HeartRateBpm>
                            <Value>171</Value>
                        </HeartRateBpm>
                    </Trackpoint>
                    <Trackpoint>
                        <Time>2026-08-23T09:20:35.000+01:00</Time>
                        <Position>
                            <LatitudeDegrees>51.312705</LatitudeDegrees>
                            <LongitudeDegrees>-0.5565233333333334</LongitudeDegrees>
                        </Position>
                        <AltitudeMeters>28.19178767532419</AltitudeMeters>
                        <DistanceMeters>1380.7262200769358</DistanceMeters>
                    </Trackpoint>
                    <Trackpoint>
                        <Time>2026-08-23T09:20:36.000+01:00</Time>
                        <Position>
                            <LatitudeDegrees>51.31271</LatitudeDegrees>
                            <LongitudeDegrees>-0.5564833333333333</LongitudeDegrees>
                        </Position>
                        <AltitudeMeters>28.193317426017156</AltitudeMeters>
                        <DistanceMeters>1383.561453373429</DistanceMeters>
                        <HeartRateBpm>
                            <Value>168</Value>
                        </HeartRateBpm>
                    </Trackpoint>
                    <Trackpoint>
                        <Time>2026-08-23T09:20:37.000+01:00</Time>
                        <Position>
                            <LatitudeDegrees>51.312711666666665</LatitudeDegrees>
                            <LongitudeDegrees>-0.5564433333333333</LongitudeDegrees>
                        </Position>
                        <AltitudeMeters>28.194707622105238</AltitudeMeters>
                        <DistanceMeters>1386.347810022743</DistanceMeters>
                    </Trackpoint>
                    <Trackpoint>
                        <Time>2026-08-23T09:20:38.000+01:00</Time>
                        <Position>
                            <LatitudeDegrees>51.312711666666665</LatitudeDegrees>
                            <LongitudeDegrees>-0.5564016666666667</LongitudeDegrees>
                        </Position>
                        <AltitudeMeters>28.195963722186914</AltitudeMeters>
                        <DistanceMeters>1389.2438377587287</DistanceMeters>
                        <HeartRateBpm>
                            <Value>169</Value>
                        </HeartRateBpm>
                    </Trackpoint>
                    <Trackpoint>
                        <Time>2026-08-23T09:20:39.000+01:00</Time>
                        <Position>
                            <LatitudeDegrees>51.31271</LatitudeDegrees>
                            <LongitudeDegrees>-0.55636</LongitudeDegrees>
                        </Position>
                        <AltitudeMeters>28.197091714098455</AltitudeMeters>
                        <DistanceMeters>1392.145789234929</DistanceMeters>
                    </Trackpoint>
                    <Trackpoint>
                        <Time>2026-08-23T09:20:40.000+01:00</Time>
                        <Position>
                            <LatitudeDegrees>51.31270833333333</LatitudeDegrees>
                            <LongitudeDegrees>-0.5563183333333334</LongitudeDegrees>
                        </Position>
                        <AltitudeMeters>28.19809798930391</AltitudeMeters>
                        <DistanceMeters>1395.0477408161587</DistanceMeters>
                    </Trackpoint>
                    <Trackpoint>
                        <Time>2026-08-23T09:20:41.000+01:00</Time>
                        <Position>
                            <LatitudeDegrees>51.312706666666664</LatitudeDegrees>
                            <LongitudeDegrees>-0.5562783333333333</LongitudeDegrees>
                        </Position>
                        <AltitudeMeters>28.198989230095926</AltitudeMeters>
                        <DistanceMeters>1397.8340976670547</DistanceMeters>
                        <HeartRateBpm>
                            <Value>170</Value>
                        </HeartRateBpm>
                    </Trackpoint>
                    <Trackpoint>
                        <Time>2026-08-23T09:20:42.000+01:00</Time>
                        <Position>
                            <LatitudeDegrees>51.312705</LatitudeDegrees>
                            <LongitudeDegrees>-0.5562366666666667</LongitudeDegrees>
                        </Position>
                        <AltitudeMeters>28.19977230896821</AltitudeMeters>
                        <DistanceMeters>1400.736049458201</DistanceMeters>
                    </Trackpoint>
                    <Trackpoint>
                        <Time>2026-08-23T09:20:43.000+01:00</Time>
                        <Position>
                            <LatitudeDegrees>51.31270333333333</LatitudeDegrees>
                            <LongitudeDegrees>-0.5561966666666667</LongitudeDegrees>
                        </Position>
                        <AltitudeMeters>28.200454199491464</AltitudeMeters>
                        <DistanceMeters>1403.522406510632</DistanceMeters>
                        <HeartRateBpm>
                            <Value>168</Value>
                        </HeartRateBpm>
                    </Trackpoint>
                    <Trackpoint>
                        <Time>2026-08-23T09:20:44.000+01:00</Time>
                        <Position>
                            <LatitudeDegrees>51.31270333333333</LatitudeDegrees>
                            <LongitudeDegrees>-0.556155</LongitudeDegrees>
                        </Position>
                        <AltitudeMeters>28.201041898005492</AltitudeMeters>
                        <DistanceMeters>1406.41843477262</DistanceMeters>
                    </Trackpoint>
                    <Trackpoint>
                        <Time>2026-08-23T09:20:45.000+01:00</Time>
                        <Position>
                            <LatitudeDegrees>51.31270166666667</LatitudeDegrees>
                            <LongitudeDegrees>-0.556115</LongitudeDegrees>
                        </Position>
                        <AltitudeMeters>28.201542355430153</AltitudeMeters>
                        <DistanceMeters>1409.2047919257645</DistanceMeters>
                    </Trackpoint>
                    <Trackpoint>
                        <Time>2026-08-23T09:20:46.000+01:00</Time>
                        <Position>
                            <LatitudeDegrees>51.3127</LatitudeDegrees>
                            <LongitudeDegrees>-0.556075</LongitudeDegrees>
                        </Position>
                        <AltitudeMeters>28.201962418495498</AltitudeMeters>
                        <DistanceMeters>1411.9911491797307</DistanceMeters>
                        <HeartRateBpm>
                            <Value>168</Value>
                        </HeartRateBpm>
                    </Trackpoint>
                    <Trackpoint>
                        <Time>2026-08-23T09:20:47.000+01:00</Time>
                        <Position>
                            <LatitudeDegrees>51.31269833333333</LatitudeDegrees>
                            <LongitudeDegrees>-0.556035</LongitudeDegrees>
                        </Position>
                        <AltitudeMeters>28.20230877969604</AltitudeMeters>
                        <DistanceMeters>1414.777506534511</DistanceMeters>
                        <HeartRateBpm>
                            <Value>169</Value>
                        </HeartRateBpm>
                    </Trackpoint>
                    <Trackpoint>
                        <Time>2026-08-23T09:20:48.000+01:00</Time>
                        <Position>
                            <LatitudeDegrees>51.312693333333335</LatitudeDegrees>
                            <LongitudeDegrees>-0.555995</LongitudeDegrees>
                        </Position>
                        <AltitudeMeters>28.202587935284438</AltitudeMeters>
                        <DistanceMeters>1417.6127405240711</DistanceMeters>
                    </Trackpoint>
                    <Trackpoint>
                        <Time>2026-08-23T09:20:49.000+01:00</Time>
                        <Position>
                            <LatitudeDegrees>51.31269</LatitudeDegrees>
                            <LongitudeDegrees>-0.555955</LongitudeDegrees>
                        </Position>
                        <AltitudeMeters>28.20280615063539</AltitudeMeters>
                        <DistanceMeters>1420.4175268063736</DistanceMeters>
                    </Trackpoint>
                    <Trackpoint>
                        <Time>2026-08-23T09:20:50.000+01:00</Time>
                        <Position>
                            <LatitudeDegrees>51.312686666666664</LatitudeDegrees>
                            <LongitudeDegrees>-0.555915</LongitudeDegrees>
                        </Position>
                        <AltitudeMeters>28.202969432330057</AltitudeMeters>
                        <DistanceMeters>1423.2223132889737</DistanceMeters>
                        <HeartRateBpm>
                            <Value>169</Value>
                        </HeartRateBpm>
                    </Trackpoint>
                    <Trackpoint>
                        <Time>2026-08-23T09:20:51.000+01:00</Time>
                        <Position>
                            <LatitudeDegrees>51.312685</LatitudeDegrees>
                            <LongitudeDegrees>-0.555875</LongitudeDegrees>
                        </Position>
                        <AltitudeMeters>28.203083506334544</AltitudeMeters>
                        <DistanceMeters>1426.0086714498066</DistanceMeters>
                        <HeartRateBpm>
                            <Value>168</Value>
                        </HeartRateBpm>
                    </Trackpoint>
                    <Trackpoint>
                        <Time>2026-08-23T09:20:52.000+01:00</Time>
                        <Position>
                            <LatitudeDegrees>51.31268333333333</LatitudeDegrees>
                            <LongitudeDegrees>-0.555835</LongitudeDegrees>
                        </Position>
                        <AltitudeMeters>28.203153801671714</AltitudeMeters>
                        <DistanceMeters>1428.795029711447</DistanceMeters>
                    </Trackpoint>
                    <Trackpoint>
                        <Time>2026-08-23T09:20:53.000+01:00</Time>
                        <Position>
                            <LatitudeDegrees>51.31268333333333</LatitudeDegrees>
                            <LongitudeDegrees>-0.555795</LongitudeDegrees>
                        </Position>
                        <AltitudeMeters>28.2031854390138</AltitudeMeters>
                        <DistanceMeters>1431.5752180548373</DistanceMeters>
                    </Trackpoint>
                    <Trackpoint>
                        <Time>2026-08-23T09:20:54.000+01:00</Time>
                        <Position>
                            <LatitudeDegrees>51.31268333333333</LatitudeDegrees>
                            <LongitudeDegrees>-0.555755</LongitudeDegrees>
                        </Position>
                        <AltitudeMeters>28.203183223652875</AltitudeMeters>
                        <DistanceMeters>1434.3554063982347</DistanceMeters>
                        <HeartRateBpm>
                            <Value>168</Value>
                        </HeartRateBpm>
                    </Trackpoint>
                    <Trackpoint>
                        <Time>2026-08-23T09:20:55.000+01:00</Time>
                        <Position>
                            <LatitudeDegrees>51.31268333333333</LatitudeDegrees>
                            <LongitudeDegrees>-0.555715</LongitudeDegrees>
                        </Position>
                        <AltitudeMeters>28.2031516423371</AltitudeMeters>
                        <DistanceMeters>1437.135594741632</DistanceMeters>
                        <HeartRateBpm>
                            <Value>170</Value>
                        </HeartRateBpm>
                    </Trackpoint>
                    <Trackpoint>
                        <Time>2026-08-23T09:20:56.000+01:00</Time>
                        <Position>
                            <LatitudeDegrees>51.31268333333333</LatitudeDegrees>
                            <LongitudeDegrees>-0.5556733333333334</LongitudeDegrees>
                        </Position>
                        <AltitudeMeters>28.20309486349228</AltitudeMeters>
                        <DistanceMeters>1440.0316242659947</DistanceMeters>
                    </Trackpoint>
                    <Trackpoint>
                        <Time>2026-08-23T09:20:57.000+01:00</Time>
                        <Position>
                            <LatitudeDegrees>51.31268333333333</LatitudeDegrees>
                            <LongitudeDegrees>-0.5556333333333333</LongitudeDegrees>
                        </Position>
                        <AltitudeMeters>28.203016740379976</AltitudeMeters>
                        <DistanceMeters>1442.8118126093987</DistanceMeters>
                        <HeartRateBpm>
                            <Value>168</Value>
                        </HeartRateBpm>
                    </Trackpoint>
                    <Trackpoint>
                        <Time>2026-08-23T09:20:58.000+01:00</Time>
                        <Position>
                            <LatitudeDegrees>51.31268333333333</LatitudeDegrees>
                            <LongitudeDegrees>-0.5555916666666667</LongitudeDegrees>
                        </Position>
                        <AltitudeMeters>28.202920816775407</AltitudeMeters>
                        <DistanceMeters>1445.7078421337615</DistanceMeters>
                    </Trackpoint>
                    <Trackpoint>
                        <Time>2026-08-23T09:20:59.000+01:00</Time>
                        <Position>
                            <LatitudeDegrees>51.31268166666667</LatitudeDegrees>
                            <LongitudeDegrees>-0.55555</LongitudeDegrees>
                        </Position>
                        <AltitudeMeters>28.202810334779755</AltitudeMeters>
                        <DistanceMeters>1448.6097953947017</DistanceMeters>
                        <HeartRateBpm>
                            <Value>169</Value>
                        </HeartRateBpm>
                    </Trackpoint>
                    <Trackpoint>
                        <Time>2026-08-23T09:21:00.000+01:00</Time>
                        <Position>
                            <LatitudeDegrees>51.31268</LatitudeDegrees>
                            <LongitudeDegrees>-0.55551</LongitudeDegrees>
                        </Position>
                        <AltitudeMeters>28.20268824441252</AltitudeMeters>
                        <DistanceMeters>1451.396153857877</DistanceMeters>
                    </Trackpoint>
                    <Trackpoint>
                        <Time>2026-08-23T09:21:01.000+01:00</Time>
                        <Position>
                            <LatitudeDegrees>51.31267833333333</LatitudeDegrees>
                            <LongitudeDegrees>-0.55547</LongitudeDegrees>
                        </Position>
                        <AltitudeMeters>28.202557214659727</AltitudeMeters>
                        <DistanceMeters>1454.1825124218128</DistanceMeters>
                        <HeartRateBpm>
                            <Value>170</Value>
                        </HeartRateBpm>
                    </Trackpoint>
                    <Trackpoint>
                        <Time>2026-08-23T09:21:02.000+01:00</Time>
                        <Position>
                            <LatitudeDegrees>51.31268</LatitudeDegrees>
                            <LongitudeDegrees>-0.5554333333333333</LongitudeDegrees>
                        </Position>
                        <AltitudeMeters>28.20241964568296</AltitudeMeters>
                        <DistanceMeters>1456.7377480930045</DistanceMeters>
                    </Trackpoint>
                    <Trackpoint>
                        <Time>2026-08-23T09:21:03.000+01:00</Time>
                        <Position>
                            <LatitudeDegrees>51.312686666666664</LatitudeDegrees>
                            <LongitudeDegrees>-0.5553983333333333</LongitudeDegrees>
                        </Position>
                        <AltitudeMeters>28.20227768192233</AltitudeMeters>
                        <DistanceMeters>1459.2808534232954</DistanceMeters>
                    </Trackpoint>
                    <Trackpoint>
                        <Time>2026-08-23T09:21:04.000+01:00</Time>
                        <Position>
                            <LatitudeDegrees>51.31269666666667</LatitudeDegrees>
                            <LongitudeDegrees>-0.555365</LongitudeDegrees>
                        </Position>
                        <AltitudeMeters>28.20213322585339</AltitudeMeters>
                        <DistanceMeters>1461.8506987079286</DistanceMeters>
                        <HeartRateBpm>
                            <Value>170</Value>
                        </HeartRateBpm>
                    </Trackpoint>
                    <Trackpoint>
                        <Time>2026-08-23T09:21:05.000+01:00</Time>
                        <Position>
                            <LatitudeDegrees>51.31270833333333</LatitudeDegrees>
                            <LongitudeDegrees>-0.555335</LongitudeDegrees>
                        </Position>
                        <AltitudeMeters>28.201987952183497</AltitudeMeters>
                        <DistanceMeters>1464.306454379959</DistanceMeters>
                    </Trackpoint>
                    <Trackpoint>
                        <Time>2026-08-23T09:21:06.000+01:00</Time>
                        <Position>
                            <LatitudeDegrees>51.31272166666667</LatitudeDegrees>
                            <LongitudeDegrees>-0.5553066666666666</LongitudeDegrees>
                        </Position>
                        <AltitudeMeters>28.20184332229742</AltitudeMeters>
                        <DistanceMeters>1466.771458274162</DistanceMeters>
                        <HeartRateBpm>
                            <Value>169</Value>
                        </HeartRateBpm>
                    </Trackpoint>
                    <Trackpoint>
                        <Time>2026-08-23T09:21:07.000+01:00</Time>
                        <Position>
                            <LatitudeDegrees>51.312731666666664</LatitudeDegrees>
                            <LongitudeDegrees>-0.5552766666666666</LongitudeDegrees>
                        </Position>
                        <AltitudeMeters>28.201700598784715</AltitudeMeters>
                        <DistanceMeters>1469.1345581244893</DistanceMeters>
                        <HeartRateBpm>
                            <Value>169</Value>
                        </HeartRateBpm>
                    </Trackpoint>
                    <Trackpoint>
                        <Time>2026-08-23T09:21:08.000+01:00</Time>
                        <Position>
                            <LatitudeDegrees>51.31274333333333</LatitudeDegrees>
                            <LongitudeDegrees>-0.5552433333333333</LongitudeDegrees>
                        </Position>
                        <AltitudeMeters>28.2015608599027</AltitudeMeters>
                        <DistanceMeters>1471.7898517989308</DistanceMeters>
                        <HeartRateBpm>
                            <Value>170</Value>
                        </HeartRateBpm>
                    </Trackpoint>
                    <Trackpoint>
                        <Time>2026-08-23T09:21:09.000+01:00</Time>
                        <Position>
                            <LatitudeDegrees>51.31275333333333</LatitudeDegrees>
                            <LongitudeDegrees>-0.5552083333333333</LongitudeDegrees>
                        </Position>
                        <AltitudeMeters>28.20142501384882</AltitudeMeters>
                        <DistanceMeters>1474.464599697042</DistanceMeters>
                    </Trackpoint>
                    <Trackpoint>
                        <Time>2026-08-23T09:21:10.000+01:00</Time>
                        <Position>
                            <LatitudeDegrees>51.31276</LatitudeDegrees>
                            <LongitudeDegrees>-0.5551733333333333</LongitudeDegrees>
                        </Position>
                        <AltitudeMeters>28.20129381273453</AltitudeMeters>
                        <DistanceMeters>1477.007701308028</DistanceMeters>
                        <HeartRateBpm>
                            <Value>169</Value>
                        </HeartRateBpm>
                    </Trackpoint>
                    <Trackpoint>
                        <Time>2026-08-23T09:21:11.000+01:00</Time>
                        <Position>
                            <LatitudeDegrees>51.312765</LatitudeDegrees>
                            <LongitudeDegrees>-0.555135</LongitudeDegrees>
                        </Position>
                        <AltitudeMeters>28.2011678661699</AltitudeMeters>
                        <DistanceMeters>1479.7294342244002</DistanceMeters>
                    </Trackpoint>
                    <Trackpoint>
                        <Time>2026-08-23T09:21:12.000+01:00</Time>
                        <Position>
                            <LatitudeDegrees>51.31276666666667</LatitudeDegrees>
                            <LongitudeDegrees>-0.555095</LongitudeDegrees>
                        </Position>
                        <AltitudeMeters>28.201047654383725</AltitudeMeters>
                        <DistanceMeters>1482.5157875484335</DistanceMeters>
                    </Trackpoint>
                    <Trackpoint>
                        <Time>2026-08-23T09:21:13.000+01:00</Time>
                        <Position>
                            <LatitudeDegrees>51.312763333333336</LatitudeDegrees>
                            <LongitudeDegrees>-0.5550533333333333</LongitudeDegrees>
                        </Position>
                        <AltitudeMeters>28.200933540818184</AltitudeMeters>
                        <DistanceMeters>1485.4354345856236</DistanceMeters>
                        <HeartRateBpm>
                            <Value>169</Value>
                        </HeartRateBpm>
                    </Trackpoint>
                    <Trackpoint>
                        <Time>2026-08-23T09:21:14.000+01:00</Time>
                        <Position>
                            <LatitudeDegrees>51.312756666666665</LatitudeDegrees>
                            <LongitudeDegrees>-0.5550133333333334</LongitudeDegrees>
                        </Position>
                        <AltitudeMeters>28.200825784150016</AltitudeMeters>
                        <DistanceMeters>1488.3127507107733</DistanceMeters>
                    </Trackpoint>
                    <Trackpoint>
                        <Time>2026-08-23T09:21:15.000+01:00</Time>
                        <Position>
                            <LatitudeDegrees>51.31274833333333</LatitudeDegrees>
                            <LongitudeDegrees>-0.5549716666666666</LongitudeDegrees>
                        </Position>
                        <AltitudeMeters>28.20072454970188</AltitudeMeters>
                        <DistanceMeters>1491.3534080693578</DistanceMeters>
                    </Trackpoint>
                    <Trackpoint>
                        <Time>2026-08-23T09:21:16.000+01:00</Time>
                        <Position>
                            <LatitudeDegrees>51.312738333333336</LatitudeDegrees>
                            <LongitudeDegrees>-0.55493</LongitudeDegrees>
                        </Position>
                        <AltitudeMeters>28.200629920218024</AltitudeMeters>
                        <DistanceMeters>1494.4555686266901</DistanceMeters>
                        <HeartRateBpm>
                            <Value>171</Value>
                        </HeartRateBpm>
                    </Trackpoint>
                    <Trackpoint>
                        <Time>2026-08-23T09:21:17.000+01:00</Time>
                        <Position>
                            <LatitudeDegrees>51.31273</LatitudeDegrees>
                            <LongitudeDegrees>-0.55489</LongitudeDegrees>
                        </Position>
                        <AltitudeMeters>28.200541905987716</AltitudeMeters>
                        <DistanceMeters>1497.3861087732373</DistanceMeters>
                    </Trackpoint>
                    <Trackpoint>
                        <Time>2026-08-23T09:21:18.000+01:00</Time>
                        <Position>
                            <LatitudeDegrees>51.31272333333333</LatitudeDegrees>
                            <LongitudeDegrees>-0.5548516666666666</LongitudeDegrees>
                        </Position>
                        <AltitudeMeters>28.200460454308207</AltitudeMeters>
                        <DistanceMeters>1500.1516573776755</DistanceMeters>
                        <HeartRateBpm>
                            <Value>170</Value>
                        </HeartRateBpm>
                    </Trackpoint>
                    <Trackpoint>
                        <Time>2026-08-23T09:21:19.000+01:00</Time>
                        <Position>
                            <LatitudeDegrees>51.31272166666667</LatitudeDegrees>
                            <LongitudeDegrees>-0.554815</LongitudeDegrees>
                        </Position>
                        <AltitudeMeters>28.200385458286153</AltitudeMeters>
                        <DistanceMeters>1502.7068906482004</DistanceMeters>
                    </Trackpoint>
                    <Trackpoint>
                        <Time>2026-08-23T09:21:20.000+01:00</Time>
                        <Position>
                            <LatitudeDegrees>51.31272333333333</LatitudeDegrees>
                            <LongitudeDegrees>-0.55478</LongitudeDegrees>
                        </Position>
                        <AltitudeMeters>28.200316764982773</AltitudeMeters>
                        <DistanceMeters>1505.1466023823832</DistanceMeters>
                        <HeartRateBpm>
                            <Value>173</Value>
                        </HeartRateBpm>
                    </Trackpoint>
                    <Trackpoint>
                        <Time>2026-08-23T09:21:21.000+01:00</Time>
                        <Position>
                            <LatitudeDegrees>51.31273</LatitudeDegrees>
                            <LongitudeDegrees>-0.5547466666666666</LongitudeDegrees>
                        </Position>
                        <AltitudeMeters>28.20025418291346</AltitudeMeters>
                        <DistanceMeters>1507.5791295118008</DistanceMeters>
                    </Trackpoint>
                    <Trackpoint>
                        <Time>2026-08-23T09:21:22.000+01:00</Time>
                        <Position>
                            <LatitudeDegrees>51.312738333333336</LatitudeDegrees>
                            <LongitudeDegrees>-0.5547166666666666</LongitudeDegrees>
                        </Position>
                        <AltitudeMeters>28.200197488917116</AltitudeMeters>
                        <DistanceMeters>1509.860891962815</DistanceMeters>
                        <HeartRateBpm>
                            <Value>171</Value>
                        </HeartRateBpm>
                    </Trackpoint>
                    <Trackpoint>
                        <Time>2026-08-23T09:21:23.000+01:00</Time>
                        <Position>
                            <LatitudeDegrees>51.31275</LatitudeDegrees>
                            <LongitudeDegrees>-0.5546883333333333</LongitudeDegrees>
                        </Position>
                        <AltitudeMeters>28.200146434414336</AltitudeMeters>
                        <DistanceMeters>1512.2190815220022</DistanceMeters>
                    </Trackpoint>
                    <Trackpoint>
                        <Time>2026-08-23T09:21:24.000+01:00</Time>
                        <Position>
                            <LatitudeDegrees>51.31276166666667</LatitudeDegrees>
                            <LongitudeDegrees>-0.5546566666666667</LongitudeDegrees>
                        </Position>
                        <AltitudeMeters>28.200100751076835</AltitudeMeters>
                        <DistanceMeters>1514.7739266978658</DistanceMeters>
                        <HeartRateBpm>
                            <Value>170</Value>
                        </HeartRateBpm>
                    </Trackpoint>
                    <Trackpoint>
                        <Time>2026-08-23T09:21:25.000+01:00</Time>
                        <Position>
                            <LatitudeDegrees>51.31277</LatitudeDegrees>
                            <LongitudeDegrees>-0.5546233333333334</LongitudeDegrees>
                        </Position>
                        <AltitudeMeters>28.20006015593289</AltitudeMeters>
                        <DistanceMeters>1517.2691797579068</DistanceMeters>
                    </Trackpoint>
                    <Trackpoint>
                        <Time>2026-08-23T09:21:26.000+01:00</Time>
                        <Position>
                            <LatitudeDegrees>51.31277166666667</LatitudeDegrees>
                            <LongitudeDegrees>-0.5545916666666667</LongitudeDegrees>
                        </Position>
                        <AltitudeMeters>28.200024355935653</AltitudeMeters>
                        <DistanceMeters>1519.4779465260137</DistanceMeters>
                        <HeartRateBpm>
                            <Value>173</Value>
                        </HeartRateBpm>
                    </Trackpoint>
                    <Trackpoint>
                        <Time>2026-08-23T09:21:27.000+01:00</Time>
                        <Position>
                            <LatitudeDegrees>51.31276833333333</LatitudeDegrees>
                            <LongitudeDegrees>-0.5545583333333334</LongitudeDegrees>
                        </Position>
                        <AltitudeMeters>28.1999930520227</AltitudeMeters>
                        <DistanceMeters>1521.824227216521</DistanceMeters>
                    </Trackpoint>
                    <Trackpoint>
                        <Time>2026-08-23T09:21:28.000+01:00</Time>
                        <Position>
                            <LatitudeDegrees>51.312758333333335</LatitudeDegrees>
                            <LongitudeDegrees>-0.554525</LongitudeDegrees>
                        </Position>
                        <AltitudeMeters>28.199965942696004</AltitudeMeters>
                        <DistanceMeters>1524.394069238305</DistanceMeters>
                    </Trackpoint>
                    <Trackpoint>
                        <Time>2026-08-23T09:21:29.000+01:00</Time>
                        <Position>
                            <LatitudeDegrees>51.31274333333333</LatitudeDegrees>
                            <LongitudeDegrees>-0.5544966666666666</LongitudeDegrees>
                        </Position>
                        <AltitudeMeters>28.19994272715234</AltitudeMeters>
                        <DistanceMeters>1526.9747881792625</DistanceMeters>
                        <HeartRateBpm>
                            <Value>169</Value>
                        </HeartRateBpm>
                    </Trackpoint>
                    <Trackpoint>
                        <Time>2026-08-23T09:21:30.000+01:00</Time>
                        <Position>
                            <LatitudeDegrees>51.31272666666667</LatitudeDegrees>
                            <LongitudeDegrees>-0.55447</LongitudeDegrees>
                        </Position>
                        <AltitudeMeters>28.199923107994213</AltitudeMeters>
                        <DistanceMeters>1529.59582689513</DistanceMeters>
                    </Trackpoint>
                    <Trackpoint>
                        <Time>2026-08-23T09:21:31.000+01:00</Time>
                        <Position>
                            <LatitudeDegrees>51.31270833333333</LatitudeDegrees>
                            <LongitudeDegrees>-0.5544466666666666</LongitudeDegrees>
                        </Position>
                        <AltitudeMeters>28.199906793551413</AltitudeMeters>
                        <DistanceMeters>1532.2008126535397</DistanceMeters>
                        <HeartRateBpm>
                            <Value>170</Value>
                        </HeartRateBpm>
                    </Trackpoint>
                    <Trackpoint>
                        <Time>2026-08-23T09:21:32.000+01:00</Time>
                        <Position>
                            <LatitudeDegrees>51.312691666666666</LatitudeDegrees>
                            <LongitudeDegrees>-0.554425</LongitudeDegrees>
                        </Position>
                        <AltitudeMeters>28.19989349984293</AltitudeMeters>
                        <DistanceMeters>1534.588778619251</DistanceMeters>
                    </Trackpoint>
                    <Trackpoint>
                        <Time>2026-08-23T09:21:33.000+01:00</Time>
                        <Position>
                            <LatitudeDegrees>51.312675</LatitudeDegrees>
                            <LongitudeDegrees>-0.5544033333333334</LongitudeDegrees>
                        </Position>
                        <AltitudeMeters>28.19988295220839</AltitudeMeters>
                        <DistanceMeters>1536.9767449293884</DistanceMeters>
                        <HeartRateBpm>
                            <Value>171</Value>
                        </HeartRateBpm>
                    </Trackpoint>
                    <Trackpoint>
                        <Time>2026-08-23T09:21:34.000+01:00</Time>
                        <Position>
                            <LatitudeDegrees>51.31265833333333</LatitudeDegrees>
                            <LongitudeDegrees>-0.5543816666666667</LongitudeDegrees>
                        </Position>
                        <AltitudeMeters>28.199874886637453</AltitudeMeters>
                        <DistanceMeters>1539.3647115845097</DistanceMeters>
                    </Trackpoint>
                    <Trackpoint>
                        <Time>2026-08-23T09:21:35.000+01:00</Time>
                        <Position>
                            <LatitudeDegrees>51.31263833333333</LatitudeDegrees>
                            <LongitudeDegrees>-0.5543566666666667</LongitudeDegrees>
                        </Position>
                        <AltitudeMeters>28.199869050824542</AltitudeMeters>
                        <DistanceMeters>1542.1869553975584</DistanceMeters>
                    </Trackpoint>
                    <Trackpoint>
                        <Time>2026-08-23T09:21:36.000+01:00</Time>
                        <Position>
                            <LatitudeDegrees>51.31261666666666</LatitudeDegrees>
                            <LongitudeDegrees>-0.5543316666666667</LongitudeDegrees>
                        </Position>
                        <AltitudeMeters>28.199865204975428</AltitudeMeters>
                        <DistanceMeters>1545.1574264601047</DistanceMeters>
                        <HeartRateBpm>
                            <Value>171</Value>
                        </HeartRateBpm>
                    </Trackpoint>
                    <Trackpoint>
                        <Time>2026-08-23T09:21:37.000+01:00</Time>
                        <Position>
                            <LatitudeDegrees>51.31259333333333</LatitudeDegrees>
                            <LongitudeDegrees>-0.5543083333333333</LongitudeDegrees>
                        </Position>
                        <AltitudeMeters>28.199863122390788</AltitudeMeters>
                        <DistanceMeters>1548.2171437770455</DistanceMeters>
                        <HeartRateBpm>
                            <Value>169</Value>
                        </HeartRateBpm>
                    </Trackpoint>
                    <Trackpoint>
                        <Time>2026-08-23T09:21:38.000+01:00</Time>
                        <Position>
                            <LatitudeDegrees>51.31256833333333</LatitudeDegrees>
                            <LongitudeDegrees>-0.5542833333333334</LongitudeDegrees>
                        </Position>
                        <AltitudeMeters>28.199862589850813</AltitudeMeters>
                        <DistanceMeters>1551.4954128162299</DistanceMeters>
                    </Trackpoint>
                    <Trackpoint>
                        <Time>2026-08-23T09:21:39.000+01:00</Time>
                        <Position>
                            <LatitudeDegrees>51.31254166666667</LatitudeDegrees>
                            <LongitudeDegrees>-0.5542583333333333</LongitudeDegrees>
                        </Position>
                        <AltitudeMeters>28.199863407823447</AltitudeMeters>
                        <DistanceMeters>1554.932236822279</DistanceMeters>
                    </Trackpoint>
                    <Trackpoint>
                        <Time>2026-08-23T09:21:40.000+01:00</Time>
                        <Position>
                            <LatitudeDegrees>51.31251833333334</LatitudeDegrees>
                            <LongitudeDegrees>-0.5542366666666667</LongitudeDegrees>
                        </Position>
                        <AltitudeMeters>28.199865390517648</AltitudeMeters>
                        <DistanceMeters>1557.9321632210308</DistanceMeters>
                        <HeartRateBpm>
                            <Value>169</Value>
                        </HeartRateBpm>
                    </Trackpoint>
                    <Trackpoint>
                        <Time>2026-08-23T09:21:41.000+01:00</Time>
                        <Position>
                            <LatitudeDegrees>51.312491666666666</LatitudeDegrees>
                            <LongitudeDegrees>-0.554215</LongitudeDegrees>
                        </Position>
                        <AltitudeMeters>28.1998683658016</AltitudeMeters>
                        <DistanceMeters>1561.2578640428108</DistanceMeters>
                        <HeartRateBpm>
                            <Value>170</Value>
                        </HeartRateBpm>
                    </Trackpoint>
                    <Trackpoint>
                        <Time>2026-08-23T09:21:42.000+01:00</Time>
                        <Position>
                            <LatitudeDegrees>51.312466666666666</LatitudeDegrees>
                            <LongitudeDegrees>-0.5541933333333333</LongitudeDegrees>
                        </Position>
                        <AltitudeMeters>28.199872175004426</AltitudeMeters>
                        <DistanceMeters>1564.419442849408</DistanceMeters>
                    </Trackpoint>
                    <Trackpoint>
                        <Time>2026-08-23T09:21:43.000+01:00</Time>
                        <Position>
                            <LatitudeDegrees>51.31243833333333</LatitudeDegrees>
                            <LongitudeDegrees>-0.5541733333333333</LongitudeDegrees>
                        </Position>
                        <AltitudeMeters>28.199876672618675</AltitudeMeters>
                        <DistanceMeters>1567.8630176039144</DistanceMeters>
                    </Trackpoint>
                    <Trackpoint>
                        <Time>2026-08-23T09:21:44.000+01:00</Time>
                        <Position>
                            <LatitudeDegrees>51.31241166666667</LatitudeDegrees>
                            <LongitudeDegrees>-0.5541516666666667</LongitudeDegrees>
                        </Position>
                        <AltitudeMeters>28.199881725919397</AltitudeMeters>
                        <DistanceMeters>1571.188719614056</DistanceMeters>
                        <HeartRateBpm>
                            <Value>170</Value>
                        </HeartRateBpm>
                    </Trackpoint>
                    <Trackpoint>
                        <Time>2026-08-23T09:21:45.000+01:00</Time>
                        <Position>
                            <LatitudeDegrees>51.31238666666667</LatitudeDegrees>
                            <LongitudeDegrees>-0.5541333333333334</LongitudeDegrees>
                        </Position>
                        <AltitudeMeters>28.199887214514373</AltitudeMeters>
                        <DistanceMeters>1574.246735290613</DistanceMeters>
                        <HeartRateBpm>
                            <Value>171</Value>
                        </HeartRateBpm>
                    </Trackpoint>
                    <Trackpoint>
                        <Time>2026-08-23T09:21:46.000+01:00</Time>
                        <Position>
                            <LatitudeDegrees>51.31236166666667</LatitudeDegrees>
                            <LongitudeDegrees>-0.554115</LongitudeDegrees>
                        </Position>
                        <AltitudeMeters>28.199893029838794</AltitudeMeters>
                        <DistanceMeters>1577.304751255843</DistanceMeters>
                    </Trackpoint>
                    <Trackpoint>
                        <Time>2026-08-23T09:21:47.000+01:00</Time>
                        <Position>
                            <LatitudeDegrees>51.31233833333334</LatitudeDegrees>
                            <LongitudeDegrees>-0.5540966666666667</LongitudeDegrees>
                        </Position>
                        <AltitudeMeters>28.199899074606403</AltitudeMeters>
                        <DistanceMeters>1580.19533013054</DistanceMeters>
                        <HeartRateBpm>
                            <Value>169</Value>
                        </HeartRateBpm>
                    </Trackpoint>
                    <Trackpoint>
                        <Time>2026-08-23T09:21:48.000+01:00</Time>
                        <Position>
                            <LatitudeDegrees>51.312315</LatitudeDegrees>
                            <LongitudeDegrees>-0.55408</LongitudeDegrees>
                        </Position>
                        <AltitudeMeters>28.19990526222796</AltitudeMeters>
                        <DistanceMeters>1583.0367454007292</DistanceMeters>
                    </Trackpoint>
                    <Trackpoint>
                        <Time>2026-08-23T09:21:49.000+01:00</Time>
                        <Position>
                            <LatitudeDegrees>51.312293333333336</LatitudeDegrees>
                            <LongitudeDegrees>-0.554065</LongitudeDegrees>
                        </Position>
                        <AltitudeMeters>28.19991151620676</AltitudeMeters>
                        <DistanceMeters>1585.6618829483673</DistanceMeters>
                        <HeartRateBpm>
                            <Value>172</Value>
                        </HeartRateBpm>
                    </Trackpoint>
                    <Trackpoint>
                        <Time>2026-08-23T09:21:50.000+01:00</Time>
                        <Position>
                            <LatitudeDegrees>51.312268333333336</LatitudeDegrees>
                            <LongitudeDegrees>-0.55405</LongitudeDegrees>
                        </Position>
                        <AltitudeMeters>28.199917769519878</AltitudeMeters>
                        <DistanceMeters>1588.6308375899164</DistanceMeters>
                    </Trackpoint>
                    <Trackpoint>
                        <Time>2026-08-23T09:21:51.000+01:00</Time>
                        <Position>
                            <LatitudeDegrees>51.312245</LatitudeDegrees>
                            <LongitudeDegrees>-0.5540366666666666</LongitudeDegrees>
                        </Position>
                        <AltitudeMeters>28.199923963992763</AltitudeMeters>
                        <DistanceMeters>1591.3859320346965</DistanceMeters>
                        <HeartRateBpm>
                            <Value>171</Value>
                        </HeartRateBpm>
                    </Trackpoint>
                    <Trackpoint>
                        <Time>2026-08-23T09:21:52.000+01:00</Time>
                        <Position>
                            <LatitudeDegrees>51.312221666666666</LatitudeDegrees>
                            <LongitudeDegrees>-0.5540233333333333</LongitudeDegrees>
                        </Position>
                        <AltitudeMeters>28.19993004967392</AltitudeMeters>
                        <DistanceMeters>1594.1410266373366</DistanceMeters>
                    </Trackpoint>
                    <Trackpoint>
                        <Time>2026-08-23T09:21:53.000+01:00</Time>
                        <Position>
                            <LatitudeDegrees>51.312198333333335</LatitudeDegrees>
                            <LongitudeDegrees>-0.5540083333333333</LongitudeDegrees>
                        </Position>
                        <AltitudeMeters>28.199935984215454</AltitudeMeters>
                        <DistanceMeters>1596.9372165258787</DistanceMeters>
                        <HeartRateBpm>
                            <Value>170</Value>
                        </HeartRateBpm>
                    </Trackpoint>
                    <Trackpoint>
                        <Time>2026-08-23T09:21:54.000+01:00</Time>
                        <Position>
                            <LatitudeDegrees>51.312176666666666</LatitudeDegrees>
                            <LongitudeDegrees>-0.553995</LongitudeDegrees>
                        </Position>
                        <AltitudeMeters>28.199941732264495</AltitudeMeters>
                        <DistanceMeters>1599.5185382218344</DistanceMeters>
                        <HeartRateBpm>
                            <Value>167</Value>
                        </HeartRateBpm>
                    </Trackpoint>
                    <Trackpoint>
                        <Time>2026-08-23T09:21:55.000+01:00</Time>
                        <Position>
                            <LatitudeDegrees>51.31215666666667</LatitudeDegrees>
                            <LongitudeDegrees>-0.55398</LongitudeDegrees>
                        </Position>
                        <AltitudeMeters>28.199947264869756</AltitudeMeters>
                        <DistanceMeters>1601.9746974602767</DistanceMeters>
                    </Trackpoint>
                    <Trackpoint>
                        <Time>2026-08-23T09:21:56.000+01:00</Time>
                        <Position>
                            <LatitudeDegrees>51.31213666666667</LatitudeDegrees>
                            <LongitudeDegrees>-0.553965</LongitudeDegrees>
                        </Position>
                        <AltitudeMeters>28.199952558906727</AltitudeMeters>
                        <DistanceMeters>1604.4308568916254</DistanceMeters>
                        <HeartRateBpm>
                            <Value>170</Value>
                        </HeartRateBpm>
                    </Trackpoint>
                    <Trackpoint>
                        <Time>2026-08-23T09:21:57.000+01:00</Time>
                        <Position>
                            <LatitudeDegrees>51.31211666666667</LatitudeDegrees>
                            <LongitudeDegrees>-0.5539516666666666</LongitudeDegrees>
                        </Position>
                        <AltitudeMeters>28.199957596524406</AltitudeMeters>
                        <DistanceMeters>1606.8401282588372</DistanceMeters>
                    </Trackpoint>
                    <Trackpoint>
                        <Time>2026-08-23T09:21:58.000+01:00</Time>
                        <HeartRateBpm>
                            <Value>169</Value>
                        </HeartRateBpm>
                    </Trackpoint>
                    <Trackpoint>
                        <Time>2026-08-23T09:21:59.000+01:00</Time>
                        <Position>
                            <LatitudeDegrees>51.31209666666667</LatitudeDegrees>
                            <LongitudeDegrees>-0.55394</LongitudeDegrees>
                        </Position>
                        <AltitudeMeters>28.19996685431467</AltitudeMeters>
                        <DistanceMeters>1609.2072565862613</DistanceMeters>
                    </Trackpoint>
                    <Trackpoint>
                        <Time>2026-08-23T09:22:00.000+01:00</Time>
                        <Position>
                            <LatitudeDegrees>51.31205333333333</LatitudeDegrees>
                            <LongitudeDegrees>-0.5539166666666666</LongitudeDegrees>
                        </Position>
                        <AltitudeMeters>28.199971060517708</AltitudeMeters>
                        <DistanceMeters>1614.2913230225504</DistanceMeters>
                    </Trackpoint>
                    <Trackpoint>
                        <Time>2026-08-23T09:22:01.000+01:00</Time>
                        <Position>
                            <LatitudeDegrees>51.31203</LatitudeDegrees>
                            <LongitudeDegrees>-0.5539083333333333</LongitudeDegrees>
                        </Position>
                        <AltitudeMeters>28.19997498143658</AltitudeMeters>
                        <DistanceMeters>1616.9497418791962</DistanceMeters>
                        <HeartRateBpm>
                            <Value>169</Value>
                        </HeartRateBpm>
                    </Trackpoint>
                    <Trackpoint>
                        <Time>2026-08-23T09:22:02.000+01:00</Time>
                        <Position>
                            <LatitudeDegrees>51.31200666666667</LatitudeDegrees>
                            <LongitudeDegrees>-0.553905</LongitudeDegrees>
                        </Position>
                        <AltitudeMeters>28.199978618176793</AltitudeMeters>
                        <DistanceMeters>1619.5546181186228</DistanceMeters>
                        <HeartRateBpm>
                            <Value>168</Value>
                        </HeartRateBpm>
                    </Trackpoint>
                    <Trackpoint>
                        <Time>2026-08-23T09:22:03.000+01:00</Time>
                        <Position>
                            <LatitudeDegrees>51.31198333333333</LatitudeDegrees>
                            <LongitudeDegrees>-0.55391</LongitudeDegrees>
                        </Position>
                        <AltitudeMeters>28.199981974345718</AltitudeMeters>
                        <DistanceMeters>1622.1723419760824</DistanceMeters>
                    </Trackpoint>
                    <Trackpoint>
                        <Time>2026-08-23T09:22:04.000+01:00</Time>
                        <Position>
                            <LatitudeDegrees>51.31196</LatitudeDegrees>
                            <LongitudeDegrees>-0.553925</LongitudeDegrees>
                        </Position>
                        <AltitudeMeters>28.199985055688906</AltitudeMeters>
                        <DistanceMeters>1624.9685338845347</DistanceMeters>
                        <HeartRateBpm>
                            <Value>169</Value>
                        </HeartRateBpm>
                    </Trackpoint>
                    <Trackpoint>
                        <Time>2026-08-23T09:22:05.000+01:00</Time>
                        <Position>
                            <LatitudeDegrees>51.31194</LatitudeDegrees>
                            <LongitudeDegrees>-0.55395</LongitudeDegrees>
                        </Position>
                        <AltitudeMeters>28.199987869754473</AltitudeMeters>
                        <DistanceMeters>1627.7907939801219</DistanceMeters>
                    </Trackpoint>
                    <Trackpoint>
                        <Time>2026-08-23T09:22:06.000+01:00</Time>
                        <Position>
                            <LatitudeDegrees>51.31192</LatitudeDegrees>
                            <LongitudeDegrees>-0.55398</LongitudeDegrees>
                        </Position>
                        <AltitudeMeters>28.199990425584968</AltitudeMeters>
                        <DistanceMeters>1630.8393505314357</DistanceMeters>
                    </Trackpoint>
                    <Trackpoint>
                        <Time>2026-08-23T09:22:07.000+01:00</Time>
                        <Position>
                            <LatitudeDegrees>51.31190333333333</LatitudeDegrees>
                            <LongitudeDegrees>-0.554015</LongitudeDegrees>
                        </Position>
                        <AltitudeMeters>28.159886727795897</AltitudeMeters>
                        <DistanceMeters>1633.8975524388873</DistanceMeters>
                        <HeartRateBpm>
                            <Value>167</Value>
                        </HeartRateBpm>
                    </Trackpoint>
                    <Trackpoint>
                        <Time>2026-08-23T09:22:08.000+01:00</Time>
                        <Position>
                            <LatitudeDegrees>51.31189</LatitudeDegrees>
                            <LongitudeDegrees>-0.5540516666666667</LongitudeDegrees>
                        </Position>
                        <AltitudeMeters>28.122615173410534</AltitudeMeters>
                        <DistanceMeters>1636.845977817717</DistanceMeters>
                    </Trackpoint>
                    <Trackpoint>
                        <Time>2026-08-23T09:22:09.000+01:00</Time>
                        <Position>
                            <LatitudeDegrees>51.311875</LatitudeDegrees>
                            <LongitudeDegrees>-0.5540883333333333</LongitudeDegrees>
                        </Position>
                        <AltitudeMeters>28.088149384969114</AltitudeMeters>
                        <DistanceMeters>1639.8918091220285</DistanceMeters>
                    </Trackpoint>
                    <Trackpoint>
                        <Time>2026-08-23T09:22:10.000+01:00</Time>
                        <HeartRateBpm>
                            <Value>167</Value>
                        </HeartRateBpm>
                    </Trackpoint>
                    <Trackpoint>
                        <Time>2026-08-23T09:22:11.000+01:00</Time>
                        <Position>
                            <LatitudeDegrees>51.311863333333335</LatitudeDegrees>
                            <LongitudeDegrees>-0.55412</LongitudeDegrees>
                        </Position>
                        <AltitudeMeters>28.02741973507118</AltitudeMeters>
                        <DistanceMeters>1642.4466909405653</DistanceMeters>
                        <HeartRateBpm>
                            <Value>168</Value>
                        </HeartRateBpm>
                    </Trackpoint>
                    <Trackpoint>
                        <Time>2026-08-23T09:22:12.000+01:00</Time>
                        <Position>
                            <LatitudeDegrees>51.311836666666665</LatitudeDegrees>
                            <LongitudeDegrees>-0.5541733333333333</LongitudeDegrees>
                        </Position>
                        <AltitudeMeters>28.001003321751107</AltitudeMeters>
                        <DistanceMeters>1647.1937074463976</DistanceMeters>
                    </Trackpoint>
                    <Trackpoint>
                        <Time>2026-08-23T09:22:13.000+01:00</Time>
                        <Position>
                            <LatitudeDegrees>51.31182166666667</LatitudeDegrees>
                            <LongitudeDegrees>-0.5542</LongitudeDegrees>
                        </Position>
                        <AltitudeMeters>27.936987637972784</AltitudeMeters>
                        <DistanceMeters>1649.6871822618755</DistanceMeters>
                        <HeartRateBpm>
                            <Value>166</Value>
                        </HeartRateBpm>
                    </Trackpoint>
                    <Trackpoint>
                        <Time>2026-08-23T09:22:14.000+01:00</Time>
                        <Position>
                            <LatitudeDegrees>51.31180333333333</LatitudeDegrees>
                            <LongitudeDegrees>-0.5542266666666666</LongitudeDegrees>
                        </Position>
                        <AltitudeMeters>27.878203129292842</AltitudeMeters>
                        <DistanceMeters>1652.4424020127656</DistanceMeters>
                    </Trackpoint>
                    <Trackpoint>
                        <Time>2026-08-23T09:22:15.000+01:00</Time>
                        <Position>
                            <LatitudeDegrees>51.31178333333333</LatitudeDegrees>
                            <LongitudeDegrees>-0.554255</LongitudeDegrees>
                        </Position>
                        <AltitudeMeters>27.784401351053784</AltitudeMeters>
                        <DistanceMeters>1655.4129294840832</DistanceMeters>
                        <HeartRateBpm>
                            <Value>167</Value>
                        </HeartRateBpm>
                    </Trackpoint>
                    <Trackpoint>
                        <Time>2026-08-23T09:22:16.000+01:00</Time>
                        <Position>
                            <LatitudeDegrees>51.31176</LatitudeDegrees>
                            <LongitudeDegrees>-0.554285</LongitudeDegrees>
                        </Position>
                        <AltitudeMeters>27.69834962973551</AltitudeMeters>
                        <DistanceMeters>1658.7415461330668</DistanceMeters>
                    </Trackpoint>
                    <Trackpoint>
                        <Time>2026-08-23T09:22:17.000+01:00</Time>
                        <Position>
                            <LatitudeDegrees>51.31173833333333</LatitudeDegrees>
                            <LongitudeDegrees>-0.5543166666666667</LongitudeDegrees>
                        </Position>
                        <AltitudeMeters>27.57972126023249</AltitudeMeters>
                        <DistanceMeters>1662.004810851946</DistanceMeters>
                        <HeartRateBpm>
                            <Value>166</Value>
                        </HeartRateBpm>
                    </Trackpoint>
                    <Trackpoint>
                        <Time>2026-08-23T09:22:18.000+01:00</Time>
                        <Position>
                            <LatitudeDegrees>51.311715</LatitudeDegrees>
                            <LongitudeDegrees>-0.5543433333333333</LongitudeDegrees>
                        </Position>
                        <AltitudeMeters>27.471192893926546</AltitudeMeters>
                        <DistanceMeters>1665.1934085194737</DistanceMeters>
                    </Trackpoint>
                    <Trackpoint>
                        <Time>2026-08-23T09:22:19.000+01:00</Time>
                        <Position>
                            <LatitudeDegrees>51.31169166666667</LatitudeDegrees>
                            <LongitudeDegrees>-0.55437</LongitudeDegrees>
                        </Position>
                        <AltitudeMeters>27.332337218623145</AltitudeMeters>
                        <DistanceMeters>1668.382006735483</DistanceMeters>
                        <HeartRateBpm>
                            <Value>168</Value>
                        </HeartRateBpm>
                    </Trackpoint>
                    <Trackpoint>
                        <Time>2026-08-23T09:22:20.000+01:00</Time>
                        <Position>
                            <LatitudeDegrees>51.31166833333333</LatitudeDegrees>
                            <LongitudeDegrees>-0.554395</LongitudeDegrees>
                        </Position>
                        <AltitudeMeters>27.205722594288698</AltitudeMeters>
                        <DistanceMeters>1671.5046897690106</DistanceMeters>
                    </Trackpoint>
                    <Trackpoint>
                        <Time>2026-08-23T09:22:21.000+01:00</Time>
                        <Position>
                            <LatitudeDegrees>51.31164666666667</LatitudeDegrees>
                            <LongitudeDegrees>-0.5544183333333333</LongitudeDegrees>
                        </Position>
                        <AltitudeMeters>27.05080775571742</AltitudeMeters>
                        <DistanceMeters>1674.4089370724732</DistanceMeters>
                        <HeartRateBpm>
                            <Value>167</Value>
                        </HeartRateBpm>
                    </Trackpoint>
                    <Trackpoint>
                        <Time>2026-08-23T09:22:22.000+01:00</Time>
                        <Position>
                            <LatitudeDegrees>51.311625</LatitudeDegrees>
                            <LongitudeDegrees>-0.5544433333333333</LongitudeDegrees>
                        </Position>
                        <AltitudeMeters>26.910043256894422</AltitudeMeters>
                        <DistanceMeters>1677.379430103952</DistanceMeters>
                    </Trackpoint>
                    <Trackpoint>
                        <Time>2026-08-23T09:22:23.000+01:00</Time>
                        <Position>
                            <LatitudeDegrees>51.311605</LatitudeDegrees>
                            <LongitudeDegrees>-0.55447</LongitudeDegrees>
                        </Position>
                        <AltitudeMeters>26.78287378521899</AltitudeMeters>
                        <DistanceMeters>1680.2744620673266</DistanceMeters>
                        <HeartRateBpm>
                            <Value>166</Value>
                        </HeartRateBpm>
                    </Trackpoint>
                    <Trackpoint>
                        <Time>2026-08-23T09:22:24.000+01:00</Time>
                        <Position>
                            <LatitudeDegrees>51.311585</LatitudeDegrees>
                            <LongitudeDegrees>-0.5544966666666666</LongitudeDegrees>
                        </Position>
                        <AltitudeMeters>26.628584618124645</AltitudeMeters>
                        <DistanceMeters>1683.1694945474057</DistanceMeters>
                    </Trackpoint>
                    <Trackpoint>
                        <Time>2026-08-23T09:22:25.000+01:00</Time>
                        <Position>
                            <LatitudeDegrees>51.311566666666664</LatitudeDegrees>
                            <LongitudeDegrees>-0.5545233333333334</LongitudeDegrees>
                        </Position>
                        <AltitudeMeters>26.48946473711672</AltitudeMeters>
                        <DistanceMeters>1685.9247207302892</DistanceMeters>
                        <HeartRateBpm>
                            <Value>165</Value>
                        </HeartRateBpm>
                    </Trackpoint>
                    <Trackpoint>
                        <Time>2026-08-23T09:22:26.000+01:00</Time>
                        <Position>
                            <LatitudeDegrees>51.311548333333334</LatitudeDegrees>
                            <LongitudeDegrees>-0.5545516666666667</LongitudeDegrees>
                        </Position>
                        <AltitudeMeters>26.364809079428472</AltitudeMeters>
                        <DistanceMeters>1688.7591745938478</DistanceMeters>
                    </Trackpoint>
                    <Trackpoint>
                        <Time>2026-08-23T09:22:27.000+01:00</Time>
                        <Position>
                            <LatitudeDegrees>51.311528333333335</LatitudeDegrees>
                            <LongitudeDegrees>-0.55458</LongitudeDegrees>
                        </Position>
                        <AltitudeMeters>26.213764830179382</AltitudeMeters>
                        <DistanceMeters>1691.7297093205602</DistanceMeters>
                        <HeartRateBpm>
                            <Value>167</Value>
                        </HeartRateBpm>
                    </Trackpoint>
                    <Trackpoint>
                        <Time>2026-08-23T09:22:28.000+01:00</Time>
                        <Position>
                            <LatitudeDegrees>51.311508333333336</LatitudeDegrees>
                            <LongitudeDegrees>-0.5546083333333334</LongitudeDegrees>
                        </Position>
                        <AltitudeMeters>26.07849428503131</AltitudeMeters>
                        <DistanceMeters>1694.7002446169042</DistanceMeters>
                        <HeartRateBpm>
                            <Value>166</Value>
                        </HeartRateBpm>
                    </Trackpoint>
                    <Trackpoint>
                        <Time>2026-08-23T09:22:29.000+01:00</Time>
                        <Position>
                            <LatitudeDegrees>51.31148666666667</LatitudeDegrees>
                            <LongitudeDegrees>-0.554635</LongitudeDegrees>
                        </Position>
                        <AltitudeMeters>25.958176777352847</AltitudeMeters>
                        <DistanceMeters>1697.739958931675</DistanceMeters>
                    </Trackpoint>
                    <Trackpoint>
                        <Time>2026-08-23T09:22:30.000+01:00</Time>
                        <Position>
                            <LatitudeDegrees>51.311465</LatitudeDegrees>
                            <LongitudeDegrees>-0.5546616666666667</LongitudeDegrees>
                        </Position>
                        <AltitudeMeters>25.851960591084065</AltitudeMeters>
                        <DistanceMeters>1700.7796737806962</DistanceMeters>
                        <HeartRateBpm>
                            <Value>168</Value>
                        </HeartRateBpm>
                    </Trackpoint>
                    <Trackpoint>
                        <Time>2026-08-23T09:22:31.000+01:00</Time>
                        <Position>
                            <LatitudeDegrees>51.31144166666667</LatitudeDegrees>
                            <LongitudeDegrees>-0.554685</LongitudeDegrees>
                        </Position>
                        <AltitudeMeters>25.758974992487314</AltitudeMeters>
                        <DistanceMeters>1703.8394126744904</DistanceMeters>
                    </Trackpoint>
                    <Trackpoint>
                        <Time>2026-08-23T09:22:32.000+01:00</Time>
                        <Position>
                            <LatitudeDegrees>51.311418333333336</LatitudeDegrees>
                            <LongitudeDegrees>-0.5547066666666667</LongitudeDegrees>
                        </Position>
                        <AltitudeMeters>25.678340851765828</AltitudeMeters>
                        <DistanceMeters>1706.8393571967067</DistanceMeters>
                        <HeartRateBpm>
                            <Value>167</Value>
                        </HeartRateBpm>
                    </Trackpoint>
                    <Trackpoint>
                        <Time>2026-08-23T09:22:34.000+01:00</Time>
                        <Position>
                            <LatitudeDegrees>51.31139666666667</LatitudeDegrees>
                            <LongitudeDegrees>-0.55473</LongitudeDegrees>
                        </Position>
                        <AltitudeMeters>25.550623000679426</AltitudeMeters>
                        <DistanceMeters>1709.7436094353488</DistanceMeters>
                        <HeartRateBpm>
                            <Value>168</Value>
                        </HeartRateBpm>
                    </Trackpoint>
                    <Trackpoint>
                        <Time>2026-08-23T09:22:35.000+01:00</Time>
                        <Position>
                            <LatitudeDegrees>51.31135166666667</LatitudeDegrees>
                            <LongitudeDegrees>-0.5547733333333333</LongitudeDegrees>
                        </Position>
                        <AltitudeMeters>25.50181664955797</AltitudeMeters>
                        <DistanceMeters>1715.5839598219707</DistanceMeters>
                    </Trackpoint>
                    <Trackpoint>
                        <Time>2026-08-23T09:22:36.000+01:00</Time>
                        <Position>
                            <LatitudeDegrees>51.311328333333336</LatitudeDegrees>
                            <LongitudeDegrees>-0.554795</LongitudeDegrees>
                        </Position>
                        <AltitudeMeters>25.46192924658381</AltitudeMeters>
                        <DistanceMeters>1718.5839058270678</DistanceMeters>
                    </Trackpoint>
                    <Trackpoint>
                        <Time>2026-08-23T09:22:37.000+01:00</Time>
                        <Position>
                            <LatitudeDegrees>51.311305</LatitudeDegrees>
                            <LongitudeDegrees>-0.5548116666666667</LongitudeDegrees>
                        </Position>
                        <AltitudeMeters>25.43015576841657</AltitudeMeters>
                        <DistanceMeters>1721.4253314941081</DistanceMeters>
                        <HeartRateBpm>
                            <Value>168</Value>
                        </HeartRateBpm>
                    </Trackpoint>
                    <Trackpoint>
                        <Time>2026-08-23T09:22:38.000+01:00</Time>
                        <Position>
                            <LatitudeDegrees>51.31128</LatitudeDegrees>
                            <LongitudeDegrees>-0.5548233333333333</LongitudeDegrees>
                        </Position>
                        <AltitudeMeters>25.405721798791213</AltitudeMeters>
                        <DistanceMeters>1724.321069521436</DistanceMeters>
                        <HeartRateBpm>
                            <Value>166</Value>
                        </HeartRateBpm>
                    </Trackpoint>
                    <Trackpoint>
                        <Time>2026-08-23T09:22:39.000+01:00</Time>
                        <Position>
                            <LatitudeDegrees>51.31125333333333</LatitudeDegrees>
                            <LongitudeDegrees>-0.5548266666666667</LongitudeDegrees>
                        </Position>
                        <AltitudeMeters>25.387886705865867</AltitudeMeters>
                        <DistanceMeters>1727.295310108845</DistanceMeters>
                    </Trackpoint>
                    <Trackpoint>
                        <Time>2026-08-23T09:22:40.000+01:00</Time>
                        <Position>
                            <LatitudeDegrees>51.31122833333333</LatitudeDegrees>
                            <LongitudeDegrees>-0.554825</LongitudeDegrees>
                        </Position>
                        <AltitudeMeters>25.375946085618775</AltitudeMeters>
                        <DistanceMeters>1730.0776003704566</DistanceMeters>
                        <HeartRateBpm>
                            <Value>165</Value>
                        </HeartRateBpm>
                    </Trackpoint>
                    <Trackpoint>
                        <Time>2026-08-23T09:22:41.000+01:00</Time>
                        <Position>
                            <LatitudeDegrees>51.31120333333333</LatitudeDegrees>
                            <LongitudeDegrees>-0.5548216666666667</LongitudeDegrees>
                        </Position>
                        <AltitudeMeters>25.369233545357602</AltitudeMeters>
                        <DistanceMeters>1732.8671163197362</DistanceMeters>
                    </Trackpoint>
                    <Trackpoint>
                        <Time>2026-08-23T09:22:42.000+01:00</Time>
                        <Position>
                            <LatitudeDegrees>51.31118</LatitudeDegrees>
                            <LongitudeDegrees>-0.554815</LongitudeDegrees>
                        </Position>
                        <AltitudeMeters>25.36712189778144</AltitudeMeters>
                        <DistanceMeters>1735.502723039592</DistanceMeters>
                        <HeartRateBpm>
                            <Value>166</Value>
                        </HeartRateBpm>
                    </Trackpoint>
                    <Trackpoint>
                        <Time>2026-08-23T09:22:43.000+01:00</Time>
                        <Position>
                            <LatitudeDegrees>51.31115833333333</LatitudeDegrees>
                            <LongitudeDegrees>-0.5548083333333333</LongitudeDegrees>
                        </Position>
                        <AltitudeMeters>25.369023832234852</AltitudeMeters>
                        <DistanceMeters>1737.9561077834892</DistanceMeters>
                    </Trackpoint>
                    <Trackpoint>
                        <Time>2026-08-23T09:22:44.000+01:00</Time>
                        <Position>
                            <LatitudeDegrees>51.31113833333333</LatitudeDegrees>
                            <LongitudeDegrees>-0.5547966666666667</LongitudeDegrees>
                        </Position>
                        <AltitudeMeters>25.37439212587262</AltitudeMeters>
                        <DistanceMeters>1740.3232419136064</DistanceMeters>
                    </Trackpoint>
                    <Trackpoint>
                        <Time>2026-08-23T09:22:45.000+01:00</Time>
                        <Position>
                            <LatitudeDegrees>51.31111833333333</LatitudeDegrees>
                            <LongitudeDegrees>-0.5547833333333333</LongitudeDegrees>
                        </Position>
                        <AltitudeMeters>25.382719453466308</AltitudeMeters>
                        <DistanceMeters>1742.7325210365375</DistanceMeters>
                        <HeartRateBpm>
                            <Value>166</Value>
                        </HeartRateBpm>
                    </Trackpoint>
                    <Trackpoint>
                        <Time>2026-08-23T09:22:46.000+01:00</Time>
                        <Position>
                            <LatitudeDegrees>51.3111</LatitudeDegrees>
                            <LongitudeDegrees>-0.554765</LongitudeDegrees>
                        </Position>
                        <AltitudeMeters>25.393537850574887</AltitudeMeters>
                        <DistanceMeters>1745.1366066616574</DistanceMeters>
                        <HeartRateBpm>
                            <Value>167</Value>
                        </HeartRateBpm>
                    </Trackpoint>
                    <Trackpoint>
                        <Time>2026-08-23T09:22:47.000+01:00</Time>
                        <Position>
                            <LatitudeDegrees>51.31108</LatitudeDegrees>
                            <LongitudeDegrees>-0.554745</LongitudeDegrees>
                        </Position>
                        <AltitudeMeters>25.406417880811983</AltitudeMeters>
                        <DistanceMeters>1747.7592458346903</DistanceMeters>
                    </Trackpoint>
                    <Trackpoint>
                        <Time>2026-08-23T09:22:48.000+01:00</Time>
                        <Position>
                            <LatitudeDegrees>51.31106166666667</LatitudeDegrees>
                            <LongitudeDegrees>-0.5547283333333334</LongitudeDegrees>
                        </Position>
                        <AltitudeMeters>25.420967554006165</AltitudeMeters>
                        <DistanceMeters>1750.1039862968391</DistanceMeters>
                    </Trackpoint>
                    <Trackpoint>
                        <Time>2026-08-23T09:22:49.000+01:00</Time>
                        <Position>
                            <LatitudeDegrees>51.31104333333333</LatitudeDegrees>
                            <LongitudeDegrees>-0.5547183333333333</LongitudeDegrees>
                        </Position>
                        <AltitudeMeters>25.43683103819792</AltitudeMeters>
                        <DistanceMeters>1752.2578016070381</DistanceMeters>
                        <HeartRateBpm>
                            <Value>167</Value>
                        </HeartRateBpm>
                    </Trackpoint>
                    <Trackpoint>
                        <Time>2026-08-23T09:22:50.000+01:00</Time>
                        <Position>
                            <LatitudeDegrees>51.31102333333333</LatitudeDegrees>
                            <LongitudeDegrees>-0.5547183333333333</LongitudeDegrees>
                        </Position>
                        <AltitudeMeters>25.45368720467233</AltitudeMeters>
                        <DistanceMeters>1754.4817036301858</DistanceMeters>
                    </Trackpoint>
                    <Trackpoint>
                        <Time>2026-08-23T09:22:51.000+01:00</Time>
                        <Position>
                            <LatitudeDegrees>51.31100166666667</LatitudeDegrees>
                            <LongitudeDegrees>-0.554725</LongitudeDegrees>
                        </Position>
                        <AltitudeMeters>25.471248041610668</AltitudeMeters>
                        <DistanceMeters>1756.9350886729133</DistanceMeters>
                    </Trackpoint>
                    <Trackpoint>
                        <Time>2026-08-23T09:22:52.000+01:00</Time>
                        <Position>
                            <LatitudeDegrees>51.31098333333333</LatitudeDegrees>
                            <LongitudeDegrees>-0.5547416666666667</LongitudeDegrees>
                        </Position>
                        <AltitudeMeters>25.489256968473732</AltitudeMeters>
                        <DistanceMeters>1759.2798301127864</DistanceMeters>
                        <HeartRateBpm>
                            <Value>169</Value>
                        </HeartRateBpm>
                    </Trackpoint>
                    <Trackpoint>
                        <Time>2026-08-23T09:22:53.000+01:00</Time>
                        <Position>
                            <LatitudeDegrees>51.310966666666666</LatitudeDegrees>
                            <LongitudeDegrees>-0.5547633333333334</LongitudeDegrees>
                        </Position>
                        <AltitudeMeters>25.50748707991816</AltitudeMeters>
                        <DistanceMeters>1761.6678317838425</DistanceMeters>
                    </Trackpoint>
                    <Trackpoint>
                        <Time>2026-08-23T09:22:54.000+01:00</Time>
                        <Position>
                            <LatitudeDegrees>51.31095166666667</LatitudeDegrees>
                            <LongitudeDegrees>-0.5547916666666667</LongitudeDegrees>
                        </Position>
                        <AltitudeMeters>25.525739344903744</AltitudeMeters>
                        <DistanceMeters>1764.2486094049684</DistanceMeters>
                        <HeartRateBpm>
                            <Value>168</Value>
                        </HeartRateBpm>
                    </Trackpoint>
                    <Trackpoint>
                        <Time>2026-08-23T09:22:55.000+01:00</Time>
                        <Position>
                            <LatitudeDegrees>51.310941666666665</LatitudeDegrees>
                            <LongitudeDegrees>-0.5548266666666667</LongitudeDegrees>
                        </Position>
                        <AltitudeMeters>25.543840783682285</AltitudeMeters>
                        <DistanceMeters>1766.9234441812082</DistanceMeters>
                    </Trackpoint>
                    <Trackpoint>
                        <Time>2026-08-23T09:22:56.000+01:00</Time>
                        <Position>
                            <LatitudeDegrees>51.31093333333333</LatitudeDegrees>
                            <LongitudeDegrees>-0.5548633333333334</LongitudeDegrees>
                        </Position>
                        <AltitudeMeters>25.56164264257109</AltitudeMeters>
                        <DistanceMeters>1769.6352724323367</DistanceMeters>
                    </Trackpoint>
                    <Trackpoint>
                        <Time>2026-08-23T09:22:57.000+01:00</Time>
                        <Position>
                            <LatitudeDegrees>51.31092833333334</LatitudeDegrees>
                            <LongitudeDegrees>-0.5549033333333333</LongitudeDegrees>
                        </Position>
                        <AltitudeMeters>25.579018583809102</AltitudeMeters>
                        <DistanceMeters>1772.4706112937984</DistanceMeters>
                        <HeartRateBpm>
                            <Value>168</Value>
                        </HeartRateBpm>
                    </Trackpoint>
                    <Trackpoint>
                        <Time>2026-08-23T09:22:58.000+01:00</Time>
                        <Position>
                            <LatitudeDegrees>51.310925</LatitudeDegrees>
                            <LongitudeDegrees>-0.5549433333333333</LongitudeDegrees>
                        </Position>
                        <AltitudeMeters>25.595862905371003</AltitudeMeters>
                        <DistanceMeters>1775.2755035865064</DistanceMeters>
                        <HeartRateBpm>
                            <Value>168</Value>
                        </HeartRateBpm>
                    </Trackpoint>
                    <Trackpoint>
                        <Time>2026-08-23T09:22:59.000+01:00</Time>
                        <Position>
                            <LatitudeDegrees>51.31092</LatitudeDegrees>
                            <LongitudeDegrees>-0.5549816666666667</LongitudeDegrees>
                        </Position>
                        <AltitudeMeters>25.612088803373098</AltitudeMeters>
                        <DistanceMeters>1777.9973410972857</DistanceMeters>
                    </Trackpoint>
                    <Trackpoint>
                        <Time>2026-08-23T09:23:00.000+01:00</Time>
                        <Position>
                            <LatitudeDegrees>51.310916666666664</LatitudeDegrees>
                            <LongitudeDegrees>-0.5550183333333333</LongitudeDegrees>
                        </Position>
                        <AltitudeMeters>25.627626687641147</AltitudeMeters>
                        <DistanceMeters>1780.572756424941</DistanceMeters>
                        <HeartRateBpm>
                            <Value>170</Value>
                        </HeartRateBpm>
                    </Trackpoint>
                    <Trackpoint>
                        <Time>2026-08-23T09:23:01.000+01:00</Time>
                        <Position>
                            <LatitudeDegrees>51.31091166666667</LatitudeDegrees>
                            <LongitudeDegrees>-0.5550516666666666</LongitudeDegrees>
                        </Position>
                        <AltitudeMeters>25.642422559120583</AltitudeMeters>
                        <DistanceMeters>1782.9554428071756</DistanceMeters>
                    </Trackpoint>
                    <Trackpoint>
                        <Time>2026-08-23T09:23:02.000+01:00</Time>
                        <Position>
                            <LatitudeDegrees>51.31090666666667</LatitudeDegrees>
                            <LongitudeDegrees>-0.555085</LongitudeDegrees>
                        </Position>
                        <AltitudeMeters>25.65643645608807</AltitudeMeters>
                        <DistanceMeters>1785.3381294350843</DistanceMeters>
                    </Trackpoint>
                    <Trackpoint>
                        <Time>2026-08-23T09:23:03.000+01:00</Time>
                        <Position>
                            <LatitudeDegrees>51.310901666666666</LatitudeDegrees>
                            <LongitudeDegrees>-0.55512</LongitudeDegrees>
                        </Position>
                        <AltitudeMeters>25.70974698020442</AltitudeMeters>
                        <DistanceMeters>1787.8336105017243</DistanceMeters>
                        <HeartRateBpm>
                            <Value>169</Value>
                        </HeartRateBpm>
                    </Trackpoint>
                    <Trackpoint>
                        <Time>2026-08-23T09:23:04.000+01:00</Time>
                        <Position>
                            <LatitudeDegrees>51.310898333333334</LatitudeDegrees>
                            <LongitudeDegrees>-0.5551566666666666</LongitudeDegrees>
                        </Position>
                        <AltitudeMeters>25.759399498034522</AltitudeMeters>
                        <DistanceMeters>1790.4090268369848</DistanceMeters>
                    </Trackpoint>
                    <Trackpoint>
                        <Time>2026-08-23T09:23:05.000+01:00</Time>
                        <Position>
                            <LatitudeDegrees>51.310895</LatitudeDegrees>
                            <LongitudeDegrees>-0.5551983333333333</LongitudeDegrees>
                        </Position>
                        <AltitudeMeters>25.80541398725549</AltitudeMeters>
                        <DistanceMeters>1793.3287908467853</DistanceMeters>
                    </Trackpoint>
                    <Trackpoint>
                        <Time>2026-08-23T09:23:06.000+01:00</Time>
                        <Position>
                            <LatitudeDegrees>51.31089</LatitudeDegrees>
                            <LongitudeDegrees>-0.5552416666666666</LongitudeDegrees>
                        </Position>
                        <AltitudeMeters>25.84784168559465</AltitudeMeters>
                        <DistanceMeters>1796.3916623837117</DistanceMeters>
                        <HeartRateBpm>
                            <Value>169</Value>
                        </HeartRateBpm>
                    </Trackpoint>
                    <Trackpoint>
                        <Time>2026-08-23T09:23:07.000+01:00</Time>
                        <Position>
                            <LatitudeDegrees>51.31088666666667</LatitudeDegrees>
                            <LongitudeDegrees>-0.555285</LongitudeDegrees>
                        </Position>
                        <AltitudeMeters>25.88676048938059</AltitudeMeters>
                        <DistanceMeters>1799.4263710366993</DistanceMeters>
                    </Trackpoint>
                    <Trackpoint>
                        <Time>2026-08-23T09:23:08.000+01:00</Time>
                        <Position>
                            <LatitudeDegrees>51.31088333333334</LatitudeDegrees>
                            <LongitudeDegrees>-0.5553266666666666</LongitudeDegrees>
                        </Position>
                        <AltitudeMeters>25.922270710773347</AltitudeMeters>
                        <DistanceMeters>1802.3461357769033</DistanceMeters>
                    </Trackpoint>
                    <Trackpoint>
                        <Time>2026-08-23T09:23:09.000+01:00</Time>
                        <Position>
                            <LatitudeDegrees>51.31088</LatitudeDegrees>
                            <LongitudeDegrees>-0.5553683333333334</LongitudeDegrees>
                        </Position>
                        <AltitudeMeters>25.95449118588402</AltitudeMeters>
                        <DistanceMeters>1805.2659007259913</DistanceMeters>
                        <HeartRateBpm>
                            <Value>170</Value>
                        </HeartRateBpm>
                    </Trackpoint>
                    <Trackpoint>
                        <Time>2026-08-23T09:23:10.000+01:00</Time>
                        <Position>
                            <LatitudeDegrees>51.310878333333335</LatitudeDegrees>
                            <LongitudeDegrees>-0.5554083333333333</LongitudeDegrees>
                        </Position>
                        <AltitudeMeters>25.983555723752627</AltitudeMeters>
                        <DistanceMeters>1808.0523681173438</DistanceMeters>
                    </Trackpoint>
                    <Trackpoint>
                        <Time>2026-08-23T09:23:11.000+01:00</Time>
                        <Position>
                            <LatitudeDegrees>51.31088166666667</LatitudeDegrees>
                            <LongitudeDegrees>-0.55545</LongitudeDegrees>
                        </Position>
                        <AltitudeMeters>26.009609884300595</AltitudeMeters>
                        <DistanceMeters>1810.9721331706874</DistanceMeters>
                        <HeartRateBpm>
                            <Value>168</Value>
                        </HeartRateBpm>
                    </Trackpoint>
                    <Trackpoint>
                        <Time>2026-08-23T09:23:12.000+01:00</Time>
                        <Position>
                            <LatitudeDegrees>51.31088833333333</LatitudeDegrees>
                            <LongitudeDegrees>-0.5554916666666667</LongitudeDegrees>
                        </Position>
                        <AltitudeMeters>26.032808071876985</AltitudeMeters>
                        <DistanceMeters>1813.9616433572057</DistanceMeters>
                    </Trackpoint>
                    <Trackpoint>
                        <Time>2026-08-23T09:23:13.000+01:00</Time>
                        <Position>
                            <LatitudeDegrees>51.310898333333334</LatitudeDegrees>
                            <LongitudeDegrees>-0.5555316666666666</LongitudeDegrees>
                        </Position>
                        <AltitudeMeters>26.053310929842418</AltitudeMeters>
                        <DistanceMeters>1816.9560523781659</DistanceMeters>
                    </Trackpoint>
                    <Trackpoint>
                        <Time>2026-08-23T09:23:14.000+01:00</Time>
                        <Position>
                            <LatitudeDegrees>51.31091333333333</LatitudeDegrees>
                            <LongitudeDegrees>-0.5555683333333333</LongitudeDegrees>
                        </Position>
                        <AltitudeMeters>26.071283020750336</AltitudeMeters>
                        <DistanceMeters>1820.0019290734308</DistanceMeters>
                        <HeartRateBpm>
                            <Value>168</Value>
                        </HeartRateBpm>
                    </Trackpoint>
                    <Trackpoint>
                        <Time>2026-08-23T09:23:15.000+01:00</Time>
                        <Position>
                            <LatitudeDegrees>51.31093</LatitudeDegrees>
                            <LongitudeDegrees>-0.5556</LongitudeDegrees>
                        </Position>
                        <AltitudeMeters>26.08689077606119</AltitudeMeters>
                        <DistanceMeters>1822.8792954934697</DistanceMeters>
                    </Trackpoint>
                    <Trackpoint>
                        <Time>2026-08-23T09:23:16.000+01:00</Time>
                        <Position>
                            <LatitudeDegrees>51.31095</LatitudeDegrees>
                            <LongitudeDegrees>-0.5556283333333333</LongitudeDegrees>
                        </Position>
                        <AltitudeMeters>26.100300698933356</AltitudeMeters>
                        <DistanceMeters>1825.8498472455349</DistanceMeters>
                    </Trackpoint>
                    <Trackpoint>
                        <Time>2026-08-23T09:23:17.000+01:00</Time>
                        <Position>
                            <LatitudeDegrees>51.31097166666667</LatitudeDegrees>
                            <LongitudeDegrees>-0.55565</LongitudeDegrees>
                        </Position>
                        <AltitudeMeters>26.11167780344761</AltitudeMeters>
                        <DistanceMeters>1828.6910419296682</DistanceMeters>
                        <HeartRateBpm>
                            <Value>169</Value>
                        </HeartRateBpm>
                    </Trackpoint>
                    <Trackpoint>
                        <Time>2026-08-23T09:23:18.000+01:00</Time>
                        <Position>
                            <LatitudeDegrees>51.310995</LatitudeDegrees>
                            <LongitudeDegrees>-0.5556683333333333</LongitudeDegrees>
                        </Position>
                        <AltitudeMeters>26.12118427361483</AltitudeMeters>
                        <DistanceMeters>1831.581637535859</DistanceMeters>
                    </Trackpoint>
                    <Trackpoint>
                        <Time>2026-08-23T09:23:19.000+01:00</Time>
                        <Position>
                            <LatitudeDegrees>51.31101833333334</LatitudeDegrees>
                            <LongitudeDegrees>-0.5556816666666666</LongitudeDegrees>
                        </Position>
                        <AltitudeMeters>26.12897832566555</AltitudeMeters>
                        <DistanceMeters>1834.3367404732694</DistanceMeters>
                        <HeartRateBpm>
                            <Value>168</Value>
                        </HeartRateBpm>
                    </Trackpoint>
                    <Trackpoint>
                        <Time>2026-08-23T09:23:20.000+01:00</Time>
                        <Position>
                            <LatitudeDegrees>51.31104166666667</LatitudeDegrees>
                            <LongitudeDegrees>-0.555695</LongitudeDegrees>
                        </Position>
                        <AltitudeMeters>26.135213257402942</AltitudeMeters>
                        <DistanceMeters>1837.0918432508201</DistanceMeters>
                    </Trackpoint>
                    <Trackpoint>
                        <Time>2026-08-23T09:23:21.000+01:00</Time>
                        <Position>
                            <LatitudeDegrees>51.311065</LatitudeDegrees>
                            <LongitudeDegrees>-0.5557083333333334</LongitudeDegrees>
                        </Position>
                        <AltitudeMeters>26.140036668797613</AltitudeMeters>
                        <DistanceMeters>1839.8469458705029</DistanceMeters>
                        <HeartRateBpm>
                            <Value>167</Value>
                        </HeartRateBpm>
                    </Trackpoint>
                    <Trackpoint>
                        <Time>2026-08-23T09:23:22.000+01:00</Time>
                        <Position>
                            <LatitudeDegrees>51.31109</LatitudeDegrees>
                            <LongitudeDegrees>-0.5557233333333333</LongitudeDegrees>
                        </Position>
                        <AltitudeMeters>26.14358983849443</AltitudeMeters>
                        <DistanceMeters>1842.8159101139267</DistanceMeters>
                    </Trackpoint>
                    <Trackpoint>
                        <Time>2026-08-23T09:23:23.000+01:00</Time>
                        <Position>
                            <LatitudeDegrees>51.31111333333333</LatitudeDegrees>
                            <LongitudeDegrees>-0.55574</LongitudeDegrees>
                        </Position>
                        <AltitudeMeters>26.14600724147138</AltitudeMeters>
                        <DistanceMeters>1845.65733799338</DistanceMeters>
                        <HeartRateBpm>
                            <Value>168</Value>
                        </HeartRateBpm>
                    </Trackpoint>
                    <Trackpoint>
                        <Time>2026-08-23T09:23:24.000+01:00</Time>
                        <Position>
                            <LatitudeDegrees>51.31114</LatitudeDegrees>
                            <LongitudeDegrees>-0.5557566666666667</LongitudeDegrees>
                        </Position>
                        <AltitudeMeters>26.1474161937226</AltitudeMeters>
                        <DistanceMeters>1848.8408008913232</DistanceMeters>
                    </Trackpoint>
                    <Trackpoint>
                        <Time>2026-08-23T09:23:25.000+01:00</Time>
                        <Position>
                            <LatitudeDegrees>51.311168333333335</LatitudeDegrees>
                            <LongitudeDegrees>-0.5557766666666667</LongitudeDegrees>
                        </Position>
                        <AltitudeMeters>26.147936610518073</AltitudeMeters>
                        <DistanceMeters>1852.2843915243275</DistanceMeters>
                        <HeartRateBpm>
                            <Value>170</Value>
                        </HeartRateBpm>
                    </Trackpoint>
                    <Trackpoint>
                        <Time>2026-08-23T09:23:26.000+01:00</Time>
                        <Position>
                            <LatitudeDegrees>51.311195</LatitudeDegrees>
                            <LongitudeDegrees>-0.5557983333333333</LongitudeDegrees>
                        </Position>
                        <AltitudeMeters>26.14768086550842</AltitudeMeters>
                        <DistanceMeters>1855.6101120141082</DistanceMeters>
                        <HeartRateBpm>
                            <Value>168</Value>
                        </HeartRateBpm>
                    </Trackpoint>
                    <Trackpoint>
                        <Time>2026-08-23T09:23:27.000+01:00</Time>
                        <Position>
                            <LatitudeDegrees>51.31122166666667</LatitudeDegrees>
                            <LongitudeDegrees>-0.5558216666666667</LongitudeDegrees>
                        </Position>
                        <AltitudeMeters>26.14675373868321</AltitudeMeters>
                        <DistanceMeters>1858.989868702728</DistanceMeters>
                    </Trackpoint>
                    <Trackpoint>
                        <Time>2026-08-23T09:23:28.000+01:00</Time>
                        <Position>
                            <LatitudeDegrees>51.31124666666667</LatitudeDegrees>
                            <LongitudeDegrees>-0.55585</LongitudeDegrees>
                        </Position>
                        <AltitudeMeters>26.145252441945452</AltitudeMeters>
                        <DistanceMeters>1862.3966423750705</DistanceMeters>
                        <HeartRateBpm>
                            <Value>169</Value>
                        </HeartRateBpm>
                    </Trackpoint>
                    <Trackpoint>
                        <Time>2026-08-23T09:23:29.000+01:00</Time>
                        <Position>
                            <LatitudeDegrees>51.31126833333333</LatitudeDegrees>
                            <LongitudeDegrees>-0.55588</LongitudeDegrees>
                        </Position>
                        <AltitudeMeters>26.143266711824296</AltitudeMeters>
                        <DistanceMeters>1865.582934884009</DistanceMeters>
                    </Trackpoint>
                    <Trackpoint>
                        <Time>2026-08-23T09:23:30.000+01:00</Time>
                        <Position>
                            <LatitudeDegrees>51.31129166666667</LatitudeDegrees>
                            <LongitudeDegrees>-0.55591</LongitudeDegrees>
                        </Position>
                        <AltitudeMeters>26.180984965244757</AltitudeMeters>
                        <DistanceMeters>1868.9115655312842</DistanceMeters>
                        <HeartRateBpm>
                            <Value>170</Value>
                        </HeartRateBpm>
                    </Trackpoint>
                    <Trackpoint>
                        <Time>2026-08-23T09:23:31.000+01:00</Time>
                        <Position>
                            <LatitudeDegrees>51.31131333333333</LatitudeDegrees>
                            <LongitudeDegrees>-0.5559416666666667</LongitudeDegrees>
                        </Position>
                        <AltitudeMeters>26.21554410101034</AltitudeMeters>
                        <DistanceMeters>1872.1748447011034</DistanceMeters>
                    </Trackpoint>
                    <Trackpoint>
                        <Time>2026-08-23T09:23:32.000+01:00</Time>
                        <Position>
                            <LatitudeDegrees>51.31133333333333</LatitudeDegrees>
                            <LongitudeDegrees>-0.5559716666666666</LongitudeDegrees>
                        </Position>
                        <AltitudeMeters>26.24703890523829</AltitudeMeters>
                        <DistanceMeters>1875.223420110648</DistanceMeters>
                    </Trackpoint>
                    <Trackpoint>
                        <Time>2026-08-23T09:23:33.000+01:00</Time>
                        <Position>
                            <LatitudeDegrees>51.31135666666667</LatitudeDegrees>
                            <LongitudeDegrees>-0.556</LongitudeDegrees>
                        </Position>
                        <AltitudeMeters>26.315686215275818</AltitudeMeters>
                        <DistanceMeters>1878.4807305033771</DistanceMeters>
                        <HeartRateBpm>
                            <Value>170</Value>
                        </HeartRateBpm>
                    </Trackpoint>
                    <Trackpoint>
                        <Time>2026-08-23T09:23:34.000+01:00</Time>
                        <Position>
                            <LatitudeDegrees>51.31138</LatitudeDegrees>
                            <LongitudeDegrees>-0.5560283333333333</LongitudeDegrees>
                        </Position>
                        <AltitudeMeters>26.378671373129276</AltitudeMeters>
                        <DistanceMeters>1881.7380402894864</DistanceMeters>
                    </Trackpoint>
                    <Trackpoint>
                        <Time>2026-08-23T09:23:35.000+01:00</Time>
                        <Position>
                            <LatitudeDegrees>51.31140333333333</LatitudeDegrees>
                            <LongitudeDegrees>-0.5560566666666666</LongitudeDegrees>
                        </Position>
                        <AltitudeMeters>26.47626054363382</AltitudeMeters>
                        <DistanceMeters>1884.9953494706708</DistanceMeters>
                    </Trackpoint>
                    <Trackpoint>
                        <Time>2026-08-23T09:23:36.000+01:00</Time>
                        <Position>
                            <LatitudeDegrees>51.31142666666667</LatitudeDegrees>
                            <LongitudeDegrees>-0.5560833333333334</LongitudeDegrees>
                        </Position>
                        <AltitudeMeters>26.565705633036966</AltitudeMeters>
                        <DistanceMeters>1888.1839544572358</DistanceMeters>
                        <HeartRateBpm>
                            <Value>171</Value>
                        </HeartRateBpm>
                    </Trackpoint>
                    <Trackpoint>
                        <Time>2026-08-23T09:23:37.000+01:00</Time>
                        <Position>
                            <LatitudeDegrees>51.31145</LatitudeDegrees>
                            <LongitudeDegrees>-0.55611</LongitudeDegrees>
                        </Position>
                        <AltitudeMeters>26.687353712982194</AltitudeMeters>
                        <DistanceMeters>1891.3725588958946</DistanceMeters>
                    </Trackpoint>
                    <Trackpoint>
                        <Time>2026-08-23T09:23:38.000+01:00</Time>
                        <Position>
                            <LatitudeDegrees>51.31147333333333</LatitudeDegrees>
                            <LongitudeDegrees>-0.5561316666666667</LongitudeDegrees>
                        </Position>
                        <AltitudeMeters>26.83865529873942</AltitudeMeters>
                        <DistanceMeters>1894.3725028963568</DistanceMeters>
                        <HeartRateBpm>
                            <Value>170</Value>
                        </HeartRateBpm>
                    </Trackpoint>
                    <Trackpoint>
                        <Time>2026-08-23T09:23:39.000+01:00</Time>
                        <Position>
                            <LatitudeDegrees>51.31149666666666</LatitudeDegrees>
                            <LongitudeDegrees>-0.5561483333333334</LongitudeDegrees>
                        </Position>
                        <AltitudeMeters>26.97701496456719</AltitudeMeters>
                        <DistanceMeters>1897.213926830045</DistanceMeters>
                    </Trackpoint>
                    <Trackpoint>
                        <Time>2026-08-23T09:23:40.000+01:00</Time>
                        <Position>
                            <LatitudeDegrees>51.311523333333334</LatitudeDegrees>
                            <LongitudeDegrees>-0.5561566666666666</LongitudeDegrees>
                        </Position>
                        <AltitudeMeters>27.102851005004446</AltitudeMeters>
                        <DistanceMeters>1900.2351722154747</DistanceMeters>
                        <HeartRateBpm>
                            <Value>169</Value>
                        </HeartRateBpm>
                    </Trackpoint>
                    <Trackpoint>
                        <Time>2026-08-23T09:23:41.000+01:00</Time>
                        <Position>
                            <LatitudeDegrees>51.31155</LatitudeDegrees>
                            <LongitudeDegrees>-0.5561616666666667</LongitudeDegrees>
                        </Position>
                        <AltitudeMeters>27.256749218733734</AltitudeMeters>
                        <DistanceMeters>1903.2206714517492</DistanceMeters>
                    </Trackpoint>
                    <Trackpoint>
                        <Time>2026-08-23T09:23:42.000+01:00</Time>
                        <Position>
                            <LatitudeDegrees>51.31157833333334</LatitudeDegrees>
                            <LongitudeDegrees>-0.5561633333333333</LongitudeDegrees>
                        </Position>
                        <AltitudeMeters>27.396299927886776</AltitudeMeters>
                        <DistanceMeters>1906.3733283754227</DistanceMeters>
                        <HeartRateBpm>
                            <Value>170</Value>
                        </HeartRateBpm>
                    </Trackpoint>
                    <Trackpoint>
                        <Time>2026-08-23T09:23:43.000+01:00</Time>
                        <Position>
                            <LatitudeDegrees>51.311605</LatitudeDegrees>
                            <LongitudeDegrees>-0.556165</LongitudeDegrees>
                        </Position>
                        <AltitudeMeters>27.52209576548368</AltitudeMeters>
                        <DistanceMeters>1909.340793093633</DistanceMeters>
                    </Trackpoint>
                    <Trackpoint>
                        <Time>2026-08-23T09:23:44.000+01:00</Time>
                        <Position>
                            <LatitudeDegrees>51.31163333333333</LatitudeDegrees>
                            <LongitudeDegrees>-0.5561666666666667</LongitudeDegrees>
                        </Position>
                        <AltitudeMeters>27.67488534019183</AltitudeMeters>
                        <DistanceMeters>1912.493450011497</DistanceMeters>
                    </Trackpoint>
                    <Trackpoint>
                        <Time>2026-08-23T09:23:45.000+01:00</Time>
                        <Position>
                            <LatitudeDegrees>51.311658333333334</LatitudeDegrees>
                            <LongitudeDegrees>-0.5561766666666667</LongitudeDegrees>
                        </Position>
                        <AltitudeMeters>27.81241025965174</AltitudeMeters>
                        <DistanceMeters>1915.3589048403567</DistanceMeters>
                        <HeartRateBpm>
                            <Value>170</Value>
                        </HeartRateBpm>
                    </Trackpoint>
                    <Trackpoint>
                        <Time>2026-08-23T09:23:46.000+01:00</Time>
                        <Position>
                            <LatitudeDegrees>51.31168</LatitudeDegrees>
                            <LongitudeDegrees>-0.5561916666666666</LongitudeDegrees>
                        </Position>
                        <AltitudeMeters>27.93540302878016</AltitudeMeters>
                        <DistanceMeters>1917.9840481191702</DistanceMeters>
                        <HeartRateBpm>
                            <Value>172</Value>
                        </HeartRateBpm>
                    </Trackpoint>
                    <Trackpoint>
                        <Time>2026-08-23T09:23:47.000+01:00</Time>
                        <Position>
                            <LatitudeDegrees>51.31169666666667</LatitudeDegrees>
                            <LongitudeDegrees>-0.556215</LongitudeDegrees>
                        </Position>
                        <AltitudeMeters>28.044634911467877</AltitudeMeters>
                        <DistanceMeters>1920.4467326328056</DistanceMeters>
                    </Trackpoint>
                    <Trackpoint>
                        <Time>2026-08-23T09:23:48.000+01:00</Time>
                        <Position>
                            <LatitudeDegrees>51.311706666666666</LatitudeDegrees>
                            <LongitudeDegrees>-0.556245</LongitudeDegrees>
                        </Position>
                        <AltitudeMeters>28.140903631302805</AltitudeMeters>
                        <DistanceMeters>1922.8098735861847</DistanceMeters>
                    </Trackpoint>
                    <Trackpoint>
                        <Time>2026-08-23T09:23:49.000+01:00</Time>
                        <Position>
                            <LatitudeDegrees>51.311708333333335</LatitudeDegrees>
                            <LongitudeDegrees>-0.5562816666666667</LongitudeDegrees>
                        </Position>
                        <AltitudeMeters>28.225022448381704</AltitudeMeters>
                        <DistanceMeters>1925.36516308618</DistanceMeters>
                        <HeartRateBpm>
                            <Value>172</Value>
                        </HeartRateBpm>
                    </Trackpoint>
                    <Trackpoint>
                        <Time>2026-08-23T09:23:50.000+01:00</Time>
                        <Position>
                            <LatitudeDegrees>51.311705</LatitudeDegrees>
                            <LongitudeDegrees>-0.5563216666666667</LongitudeDegrees>
                        </Position>
                        <AltitudeMeters>28.29781053243821</AltitudeMeters>
                        <DistanceMeters>1928.1700085303587</DistanceMeters>
                        <HeartRateBpm>
                            <Value>171</Value>
                        </HeartRateBpm>
                    </Trackpoint>
                    <Trackpoint>
                        <Time>2026-08-23T09:23:51.000+01:00</Time>
                        <Position>
                            <LatitudeDegrees>51.31169666666667</LatitudeDegrees>
                            <LongitudeDegrees>-0.55636</LongitudeDegrees>
                        </Position>
                        <AltitudeMeters>28.360084550961115</AltitudeMeters>
                        <DistanceMeters>1930.9909454808687</DistanceMeters>
                        <HeartRateBpm>
                            <Value>173</Value>
                        </HeartRateBpm>
                    </Trackpoint>
                    <Trackpoint>
                        <Time>2026-08-23T09:23:52.000+01:00</Time>
                        <Position>
                            <LatitudeDegrees>51.31169</LatitudeDegrees>
                            <LongitudeDegrees>-0.5563966666666667</LongitudeDegrees>
                        </Position>
                        <AltitudeMeters>28.41265139038597</AltitudeMeters>
                        <DistanceMeters>1933.6451289168642</DistanceMeters>
                    </Trackpoint>
                    <Trackpoint>
                        <Time>2026-08-23T09:23:53.000+01:00</Time>
                        <Position>
                            <LatitudeDegrees>51.311683333333335</LatitudeDegrees>
                            <LongitudeDegrees>-0.55643</LongitudeDegrees>
                        </Position>
                        <AltitudeMeters>28.456301928693236</AltitudeMeters>
                        <DistanceMeters>1936.0777060631847</DistanceMeters>
                        <HeartRateBpm>
                            <Value>174</Value>
                        </HeartRateBpm>
                    </Trackpoint>
                    <Trackpoint>
                        <Time>2026-08-23T09:23:54.000+01:00</Time>
                        <Position>
                            <LatitudeDegrees>51.31167666666666</LatitudeDegrees>
                            <LongitudeDegrees>-0.5564633333333333</LongitudeDegrees>
                        </Position>
                        <AltitudeMeters>28.491805778724324</AltitudeMeters>
                        <DistanceMeters>1938.5102835303478</DistanceMeters>
                    </Trackpoint>
                    <Trackpoint>
                        <Time>2026-08-23T09:23:55.000+01:00</Time>
                        <Position>
                            <LatitudeDegrees>51.31167333333333</LatitudeDegrees>
                            <LongitudeDegrees>-0.5564966666666666</LongitudeDegrees>
                        </Position>
                        <AltitudeMeters>28.51990692312778</AltitudeMeters>
                        <DistanceMeters>1940.8566188187183</DistanceMeters>
                    </Trackpoint>
                    <Trackpoint>
                        <Time>2026-08-23T09:23:56.000+01:00</Time>
                        <Position>
                            <LatitudeDegrees>51.31167</LatitudeDegrees>
                            <LongitudeDegrees>-0.556535</LongitudeDegrees>
                        </Position>
                        <AltitudeMeters>28.541320163974284</AltitudeMeters>
                        <DistanceMeters>1943.5466821120503</DistanceMeters>
                        <HeartRateBpm>
                            <Value>174</Value>
                        </HeartRateBpm>
                    </Trackpoint>
                    <Trackpoint>
                        <Time>2026-08-23T09:23:57.000+01:00</Time>
                        <Position>
                            <LatitudeDegrees>51.311665</LatitudeDegrees>
                            <LongitudeDegrees>-0.556575</LongitudeDegrees>
                        </Position>
                        <AltitudeMeters>28.556728312642196</AltitudeMeters>
                        <DistanceMeters>1946.381977203062</DistanceMeters>
                        <HeartRateBpm>
                            <Value>170</Value>
                        </HeartRateBpm>
                    </Trackpoint>
                    <Trackpoint>
                        <Time>2026-08-23T09:23:58.000+01:00</Time>
                        <Position>
                            <LatitudeDegrees>51.31166</LatitudeDegrees>
                            <LongitudeDegrees>-0.5566166666666666</LongitudeDegrees>
                        </Position>
                        <AltitudeMeters>28.56678004849348</AltitudeMeters>
                        <DistanceMeters>1949.330954818742</DistanceMeters>
                    </Trackpoint>
                    <Trackpoint>
                        <Time>2026-08-23T09:23:59.000+01:00</Time>
                        <Position>
                            <LatitudeDegrees>51.311655</LatitudeDegrees>
                            <LongitudeDegrees>-0.55666</LongitudeDegrees>
                        </Position>
                        <AltitudeMeters>28.572088378058837</AltitudeMeters>
                        <DistanceMeters>1952.3937769732472</DistanceMeters>
                        <HeartRateBpm>
                            <Value>171</Value>
                        </HeartRateBpm>
                    </Trackpoint>
                    <Trackpoint>
                        <Time>2026-08-23T09:24:00.000+01:00</Time>
                        <Position>
                            <LatitudeDegrees>51.31165</LatitudeDegrees>
                            <LongitudeDegrees>-0.5567016666666667</LongitudeDegrees>
                        </Position>
                        <AltitudeMeters>28.573229629864116</AltitudeMeters>
                        <DistanceMeters>1955.3427552089336</DistanceMeters>
                    </Trackpoint>
                    <Trackpoint>
                        <Time>2026-08-23T09:24:01.000+01:00</Time>
                        <Position>
                            <LatitudeDegrees>51.311645</LatitudeDegrees>
                            <LongitudeDegrees>-0.5567433333333334</LongitudeDegrees>
                        </Position>
                        <AltitudeMeters>28.570742923597365</AltitudeMeters>
                        <DistanceMeters>1958.2917337545528</DistanceMeters>
                        <HeartRateBpm>
                            <Value>172</Value>
                        </HeartRateBpm>
                    </Trackpoint>
                    <Trackpoint>
                        <Time>2026-08-23T09:24:02.000+01:00</Time>
                        <Position>
                            <LatitudeDegrees>51.311638333333335</LatitudeDegrees>
                            <LongitudeDegrees>-0.5567866666666667</LongitudeDegrees>
                        </Position>
                        <AltitudeMeters>28.56513005598364</AltitudeMeters>
                        <DistanceMeters>1961.3935564020433</DistanceMeters>
                    </Trackpoint>
                    <Trackpoint>
                        <Time>2026-08-23T09:24:03.000+01:00</Time>
                        <Position>
                            <LatitudeDegrees>51.31163333333333</LatitudeDegrees>
                            <LongitudeDegrees>-0.5568283333333334</LongitudeDegrees>
                        </Position>
                        <AltitudeMeters>28.556855749455643</AltitudeMeters>
                        <DistanceMeters>1964.3425356708462</DistanceMeters>
                        <HeartRateBpm>
                            <Value>170</Value>
                        </HeartRateBpm>
                    </Trackpoint>
                    <Trackpoint>
                        <Time>2026-08-23T09:24:04.000+01:00</Time>
                        <Position>
                            <LatitudeDegrees>51.31162833333333</LatitudeDegrees>
                            <LongitudeDegrees>-0.5568716666666667</LongitudeDegrees>
                        </Position>
                        <AltitudeMeters>28.546348213440474</AltitudeMeters>
                        <DistanceMeters>1967.4053595466214</DistanceMeters>
                    </Trackpoint>
                    <Trackpoint>
                        <Time>2026-08-23T09:24:05.000+01:00</Time>
                        <Position>
                            <LatitudeDegrees>51.31162333333333</LatitudeDegrees>
                            <LongitudeDegrees>-0.5569166666666666</LongitudeDegrees>
                        </Position>
                        <AltitudeMeters>28.533999971790287</AltitudeMeters>
                        <DistanceMeters>1970.5821726280212</DistanceMeters>
                        <HeartRateBpm>
                            <Value>167</Value>
                        </HeartRateBpm>
                    </Trackpoint>
                    <Trackpoint>
                        <Time>2026-08-23T09:24:06.000+01:00</Time>
                        <Position>
                            <LatitudeDegrees>51.31162166666667</LatitudeDegrees>
                            <LongitudeDegrees>-0.55696</LongitudeDegrees>
                        </Position>
                        <AltitudeMeters>28.52016891353589</AltitudeMeters>
                        <DistanceMeters>1973.5998091276701</DistanceMeters>
                    </Trackpoint>
                    <Trackpoint>
                        <Time>2026-08-23T09:24:07.000+01:00</Time>
                        <Position>
                            <LatitudeDegrees>51.31162333333333</LatitudeDegrees>
                            <LongitudeDegrees>-0.557</LongitudeDegrees>
                        </Position>
                        <AltitudeMeters>28.505179527710922</AltitudeMeters>
                        <DistanceMeters>1976.3862315776473</DistanceMeters>
                        <HeartRateBpm>
                            <Value>169</Value>
                        </HeartRateBpm>
                    </Trackpoint>
                    <Trackpoint>
                        <Time>2026-08-23T09:24:08.000+01:00</Time>
                        <Position>
                            <LatitudeDegrees>51.31163166666666</LatitudeDegrees>
                            <LongitudeDegrees>-0.5570366666666666</LongitudeDegrees>
                        </Position>
                        <AltitudeMeters>28.489324286457656</AltitudeMeters>
                        <DistanceMeters>1979.0980238102509</DistanceMeters>
                    </Trackpoint>
                    <Trackpoint>
                        <Time>2026-08-23T09:24:09.000+01:00</Time>
                        <Position>
                            <LatitudeDegrees>51.311643333333336</LatitudeDegrees>
                            <LongitudeDegrees>-0.55707</LongitudeDegrees>
                        </Position>
                        <AltitudeMeters>28.4728651439656</AltitudeMeters>
                        <DistanceMeters>1981.7533659495416</DistanceMeters>
                        <HeartRateBpm>
                            <Value>167</Value>
                        </HeartRateBpm>
                    </Trackpoint>
                    <Trackpoint>
                        <Time>2026-08-23T09:24:10.000+01:00</Time>
                        <Position>
                            <LatitudeDegrees>51.311658333333334</LatitudeDegrees>
                            <LongitudeDegrees>-0.5570983333333334</LongitudeDegrees>
                        </Position>
                        <AltitudeMeters>28.415929116355553</AltitudeMeters>
                        <DistanceMeters>1984.3341209171042</DistanceMeters>
                    </Trackpoint>
                    <Trackpoint>
                        <Time>2026-08-23T09:24:11.000+01:00</Time>
                        <Position>
                            <LatitudeDegrees>51.31167666666666</LatitudeDegrees>
                            <LongitudeDegrees>-0.5571233333333333</LongitudeDegrees>
                        </Position>
                        <AltitudeMeters>28.361660324684244</AltitudeMeters>
                        <DistanceMeters>1987.012785624198</DistanceMeters>
                        <HeartRateBpm>
                            <Value>168</Value>
                        </HeartRateBpm>
                    </Trackpoint>
                    <Trackpoint>
                        <Time>2026-08-23T09:24:12.000+01:00</Time>
                        <Position>
                            <LatitudeDegrees>51.31169333333333</LatitudeDegrees>
                            <LongitudeDegrees>-0.5571466666666667</LongitudeDegrees>
                        </Position>
                        <AltitudeMeters>28.310212511286505</AltitudeMeters>
                        <DistanceMeters>1989.475470215425</DistanceMeters>
                        <HeartRateBpm>
                            <Value>167</Value>
                        </HeartRateBpm>
                    </Trackpoint>
                    <Trackpoint>
                        <Time>2026-08-23T09:24:13.000+01:00</Time>
                        <Position>
                            <LatitudeDegrees>51.311708333333335</LatitudeDegrees>
                            <LongitudeDegrees>-0.5571666666666667</LongitudeDegrees>
                        </Position>
                        <AltitudeMeters>28.26169285246469</AltitudeMeters>
                        <DistanceMeters>1991.646742523578</DistanceMeters>
                    </Trackpoint>
                    <Trackpoint>
                        <Time>2026-08-23T09:24:14.000+01:00</Time>
                        <Position>
                            <LatitudeDegrees>51.311721666666664</LatitudeDegrees>
                            <LongitudeDegrees>-0.557185</LongitudeDegrees>
                        </Position>
                        <AltitudeMeters>28.21616710327004</AltitudeMeters>
                        <DistanceMeters>1993.6017095257957</DistanceMeters>
                        <HeartRateBpm>
                            <Value>168</Value>
                        </HeartRateBpm>
                    </Trackpoint>
                    <Trackpoint>
                        <Time>2026-08-23T09:24:15.000+01:00</Time>
                        <Position>
                            <LatitudeDegrees>51.31173166666667</LatitudeDegrees>
                            <LongitudeDegrees>-0.5572033333333334</LongitudeDegrees>
                        </Position>
                        <AltitudeMeters>28.173664449468532</AltitudeMeters>
                        <DistanceMeters>1995.2929290411066</DistanceMeters>
                    </Trackpoint>
                    <Trackpoint>
                        <Time>2026-08-23T09:24:16.000+01:00</Time>
                        <Position>
                            <LatitudeDegrees>51.31173833333333</LatitudeDegrees>
                            <LongitudeDegrees>-0.5572166666666667</LongitudeDegrees>
                        </Position>
                        <AltitudeMeters>28.13418206011583</AltitudeMeters>
                        <DistanceMeters>1996.4796849812067</DistanceMeters>
                    </Trackpoint>
                    <Trackpoint>
                        <Time>2026-08-23T09:24:17.000+01:00</Time>
                        <Position>
                            <LatitudeDegrees>51.31174333333333</LatitudeDegrees>
                            <LongitudeDegrees>-0.5572283333333333</LongitudeDegrees>
                        </Position>
                        <AltitudeMeters>28.097689337822644</AltitudeMeters>
                        <DistanceMeters>1997.462881583564</DistanceMeters>
                        <HeartRateBpm>
                            <Value>168</Value>
                        </HeartRateBpm>
                    </Trackpoint>
                    <Trackpoint>
                        <Time>2026-08-23T09:24:18.000+01:00</Time>
                        <Position>
                            <LatitudeDegrees>51.311748333333334</LatitudeDegrees>
                            <LongitudeDegrees>-0.5572366666666667</LongitudeDegrees>
                        </Position>
                        <AltitudeMeters>28.064131866993677</AltitudeMeters>
                        <DistanceMeters>1998.2657526529067</DistanceMeters>
                    </Trackpoint>
                    <Trackpoint>
                        <Time>2026-08-23T09:24:19.000+01:00</Time>
                        <Position>
                            <LatitudeDegrees>51.311753333333336</LatitudeDegrees>
                            <LongitudeDegrees>-0.5572433333333333</LongitudeDegrees>
                        </Position>
                        <AltitudeMeters>28.033435063099844</AltitudeMeters>
                        <DistanceMeters>1998.9895097654883</DistanceMeters>
                    </Trackpoint>
                    <Trackpoint>
                        <Time>2026-08-23T09:24:20.000+01:00</Time>
                        <HeartRateBpm>
                            <Value>168</Value>
                        </HeartRateBpm>
                    </Trackpoint>
                    <Trackpoint>
                        <Time>2026-08-23T09:24:21.000+01:00</Time>
                        <Position>
                            <LatitudeDegrees>51.31175833333333</LatitudeDegrees>
                            <LongitudeDegrees>-0.557245</LongitudeDegrees>
                        </Position>
                        <AltitudeMeters>27.98024412174815</AltitudeMeters>
                        <DistanceMeters>1999.5574256784487</DistanceMeters>
                        <HeartRateBpm>
                            <Value>169</Value>
                        </HeartRateBpm>
                    </Trackpoint>
                    <Trackpoint>
                        <Time>2026-08-23T09:24:22.000+01:00</Time>
                        <Position>
                            <LatitudeDegrees>51.311771666666665</LatitudeDegrees>
                            <LongitudeDegrees>-0.557245</LongitudeDegrees>
                        </Position>
                        <AltitudeMeters>27.957528751093264</AltitudeMeters>
                        <DistanceMeters>2001.0400270274497</DistanceMeters>
                        <HeartRateBpm>
                            <Value>170</Value>
                        </HeartRateBpm>
                    </Trackpoint>
                    <Trackpoint>
                        <Time>2026-08-23T09:24:23.000+01:00</Time>
                        <Position>
                            <LatitudeDegrees>51.31177666666667</LatitudeDegrees>
                            <LongitudeDegrees>-0.5572416666666666</LongitudeDegrees>
                        </Position>
                        <AltitudeMeters>27.9372369000736</AltitudeMeters>
                        <DistanceMeters>2001.6423455539232</DistanceMeters>
                    </Trackpoint>
                    <Trackpoint>
                        <Time>2026-08-23T09:24:24.000+01:00</Time>
                        <Position>
                            <LatitudeDegrees>51.31178166666667</LatitudeDegrees>
                            <LongitudeDegrees>-0.5572366666666667</LongitudeDegrees>
                        </Position>
                        <AltitudeMeters>27.91923789942694</AltitudeMeters>
                        <DistanceMeters>2002.298002580218</DistanceMeters>
                        <HeartRateBpm>
                            <Value>168</Value>
                        </HeartRateBpm>
                    </Trackpoint>
                    <Trackpoint>
                        <Time>2026-08-23T09:24:25.000+01:00</Time>
                        <Position>
                            <LatitudeDegrees>51.31178333333333</LatitudeDegrees>
                            <LongitudeDegrees>-0.5572316666666667</LongitudeDegrees>
                        </Position>
                        <AltitudeMeters>27.903396956201057</AltitudeMeters>
                        <DistanceMeters>2002.6918588653227</DistanceMeters>
                    </Trackpoint>
                    <Trackpoint>
                        <Time>2026-08-23T09:24:26.000+01:00</Time>
                        <Position>
                            <LatitudeDegrees>51.31178666666667</LatitudeDegrees>
                            <LongitudeDegrees>-0.5572266666666666</LongitudeDegrees>
                        </Position>
                        <AltitudeMeters>27.889576953653783</AltitudeMeters>
                        <DistanceMeters>2003.1999523755105</DistanceMeters>
                    </Trackpoint>
                    <Trackpoint>
                        <Time>2026-08-23T09:24:27.000+01:00</Time>
                        <Position>
                            <LatitudeDegrees>51.31178666666667</LatitudeDegrees>
                            <LongitudeDegrees>-0.5572233333333333</LongitudeDegrees>
                        </Position>
                        <AltitudeMeters>27.877640035347333</AltitudeMeters>
                        <DistanceMeters>2003.4316392651997</DistanceMeters>
                        <HeartRateBpm>
                            <Value>168</Value>
                        </HeartRateBpm>
                    </Trackpoint>
                    <Trackpoint>
                        <Time>2026-08-23T09:24:28.000+01:00</Time>
                        <Position>
                            <LatitudeDegrees>51.31178666666667</LatitudeDegrees>
                            <LongitudeDegrees>-0.55722</LongitudeDegrees>
                        </Position>
                        <AltitudeMeters>27.867448987148553</AltitudeMeters>
                        <DistanceMeters>2003.6633261548818</DistanceMeters>
                    </Trackpoint>
                    <Trackpoint>
                        <Time>2026-08-23T09:24:29.000+01:00</Time>
                        <Position>
                            <LatitudeDegrees>51.31178666666667</LatitudeDegrees>
                            <LongitudeDegrees>-0.5572183333333334</LongitudeDegrees>
                        </Position>
                        <AltitudeMeters>27.85886843092075</AltitudeMeters>
                        <DistanceMeters>2003.779169599723</DistanceMeters>
                        <HeartRateBpm>
                            <Value>166</Value>
                        </HeartRateBpm>
                    </Trackpoint>
                    <Trackpoint>
                        <Time>2026-08-23T09:24:30.000+01:00</Time>
                        <Position>
                            <LatitudeDegrees>51.31178666666667</LatitudeDegrees>
                            <LongitudeDegrees>-0.5572183333333334</LongitudeDegrees>
                        </Position>
                        <AltitudeMeters>27.851765843628527</AltitudeMeters>
                        <DistanceMeters>2003.779169599723</DistanceMeters>
                    </Trackpoint>
                    <Trackpoint>
                        <Time>2026-08-23T09:24:31.000+01:00</Time>
                        <Position>
                            <LatitudeDegrees>51.31178666666667</LatitudeDegrees>
                            <LongitudeDegrees>-0.5572183333333334</LongitudeDegrees>
                        </Position>
                        <AltitudeMeters>27.846012415393385</AltitudeMeters>
                        <DistanceMeters>2003.779169599723</DistanceMeters>
                    </Trackpoint>
                    <Trackpoint>
                        <Time>2026-08-23T09:24:32.000+01:00</Time>
                        <Position>
                            <LatitudeDegrees>51.31178666666667</LatitudeDegrees>
                            <LongitudeDegrees>-0.5572183333333334</LongitudeDegrees>
                        </Position>
                        <AltitudeMeters>27.841483759752467</AltitudeMeters>
                        <DistanceMeters>2003.779169599723</DistanceMeters>
                        <HeartRateBpm>
                            <Value>165</Value>
                        </HeartRateBpm>
                    </Trackpoint>
                    <Trackpoint>
                        <Time>2026-08-23T09:24:33.000+01:00</Time>
                        <Position>
                            <LatitudeDegrees>51.31178666666667</LatitudeDegrees>
                            <LongitudeDegrees>-0.5572183333333334</LongitudeDegrees>
                        </Position>
                        <AltitudeMeters>27.83806048900138</AltitudeMeters>
                        <DistanceMeters>2003.779169599723</DistanceMeters>
                        <HeartRateBpm>
                            <Value>167</Value>
                        </HeartRateBpm>
                    </Trackpoint>
                    <Trackpoint>
                        <Time>2026-08-23T09:24:34.000+01:00</Time>
                        <Position>
                            <LatitudeDegrees>51.31178666666667</LatitudeDegrees>
                            <LongitudeDegrees>-0.5572183333333334</LongitudeDegrees>
                        </Position>
                        <AltitudeMeters>27.835628667059744</AltitudeMeters>
                        <DistanceMeters>2003.779169599723</DistanceMeters>
                    </Trackpoint>
                    <Trackpoint>
                        <Time>2026-08-23T09:24:35.000+01:00</Time>
                        <Position>
                            <LatitudeDegrees>51.31178666666667</LatitudeDegrees>
                            <LongitudeDegrees>-0.5572183333333334</LongitudeDegrees>
                        </Position>
                        <AltitudeMeters>27.83408015179829</AltitudeMeters>
                        <DistanceMeters>2003.779169599723</DistanceMeters>
                        <HeartRateBpm>
                            <Value>164</Value>
                        </HeartRateBpm>
                    </Trackpoint>
                    <Trackpoint>
                        <Time>2026-08-23T09:24:36.000+01:00</Time>
                        <Position>
                            <LatitudeDegrees>51.31178666666667</LatitudeDegrees>
                            <LongitudeDegrees>-0.5572183333333334</LongitudeDegrees>
                        </Position>
                        <AltitudeMeters>27.83331283822104</AltitudeMeters>
                        <DistanceMeters>2003.779169599723</DistanceMeters>
                    </Trackpoint>
                    <Trackpoint>
                        <Time>2026-08-23T09:24:37.000+01:00</Time>
                        <Position>
                            <LatitudeDegrees>51.31178666666667</LatitudeDegrees>
                            <LongitudeDegrees>-0.5572183333333334</LongitudeDegrees>
                        </Position>
                        <AltitudeMeters>27.833230813316835</AltitudeMeters>
                        <DistanceMeters>2003.779169599723</DistanceMeters>
                        <HeartRateBpm>
                            <Value>162</Value>
                        </HeartRateBpm>
                    </Trackpoint>
                    <Trackpoint>
                        <Time>2026-08-23T09:24:38.000+01:00</Time>
                        <Position>
                            <LatitudeDegrees>51.31178666666667</LatitudeDegrees>
                            <LongitudeDegrees>-0.5572183333333334</LongitudeDegrees>
                        </Position>
                        <AltitudeMeters>27.833744432790695</AltitudeMeters>
                        <DistanceMeters>2003.779169599723</DistanceMeters>
                    </Trackpoint>
                    <Trackpoint>
                        <Time>2026-08-23T09:24:39.000+01:00</Time>
                        <Position>
                            <LatitudeDegrees>51.311785</LatitudeDegrees>
                            <LongitudeDegrees>-0.55722</LongitudeDegrees>
                        </Position>
                        <AltitudeMeters>27.83477032926631</AltitudeMeters>
                        <DistanceMeters>2003.9977219330997</DistanceMeters>
                        <HeartRateBpm>
                            <Value>159</Value>
                        </HeartRateBpm>
                    </Trackpoint>
                    <Trackpoint>
                        <Time>2026-08-23T09:24:40.000+01:00</Time>
                        <Position>
                            <LatitudeDegrees>51.311785</LatitudeDegrees>
                            <LongitudeDegrees>-0.557225</LongitudeDegrees>
                        </Position>
                        <AltitudeMeters>27.83623136092408</AltitudeMeters>
                        <DistanceMeters>2004.3452522802536</DistanceMeters>
                    </Trackpoint>
                    <Trackpoint>
                        <Time>2026-08-23T09:24:41.000+01:00</Time>
                        <Position>
                            <LatitudeDegrees>51.311785</LatitudeDegrees>
                            <LongitudeDegrees>-0.5572316666666667</LongitudeDegrees>
                        </Position>
                        <AltitudeMeters>27.8380565089115</AltitudeMeters>
                        <DistanceMeters>2004.8086260764635</DistanceMeters>
                        <HeartRateBpm>
                            <Value>161</Value>
                        </HeartRateBpm>
                    </Trackpoint>
                    <Trackpoint>
                        <Time>2026-08-23T09:24:42.000+01:00</Time>
                        <Position>
                            <LatitudeDegrees>51.31178666666667</LatitudeDegrees>
                            <LongitudeDegrees>-0.5572416666666666</LongitudeDegrees>
                        </Position>
                        <AltitudeMeters>27.840180731239947</AltitudeMeters>
                        <DistanceMeters>2005.52796936686</DistanceMeters>
                    </Trackpoint>
                    <Trackpoint>
                        <Time>2026-08-23T09:24:43.000+01:00</Time>
                        <Position>
                            <LatitudeDegrees>51.31178833333333</LatitudeDegrees>
                            <LongitudeDegrees>-0.5572533333333334</LongitudeDegrees>
                        </Position>
                        <AltitudeMeters>27.84254478026993</AltitudeMeters>
                        <DistanceMeters>2006.3597811701193</DistanceMeters>
                        <HeartRateBpm>
                            <Value>158</Value>
                        </HeartRateBpm>
                    </Trackpoint>
                    <Trackpoint>
                        <Time>2026-08-23T09:24:44.000+01:00</Time>
                        <Position>
                            <LatitudeDegrees>51.311795</LatitudeDegrees>
                            <LongitudeDegrees>-0.557265</LongitudeDegrees>
                        </Position>
                        <AltitudeMeters>27.845094990288814</AltitudeMeters>
                        <DistanceMeters>2007.4584585700732</DistanceMeters>
                    </Trackpoint>
                    <Trackpoint>
                        <Time>2026-08-23T09:24:45.000+01:00</Time>
                        <Position>
                            <LatitudeDegrees>51.31180166666667</LatitudeDegrees>
                            <LongitudeDegrees>-0.5572716666666666</LongitudeDegrees>
                        </Position>
                        <AltitudeMeters>27.847783041105952</AltitudeMeters>
                        <DistanceMeters>2008.3326678360716</DistanceMeters>
                        <HeartRateBpm>
                            <Value>155</Value>
                        </HeartRateBpm>
                    </Trackpoint>
                    <Trackpoint>
                        <Time>2026-08-23T09:24:46.000+01:00</Time>
                        <Position>
                            <LatitudeDegrees>51.31181</LatitudeDegrees>
                            <LongitudeDegrees>-0.5572766666666666</LongitudeDegrees>
                        </Position>
                        <AltitudeMeters>27.850565703031663</AltitudeMeters>
                        <DistanceMeters>2009.3223206466566</DistanceMeters>
                    </Trackpoint>
                    <Trackpoint>
                        <Time>2026-08-23T09:24:47.000+01:00</Time>
                        <Position>
                            <LatitudeDegrees>51.311818333333335</LatitudeDegrees>
                            <LongitudeDegrees>-0.5572766666666666</LongitudeDegrees>
                        </Position>
                        <AltitudeMeters>27.853404568072154</AltitudeMeters>
                        <DistanceMeters>2010.248946489694</DistanceMeters>
                        <HeartRateBpm>
                            <Value>153</Value>
                        </HeartRateBpm>
                    </Trackpoint>
                    <Trackpoint>
                        <Time>2026-08-23T09:24:48.000+01:00</Time>
                        <Position>
                            <LatitudeDegrees>51.31182833333333</LatitudeDegrees>
                            <LongitudeDegrees>-0.557275</LongitudeDegrees>
                        </Position>
                        <AltitudeMeters>27.85626577166333</AltitudeMeters>
                        <DistanceMeters>2011.366915511455</DistanceMeters>
                    </Trackpoint>
                    <Trackpoint>
                        <Time>2026-08-23T09:24:49.000+01:00</Time>
                        <Position>
                            <LatitudeDegrees>51.31184</LatitudeDegrees>
                            <LongitudeDegrees>-0.55727</LongitudeDegrees>
                        </Position>
                        <AltitudeMeters>27.85911970878429</AltitudeMeters>
                        <DistanceMeters>2012.709935456456</DistanceMeters>
                        <HeartRateBpm>
                            <Value>151</Value>
                        </HeartRateBpm>
                    </Trackpoint>
                    <Trackpoint>
                        <Time>2026-08-23T09:24:50.000+01:00</Time>
                        <Position>
                            <LatitudeDegrees>51.31185166666667</LatitudeDegrees>
                            <LongitudeDegrees>-0.557265</LongitudeDegrees>
                        </Position>
                        <AltitudeMeters>27.861940747836965</AltitudeMeters>
                        <DistanceMeters>2014.0529553785905</DistanceMeters>
                        <HeartRateBpm>
                            <Value>151</Value>
                        </HeartRateBpm>
                    </Trackpoint>
                    <Trackpoint>
                        <Time>2026-08-23T09:24:51.000+01:00</Time>
                        <Position>
                            <LatitudeDegrees>51.311865</LatitudeDegrees>
                            <LongitudeDegrees>-0.55726</LongitudeDegrees>
                        </Position>
                        <AltitudeMeters>27.864706945252404</AltitudeMeters>
                        <DistanceMeters>2015.5757435168725</DistanceMeters>
                        <HeartRateBpm>
                            <Value>148</Value>
                        </HeartRateBpm>
                    </Trackpoint>
                    <Trackpoint>
                        <Time>2026-08-23T09:24:52.000+01:00</Time>
                        <Position>
                            <LatitudeDegrees>51.311875</LatitudeDegrees>
                            <LongitudeDegrees>-0.5572566666666666</LongitudeDegrees>
                        </Position>
                        <AltitudeMeters>27.867399763386878</AltitudeMeters>
                        <DistanceMeters>2016.711575226589</DistanceMeters>
                    </Trackpoint>
                    <Trackpoint>
                        <Time>2026-08-23T09:24:53.000+01:00</Time>
                        <Position>
                            <LatitudeDegrees>51.311883333333334</LatitudeDegrees>
                            <LongitudeDegrees>-0.5572566666666666</LongitudeDegrees>
                        </Position>
                        <AltitudeMeters>27.870003793902132</AltitudeMeters>
                        <DistanceMeters>2017.6382010703337</DistanceMeters>
                        <HeartRateBpm>
                            <Value>147</Value>
                        </HeartRateBpm>
                    </Trackpoint>
                    <Trackpoint>
                        <Time>2026-08-23T09:24:54.000+01:00</Time>
                        <Position>
                            <LatitudeDegrees>51.31189166666667</LatitudeDegrees>
                            <LongitudeDegrees>-0.5572583333333333</LongitudeDegrees>
                        </Position>
                        <AltitudeMeters>27.870003793902132</AltitudeMeters>
                        <DistanceMeters>2018.5720399738475</DistanceMeters>
                        <HeartRateBpm>
                            <Value>145</Value>
                        </HeartRateBpm>
                    </Trackpoint>
                    <Trackpoint>
                        <Time>2026-08-23T09:24:55.000+01:00</Time>
                        <Position>
                            <LatitudeDegrees>51.31189833333333</LatitudeDegrees>
                            <LongitudeDegrees>-0.5572633333333333</LongitudeDegrees>
                        </Position>
                        <AltitudeMeters>27.870003793902132</AltitudeMeters>
                        <DistanceMeters>2019.3907605932186</DistanceMeters>
                    </Trackpoint>
                    <Trackpoint>
                        <Time>2026-08-23T09:24:56.000+01:00</Time>
                        <Position>
                            <LatitudeDegrees>51.311905</LatitudeDegrees>
                            <LongitudeDegrees>-0.55727</LongitudeDegrees>
                        </Position>
                        <AltitudeMeters>27.870003793902132</AltitudeMeters>
                        <DistanceMeters>2020.264969306082</DistanceMeters>
                        <HeartRateBpm>
                            <Value>144</Value>
                        </HeartRateBpm>
                    </Trackpoint>
                    <Trackpoint>
                        <Time>2026-08-23T09:24:57.000+01:00</Time>
                        <Position>
                            <LatitudeDegrees>51.31191166666667</LatitudeDegrees>
                            <LongitudeDegrees>-0.5572766666666666</LongitudeDegrees>
                        </Position>
                        <AltitudeMeters>27.870003793902132</AltitudeMeters>
                        <DistanceMeters>2021.1391779826558</DistanceMeters>
                    </Trackpoint>
                    <Trackpoint>
                        <Time>2026-08-23T09:24:58.000+01:00</Time>
                        <Position>
                            <LatitudeDegrees>51.31191833333333</LatitudeDegrees>
                            <LongitudeDegrees>-0.5572833333333334</LongitudeDegrees>
                        </Position>
                        <AltitudeMeters>27.870003793902132</AltitudeMeters>
                        <DistanceMeters>2022.013386623547</DistanceMeters>
                        <HeartRateBpm>
                            <Value>142</Value>
                        </HeartRateBpm>
                    </Trackpoint>
                    <Trackpoint>
                        <Time>2026-08-23T09:24:59.000+01:00</Time>
                        <Position>
                            <LatitudeDegrees>51.31192333333333</LatitudeDegrees>
                            <LongitudeDegrees>-0.55729</LongitudeDegrees>
                        </Position>
                        <AltitudeMeters>27.870003793902132</AltitudeMeters>
                        <DistanceMeters>2022.7371426375007</DistanceMeters>
                    </Trackpoint>
                    <Trackpoint>
                        <Time>2026-08-23T09:25:00.000+01:00</Time>
                        <Position>
                            <LatitudeDegrees>51.311928333333334</LatitudeDegrees>
                            <LongitudeDegrees>-0.557295</LongitudeDegrees>
                        </Position>
                        <AltitudeMeters>27.870003793902132</AltitudeMeters>
                        <DistanceMeters>2023.3927990749744</DistanceMeters>
                        <HeartRateBpm>
                            <Value>141</Value>
                        </HeartRateBpm>
                    </Trackpoint>
                    <Trackpoint>
                        <Time>2026-08-23T09:25:01.000+01:00</Time>
                        <Position>
                            <LatitudeDegrees>51.311935</LatitudeDegrees>
                            <LongitudeDegrees>-0.5572966666666667</LongitudeDegrees>
                        </Position>
                        <AltitudeMeters>27.870003793902132</AltitudeMeters>
                        <DistanceMeters>2024.1430965549027</DistanceMeters>
                    </Trackpoint>
                    <Trackpoint>
                        <Time>2026-08-23T09:25:02.000+01:00</Time>
                        <Position>
                            <LatitudeDegrees>51.31194166666667</LatitudeDegrees>
                            <LongitudeDegrees>-0.5573</LongitudeDegrees>
                        </Position>
                        <AltitudeMeters>27.870003793902132</AltitudeMeters>
                        <DistanceMeters>2024.9197593842719</DistanceMeters>
                        <HeartRateBpm>
                            <Value>139</Value>
                        </HeartRateBpm>
                    </Trackpoint>
                    <Trackpoint>
                        <Time>2026-08-23T09:25:03.000+01:00</Time>
                        <Position>
                            <LatitudeDegrees>51.311946666666664</LatitudeDegrees>
                            <LongitudeDegrees>-0.5573</LongitudeDegrees>
                        </Position>
                        <AltitudeMeters>27.870003793902132</AltitudeMeters>
                        <DistanceMeters>2025.4757348895284</DistanceMeters>
                    </Trackpoint>
                    <Trackpoint>
                        <Time>2026-08-23T09:25:04.000+01:00</Time>
                        <Position>
                            <LatitudeDegrees>51.311951666666666</LatitudeDegrees>
                            <LongitudeDegrees>-0.5573016666666667</LongitudeDegrees>
                        </Position>
                        <AltitudeMeters>27.870003793902132</AltitudeMeters>
                        <DistanceMeters>2026.0436507036152</DistanceMeters>
                        <HeartRateBpm>
                            <Value>137</Value>
                        </HeartRateBpm>
                    </Trackpoint>
                    <Trackpoint>
                        <Time>2026-08-23T09:25:05.000+01:00</Time>
                        <Position>
                            <LatitudeDegrees>51.31195666666667</LatitudeDegrees>
                            <LongitudeDegrees>-0.5573016666666667</LongitudeDegrees>
                        </Position>
                        <AltitudeMeters>27.870003793902132</AltitudeMeters>
                        <DistanceMeters>2026.599626209579</DistanceMeters>
                    </Trackpoint>
                    <Trackpoint>
                        <Time>2026-08-23T09:25:06.000+01:00</Time>
                        <Position>
                            <LatitudeDegrees>51.31196</LatitudeDegrees>
                            <LongitudeDegrees>-0.5573033333333334</LongitudeDegrees>
                        </Position>
                        <AltitudeMeters>27.870003793902132</AltitudeMeters>
                        <DistanceMeters>2026.9879576088615</DistanceMeters>
                    </Trackpoint>
                    <Trackpoint>
                        <Time>2026-08-23T09:25:07.000+01:00</Time>
                        <Position>
                            <LatitudeDegrees>51.31196333333333</LatitudeDegrees>
                            <LongitudeDegrees>-0.5573033333333334</LongitudeDegrees>
                        </Position>
                        <AltitudeMeters>27.870003793902132</AltitudeMeters>
                        <DistanceMeters>2027.358607945935</DistanceMeters>
                        <HeartRateBpm>
                            <Value>137</Value>
                        </HeartRateBpm>
                    </Trackpoint>
                    <Trackpoint>
                        <Time>2026-08-23T09:25:08.000+01:00</Time>
                        <Position>
                            <LatitudeDegrees>51.31196333333333</LatitudeDegrees>
                            <LongitudeDegrees>-0.5573016666666667</LongitudeDegrees>
                        </Position>
                        <AltitudeMeters>27.870003793902132</AltitudeMeters>
                        <DistanceMeters>2027.4744509447373</DistanceMeters>
                    </Trackpoint>
                    <Trackpoint>
                        <Time>2026-08-23T09:25:09.000+01:00</Time>
                        <Position>
                            <LatitudeDegrees>51.31196333333333</LatitudeDegrees>
                            <LongitudeDegrees>-0.5573016666666667</LongitudeDegrees>
                        </Position>
                        <AltitudeMeters>27.870003793902132</AltitudeMeters>
                        <DistanceMeters>2027.4744509447373</DistanceMeters>
                    </Trackpoint>
                    <Trackpoint>
                        <Time>2026-08-23T09:25:10.000+01:00</Time>
                        <Position>
                            <LatitudeDegrees>51.31196333333333</LatitudeDegrees>
                            <LongitudeDegrees>-0.5573</LongitudeDegrees>
                        </Position>
                        <AltitudeMeters>27.870003793902132</AltitudeMeters>
                        <DistanceMeters>2027.5902939435396</DistanceMeters>
                        <HeartRateBpm>
                            <Value>136</Value>
                        </HeartRateBpm>
                    </Trackpoint>
                    <Trackpoint>
                        <Time>2026-08-23T09:25:11.000+01:00</Time>
                        <Position>
                            <LatitudeDegrees>51.31196333333333</LatitudeDegrees>
                            <LongitudeDegrees>-0.5573</LongitudeDegrees>
                        </Position>
                        <AltitudeMeters>27.870003793902132</AltitudeMeters>
                        <DistanceMeters>2027.5902939435396</DistanceMeters>
                    </Trackpoint>
                    <Trackpoint>
                        <Time>2026-08-23T09:25:12.000+01:00</Time>
                        <Position>
                            <LatitudeDegrees>51.31196333333333</LatitudeDegrees>
                            <LongitudeDegrees>-0.5573</LongitudeDegrees>
                        </Position>
                        <AltitudeMeters>27.870003793902132</AltitudeMeters>
                        <DistanceMeters>2027.5902939435396</DistanceMeters>
                        <HeartRateBpm>
                            <Value>135</Value>
                        </HeartRateBpm>
                    </Trackpoint>
                    <Trackpoint>
                        <Time>2026-08-23T09:25:13.000+01:00</Time>
                        <Position>
                            <LatitudeDegrees>51.31196333333333</LatitudeDegrees>
                            <LongitudeDegrees>-0.5573016666666667</LongitudeDegrees>
                        </Position>
                        <AltitudeMeters>27.870003793902132</AltitudeMeters>
                        <DistanceMeters>2027.7061369423418</DistanceMeters>
                    </Trackpoint>
                    <Trackpoint>
                        <Time>2026-08-23T09:25:14.000+01:00</Time>
                        <Position>
                            <LatitudeDegrees>51.311965</LatitudeDegrees>
                            <LongitudeDegrees>-0.557305</LongitudeDegrees>
                        </Position>
                        <AltitudeMeters>27.870003793902132</AltitudeMeters>
                        <DistanceMeters>2028.0028250243838</DistanceMeters>
                        <HeartRateBpm>
                            <Value>133</Value>
                        </HeartRateBpm>
                    </Trackpoint>
                    <Trackpoint>
                        <Time>2026-08-23T09:25:15.000+01:00</Time>
                        <Position>
                            <LatitudeDegrees>51.311965</LatitudeDegrees>
                            <LongitudeDegrees>-0.5573066666666666</LongitudeDegrees>
                        </Position>
                        <AltitudeMeters>27.870003793902132</AltitudeMeters>
                        <DistanceMeters>2028.1186680189714</DistanceMeters>
                    </Trackpoint>
                    <Trackpoint>
                        <Time>2026-08-23T09:25:16.000+01:00</Time>
                        <Position>
                            <LatitudeDegrees>51.31196666666666</LatitudeDegrees>
                            <LongitudeDegrees>-0.5573083333333333</LongitudeDegrees>
                        </Position>
                        <AltitudeMeters>27.870003793902132</AltitudeMeters>
                        <DistanceMeters>2028.337220110869</DistanceMeters>
                        <HeartRateBpm>
                            <Value>132</Value>
                        </HeartRateBpm>
                    </Trackpoint>
                    <Trackpoint>
                        <Time>2026-08-23T09:25:17.000+01:00</Time>
                        <Position>
                            <LatitudeDegrees>51.31196666666666</LatitudeDegrees>
                            <LongitudeDegrees>-0.55731</LongitudeDegrees>
                        </Position>
                        <AltitudeMeters>27.870003793902132</AltitudeMeters>
                        <DistanceMeters>2028.4530631012556</DistanceMeters>
                    </Trackpoint>
                    <Trackpoint>
                        <Time>2026-08-23T09:25:18.000+01:00</Time>
                        <Position>
                            <LatitudeDegrees>51.311965</LatitudeDegrees>
                            <LongitudeDegrees>-0.55731</LongitudeDegrees>
                        </Position>
                        <AltitudeMeters>27.870003793902132</AltitudeMeters>
                        <DistanceMeters>2028.6383882694386</DistanceMeters>
                    </Trackpoint>
                    <Trackpoint>
                        <Time>2026-08-23T09:25:19.000+01:00</Time>
                        <Position>
                            <LatitudeDegrees>51.311965</LatitudeDegrees>
                            <LongitudeDegrees>-0.5573083333333333</LongitudeDegrees>
                        </Position>
                        <AltitudeMeters>27.870003793902132</AltitudeMeters>
                        <DistanceMeters>2028.754231264033</DistanceMeters>
                        <HeartRateBpm>
                            <Value>131</Value>
                        </HeartRateBpm>
                    </Trackpoint>
                    <Trackpoint>
                        <Time>2026-08-23T09:25:20.000+01:00</Time>
                        <Position>
                            <LatitudeDegrees>51.311965</LatitudeDegrees>
                            <LongitudeDegrees>-0.557305</LongitudeDegrees>
                        </Position>
                        <AltitudeMeters>27.870003793902132</AltitudeMeters>
                        <DistanceMeters>2028.985917253222</DistanceMeters>
                    </Trackpoint>
                    <Trackpoint>
                        <Time>2026-08-23T09:25:21.000+01:00</Time>
                        <HeartRateBpm>
                            <Value>129</Value>
                        </HeartRateBpm>
                    </Trackpoint>
                </Track>
            </Lap>
            <Creator xsi:type="Device_t" xmlns:xsi="http://www.w3.org/2001/XMLSchema-instance">
                <Name>Google Pixel Watch 4</Name>
                <UnitId>0</UnitId>
                <ProductID>0</ProductID>
            </Creator>
        </Activity>
    </Activities>
</TrainingCenterDatabase>
