<?xml version="1.0" encoding="UTF-8" standalone="yes"?>
<TrainingCenterDatabase xmlns="http://www.garmin.com/xmlschemas/TrainingCenterDatabase/v2">
    <Activities>
        <Activity Sport="Other">
            <Id>2026-09-02T06:03:05.000+01:00</Id>
            <Lap StartTime="2026-09-02T06:03:05.000+01:00">
                <TotalTimeSeconds>2641.0</TotalTimeSeconds>
                <DistanceMeters>5878.191</DistanceMeters>
                <Calories>531</Calories>
                <Intensity>Active</Intensity>
                <TriggerMethod>Manual</TriggerMethod>
                <Track>
                    <Trackpoint>
                        <Time>2026-09-02T06:03:05.000+01:00</Time>
                        <HeartRateBpm>
                            <Value>70</Value>
                        </HeartRateBpm>
                    </Trackpoint>
                    <Trackpoint>
                        <Time>2026-09-02T06:03:08.000+01:00</Time>
                        <HeartRateBpm>
                            <Value>72</Value>
                        </HeartRateBpm>
                    </Trackpoint>
                    <Trackpoint>
                        <Time>2026-09-02T06:03:10.000+01:00</Time>
                        <HeartRateBpm>
                            <Value>73</Value>
                        </HeartRateBpm>
                    </Trackpoint>
                    <Trackpoint>
                        <Time>2026-09-02T06:03:13.000+01:00</Time>
                        <HeartRateBpm>
                            <Value>76</Value>
                        </HeartRateBpm>
                    </Trackpoint>
                    <Trackpoint>
                        <Time>2026-09-02T06:03:15.000+01:00</Time>
                        <HeartRateBpm>
                            <Value>78</Value>
                        </HeartRateBpm>
                    </Trackpoint>
                    <Trackpoint>
                        <Time>2026-09-02T06:03:17.000+01:00</Time>
                        <HeartRateBpm>
                            <Value>77</Value>
                        </HeartRateBpm>
                    </Trackpoint>
                    <Trackpoint>
                        <Time>2026-09-02T06:03:20.000+01:00</Time>
                        <HeartRateBpm>
                            <Value>77</Value>
                        </HeartRateBpm>
                    </Trackpoint>
                    <Trackpoint>
                        <Time>2026-09-02T06:03:21.000+01:00</Time>
                        <HeartRateBpm>
                            <Value>78</Value>
                        </HeartRateBpm>
                    </Trackpoint>
                    <Trackpoint>
                        <Time>2026-09-02T06:03:23.000+01:00</Time>
                        <HeartRateBpm>
                            <Value>77</Value>
                        </HeartRateBpm>
                    </Trackpoint>
                    <Trackpoint>
                        <Time>2026-09-02T06:03:26.000+01:00</Time>
                        <HeartRateBpm>
                            <Value>77</Value>
                        </HeartRateBpm>
                    </Trackpoint>
                    <Trackpoint>
                        <Time>2026-09-02T06:03:29.000+01:00</Time>
                        <HeartRateBpm>
                            <Value>78</Value>
                        </HeartRateBpm>
                    </Trackpoint>
                    <Trackpoint>
                        <Time>2026-09-02T06:03:31.000+01:00</Time>
                        <HeartRateBpm>
                            <Value>77</Value>
                        </HeartRateBpm>
                    </Trackpoint>
                    <Trackpoint>
                        <Time>2026-09-02T06:03:33.000+01:00</Time>
                        <HeartRateBpm>
                            <Value>76</Value>
                        </HeartRateBpm>
                    </Trackpoint>
                    <Trackpoint>
                        <Time>2026-09-02T06:03:34.000+01:00</Time>
                        <HeartRateBpm>
                            <Value>77</Value>
                        </HeartRateBpm>
                    </Trackpoint>
                    <Trackpoint>
                        <Time>2026-09-02T06:03:36.000+01:00</Time>
                        <HeartRateBpm>
                            <Value>78</Value>
                        </HeartRateBpm>
                    </Trackpoint>
                    <Trackpoint>
                        <Time>2026-09-02T06:03:38.000+01:00</Time>
                        <HeartRateBpm>
                            <Value>79</Value>
                        </HeartRateBpm>
                    </Trackpoint>
                    <Trackpoint>
                        <Time>2026-09-02T06:03:40.000+01:00</Time>
                        <HeartRateBpm>
                            <Value>80</Value>
                        </HeartRateBpm>
                    </Trackpoint>
                    <Trackpoint>
                        <Time>2026-09-02T06:03:42.000+01:00</Time>
                        <HeartRateBpm>
                            <Value>81</Value>
                        </HeartRateBpm>
                    </Trackpoint>
                    <Trackpoint>
                        <Time>2026-09-02T06:03:45.000+01:00</Time>
                        <HeartRateBpm>
                            <Value>81</Value>
                        </HeartRateBpm>
                    </Trackpoint>
                    <Trackpoint>
                        <Time>2026-09-02T06:03:46.000+01:00</Time>
                        <HeartRateBpm>
                            <Value>80</Value>
                        </HeartRateBpm>
                    </Trackpoint>
                    <Trackpoint>
                        <Time>2026-09-02T06:03:49.000+01:00</Time>
                        <HeartRateBpm>
                            <Value>80</Value>
                        </HeartRateBpm>
                    </Trackpoint>
                    <Trackpoint>
                        <Time>2026-09-02T06:03:50.000+01:00</Time>
                        <HeartRateBpm>
                            <Value>81</Value>
                        </HeartRateBpm>
                    </Trackpoint>
                    <Trackpoint>
                        <Time>2026-09-02T06:03:53.000+01:00</Time>
                        <HeartRateBpm>
                            <Value>81</Value>
                        </HeartRateBpm>
                    </Trackpoint>
                    <Trackpoint>
                        <Time>2026-09-02T06:03:54.000+01:00</Time>
                        <HeartRateBpm>
                            <Value>82</Value>
                        </HeartRateBpm>
                    </Trackpoint>
                    <Trackpoint>
                        <Time>2026-09-02T06:03:57.000+01:00</Time>
                        <HeartRateBpm>
                            <Value>82</Value>
                        </HeartRateBpm>
                    </Trackpoint>
                    <Trackpoint>
                        <Time>2026-09-02T06:04:00.000+01:00</Time>
                        <HeartRateBpm>
                            <Value>82</Value>
                        </HeartRateBpm>
                    </Trackpoint>
                    <Trackpoint>
                        <Time>2026-09-02T06:04:03.000+01:00</Time>
                        <HeartRateBpm>
                            <Value>82</Value>
                        </HeartRateBpm>
                    </Trackpoint>
                    <Trackpoint>
                        <Time>2026-09-02T06:04:04.000+01:00</Time>
                        <HeartRateBpm>
                            <Value>82</Value>
                        </HeartRateBpm>
                    </Trackpoint>
                    <Trackpoint>
                        <Time>2026-09-02T06:04:07.000+01:00</Time>
                        <HeartRateBpm>
                            <Value>82</Value>
                        </HeartRateBpm>
                    </Trackpoint>
                    <Trackpoint>
                        <Time>2026-09-02T06:04:09.000+01:00</Time>
                        <HeartRateBpm>
                            <Value>83</Value>
                        </HeartRateBpm>
                    </Trackpoint>
                    <Trackpoint>
                        <Time>2026-09-02T06:04:11.000+01:00</Time>
                        <HeartRateBpm>
                            <Value>85</Value>
                        </HeartRateBpm>
                    </Trackpoint>
                    <Trackpoint>
                        <Time>2026-09-02T06:04:14.000+01:00</Time>
                        <HeartRateBpm>
                            <Value>85</Value>
                        </HeartRateBpm>
                    </Trackpoint>
                    <Trackpoint>
                        <Time>2026-09-02T06:04:15.000+01:00</Time>
                        <HeartRateBpm>
                            <Value>84</Value>
                        </HeartRateBpm>
                    </Trackpoint>
                    <Trackpoint>
                        <Time>2026-09-02T06:04:17.000+01:00</Time>
                        <HeartRateBpm>
                            <Value>82</Value>
                        </HeartRateBpm>
                    </Trackpoint>
                    <Trackpoint>
                        <Time>2026-09-02T06:04:19.000+01:00</Time>
                        <HeartRateBpm>
                            <Value>83</Value>
                        </HeartRateBpm>
                    </Trackpoint>
                    <Trackpoint>
                        <Time>2026-09-02T06:04:21.000+01:00</Time>
                        <HeartRateBpm>
                            <Value>82</Value>
                        </HeartRateBpm>
                    </Trackpoint>
                    <Trackpoint>
                        <Time>2026-09-02T06:04:22.000+01:00</Time>
                        <HeartRateBpm>
                            <Value>84</Value>
                        </HeartRateBpm>
                    </Trackpoint>
                    <Trackpoint>
                        <Time>2026-09-02T06:04:24.000+01:00</Time>
                        <HeartRateBpm>
                            <Value>85</Value>
                        </HeartRateBpm>
                    </Trackpoint>
                    <Trackpoint>
                        <Time>2026-09-02T06:04:27.000+01:00</Time>
                        <HeartRateBpm>
                            <Value>85</Value>
                        </HeartRateBpm>
                    </Trackpoint>
                    <Trackpoint>
                        <Time>2026-09-02T06:04:28.000+01:00</Time>
                        <HeartRateBpm>
                            <Value>83</Value>
                        </HeartRateBpm>
                    </Trackpoint>
                    <Trackpoint>
                        <Time>2026-09-02T06:04:30.000+01:00</Time>
                        <HeartRateBpm>
                            <Value>82</Value>
                        </HeartRateBpm>
                    </Trackpoint>
                    <Trackpoint>
                        <Time>2026-09-02T06:04:33.000+01:00</Time>
                        <HeartRateBpm>
                            <Value>82</Value>
                        </HeartRateBpm>
                    </Trackpoint>
                    <Trackpoint>
                        <Time>2026-09-02T06:04:34.000+01:00</Time>
                        <HeartRateBpm>
                            <Value>81</Value>
                        </HeartRateBpm>
                    </Trackpoint>
                    <Trackpoint>
                        <Time>2026-09-02T06:04:37.000+01:00</Time>
                        <HeartRateBpm>
                            <Value>81</Value>
                        </HeartRateBpm>
                    </Trackpoint>
                    <Trackpoint>
                        <Time>2026-09-02T06:04:38.000+01:00</Time>
                        <HeartRateBpm>
                            <Value>80</Value>
                        </HeartRateBpm>
                    </Trackpoint>
                    <Trackpoint>
                        <Time>2026-09-02T06:04:41.000+01:00</Time>
                        <HeartRateBpm>
                            <Value>80</Value>
                        </HeartRateBpm>
                    </Trackpoint>
                    <Trackpoint>
                        <Time>2026-09-02T06:04:42.000+01:00</Time>
                        <HeartRateBpm>
                            <Value>79</Value>
                        </HeartRateBpm>
                    </Trackpoint>
                    <Trackpoint>
                        <Time>2026-09-02T06:04:45.000+01:00</Time>
                        <HeartRateBpm>
                            <Value>80</Value>
                        </HeartRateBpm>
                    </Trackpoint>
                    <Trackpoint>
                        <Time>2026-09-02T06:04:48.000+01:00</Time>
                        <HeartRateBpm>
                            <Value>80</Value>
                        </HeartRateBpm>
                    </Trackpoint>
                    <Trackpoint>
                        <Time>2026-09-02T06:04:51.000+01:00</Time>
                        <HeartRateBpm>
                            <Value>78</Value>
                        </HeartRateBpm>
                    </Trackpoint>
                    <Trackpoint>
                        <Time>2026-09-02T06:04:53.000+01:00</Time>
                        <HeartRateBpm>
                            <Value>79</Value>
                        </HeartRateBpm>
                    </Trackpoint>
                    <Trackpoint>
                        <Time>2026-09-02T06:04:56.000+01:00</Time>
                        <HeartRateBpm>
                            <Value>79</Value>
                        </HeartRateBpm>
                    </Trackpoint>
                    <Trackpoint>
                        <Time>2026-09-02T06:04:57.000+01:00</Time>
                        <HeartRateBpm>
                            <Value>80</Value>
                        </HeartRateBpm>
                    </Trackpoint>
                    <Trackpoint>
                        <Time>2026-09-02T06:04:59.000+01:00</Time>
                        <HeartRateBpm>
                            <Value>83</Value>
                        </HeartRateBpm>
                    </Trackpoint>
                    <Trackpoint>
                        <Time>2026-09-02T06:05:00.000+01:00</Time>
                        <HeartRateBpm>
                            <Value>83</Value>
                        </HeartRateBpm>
                    </Trackpoint>
                    <Trackpoint>
                        <Time>2026-09-02T06:05:03.000+01:00</Time>
                        <HeartRateBpm>
                            <Value>84</Value>
                        </HeartRateBpm>
                    </Trackpoint>
                    <Trackpoint>
                        <Time>2026-09-02T06:05:06.000+01:00</Time>
                        <HeartRateBpm>
                            <Value>84</Value>
                        </HeartRateBpm>
                    </Trackpoint>
                    <Trackpoint>
                        <Time>2026-09-02T06:05:07.000+01:00</Time>
                        <HeartRateBpm>
                            <Value>85</Value>
                        </HeartRateBpm>
                    </Trackpoint>
                    <Trackpoint>
                        <Time>2026-09-02T06:05:09.000+01:00</Time>
                        <HeartRateBpm>
                            <Value>84</Value>
                        </HeartRateBpm>
                    </Trackpoint>
                    <Trackpoint>
                        <Time>2026-09-02T06:05:10.000+01:00</Time>
                        <HeartRateBpm>
                            <Value>85</Value>
                        </HeartRateBpm>
                    </Trackpoint>
                    <Trackpoint>
                        <Time>2026-09-02T06:05:12.000+01:00</Time>
                        <HeartRateBpm>
                            <Value>84</Value>
                        </HeartRateBpm>
                    </Trackpoint>
                    <Trackpoint>
                        <Time>2026-09-02T06:05:15.000+01:00</Time>
                        <HeartRateBpm>
                            <Value>84</Value>
                        </HeartRateBpm>
                    </Trackpoint>
                    <Trackpoint>
                        <Time>2026-09-02T06:05:18.000+01:00</Time>
                        <HeartRateBpm>
                            <Value>84</Value>
                        </HeartRateBpm>
                    </Trackpoint>
                    <Trackpoint>
                        <Time>2026-09-02T06:05:21.000+01:00</Time>
                        <HeartRateBpm>
                            <Value>84</Value>
                        </HeartRateBpm>
                    </Trackpoint>
                    <Trackpoint>
                        <Time>2026-09-02T06:05:24.000+01:00</Time>
                        <HeartRateBpm>
                            <Value>84</Value>
                        </HeartRateBpm>
                    </Trackpoint>
                    <Trackpoint>
                        <Time>2026-09-02T06:05:27.000+01:00</Time>
                        <HeartRateBpm>
                            <Value>84</Value>
                        </HeartRateBpm>
                    </Trackpoint>
                    <Trackpoint>
                        <Time>2026-09-02T06:05:28.000+01:00</Time>
                        <HeartRateBpm>
                            <Value>83</Value>
                        </HeartRateBpm>
                    </Trackpoint>
                    <Trackpoint>
                        <Time>2026-09-02T06:05:30.000+01:00</Time>
                        <HeartRateBpm>
                            <Value>85</Value>
                        </HeartRateBpm>
                    </Trackpoint>
                    <Trackpoint>
                        <Time>2026-09-02T06:05:33.000+01:00</Time>
                        <HeartRateBpm>
                            <Value>85</Value>
                        </HeartRateBpm>
                    </Trackpoint>
                    <Trackpoint>
                        <Time>2026-09-02T06:05:34.000+01:00</Time>
                        <HeartRateBpm>
                            <Value>86</Value>
                        </HeartRateBpm>
                    </Trackpoint>
                    <Trackpoint>
                        <Time>2026-09-02T06:05:35.000+01:00</Time>
                        <HeartRateBpm>
                            <Value>85</Value>
                        </HeartRateBpm>
                    </Trackpoint>
                    <Trackpoint>
                        <Time>2026-09-02T06:05:37.000+01:00</Time>
                        <HeartRateBpm>
                            <Value>86</Value>
                        </HeartRateBpm>
                    </Trackpoint>
                    <Trackpoint>
                        <Time>2026-09-02T06:05:39.000+01:00</Time>
                        <HeartRateBpm>
                            <Value>89</Value>
                        </HeartRateBpm>
                    </Trackpoint>
                    <Trackpoint>
                        <Time>2026-09-02T06:05:41.000+01:00</Time>
                        <HeartRateBpm>
                            <Value>90</Value>
                        </HeartRateBpm>
                    </Trackpoint>
                    <Trackpoint>
                        <Time>2026-09-02T06:05:43.000+01:00</Time>
                        <HeartRateBpm>
                            <Value>89</Value>
                        </HeartRateBpm>
                    </Trackpoint>
                    <Trackpoint>
                        <Time>2026-09-02T06:05:45.000+01:00</Time>
                        <HeartRateBpm>
                            <Value>88</Value>
                        </HeartRateBpm>
                    </Trackpoint>
                    <Trackpoint>
                        <Time>2026-09-02T06:05:47.000+01:00</Time>
                        <HeartRateBpm>
                            <Value>87</Value>
                        </HeartRateBpm>
                    </Trackpoint>
                    <Trackpoint>
                        <Time>2026-09-02T06:05:49.000+01:00</Time>
                        <HeartRateBpm>
                            <Value>90</Value>
                        </HeartRateBpm>
                    </Trackpoint>
                    <Trackpoint>
                        <Time>2026-09-02T06:05:51.000+01:00</Time>
                        <HeartRateBpm>
                            <Value>89</Value>
                        </HeartRateBpm>
                    </Trackpoint>
                    <Trackpoint>
                        <Time>2026-09-02T06:05:54.000+01:00</Time>
                        <HeartRateBpm>
                            <Value>89</Value>
                        </HeartRateBpm>
                    </Trackpoint>
                    <Trackpoint>
                        <Time>2026-09-02T06:05:55.000+01:00</Time>
                        <HeartRateBpm>
                            <Value>88</Value>
                        </HeartRateBpm>
                    </Trackpoint>
                    <Trackpoint>
                        <Time>2026-09-02T06:05:56.000+01:00</Time>
                        <HeartRateBpm>
                            <Value>88</Value>
                        </HeartRateBpm>
                    </Trackpoint>
                    <Trackpoint>
                        <Time>2026-09-02T06:05:59.000+01:00</Time>
                        <HeartRateBpm>
                            <Value>88</Value>
                        </HeartRateBpm>
                    </Trackpoint>
                    <Trackpoint>
                        <Time>2026-09-02T06:06:00.000+01:00</Time>
                        <HeartRateBpm>
                            <Value>89</Value>
                        </HeartRateBpm>
                    </Trackpoint>
                    <Trackpoint>
                        <Time>2026-09-02T06:06:02.000+01:00</Time>
                        <HeartRateBpm>
                            <Value>88</Value>
                        </HeartRateBpm>
                    </Trackpoint>
                    <Trackpoint>
                        <Time>2026-09-02T06:06:04.000+01:00</Time>
                        <HeartRateBpm>
                            <Value>91</Value>
                        </HeartRateBpm>
                    </Trackpoint>
                    <Trackpoint>
                        <Time>2026-09-02T06:06:06.000+01:00</Time>
                        <HeartRateBpm>
                            <Value>87</Value>
                        </HeartRateBpm>
                    </Trackpoint>
                    <Trackpoint>
                        <Time>2026-09-02T06:06:08.000+01:00</Time>
                        <HeartRateBpm>
                            <Value>90</Value>
                        </HeartRateBpm>
                    </Trackpoint>
                    <Trackpoint>
                        <Time>2026-09-02T06:06:11.000+01:00</Time>
                        <HeartRateBpm>
                            <Value>90</Value>
                        </HeartRateBpm>
                    </Trackpoint>
                    <Trackpoint>
                        <Time>2026-09-02T06:06:12.000+01:00</Time>
                        <HeartRateBpm>
                            <Value>91</Value>
                        </HeartRateBpm>
                    </Trackpoint>
                    <Trackpoint>
                        <Time>2026-09-02T06:06:14.000+01:00</Time>
                        <HeartRateBpm>
                            <Value>90</Value>
                        </HeartRateBpm>
                    </Trackpoint>
                    <Trackpoint>
                        <Time>2026-09-02T06:06:16.000+01:00</Time>
                        <HeartRateBpm>
                            <Value>91</Value>
                        </HeartRateBpm>
                    </Trackpoint>
                    <Trackpoint>
                        <Time>2026-09-02T06:06:18.000+01:00</Time>
                        <HeartRateBpm>
                            <Value>90</Value>
                        </HeartRateBpm>
                    </Trackpoint>
                    <Trackpoint>
                        <Time>2026-09-02T06:06:20.000+01:00</Time>
                        <HeartRateBpm>
                            <Value>89</Value>
                        </HeartRateBpm>
                    </Trackpoint>
                    <Trackpoint>
                        <Time>2026-09-02T06:06:21.000+01:00</Time>
                        <HeartRateBpm>
                            <Value>90</Value>
                        </HeartRateBpm>
                    </Trackpoint>
                    <Trackpoint>
                        <Time>2026-09-02T06:06:23.000+01:00</Time>
                        <HeartRateBpm>
                            <Value>86</Value>
                        </HeartRateBpm>
                    </Trackpoint>
                    <Trackpoint>
                        <Time>2026-09-02T06:06:25.000+01:00</Time>
                        <HeartRateBpm>
                            <Value>87</Value>
                        </HeartRateBpm>
                    </Trackpoint>
                    <Trackpoint>
                        <Time>2026-09-02T06:06:27.000+01:00</Time>
                        <HeartRateBpm>
                            <Value>91</Value>
                        </HeartRateBpm>
                    </Trackpoint>
                    <Trackpoint>
                        <Time>2026-09-02T06:06:29.000+01:00</Time>
                        <HeartRateBpm>
                            <Value>88</Value>
                        </HeartRateBpm>
                    </Trackpoint>
                    <Trackpoint>
                        <Time>2026-09-02T06:06:31.000+01:00</Time>
                        <HeartRateBpm>
                            <Value>89</Value>
                        </HeartRateBpm>
                    </Trackpoint>
                    <Trackpoint>
                        <Time>2026-09-02T06:06:33.000+01:00</Time>
                        <HeartRateBpm>
                            <Value>88</Value>
                        </HeartRateBpm>
                    </Trackpoint>
                    <Trackpoint>
                        <Time>2026-09-02T06:06:35.000+01:00</Time>
                        <HeartRateBpm>
                            <Value>91</Value>
                        </HeartRateBpm>
                    </Trackpoint>
                    <Trackpoint>
                        <Time>2026-09-02T06:06:37.000+01:00</Time>
                        <HeartRateBpm>
                            <Value>89</Value>
                        </HeartRateBpm>
                    </Trackpoint>
                    <Trackpoint>
                        <Time>2026-09-02T06:06:39.000+01:00</Time>
                        <HeartRateBpm>
                            <Value>91</Value>
                        </HeartRateBpm>
                    </Trackpoint>
                    <Trackpoint>
                        <Time>2026-09-02T06:06:41.000+01:00</Time>
                        <HeartRateBpm>
                            <Value>93</Value>
                        </HeartRateBpm>
                    </Trackpoint>
                    <Trackpoint>
                        <Time>2026-09-02T06:06:43.000+01:00</Time>
                        <HeartRateBpm>
                            <Value>94</Value>
                        </HeartRateBpm>
                    </Trackpoint>
                    <Trackpoint>
                        <Time>2026-09-02T06:06:45.000+01:00</Time>
                        <HeartRateBpm>
                            <Value>91</Value>
                        </HeartRateBpm>
                    </Trackpoint>
                    <Trackpoint>
                        <Time>2026-09-02T06:06:46.000+01:00</Time>
                        <HeartRateBpm>
                            <Value>93</Value>
                        </HeartRateBpm>
                    </Trackpoint>
                    <Trackpoint>
                        <Time>2026-09-02T06:06:47.000+01:00</Time>
                        <HeartRateBpm>
                            <Value>93</Value>
                        </HeartRateBpm>
                    </Trackpoint>
                    <Trackpoint>
                        <Time>2026-09-02T06:06:48.000+01:00</Time>
                        <HeartRateBpm>
                            <Value>92</Value>
                        </HeartRateBpm>
                    </Trackpoint>
                    <Trackpoint>
                        <Time>2026-09-02T06:06:51.000+01:00</Time>
                        <HeartRateBpm>
                            <Value>92</Value>
                        </HeartRateBpm>
                    </Trackpoint>
                    <Trackpoint>
                        <Time>2026-09-02T06:06:52.000+01:00</Time>
                        <HeartRateBpm>
                            <Value>91</Value>
                        </HeartRateBpm>
                    </Trackpoint>
                    <Trackpoint>
                        <Time>2026-09-02T06:06:55.000+01:00</Time>
                        <HeartRateBpm>
                            <Value>91</Value>
                        </HeartRateBpm>
                    </Trackpoint>
                    <Trackpoint>
                        <Time>2026-09-02T06:06:56.000+01:00</Time>
                        <HeartRateBpm>
                            <Value>91</Value>
                        </HeartRateBpm>
                    </Trackpoint>
                    <Trackpoint>
                        <Time>2026-09-02T06:06:58.000+01:00</Time>
                        <HeartRateBpm>
                            <Value>92</Value>
                        </HeartRateBpm>
                    </Trackpoint>
                    <Trackpoint>
                        <Time>2026-09-02T06:07:01.000+01:00</Time>
                        <HeartRateBpm>
                            <Value>92</Value>
                        </HeartRateBpm>
                    </Trackpoint>
                    <Trackpoint>
                        <Time>2026-09-02T06:07:02.000+01:00</Time>
                        <HeartRateBpm>
                            <Value>93</Value>
                        </HeartRateBpm>
                    </Trackpoint>
                    <Trackpoint>
                        <Time>2026-09-02T06:07:05.000+01:00</Time>
                        <HeartRateBpm>
                            <Value>93</Value>
                        </HeartRateBpm>
                    </Trackpoint>
                    <Trackpoint>
                        <Time>2026-09-02T06:07:08.000+01:00</Time>
                        <HeartRateBpm>
                            <Value>93</Value>
                        </HeartRateBpm>
                    </Trackpoint>
                    <Trackpoint>
                        <Time>2026-09-02T06:07:10.000+01:00</Time>
                        <HeartRateBpm>
                            <Value>95</Value>
                        </HeartRateBpm>
                    </Trackpoint>
                    <Trackpoint>
                        <Time>2026-09-02T06:07:11.000+01:00</Time>
                        <HeartRateBpm>
                            <Value>97</Value>
                        </HeartRateBpm>
                    </Trackpoint>
                    <Trackpoint>
                        <Time>2026-09-02T06:07:13.000+01:00</Time>
                        <HeartRateBpm>
                            <Value>97</Value>
                        </HeartRateBpm>
                    </Trackpoint>
                    <Trackpoint>
                        <Time>2026-09-02T06:07:16.000+01:00</Time>
                        <HeartRateBpm>
                            <Value>97</Value>
                        </HeartRateBpm>
                    </Trackpoint>
                    <Trackpoint>
                        <Time>2026-09-02T06:07:19.000+01:00</Time>
                        <HeartRateBpm>
                            <Value>97</Value>
                        </HeartRateBpm>
                    </Trackpoint>
                    <Trackpoint>
                        <Time>2026-09-02T06:07:22.000+01:00</Time>
                        <HeartRateBpm>
                            <Value>97</Value>
                        </HeartRateBpm>
                    </Trackpoint>
                    <Trackpoint>
                        <Time>2026-09-02T06:07:23.000+01:00</Time>
                        <HeartRateBpm>
                            <Value>96</Value>
                        </HeartRateBpm>
                    </Trackpoint>
                    <Trackpoint>
                        <Time>2026-09-02T06:07:25.000+01:00</Time>
                        <HeartRateBpm>
                            <Value>100</Value>
                        </HeartRateBpm>
                    </Trackpoint>
                    <Trackpoint>
                        <Time>2026-09-02T06:07:27.000+01:00</Time>
                        <HeartRateBpm>
                            <Value>96</Value>
                        </HeartRateBpm>
                    </Trackpoint>
                    <Trackpoint>
                        <Time>2026-09-02T06:07:29.000+01:00</Time>
                        <HeartRateBpm>
                            <Value>100</Value>
                        </HeartRateBpm>
                    </Trackpoint>
                    <Trackpoint>
                        <Time>2026-09-02T06:07:31.000+01:00</Time>
                        <HeartRateBpm>
                            <Value>101</Value>
                        </HeartRateBpm>
                    </Trackpoint>
                    <Trackpoint>
                        <Time>2026-09-02T06:07:33.000+01:00</Time>
                        <HeartRateBpm>
                            <Value>103</Value>
                        </HeartRateBpm>
                    </Trackpoint>
                    <Trackpoint>
                        <Time>2026-09-02T06:07:36.000+01:00</Time>
                        <HeartRateBpm>
                            <Value>105</Value>
                        </HeartRateBpm>
                    </Trackpoint>
                    <Trackpoint>
                        <Time>2026-09-02T06:07:38.000+01:00</Time>
                        <HeartRateBpm>
                            <Value>104</Value>
                        </HeartRateBpm>
                    </Trackpoint>
                    <Trackpoint>
                        <Time>2026-09-02T06:07:40.000+01:00</Time>
                        <HeartRateBpm>
                            <Value>103</Value>
                        </HeartRateBpm>
                    </Trackpoint>
                    <Trackpoint>
                        <Time>2026-09-02T06:07:42.000+01:00</Time>
                        <HeartRateBpm>
                            <Value>102</Value>
                        </HeartRateBpm>
                    </Trackpoint>
                    <Trackpoint>
                        <Time>2026-09-02T06:07:43.000+01:00</Time>
                        <HeartRateBpm>
                            <Value>102</Value>
                        </HeartRateBpm>
                    </Trackpoint>
                    <Trackpoint>
                        <Time>2026-09-02T06:07:46.000+01:00</Time>
                        <HeartRateBpm>
                            <Value>102</Value>
                        </HeartRateBpm>
                    </Trackpoint>
                    <Trackpoint>
                        <Time>2026-09-02T06:07:48.000+01:00</Time>
                        <HeartRateBpm>
                            <Value>103</Value>
                        </HeartRateBpm>
                    </Trackpoint>
                    <Trackpoint>
                        <Time>2026-09-02T06:07:50.000+01:00</Time>
                        <HeartRateBpm>
                            <Value>102</Value>
                        </HeartRateBpm>
                    </Trackpoint>
                    <Trackpoint>
                        <Time>2026-09-02T06:07:53.000+01:00</Time>
                        <HeartRateBpm>
                            <Value>102</Value>
                        </HeartRateBpm>
                    </Trackpoint>
                    <Trackpoint>
                        <Time>2026-09-02T06:07:54.000+01:00</Time>
                        <HeartRateBpm>
                            <Value>101</Value>
                        </HeartRateBpm>
                    </Trackpoint>
                    <Trackpoint>
                        <Time>2026-09-02T06:07:56.000+01:00</Time>
                        <HeartRateBpm>
                            <Value>102</Value>
                        </HeartRateBpm>
                    </Trackpoint>
                    <Trackpoint>
                        <Time>2026-09-02T06:07:58.000+01:00</Time>
                        <HeartRateBpm>
                            <Value>103</Value>
                        </HeartRateBpm>
                    </Trackpoint>
                    <Trackpoint>
                        <Time>2026-09-02T06:07:59.000+01:00</Time>
                        <HeartRateBpm>
                            <Value>102</Value>
                        </HeartRateBpm>
                    </Trackpoint>
                    <Trackpoint>
                        <Time>2026-09-02T06:08:01.000+01:00</Time>
                        <HeartRateBpm>
                            <Value>101</Value>
                        </HeartRateBpm>
                    </Trackpoint>
                    <Trackpoint>
                        <Time>2026-09-02T06:08:03.000+01:00</Time>
                        <HeartRateBpm>
                            <Value>100</Value>
                        </HeartRateBpm>
                    </Trackpoint>
                    <Trackpoint>
                        <Time>2026-09-02T06:08:05.000+01:00</Time>
                        <HeartRateBpm>
                            <Value>102</Value>
                        </HeartRateBpm>
                    </Trackpoint>
                    <Trackpoint>
                        <Time>2026-09-02T06:08:07.000+01:00</Time>
                        <HeartRateBpm>
                            <Value>103</Value>
                        </HeartRateBpm>
                    </Trackpoint>
                    <Trackpoint>
                        <Time>2026-09-02T06:08:10.000+01:00</Time>
                        <HeartRateBpm>
                            <Value>103</Value>
                        </HeartRateBpm>
                    </Trackpoint>
                    <Trackpoint>
                        <Time>2026-09-02T06:08:13.000+01:00</Time>
                        <HeartRateBpm>
                            <Value>103</Value>
                        </HeartRateBpm>
                    </Trackpoint>
                    <Trackpoint>
                        <Time>2026-09-02T06:08:16.000+01:00</Time>
                        <HeartRateBpm>
                            <Value>103</Value>
                        </HeartRateBpm>
                    </Trackpoint>
                    <Trackpoint>
                        <Time>2026-09-02T06:08:19.000+01:00</Time>
                        <HeartRateBpm>
                            <Value>103</Value>
                        </HeartRateBpm>
                    </Trackpoint>
                    <Trackpoint>
                        <Time>2026-09-02T06:08:21.000+01:00</Time>
                        <HeartRateBpm>
                            <Value>102</Value>
                        </HeartRateBpm>
                    </Trackpoint>
                    <Trackpoint>
                        <Time>2026-09-02T06:08:23.000+01:00</Time>
                        <HeartRateBpm>
                            <Value>103</Value>
                        </HeartRateBpm>
                    </Trackpoint>
                    <Trackpoint>
                        <Time>2026-09-02T06:08:26.000+01:00</Time>
                        <HeartRateBpm>
                            <Value>102</Value>
                        </HeartRateBpm>
                    </Trackpoint>
                    <Trackpoint>
                        <Time>2026-09-02T06:08:29.000+01:00</Time>
                        <HeartRateBpm>
                            <Value>102</Value>
                        </HeartRateBpm>
                    </Trackpoint>
                    <Trackpoint>
                        <Time>2026-09-02T06:08:32.000+01:00</Time>
                        <HeartRateBpm>
                            <Value>102</Value>
                        </HeartRateBpm>
                    </Trackpoint>
                    <Trackpoint>
                        <Time>2026-09-02T06:08:35.000+01:00</Time>
                        <HeartRateBpm>
                            <Value>102</Value>
                        </HeartRateBpm>
                    </Trackpoint>
                    <Trackpoint>
                        <Time>2026-09-02T06:08:38.000+01:00</Time>
                        <HeartRateBpm>
                            <Value>102</Value>
                        </HeartRateBpm>
                    </Trackpoint>
                    <Trackpoint>
                        <Time>2026-09-02T06:08:40.000+01:00</Time>
                        <HeartRateBpm>
                            <Value>101</Value>
                        </HeartRateBpm>
                    </Trackpoint>
                    <Trackpoint>
                        <Time>2026-09-02T06:08:42.000+01:00</Time>
                        <HeartRateBpm>
                            <Value>102</Value>
                        </HeartRateBpm>
                    </Trackpoint>
                    <Trackpoint>
                        <Time>2026-09-02T06:08:44.000+01:00</Time>
                        <HeartRateBpm>
                            <Value>103</Value>
                        </HeartRateBpm>
                    </Trackpoint>
                    <Trackpoint>
                        <Time>2026-09-02T06:08:45.000+01:00</Time>
                        <HeartRateBpm>
                            <Value>103</Value>
                        </HeartRateBpm>
                    </Trackpoint>
                    <Trackpoint>
                        <Time>2026-09-02T06:08:46.000+01:00</Time>
                        <HeartRateBpm>
                            <Value>104</Value>
                        </HeartRateBpm>
                    </Trackpoint>
                    <Trackpoint>
                        <Time>2026-09-02T06:08:49.000+01:00</Time>
                        <HeartRateBpm>
                            <Value>105</Value>
                        </HeartRateBpm>
                    </Trackpoint>
                    <Trackpoint>
                        <Time>2026-09-02T06:08:52.000+01:00</Time>
                        <HeartRateBpm>
                            <Value>105</Value>
                        </HeartRateBpm>
                    </Trackpoint>
                    <Trackpoint>
                        <Time>2026-09-02T06:08:53.000+01:00</Time>
                        <HeartRateBpm>
                            <Value>106</Value>
                        </HeartRateBpm>
                    </Trackpoint>
                    <Trackpoint>
                        <Time>2026-09-02T06:08:55.000+01:00</Time>
                        <HeartRateBpm>
                            <Value>107</Value>
                        </HeartRateBpm>
                    </Trackpoint>
                    <Trackpoint>
                        <Time>2026-09-02T06:08:58.000+01:00</Time>
                        <HeartRateBpm>
                            <Value>107</Value>
                        </HeartRateBpm>
                    </Trackpoint>
                    <Trackpoint>
                        <Time>2026-09-02T06:08:59.000+01:00</Time>
                        <HeartRateBpm>
                            <Value>108</Value>
                        </HeartRateBpm>
                    </Trackpoint>
                    <Trackpoint>
                        <Time>2026-09-02T06:09:02.000+01:00</Time>
                        <HeartRateBpm>
                            <Value>108</Value>
                        </HeartRateBpm>
                    </Trackpoint>
                    <Trackpoint>
                        <Time>2026-09-02T06:09:03.000+01:00</Time>
                        <HeartRateBpm>
                            <Value>109</Value>
                        </HeartRateBpm>
                    </Trackpoint>
                    <Trackpoint>
                        <Time>2026-09-02T06:09:06.000+01:00</Time>
                        <HeartRateBpm>
                            <Value>109</Value>
                        </HeartRateBpm>
                    </Trackpoint>
                    <Trackpoint>
                        <Time>2026-09-02T06:09:07.000+01:00</Time>
                        <HeartRateBpm>
                            <Value>111</Value>
                        </HeartRateBpm>
                    </Trackpoint>
                    <Trackpoint>
                        <Time>2026-09-02T06:09:09.000+01:00</Time>
                        <HeartRateBpm>
                            <Value>110</Value>
                        </HeartRateBpm>
                    </Trackpoint>
                    <Trackpoint>
                        <Time>2026-09-02T06:09:10.000+01:00</Time>
                        <HeartRateBpm>
                            <Value>111</Value>
                        </HeartRateBpm>
                    </Trackpoint>
                    <Trackpoint>
                        <Time>2026-09-02T06:09:12.000+01:00</Time>
                        <HeartRateBpm>
                            <Value>112</Value>
                        </HeartRateBpm>
                    </Trackpoint>
                    <Trackpoint>
                        <Time>2026-09-02T06:09:14.000+01:00</Time>
                        <HeartRateBpm>
                            <Value>113</Value>
                        </HeartRateBpm>
                    </Trackpoint>
                    <Trackpoint>
                        <Time>2026-09-02T06:09:17.000+01:00</Time>
                        <HeartRateBpm>
                            <Value>113</Value>
                        </HeartRateBpm>
                    </Trackpoint>
                    <Trackpoint>
                        <Time>2026-09-02T06:09:18.000+01:00</Time>
                        <HeartRateBpm>
                            <Value>114</Value>
                        </HeartRateBpm>
                    </Trackpoint>
                    <Trackpoint>
                        <Time>2026-09-02T06:09:20.000+01:00</Time>
                        <HeartRateBpm>
                            <Value>115</Value>
                        </HeartRateBpm>
                    </Trackpoint>
                    <Trackpoint>
                        <Time>2026-09-02T06:09:23.000+01:00</Time>
                        <HeartRateBpm>
                            <Value>115</Value>
                        </HeartRateBpm>
                    </Trackpoint>
                    <Trackpoint>
                        <Time>2026-09-02T06:09:24.000+01:00</Time>
                        <HeartRateBpm>
                            <Value>116</Value>
                        </HeartRateBpm>
                    </Trackpoint>
                    <Trackpoint>
                        <Time>2026-09-02T06:09:27.000+01:00</Time>
                        <HeartRateBpm>
                            <Value>116</Value>
                        </HeartRateBpm>
                    </Trackpoint>
                    <Trackpoint>
                        <Time>2026-09-02T06:09:28.000+01:00</Time>
                        <HeartRateBpm>
                            <Value>115</Value>
                        </HeartRateBpm>
                    </Trackpoint>
                    <Trackpoint>
                        <Time>2026-09-02T06:09:31.000+01:00</Time>
                        <HeartRateBpm>
                            <Value>115</Value>
                        </HeartRateBpm>
                    </Trackpoint>
                    <Trackpoint>
                        <Time>2026-09-02T06:09:34.000+01:00</Time>
                        <HeartRateBpm>
                            <Value>115</Value>
                        </HeartRateBpm>
                    </Trackpoint>
                    <Trackpoint>
                        <Time>2026-09-02T06:09:37.000+01:00</Time>
                        <HeartRateBpm>
                            <Value>114</Value>
                        </HeartRateBpm>
                    </Trackpoint>
                    <Trackpoint>
                        <Time>2026-09-02T06:09:40.000+01:00</Time>
                        <HeartRateBpm>
                            <Value>114</Value>
                        </HeartRateBpm>
                    </Trackpoint>
                    <Trackpoint>
                        <Time>2026-09-02T06:09:41.000+01:00</Time>
                        <HeartRateBpm>
                            <Value>114</Value>
                        </HeartRateBpm>
                    </Trackpoint>
                    <Trackpoint>
                        <Time>2026-09-02T06:09:43.000+01:00</Time>
                        <HeartRateBpm>
                            <Value>113</Value>
                        </HeartRateBpm>
                    </Trackpoint>
                    <Trackpoint>
                        <Time>2026-09-02T06:09:46.000+01:00</Time>
                        <HeartRateBpm>
                            <Value>113</Value>
                        </HeartRateBpm>
                    </Trackpoint>
                    <Trackpoint>
                        <Time>2026-09-02T06:09:49.000+01:00</Time>
                        <HeartRateBpm>
                            <Value>113</Value>
                        </HeartRateBpm>
                    </Trackpoint>
                    <Trackpoint>
                        <Time>2026-09-02T06:09:51.000+01:00</Time>
                        <HeartRateBpm>
                            <Value>112</Value>
                        </HeartRateBpm>
                    </Trackpoint>
                    <Trackpoint>
                        <Time>2026-09-02T06:09:53.000+01:00</Time>
                        <HeartRateBpm>
                            <Value>111</Value>
                        </HeartRateBpm>
                    </Trackpoint>
                    <Trackpoint>
                        <Time>2026-09-02T06:09:55.000+01:00</Time>
                        <HeartRateBpm>
                            <Value>110</Value>
                        </HeartRateBpm>
                    </Trackpoint>
                    <Trackpoint>
                        <Time>2026-09-02T06:09:58.000+01:00</Time>
                        <HeartRateBpm>
                            <Value>109</Value>
                        </HeartRateBpm>
                    </Trackpoint>
                    <Trackpoint>
                        <Time>2026-09-02T06:10:00.000+01:00</Time>
                        <HeartRateBpm>
                            <Value>110</Value>
                        </HeartRateBpm>
                    </Trackpoint>
                    <Trackpoint>
                        <Time>2026-09-02T06:10:02.000+01:00</Time>
                        <HeartRateBpm>
                            <Value>111</Value>
                        </HeartRateBpm>
                    </Trackpoint>
                    <Trackpoint>
                        <Time>2026-09-02T06:10:04.000+01:00</Time>
                        <HeartRateBpm>
                            <Value>109</Value>
                        </HeartRateBpm>
                    </Trackpoint>
                    <Trackpoint>
                        <Time>2026-09-02T06:10:06.000+01:00</Time>
                        <HeartRateBpm>
                            <Value>110</Value>
                        </HeartRateBpm>
                    </Trackpoint>
                    <Trackpoint>
                        <Time>2026-09-02T06:10:08.000+01:00</Time>
                        <HeartRateBpm>
                            <Value>109</Value>
                        </HeartRateBpm>
                    </Trackpoint>
                    <Trackpoint>
                        <Time>2026-09-02T06:10:11.000+01:00</Time>
                        <HeartRateBpm>
                            <Value>109</Value>
                        </HeartRateBpm>
                    </Trackpoint>
                    <Trackpoint>
                        <Time>2026-09-02T06:10:12.000+01:00</Time>
                        <HeartRateBpm>
                            <Value>107</Value>
                        </HeartRateBpm>
                    </Trackpoint>
                    <Trackpoint>
                        <Time>2026-09-02T06:10:14.000+01:00</Time>
                        <HeartRateBpm>
                            <Value>105</Value>
                        </HeartRateBpm>
                    </Trackpoint>
                    <Trackpoint>
                        <Time>2026-09-02T06:10:16.000+01:00</Time>
                        <HeartRateBpm>
                            <Value>108</Value>
                        </HeartRateBpm>
                    </Trackpoint>
                    <Trackpoint>
                        <Time>2026-09-02T06:10:18.000+01:00</Time>
                        <HeartRateBpm>
                            <Value>109</Value>
                        </HeartRateBpm>
                    </Trackpoint>
                    <Trackpoint>
                        <Time>2026-09-02T06:10:20.000+01:00</Time>
                        <HeartRateBpm>
                            <Value>108</Value>
                        </HeartRateBpm>
                    </Trackpoint>
                    <Trackpoint>
                        <Time>2026-09-02T06:10:21.000+01:00</Time>
                        <HeartRateBpm>
                            <Value>109</Value>
                        </HeartRateBpm>
                    </Trackpoint>
                    <Trackpoint>
                        <Time>2026-09-02T06:10:24.000+01:00</Time>
                        <HeartRateBpm>
                            <Value>108</Value>
                        </HeartRateBpm>
                    </Trackpoint>
                    <Trackpoint>
                        <Time>2026-09-02T06:10:25.000+01:00</Time>
                        <HeartRateBpm>
                            <Value>109</Value>
                        </HeartRateBpm>
                    </Trackpoint>
                    <Trackpoint>
                        <Time>2026-09-02T06:10:27.000+01:00</Time>
                        <HeartRateBpm>
                            <Value>107</Value>
                        </HeartRateBpm>
                    </Trackpoint>
                    <Trackpoint>
                        <Time>2026-09-02T06:10:29.000+01:00</Time>
                        <HeartRateBpm>
                            <Value>106</Value>
                        </HeartRateBpm>
                    </Trackpoint>
                    <Trackpoint>
                        <Time>2026-09-02T06:10:31.000+01:00</Time>
                        <HeartRateBpm>
                            <Value>108</Value>
                        </HeartRateBpm>
                    </Trackpoint>
                    <Trackpoint>
                        <Time>2026-09-02T06:10:33.000+01:00</Time>
                        <HeartRateBpm>
                            <Value>104</Value>
                        </HeartRateBpm>
                    </Trackpoint>
                    <Trackpoint>
                        <Time>2026-09-02T06:10:36.000+01:00</Time>
                        <HeartRateBpm>
                            <Value>104</Value>
                        </HeartRateBpm>
                    </Trackpoint>
                    <Trackpoint>
                        <Time>2026-09-02T06:10:37.000+01:00</Time>
                        <HeartRateBpm>
                            <Value>103</Value>
                        </HeartRateBpm>
                    </Trackpoint>
                    <Trackpoint>
                        <Time>2026-09-02T06:10:40.000+01:00</Time>
                        <HeartRateBpm>
                            <Value>103</Value>
                        </HeartRateBpm>
                    </Trackpoint>
                    <Trackpoint>
                        <Time>2026-09-02T06:10:43.000+01:00</Time>
                        <HeartRateBpm>
                            <Value>105</Value>
                        </HeartRateBpm>
                    </Trackpoint>
                    <Trackpoint>
                        <Time>2026-09-02T06:10:45.000+01:00</Time>
                        <HeartRateBpm>
                            <Value>104</Value>
                        </HeartRateBpm>
                    </Trackpoint>
                    <Trackpoint>
                        <Time>2026-09-02T06:10:47.000+01:00</Time>
                        <HeartRateBpm>
                            <Value>106</Value>
                        </HeartRateBpm>
                    </Trackpoint>
                    <Trackpoint>
                        <Time>2026-09-02T06:10:48.000+01:00</Time>
                        <HeartRateBpm>
                            <Value>105</Value>
                        </HeartRateBpm>
                    </Trackpoint>
                    <Trackpoint>
                        <Time>2026-09-02T06:10:50.000+01:00</Time>
                        <HeartRateBpm>
                            <Value>104</Value>
                        </HeartRateBpm>
                    </Trackpoint>
                    <Trackpoint>
                        <Time>2026-09-02T06:10:52.000+01:00</Time>
                        <HeartRateBpm>
                            <Value>103</Value>
                        </HeartRateBpm>
                    </Trackpoint>
                    <Trackpoint>
                        <Time>2026-09-02T06:10:54.000+01:00</Time>
                        <HeartRateBpm>
                            <Value>105</Value>
                        </HeartRateBpm>
                    </Trackpoint>
                    <Trackpoint>
                        <Time>2026-09-02T06:10:56.000+01:00</Time>
                        <HeartRateBpm>
                            <Value>104</Value>
                        </HeartRateBpm>
                    </Trackpoint>
                    <Trackpoint>
                        <Time>2026-09-02T06:10:58.000+01:00</Time>
                        <HeartRateBpm>
                            <Value>107</Value>
                        </HeartRateBpm>
                    </Trackpoint>
                    <Trackpoint>
                        <Time>2026-09-02T06:11:00.000+01:00</Time>
                        <HeartRateBpm>
                            <Value>105</Value>
                        </HeartRateBpm>
                    </Trackpoint>
                    <Trackpoint>
                        <Time>2026-09-02T06:11:02.000+01:00</Time>
                        <HeartRateBpm>
                            <Value>106</Value>
                        </HeartRateBpm>
                    </Trackpoint>
                    <Trackpoint>
                        <Time>2026-09-02T06:11:05.000+01:00</Time>
                        <HeartRateBpm>
                            <Value>106</Value>
                        </HeartRateBpm>
                    </Trackpoint>
                    <Trackpoint>
                        <Time>2026-09-02T06:11:06.000+01:00</Time>
                        <HeartRateBpm>
                            <Value>107</Value>
                        </HeartRateBpm>
                    </Trackpoint>
                    <Trackpoint>
                        <Time>2026-09-02T06:11:08.000+01:00</Time>
                        <HeartRateBpm>
                            <Value>105</Value>
                        </HeartRateBpm>
                    </Trackpoint>
                    <Trackpoint>
                        <Time>2026-09-02T06:11:10.000+01:00</Time>
                        <HeartRateBpm>
                            <Value>107</Value>
                        </HeartRateBpm>
                    </Trackpoint>
                    <Trackpoint>
                        <Time>2026-09-02T06:11:12.000+01:00</Time>
                        <HeartRateBpm>
                            <Value>105</Value>
                        </HeartRateBpm>
                    </Trackpoint>
                    <Trackpoint>
                        <Time>2026-09-02T06:11:13.000+01:00</Time>
                        <HeartRateBpm>
                            <Value>107</Value>
                        </HeartRateBpm>
                    </Trackpoint>
                    <Trackpoint>
                        <Time>2026-09-02T06:11:15.000+01:00</Time>
                        <HeartRateBpm>
                            <Value>106</Value>
                        </HeartRateBpm>
                    </Trackpoint>
                    <Trackpoint>
                        <Time>2026-09-02T06:11:17.000+01:00</Time>
                        <HeartRateBpm>
                            <Value>107</Value>
                        </HeartRateBpm>
                    </Trackpoint>
                    <Trackpoint>
                        <Time>2026-09-02T06:11:19.000+01:00</Time>
                        <HeartRateBpm>
                            <Value>106</Value>
                        </HeartRateBpm>
                    </Trackpoint>
                    <Trackpoint>
                        <Time>2026-09-02T06:11:21.000+01:00</Time>
                        <HeartRateBpm>
                            <Value>104</Value>
                        </HeartRateBpm>
                    </Trackpoint>
                    <Trackpoint>
                        <Time>2026-09-02T06:11:24.000+01:00</Time>
                        <HeartRateBpm>
                            <Value>104</Value>
                        </HeartRateBpm>
                    </Trackpoint>
                    <Trackpoint>
                        <Time>2026-09-02T06:11:27.000+01:00</Time>
                        <HeartRateBpm>
                            <Value>104</Value>
                        </HeartRateBpm>
                    </Trackpoint>
                    <Trackpoint>
                        <Time>2026-09-02T06:11:28.000+01:00</Time>
                        <HeartRateBpm>
                            <Value>105</Value>
                        </HeartRateBpm>
                    </Trackpoint>
                    <Trackpoint>
                        <Time>2026-09-02T06:11:31.000+01:00</Time>
                        <HeartRateBpm>
                            <Value>105</Value>
                        </HeartRateBpm>
                    </Trackpoint>
                    <Trackpoint>
                        <Time>2026-09-02T06:11:32.000+01:00</Time>
                        <HeartRateBpm>
                            <Value>106</Value>
                        </HeartRateBpm>
                    </Trackpoint>
                    <Trackpoint>
                        <Time>2026-09-02T06:11:35.000+01:00</Time>
                        <HeartRateBpm>
                            <Value>106</Value>
                        </HeartRateBpm>
                    </Trackpoint>
                    <Trackpoint>
                        <Time>2026-09-02T06:11:38.000+01:00</Time>
                        <HeartRateBpm>
                            <Value>106</Value>
                        </HeartRateBpm>
                    </Trackpoint>
                    <Trackpoint>
                        <Time>2026-09-02T06:11:41.000+01:00</Time>
                        <HeartRateBpm>
                            <Value>106</Value>
                        </HeartRateBpm>
                    </Trackpoint>
                    <Trackpoint>
                        <Time>2026-09-02T06:11:42.000+01:00</Time>
                        <HeartRateBpm>
                            <Value>105</Value>
                        </HeartRateBpm>
                    </Trackpoint>
                    <Trackpoint>
                        <Time>2026-09-02T06:11:44.000+01:00</Time>
                        <HeartRateBpm>
                            <Value>104</Value>
                        </HeartRateBpm>
                    </Trackpoint>
                    <Trackpoint>
                        <Time>2026-09-02T06:11:47.000+01:00</Time>
                        <HeartRateBpm>
                            <Value>104</Value>
                        </HeartRateBpm>
                    </Trackpoint>
                    <Trackpoint>
                        <Time>2026-09-02T06:11:48.000+01:00</Time>
                        <HeartRateBpm>
                            <Value>105</Value>
                        </HeartRateBpm>
                    </Trackpoint>
                    <Trackpoint>
                        <Time>2026-09-02T06:11:51.000+01:00</Time>
                        <HeartRateBpm>
                            <Value>106</Value>
                        </HeartRateBpm>
                    </Trackpoint>
                    <Trackpoint>
                        <Time>2026-09-02T06:11:54.000+01:00</Time>
                        <HeartRateBpm>
                            <Value>106</Value>
                        </HeartRateBpm>
                    </Trackpoint>
                    <Trackpoint>
                        <Time>2026-09-02T06:11:57.000+01:00</Time>
                        <HeartRateBpm>
                            <Value>106</Value>
                        </HeartRateBpm>
                    </Trackpoint>
                    <Trackpoint>
                        <Time>2026-09-02T06:11:59.000+01:00</Time>
                        <HeartRateBpm>
                            <Value>107</Value>
                        </HeartRateBpm>
                    </Trackpoint>
                    <Trackpoint>
                        <Time>2026-09-02T06:12:02.000+01:00</Time>
                        <HeartRateBpm>
                            <Value>107</Value>
                        </HeartRateBpm>
                    </Trackpoint>
                    <Trackpoint>
                        <Time>2026-09-02T06:12:03.000+01:00</Time>
                        <HeartRateBpm>
                            <Value>109</Value>
                        </HeartRateBpm>
                    </Trackpoint>
                    <Trackpoint>
                        <Time>2026-09-02T06:12:06.000+01:00</Time>
                        <HeartRateBpm>
                            <Value>109</Value>
                        </HeartRateBpm>
                    </Trackpoint>
                    <Trackpoint>
                        <Time>2026-09-02T06:12:09.000+01:00</Time>
                        <HeartRateBpm>
                            <Value>109</Value>
                        </HeartRateBpm>
                    </Trackpoint>
                    <Trackpoint>
                        <Time>2026-09-02T06:12:11.000+01:00</Time>
                        <HeartRateBpm>
                            <Value>111</Value>
                        </HeartRateBpm>
                    </Trackpoint>
                    <Trackpoint>
                        <Time>2026-09-02T06:12:13.000+01:00</Time>
                        <HeartRateBpm>
                            <Value>110</Value>
                        </HeartRateBpm>
                    </Trackpoint>
                    <Trackpoint>
                        <Time>2026-09-02T06:12:14.000+01:00</Time>
                        <HeartRateBpm>
                            <Value>113</Value>
                        </HeartRateBpm>
                    </Trackpoint>
                    <Trackpoint>
                        <Time>2026-09-02T06:12:16.000+01:00</Time>
                        <HeartRateBpm>
                            <Value>111</Value>
                        </HeartRateBpm>
                    </Trackpoint>
                    <Trackpoint>
                        <Time>2026-09-02T06:12:18.000+01:00</Time>
                        <HeartRateBpm>
                            <Value>112</Value>
                        </HeartRateBpm>
                    </Trackpoint>
                    <Trackpoint>
                        <Time>2026-09-02T06:12:21.000+01:00</Time>
                        <HeartRateBpm>
                            <Value>112</Value>
                        </HeartRateBpm>
                    </Trackpoint>
                    <Trackpoint>
                        <Time>2026-09-02T06:12:22.000+01:00</Time>
                        <HeartRateBpm>
                            <Value>114</Value>
                        </HeartRateBpm>
                    </Trackpoint>
                    <Trackpoint>
                        <Time>2026-09-02T06:12:25.000+01:00</Time>
                        <HeartRateBpm>
                            <Value>114</Value>
                        </HeartRateBpm>
                    </Trackpoint>
                    <Trackpoint>
                        <Time>2026-09-02T06:12:26.000+01:00</Time>
                        <HeartRateBpm>
                            <Value>116</Value>
                        </HeartRateBpm>
                    </Trackpoint>
                    <Trackpoint>
                        <Time>2026-09-02T06:12:28.000+01:00</Time>
                        <HeartRateBpm>
                            <Value>118</Value>
                        </HeartRateBpm>
                    </Trackpoint>
                    <Trackpoint>
                        <Time>2026-09-02T06:12:30.000+01:00</Time>
                        <HeartRateBpm>
                            <Value>119</Value>
                        </HeartRateBpm>
                    </Trackpoint>
                    <Trackpoint>
                        <Time>2026-09-02T06:12:31.000+01:00</Time>
                        <HeartRateBpm>
                            <Value>119</Value>
                        </HeartRateBpm>
                    </Trackpoint>
                    <Trackpoint>
                        <Time>2026-09-02T06:12:32.000+01:00</Time>
                        <HeartRateBpm>
                            <Value>120</Value>
                        </HeartRateBpm>
                    </Trackpoint>
                    <Trackpoint>
                        <Time>2026-09-02T06:12:35.000+01:00</Time>
                        <HeartRateBpm>
                            <Value>120</Value>
                        </HeartRateBpm>
                    </Trackpoint>
                    <Trackpoint>
                        <Time>2026-09-02T06:12:36.000+01:00</Time>
                        <HeartRateBpm>
                            <Value>121</Value>
                        </HeartRateBpm>
                    </Trackpoint>
                    <Trackpoint>
                        <Time>2026-09-02T06:12:37.000+01:00</Time>
                        <HeartRateBpm>
                            <Value>122</Value>
                        </HeartRateBpm>
                    </Trackpoint>
                    <Trackpoint>
                        <Time>2026-09-02T06:12:39.000+01:00</Time>
                        <HeartRateBpm>
                            <Value>123</Value>
                        </HeartRateBpm>
                    </Trackpoint>
                    <Trackpoint>
                        <Time>2026-09-02T06:12:42.000+01:00</Time>
                        <HeartRateBpm>
                            <Value>123</Value>
                        </HeartRateBpm>
                    </Trackpoint>
                    <Trackpoint>
                        <Time>2026-09-02T06:12:43.000+01:00</Time>
                        <HeartRateBpm>
                            <Value>124</Value>
                        </HeartRateBpm>
                    </Trackpoint>
                    <Trackpoint>
                        <Time>2026-09-02T06:12:46.000+01:00</Time>
                        <HeartRateBpm>
                            <Value>124</Value>
                        </HeartRateBpm>
                    </Trackpoint>
                    <Trackpoint>
                        <Time>2026-09-02T06:12:49.000+01:00</Time>
                        <HeartRateBpm>
                            <Value>124</Value>
                        </HeartRateBpm>
                    </Trackpoint>
                    <Trackpoint>
                        <Time>2026-09-02T06:12:52.000+01:00</Time>
                        <HeartRateBpm>
                            <Value>124</Value>
                        </HeartRateBpm>
                    </Trackpoint>
                    <Trackpoint>
                        <Time>2026-09-02T06:12:53.000+01:00</Time>
                        <HeartRateBpm>
                            <Value>126</Value>
                        </HeartRateBpm>
                    </Trackpoint>
                    <Trackpoint>
                        <Time>2026-09-02T06:12:56.000+01:00</Time>
                        <HeartRateBpm>
                            <Value>126</Value>
                        </HeartRateBpm>
                    </Trackpoint>
                    <Trackpoint>
                        <Time>2026-09-02T06:12:57.000+01:00</Time>
                        <HeartRateBpm>
                            <Value>127</Value>
                        </HeartRateBpm>
                    </Trackpoint>
                    <Trackpoint>
                        <Time>2026-09-02T06:12:59.000+01:00</Time>
                        <HeartRateBpm>
                            <Value>125</Value>
                        </HeartRateBpm>
                    </Trackpoint>
                    <Trackpoint>
                        <Time>2026-09-02T06:13:00.000+01:00</Time>
                        <HeartRateBpm>
                            <Value>126</Value>
                        </HeartRateBpm>
                    </Trackpoint>
                    <Trackpoint>
                        <Time>2026-09-02T06:13:03.000+01:00</Time>
                        <HeartRateBpm>
                            <Value>126</Value>
                        </HeartRateBpm>
                    </Trackpoint>
                    <Trackpoint>
                        <Time>2026-09-02T06:13:06.000+01:00</Time>
                        <HeartRateBpm>
                            <Value>125</Value>
                        </HeartRateBpm>
                    </Trackpoint>
                    <Trackpoint>
                        <Time>2026-09-02T06:13:09.000+01:00</Time>
                        <HeartRateBpm>
                            <Value>125</Value>
                        </HeartRateBpm>
                    </Trackpoint>
                    <Trackpoint>
                        <Time>2026-09-02T06:13:10.000+01:00</Time>
                        <HeartRateBpm>
                            <Value>124</Value>
                        </HeartRateBpm>
                    </Trackpoint>
                    <Trackpoint>
                        <Time>2026-09-02T06:13:12.000+01:00</Time>
                        <HeartRateBpm>
                            <Value>123</Value>
                        </HeartRateBpm>
                    </Trackpoint>
                    <Trackpoint>
                        <Time>2026-09-02T06:13:15.000+01:00</Time>
                        <HeartRateBpm>
                            <Value>123</Value>
                        </HeartRateBpm>
                    </Trackpoint>
                    <Trackpoint>
                        <Time>2026-09-02T06:13:18.000+01:00</Time>
                        <HeartRateBpm>
                            <Value>123</Value>
                        </HeartRateBpm>
                    </Trackpoint>
                    <Trackpoint>
                        <Time>2026-09-02T06:13:21.000+01:00</Time>
                        <HeartRateBpm>
                            <Value>123</Value>
                        </HeartRateBpm>
                    </Trackpoint>
                    <Trackpoint>
                        <Time>2026-09-02T06:13:22.000+01:00</Time>
                        <HeartRateBpm>
                            <Value>124</Value>
                        </HeartRateBpm>
                    </Trackpoint>
                    <Trackpoint>
                        <Time>2026-09-02T06:13:24.000+01:00</Time>
                        <HeartRateBpm>
                            <Value>123</Value>
                        </HeartRateBpm>
                    </Trackpoint>
                    <Trackpoint>
                        <Time>2026-09-02T06:13:26.000+01:00</Time>
                        <HeartRateBpm>
                            <Value>124</Value>
                        </HeartRateBpm>
                    </Trackpoint>
                    <Trackpoint>
                        <Time>2026-09-02T06:13:27.000+01:00</Time>
                        <HeartRateBpm>
                            <Value>123</Value>
                        </HeartRateBpm>
                    </Trackpoint>
                    <Trackpoint>
                        <Time>2026-09-02T06:13:30.000+01:00</Time>
                        <HeartRateBpm>
                            <Value>123</Value>
                        </HeartRateBpm>
                    </Trackpoint>
                    <Trackpoint>
                        <Time>2026-09-02T06:13:33.000+01:00</Time>
                        <HeartRateBpm>
                            <Value>123</Value>
                        </HeartRateBpm>
                    </Trackpoint>
                    <Trackpoint>
                        <Time>2026-09-02T06:13:36.000+01:00</Time>
                        <HeartRateBpm>
                            <Value>123</Value>
                        </HeartRateBpm>
                    </Trackpoint>
                    <Trackpoint>
                        <Time>2026-09-02T06:13:39.000+01:00</Time>
                        <HeartRateBpm>
                            <Value>124</Value>
                        </HeartRateBpm>
                    </Trackpoint>
                    <Trackpoint>
                        <Time>2026-09-02T06:13:41.000+01:00</Time>
                        <HeartRateBpm>
                            <Value>126</Value>
                        </HeartRateBpm>
                    </Trackpoint>
                    <Trackpoint>
                        <Time>2026-09-02T06:13:43.000+01:00</Time>
                        <HeartRateBpm>
                            <Value>127</Value>
                        </HeartRateBpm>
                    </Trackpoint>
                    <Trackpoint>
                        <Time>2026-09-02T06:13:46.000+01:00</Time>
                        <HeartRateBpm>
                            <Value>127</Value>
                        </HeartRateBpm>
                    </Trackpoint>
                    <Trackpoint>
                        <Time>2026-09-02T06:13:48.000+01:00</Time>
                        <HeartRateBpm>
                            <Value>128</Value>
                        </HeartRateBpm>
                    </Trackpoint>
                    <Trackpoint>
                        <Time>2026-09-02T06:13:51.000+01:00</Time>
                        <HeartRateBpm>
                            <Value>128</Value>
                        </HeartRateBpm>
                    </Trackpoint>
                    <Trackpoint>
                        <Time>2026-09-02T06:13:54.000+01:00</Time>
                        <HeartRateBpm>
                            <Value>127</Value>
                        </HeartRateBpm>
                    </Trackpoint>
                    <Trackpoint>
                        <Time>2026-09-02T06:13:56.000+01:00</Time>
                        <HeartRateBpm>
                            <Value>126</Value>
                        </HeartRateBpm>
                    </Trackpoint>
                    <Trackpoint>
                        <Time>2026-09-02T06:13:58.000+01:00</Time>
                        <HeartRateBpm>
                            <Value>127</Value>
                        </HeartRateBpm>
                    </Trackpoint>
                    <Trackpoint>
                        <Time>2026-09-02T06:14:00.000+01:00</Time>
                        <HeartRateBpm>
                            <Value>126</Value>
                        </HeartRateBpm>
                    </Trackpoint>
                    <Trackpoint>
                        <Time>2026-09-02T06:14:02.000+01:00</Time>
                        <HeartRateBpm>
                            <Value>127</Value>
                        </HeartRateBpm>
                    </Trackpoint>
                    <Trackpoint>
                        <Time>2026-09-02T06:14:04.000+01:00</Time>
                        <HeartRateBpm>
                            <Value>125</Value>
                        </HeartRateBpm>
                    </Trackpoint>
                    <Trackpoint>
                        <Time>2026-09-02T06:14:06.000+01:00</Time>
                        <HeartRateBpm>
                            <Value>126</Value>
                        </HeartRateBpm>
                    </Trackpoint>
                    <Trackpoint>
                        <Time>2026-09-02T06:14:08.000+01:00</Time>
                        <HeartRateBpm>
                            <Value>127</Value>
                        </HeartRateBpm>
                    </Trackpoint>
                    <Trackpoint>
                        <Time>2026-09-02T06:14:10.000+01:00</Time>
                        <HeartRateBpm>
                            <Value>129</Value>
                        </HeartRateBpm>
                    </Trackpoint>
                    <Trackpoint>
                        <Time>2026-09-02T06:14:13.000+01:00</Time>
                        <HeartRateBpm>
                            <Value>129</Value>
                        </HeartRateBpm>
                    </Trackpoint>
                    <Trackpoint>
                        <Time>2026-09-02T06:14:16.000+01:00</Time>
                        <HeartRateBpm>
                            <Value>129</Value>
                        </HeartRateBpm>
                    </Trackpoint>
                    <Trackpoint>
                        <Time>2026-09-02T06:14:17.000+01:00</Time>
                        <HeartRateBpm>
                            <Value>130</Value>
                        </HeartRateBpm>
                    </Trackpoint>
                    <Trackpoint>
                        <Time>2026-09-02T06:14:20.000+01:00</Time>
                        <HeartRateBpm>
                            <Value>130</Value>
                        </HeartRateBpm>
                    </Trackpoint>
                    <Trackpoint>
                        <Time>2026-09-02T06:14:23.000+01:00</Time>
                        <HeartRateBpm>
                            <Value>129</Value>
                        </HeartRateBpm>
                    </Trackpoint>
                    <Trackpoint>
                        <Time>2026-09-02T06:14:25.000+01:00</Time>
                        <HeartRateBpm>
                            <Value>131</Value>
                        </HeartRateBpm>
                    </Trackpoint>
                    <Trackpoint>
                        <Time>2026-09-02T06:14:27.000+01:00</Time>
                        <HeartRateBpm>
                            <Value>130</Value>
                        </HeartRateBpm>
                    </Trackpoint>
                    <Trackpoint>
                        <Time>2026-09-02T06:14:29.000+01:00</Time>
                        <HeartRateBpm>
                            <Value>129</Value>
                        </HeartRateBpm>
                    </Trackpoint>
                    <Trackpoint>
                        <Time>2026-09-02T06:14:30.000+01:00</Time>
                        <HeartRateBpm>
                            <Value>129</Value>
                        </HeartRateBpm>
                    </Trackpoint>
                    <Trackpoint>
                        <Time>2026-09-02T06:14:31.000+01:00</Time>
                        <HeartRateBpm>
                            <Value>130</Value>
                        </HeartRateBpm>
                    </Trackpoint>
                    <Trackpoint>
                        <Time>2026-09-02T06:14:34.000+01:00</Time>
                        <HeartRateBpm>
                            <Value>130</Value>
                        </HeartRateBpm>
                    </Trackpoint>
                    <Trackpoint>
                        <Time>2026-09-02T06:14:37.000+01:00</Time>
                        <HeartRateBpm>
                            <Value>130</Value>
                        </HeartRateBpm>
                    </Trackpoint>
                    <Trackpoint>
                        <Time>2026-09-02T06:14:38.000+01:00</Time>
                        <HeartRateBpm>
                            <Value>131</Value>
                        </HeartRateBpm>
                    </Trackpoint>
                    <Trackpoint>
                        <Time>2026-09-02T06:14:41.000+01:00</Time>
                        <HeartRateBpm>
                            <Value>131</Value>
                        </HeartRateBpm>
                    </Trackpoint>
                    <Trackpoint>
                        <Time>2026-09-02T06:14:42.000+01:00</Time>
                        <HeartRateBpm>
                            <Value>132</Value>
                        </HeartRateBpm>
                    </Trackpoint>
                    <Trackpoint>
                        <Time>2026-09-02T06:14:45.000+01:00</Time>
                        <HeartRateBpm>
                            <Value>132</Value>
                        </HeartRateBpm>
                    </Trackpoint>
                    <Trackpoint>
                        <Time>2026-09-02T06:14:48.000+01:00</Time>
                        <HeartRateBpm>
                            <Value>132</Value>
                        </HeartRateBpm>
                    </Trackpoint>
                    <Trackpoint>
                        <Time>2026-09-02T06:14:50.000+01:00</Time>
                        <HeartRateBpm>
                            <Value>133</Value>
                        </HeartRateBpm>
                    </Trackpoint>
                    <Trackpoint>
                        <Time>2026-09-02T06:14:53.000+01:00</Time>
                        <HeartRateBpm>
                            <Value>133</Value>
                        </HeartRateBpm>
                    </Trackpoint>
                    <Trackpoint>
                        <Time>2026-09-02T06:14:56.000+01:00</Time>
                        <HeartRateBpm>
                            <Value>133</Value>
                        </HeartRateBpm>
                    </Trackpoint>
                    <Trackpoint>
                        <Time>2026-09-02T06:14:58.000+01:00</Time>
                        <HeartRateBpm>
                            <Value>134</Value>
                        </HeartRateBpm>
                    </Trackpoint>
                    <Trackpoint>
                        <Time>2026-09-02T06:15:01.000+01:00</Time>
                        <HeartRateBpm>
                            <Value>134</Value>
                        </HeartRateBpm>
                    </Trackpoint>
                    <Trackpoint>
                        <Time>2026-09-02T06:15:03.000+01:00</Time>
                        <HeartRateBpm>
                            <Value>133</Value>
                        </HeartRateBpm>
                    </Trackpoint>
                    <Trackpoint>
                        <Time>2026-09-02T06:15:06.000+01:00</Time>
                        <HeartRateBpm>
                            <Value>133</Value>
                        </HeartRateBpm>
                    </Trackpoint>
                    <Trackpoint>
                        <Time>2026-09-02T06:15:09.000+01:00</Time>
                        <HeartRateBpm>
                            <Value>133</Value>
                        </HeartRateBpm>
                    </Trackpoint>
                    <Trackpoint>
                        <Time>2026-09-02T06:15:11.000+01:00</Time>
                        <HeartRateBpm>
                            <Value>132</Value>
                        </HeartRateBpm>
                    </Trackpoint>
                    <Trackpoint>
                        <Time>2026-09-02T06:15:13.000+01:00</Time>
                        <HeartRateBpm>
                            <Value>133</Value>
                        </HeartRateBpm>
                    </Trackpoint>
                    <Trackpoint>
                        <Time>2026-09-02T06:15:15.000+01:00</Time>
                        <HeartRateBpm>
                            <Value>132</Value>
                        </HeartRateBpm>
                    </Trackpoint>
                    <Trackpoint>
                        <Time>2026-09-02T06:15:18.000+01:00</Time>
                        <HeartRateBpm>
                            <Value>132</Value>
                        </HeartRateBpm>
                    </Trackpoint>
                    <Trackpoint>
                        <Time>2026-09-02T06:15:19.000+01:00</Time>
                        <HeartRateBpm>
                            <Value>133</Value>
                        </HeartRateBpm>
                    </Trackpoint>
                    <Trackpoint>
                        <Time>2026-09-02T06:15:22.000+01:00</Time>
                        <HeartRateBpm>
                            <Value>133</Value>
                        </HeartRateBpm>
                    </Trackpoint>
                    <Trackpoint>
                        <Time>2026-09-02T06:15:25.000+01:00</Time>
                        <HeartRateBpm>
                            <Value>132</Value>
                        </HeartRateBpm>
                    </Trackpoint>
                    <Trackpoint>
                        <Time>2026-09-02T06:15:28.000+01:00</Time>
                        <HeartRateBpm>
                            <Value>132</Value>
                        </HeartRateBpm>
                    </Trackpoint>
                    <Trackpoint>
                        <Time>2026-09-02T06:15:31.000+01:00</Time>
                        <HeartRateBpm>
                            <Value>132</Value>
                        </HeartRateBpm>
                    </Trackpoint>
                    <Trackpoint>
                        <Time>2026-09-02T06:15:34.000+01:00</Time>
                        <HeartRateBpm>
                            <Value>131</Value>
                        </HeartRateBpm>
                    </Trackpoint>
                    <Trackpoint>
                        <Time>2026-09-02T06:15:35.000+01:00</Time>
                        <HeartRateBpm>
                            <Value>131</Value>
                        </HeartRateBpm>
                    </Trackpoint>
                    <Trackpoint>
                        <Time>2026-09-02T06:15:36.000+01:00</Time>
                        <HeartRateBpm>
                            <Value>133</Value>
                        </HeartRateBpm>
                    </Trackpoint>
                    <Trackpoint>
                        <Time>2026-09-02T06:15:38.000+01:00</Time>
                        <HeartRateBpm>
                            <Value>132</Value>
                        </HeartRateBpm>
                    </Trackpoint>
                    <Trackpoint>
                        <Time>2026-09-02T06:15:41.000+01:00</Time>
                        <HeartRateBpm>
                            <Value>132</Value>
                        </HeartRateBpm>
                    </Trackpoint>
                    <Trackpoint>
                        <Time>2026-09-02T06:15:44.000+01:00</Time>
                        <HeartRateBpm>
                            <Value>132</Value>
                        </HeartRateBpm>
                    </Trackpoint>
                    <Trackpoint>
                        <Time>2026-09-02T06:15:46.000+01:00</Time>
                        <HeartRateBpm>
                            <Value>133</Value>
                        </HeartRateBpm>
                    </Trackpoint>
                    <Trackpoint>
                        <Time>2026-09-02T06:15:49.000+01:00</Time>
                        <HeartRateBpm>
                            <Value>133</Value>
                        </HeartRateBpm>
                    </Trackpoint>
                    <Trackpoint>
                        <Time>2026-09-02T06:15:52.000+01:00</Time>
                        <HeartRateBpm>
                            <Value>133</Value>
                        </HeartRateBpm>
                    </Trackpoint>
                    <Trackpoint>
                        <Time>2026-09-02T06:15:53.000+01:00</Time>
                        <HeartRateBpm>
                            <Value>132</Value>
                        </HeartRateBpm>
                    </Trackpoint>
                    <Trackpoint>
                        <Time>2026-09-02T06:15:55.000+01:00</Time>
                        <HeartRateBpm>
                            <Value>133</Value>
                        </HeartRateBpm>
                    </Trackpoint>
                    <Trackpoint>
                        <Time>2026-09-02T06:15:57.000+01:00</Time>
                        <HeartRateBpm>
                            <Value>134</Value>
                        </HeartRateBpm>
                    </Trackpoint>
                    <Trackpoint>
                        <Time>2026-09-02T06:16:00.000+01:00</Time>
                        <HeartRateBpm>
                            <Value>134</Value>
                        </HeartRateBpm>
                    </Trackpoint>
                    <Trackpoint>
                        <Time>2026-09-02T06:16:03.000+01:00</Time>
                        <HeartRateBpm>
                            <Value>135</Value>
                        </HeartRateBpm>
                    </Trackpoint>
                    <Trackpoint>
                        <Time>2026-09-02T06:16:06.000+01:00</Time>
                        <HeartRateBpm>
                            <Value>135</Value>
                        </HeartRateBpm>
                    </Trackpoint>
                    <Trackpoint>
                        <Time>2026-09-02T06:16:09.000+01:00</Time>
                        <HeartRateBpm>
                            <Value>134</Value>
                        </HeartRateBpm>
                    </Trackpoint>
                    <Trackpoint>
                        <Time>2026-09-02T06:16:12.000+01:00</Time>
                        <HeartRateBpm>
                            <Value>134</Value>
                        </HeartRateBpm>
                    </Trackpoint>
                    <Trackpoint>
                        <Time>2026-09-02T06:16:15.000+01:00</Time>
                        <HeartRateBpm>
                            <Value>134</Value>
                        </HeartRateBpm>
                    </Trackpoint>
                    <Trackpoint>
                        <Time>2026-09-02T06:16:18.000+01:00</Time>
                        <HeartRateBpm>
                            <Value>134</Value>
                        </HeartRateBpm>
                    </Trackpoint>
                    <Trackpoint>
                        <Time>2026-09-02T06:16:21.000+01:00</Time>
                        <HeartRateBpm>
                            <Value>134</Value>
                        </HeartRateBpm>
                    </Trackpoint>
                    <Trackpoint>
                        <Time>2026-09-02T06:16:24.000+01:00</Time>
                        <HeartRateBpm>
                            <Value>134</Value>
                        </HeartRateBpm>
                    </Trackpoint>
                    <Trackpoint>
                        <Time>2026-09-02T06:16:26.000+01:00</Time>
                        <HeartRateBpm>
                            <Value>133</Value>
                        </HeartRateBpm>
                    </Trackpoint>
                    <Trackpoint>
                        <Time>2026-09-02T06:16:29.000+01:00</Time>
                        <HeartRateBpm>
                            <Value>133</Value>
                        </HeartRateBpm>
                    </Trackpoint>
                    <Trackpoint>
                        <Time>2026-09-02T06:16:32.000+01:00</Time>
                        <HeartRateBpm>
                            <Value>133</Value>
                        </HeartRateBpm>
                    </Trackpoint>
                    <Trackpoint>
                        <Time>2026-09-02T06:16:34.000+01:00</Time>
                        <HeartRateBpm>
                            <Value>132</Value>
                        </HeartRateBpm>
                    </Trackpoint>
                    <Trackpoint>
                        <Time>2026-09-02T06:16:36.000+01:00</Time>
                        <HeartRateBpm>
                            <Value>133</Value>
                        </HeartRateBpm>
                    </Trackpoint>
                    <Trackpoint>
                        <Time>2026-09-02T06:16:37.000+01:00</Time>
                        <HeartRateBpm>
                            <Value>132</Value>
                        </HeartRateBpm>
                    </Trackpoint>
                    <Trackpoint>
                        <Time>2026-09-02T06:16:39.000+01:00</Time>
                        <HeartRateBpm>
                            <Value>133</Value>
                        </HeartRateBpm>
                    </Trackpoint>
                    <Trackpoint>
                        <Time>2026-09-02T06:16:40.000+01:00</Time>
                        <HeartRateBpm>
                            <Value>133</Value>
                        </HeartRateBpm>
                    </Trackpoint>
                    <Trackpoint>
                        <Time>2026-09-02T06:16:43.000+01:00</Time>
                        <HeartRateBpm>
                            <Value>134</Value>
                        </HeartRateBpm>
                    </Trackpoint>
                    <Trackpoint>
                        <Time>2026-09-02T06:16:45.000+01:00</Time>
                        <HeartRateBpm>
                            <Value>135</Value>
                        </HeartRateBpm>
                    </Trackpoint>
                    <Trackpoint>
                        <Time>2026-09-02T06:16:48.000+01:00</Time>
                        <HeartRateBpm>
                            <Value>135</Value>
                        </HeartRateBpm>
                    </Trackpoint>
                    <Trackpoint>
                        <Time>2026-09-02T06:16:49.000+01:00</Time>
                        <HeartRateBpm>
                            <Value>136</Value>
                        </HeartRateBpm>
                    </Trackpoint>
                    <Trackpoint>
                        <Time>2026-09-02T06:16:52.000+01:00</Time>
                        <HeartRateBpm>
                            <Value>136</Value>
                        </HeartRateBpm>
                    </Trackpoint>
                    <Trackpoint>
                        <Time>2026-09-02T06:16:53.000+01:00</Time>
                        <HeartRateBpm>
                            <Value>135</Value>
                        </HeartRateBpm>
                    </Trackpoint>
                    <Trackpoint>
                        <Time>2026-09-02T06:16:56.000+01:00</Time>
                        <HeartRateBpm>
                            <Value>135</Value>
                        </HeartRateBpm>
                    </Trackpoint>
                    <Trackpoint>
                        <Time>2026-09-02T06:16:57.000+01:00</Time>
                        <HeartRateBpm>
                            <Value>134</Value>
                        </HeartRateBpm>
                    </Trackpoint>
                    <Trackpoint>
                        <Time>2026-09-02T06:16:59.000+01:00</Time>
                        <HeartRateBpm>
                            <Value>133</Value>
                        </HeartRateBpm>
                    </Trackpoint>
                    <Trackpoint>
                        <Time>2026-09-02T06:17:02.000+01:00</Time>
                        <HeartRateBpm>
                            <Value>133</Value>
                        </HeartRateBpm>
                    </Trackpoint>
                    <Trackpoint>
                        <Time>2026-09-02T06:17:05.000+01:00</Time>
                        <HeartRateBpm>
                            <Value>133</Value>
                        </HeartRateBpm>
                    </Trackpoint>
                    <Trackpoint>
                        <Time>2026-09-02T06:17:06.000+01:00</Time>
                        <HeartRateBpm>
                            <Value>134</Value>
                        </HeartRateBpm>
                    </Trackpoint>
                    <Trackpoint>
                        <Time>2026-09-02T06:17:09.000+01:00</Time>
                        <HeartRateBpm>
                            <Value>134</Value>
                        </HeartRateBpm>
                    </Trackpoint>
                    <Trackpoint>
                        <Time>2026-09-02T06:17:12.000+01:00</Time>
                        <HeartRateBpm>
                            <Value>135</Value>
                        </HeartRateBpm>
                    </Trackpoint>
                    <Trackpoint>
                        <Time>2026-09-02T06:17:15.000+01:00</Time>
                        <HeartRateBpm>
                            <Value>135</Value>
                        </HeartRateBpm>
                    </Trackpoint>
                    <Trackpoint>
                        <Time>2026-09-02T06:17:16.000+01:00</Time>
                        <HeartRateBpm>
                            <Value>136</Value>
                        </HeartRateBpm>
                    </Trackpoint>
                    <Trackpoint>
                        <Time>2026-09-02T06:17:18.000+01:00</Time>
                        <HeartRateBpm>
                            <Value>137</Value>
                        </HeartRateBpm>
                    </Trackpoint>
                    <Trackpoint>
                        <Time>2026-09-02T06:17:21.000+01:00</Time>
                        <HeartRateBpm>
                            <Value>137</Value>
                        </HeartRateBpm>
                    </Trackpoint>
                    <Trackpoint>
                        <Time>2026-09-02T06:17:22.000+01:00</Time>
                        <HeartRateBpm>
                            <Value>138</Value>
                        </HeartRateBpm>
                    </Trackpoint>
                    <Trackpoint>
                        <Time>2026-09-02T06:17:25.000+01:00</Time>
                        <HeartRateBpm>
                            <Value>137</Value>
                        </HeartRateBpm>
                    </Trackpoint>
                    <Trackpoint>
                        <Time>2026-09-02T06:17:27.000+01:00</Time>
                        <HeartRateBpm>
                            <Value>136</Value>
                        </HeartRateBpm>
                    </Trackpoint>
                    <Trackpoint>
                        <Time>2026-09-02T06:17:30.000+01:00</Time>
                        <HeartRateBpm>
                            <Value>136</Value>
                        </HeartRateBpm>
                    </Trackpoint>
                    <Trackpoint>
                        <Time>2026-09-02T06:17:31.000+01:00</Time>
                        <HeartRateBpm>
                            <Value>135</Value>
                        </HeartRateBpm>
                    </Trackpoint>
                    <Trackpoint>
                        <Time>2026-09-02T06:17:33.000+01:00</Time>
                        <HeartRateBpm>
                            <Value>134</Value>
                        </HeartRateBpm>
                    </Trackpoint>
                    <Trackpoint>
                        <Time>2026-09-02T06:17:36.000+01:00</Time>
                        <HeartRateBpm>
                            <Value>134</Value>
                        </HeartRateBpm>
                    </Trackpoint>
                    <Trackpoint>
                        <Time>2026-09-02T06:17:37.000+01:00</Time>
                        <HeartRateBpm>
                            <Value>135</Value>
                        </HeartRateBpm>
                    </Trackpoint>
                    <Trackpoint>
                        <Time>2026-09-02T06:17:38.000+01:00</Time>
                        <HeartRateBpm>
                            <Value>135</Value>
                        </HeartRateBpm>
                    </Trackpoint>
                    <Trackpoint>
                        <Time>2026-09-02T06:17:41.000+01:00</Time>
                        <HeartRateBpm>
                            <Value>136</Value>
                        </HeartRateBpm>
                    </Trackpoint>
                    <Trackpoint>
                        <Time>2026-09-02T06:17:44.000+01:00</Time>
                        <HeartRateBpm>
                            <Value>136</Value>
                        </HeartRateBpm>
                    </Trackpoint>
                    <Trackpoint>
                        <Time>2026-09-02T06:17:45.000+01:00</Time>
                        <HeartRateBpm>
                            <Value>137</Value>
                        </HeartRateBpm>
                    </Trackpoint>
                    <Trackpoint>
                        <Time>2026-09-02T06:17:47.000+01:00</Time>
                        <HeartRateBpm>
                            <Value>138</Value>
                        </HeartRateBpm>
                    </Trackpoint>
                    <Trackpoint>
                        <Time>2026-09-02T06:17:49.000+01:00</Time>
                        <HeartRateBpm>
                            <Value>139</Value>
                        </HeartRateBpm>
                    </Trackpoint>
                    <Trackpoint>
                        <Time>2026-09-02T06:17:52.000+01:00</Time>
                        <HeartRateBpm>
                            <Value>140</Value>
                        </HeartRateBpm>
                    </Trackpoint>
                    <Trackpoint>
                        <Time>2026-09-02T06:17:55.000+01:00</Time>
                        <HeartRateBpm>
                            <Value>140</Value>
                        </HeartRateBpm>
                    </Trackpoint>
                    <Trackpoint>
                        <Time>2026-09-02T06:17:56.000+01:00</Time>
                        <HeartRateBpm>
                            <Value>141</Value>
                        </HeartRateBpm>
                    </Trackpoint>
                    <Trackpoint>
                        <Time>2026-09-02T06:17:59.000+01:00</Time>
                        <HeartRateBpm>
                            <Value>141</Value>
                        </HeartRateBpm>
                    </Trackpoint>
                    <Trackpoint>
                        <Time>2026-09-02T06:18:00.000+01:00</Time>
                        <HeartRateBpm>
                            <Value>142</Value>
                        </HeartRateBpm>
                    </Trackpoint>
                    <Trackpoint>
                        <Time>2026-09-02T06:18:02.000+01:00</Time>
                        <HeartRateBpm>
                            <Value>143</Value>
                        </HeartRateBpm>
                    </Trackpoint>
                    <Trackpoint>
                        <Time>2026-09-02T06:18:05.000+01:00</Time>
                        <HeartRateBpm>
                            <Value>143</Value>
                        </HeartRateBpm>
                    </Trackpoint>
                    <Trackpoint>
                        <Time>2026-09-02T06:18:06.000+01:00</Time>
                        <HeartRateBpm>
                            <Value>142</Value>
                        </HeartRateBpm>
                    </Trackpoint>
                    <Trackpoint>
                        <Time>2026-09-02T06:18:08.000+01:00</Time>
                        <HeartRateBpm>
                            <Value>143</Value>
                        </HeartRateBpm>
                    </Trackpoint>
                    <Trackpoint>
                        <Time>2026-09-02T06:18:11.000+01:00</Time>
                        <HeartRateBpm>
                            <Value>143</Value>
                        </HeartRateBpm>
                    </Trackpoint>
                    <Trackpoint>
                        <Time>2026-09-02T06:18:14.000+01:00</Time>
                        <HeartRateBpm>
                            <Value>143</Value>
                        </HeartRateBpm>
                    </Trackpoint>
                    <Trackpoint>
                        <Time>2026-09-02T06:18:17.000+01:00</Time>
                        <HeartRateBpm>
                            <Value>143</Value>
                        </HeartRateBpm>
                    </Trackpoint>
                    <Trackpoint>
                        <Time>2026-09-02T06:18:20.000+01:00</Time>
                        <HeartRateBpm>
                            <Value>143</Value>
                        </HeartRateBpm>
                    </Trackpoint>
                    <Trackpoint>
                        <Time>2026-09-02T06:18:23.000+01:00</Time>
                        <HeartRateBpm>
                            <Value>144</Value>
                        </HeartRateBpm>
                    </Trackpoint>
                    <Trackpoint>
                        <Time>2026-09-02T06:18:26.000+01:00</Time>
                        <HeartRateBpm>
                            <Value>144</Value>
                        </HeartRateBpm>
                    </Trackpoint>
                    <Trackpoint>
                        <Time>2026-09-02T06:18:27.000+01:00</Time>
                        <HeartRateBpm>
                            <Value>146</Value>
                        </HeartRateBpm>
                    </Trackpoint>
                    <Trackpoint>
                        <Time>2026-09-02T06:18:29.000+01:00</Time>
                        <HeartRateBpm>
                            <Value>147</Value>
                        </HeartRateBpm>
                    </Trackpoint>
                    <Trackpoint>
                        <Time>2026-09-02T06:18:32.000+01:00</Time>
                        <HeartRateBpm>
                            <Value>147</Value>
                        </HeartRateBpm>
                    </Trackpoint>
                    <Trackpoint>
                        <Time>2026-09-02T06:18:35.000+01:00</Time>
                        <HeartRateBpm>
                            <Value>147</Value>
                        </HeartRateBpm>
                    </Trackpoint>
                    <Trackpoint>
                        <Time>2026-09-02T06:18:38.000+01:00</Time>
                        <HeartRateBpm>
                            <Value>147</Value>
                        </HeartRateBpm>
                    </Trackpoint>
                    <Trackpoint>
                        <Time>2026-09-02T06:18:40.000+01:00</Time>
                        <HeartRateBpm>
                            <Value>148</Value>
                        </HeartRateBpm>
                    </Trackpoint>
                    <Trackpoint>
                        <Time>2026-09-02T06:18:41.000+01:00</Time>
                        <HeartRateBpm>
                            <Value>148</Value>
                        </HeartRateBpm>
                    </Trackpoint>
                    <Trackpoint>
                        <Time>2026-09-02T06:18:44.000+01:00</Time>
                        <HeartRateBpm>
                            <Value>149</Value>
                        </HeartRateBpm>
                    </Trackpoint>
                    <Trackpoint>
                        <Time>2026-09-02T06:18:47.000+01:00</Time>
                        <HeartRateBpm>
                            <Value>149</Value>
                        </HeartRateBpm>
                    </Trackpoint>
                    <Trackpoint>
                        <Time>2026-09-02T06:18:50.000+01:00</Time>
                        <HeartRateBpm>
                            <Value>148</Value>
                        </HeartRateBpm>
                    </Trackpoint>
                    <Trackpoint>
                        <Time>2026-09-02T06:18:52.000+01:00</Time>
                        <HeartRateBpm>
                            <Value>149</Value>
                        </HeartRateBpm>
                    </Trackpoint>
                    <Trackpoint>
                        <Time>2026-09-02T06:18:54.000+01:00</Time>
                        <HeartRateBpm>
                            <Value>147</Value>
                        </HeartRateBpm>
                    </Trackpoint>
                    <Trackpoint>
                        <Time>2026-09-02T06:18:57.000+01:00</Time>
                        <HeartRateBpm>
                            <Value>147</Value>
                        </HeartRateBpm>
                    </Trackpoint>
                    <Trackpoint>
                        <Time>2026-09-02T06:18:58.000+01:00</Time>
                        <HeartRateBpm>
                            <Value>146</Value>
                        </HeartRateBpm>
                    </Trackpoint>
                    <Trackpoint>
                        <Time>2026-09-02T06:19:00.000+01:00</Time>
                        <HeartRateBpm>
                            <Value>147</Value>
                        </HeartRateBpm>
                    </Trackpoint>
                    <Trackpoint>
                        <Time>2026-09-02T06:19:03.000+01:00</Time>
                        <HeartRateBpm>
                            <Value>147</Value>
                        </HeartRateBpm>
                    </Trackpoint>
                    <Trackpoint>
                        <Time>2026-09-02T06:19:06.000+01:00</Time>
                        <HeartRateBpm>
                            <Value>147</Value>
                        </HeartRateBpm>
                    </Trackpoint>
                    <Trackpoint>
                        <Time>2026-09-02T06:19:07.000+01:00</Time>
                        <HeartRateBpm>
                            <Value>146</Value>
                        </HeartRateBpm>
                    </Trackpoint>
                    <Trackpoint>
                        <Time>2026-09-02T06:19:09.000+01:00</Time>
                        <HeartRateBpm>
                            <Value>147</Value>
                        </HeartRateBpm>
                    </Trackpoint>
                    <Trackpoint>
                        <Time>2026-09-02T06:19:11.000+01:00</Time>
                        <HeartRateBpm>
                            <Value>146</Value>
                        </HeartRateBpm>
                    </Trackpoint>
                    <Trackpoint>
                        <Time>2026-09-02T06:19:13.000+01:00</Time>
                        <HeartRateBpm>
                            <Value>147</Value>
                        </HeartRateBpm>
                    </Trackpoint>
                    <Trackpoint>
                        <Time>2026-09-02T06:19:16.000+01:00</Time>
                        <HeartRateBpm>
                            <Value>147</Value>
                        </HeartRateBpm>
                    </Trackpoint>
                    <Trackpoint>
                        <Time>2026-09-02T06:19:17.000+01:00</Time>
                        <HeartRateBpm>
                            <Value>146</Value>
                        </HeartRateBpm>
                    </Trackpoint>
                    <Trackpoint>
                        <Time>2026-09-02T06:19:19.000+01:00</Time>
                        <HeartRateBpm>
                            <Value>145</Value>
                        </HeartRateBpm>
                    </Trackpoint>
                    <Trackpoint>
                        <Time>2026-09-02T06:19:21.000+01:00</Time>
                        <HeartRateBpm>
                            <Value>144</Value>
                        </HeartRateBpm>
                    </Trackpoint>
                    <Trackpoint>
                        <Time>2026-09-02T06:19:24.000+01:00</Time>
                        <HeartRateBpm>
                            <Value>144</Value>
                        </HeartRateBpm>
                    </Trackpoint>
                    <Trackpoint>
                        <Time>2026-09-02T06:19:26.000+01:00</Time>
                        <HeartRateBpm>
                            <Value>143</Value>
                        </HeartRateBpm>
                    </Trackpoint>
                    <Trackpoint>
                        <Time>2026-09-02T06:19:28.000+01:00</Time>
                        <HeartRateBpm>
                            <Value>144</Value>
                        </HeartRateBpm>
                    </Trackpoint>
                    <Trackpoint>
                        <Time>2026-09-02T06:19:30.000+01:00</Time>
                        <HeartRateBpm>
                            <Value>143</Value>
                        </HeartRateBpm>
                    </Trackpoint>
                    <Trackpoint>
                        <Time>2026-09-02T06:19:32.000+01:00</Time>
                        <HeartRateBpm>
                            <Value>144</Value>
                        </HeartRateBpm>
                    </Trackpoint>
                    <Trackpoint>
                        <Time>2026-09-02T06:19:34.000+01:00</Time>
                        <HeartRateBpm>
                            <Value>145</Value>
                        </HeartRateBpm>
                    </Trackpoint>
                    <Trackpoint>
                        <Time>2026-09-02T06:19:37.000+01:00</Time>
                        <HeartRateBpm>
                            <Value>145</Value>
                        </HeartRateBpm>
                    </Trackpoint>
                    <Trackpoint>
                        <Time>2026-09-02T06:19:38.000+01:00</Time>
                        <HeartRateBpm>
                            <Value>146</Value>
                        </HeartRateBpm>
                    </Trackpoint>
                    <Trackpoint>
                        <Time>2026-09-02T06:19:39.000+01:00</Time>
                        <HeartRateBpm>
                            <Value>146</Value>
                        </HeartRateBpm>
                    </Trackpoint>
                    <Trackpoint>
                        <Time>2026-09-02T06:19:42.000+01:00</Time>
                        <HeartRateBpm>
                            <Value>145</Value>
                        </HeartRateBpm>
                    </Trackpoint>
                    <Trackpoint>
                        <Time>2026-09-02T06:19:44.000+01:00</Time>
                        <HeartRateBpm>
                            <Value>146</Value>
                        </HeartRateBpm>
                    </Trackpoint>
                    <Trackpoint>
                        <Time>2026-09-02T06:19:46.000+01:00</Time>
                        <HeartRateBpm>
                            <Value>145</Value>
                        </HeartRateBpm>
                    </Trackpoint>
                    <Trackpoint>
                        <Time>2026-09-02T06:19:48.000+01:00</Time>
                        <HeartRateBpm>
                            <Value>146</Value>
                        </HeartRateBpm>
                    </Trackpoint>
                    <Trackpoint>
                        <Time>2026-09-02T06:19:49.000+01:00</Time>
                        <HeartRateBpm>
                            <Value>145</Value>
                        </HeartRateBpm>
                    </Trackpoint>
                    <Trackpoint>
                        <Time>2026-09-02T06:19:52.000+01:00</Time>
                        <HeartRateBpm>
                            <Value>145</Value>
                        </HeartRateBpm>
                    </Trackpoint>
                    <Trackpoint>
                        <Time>2026-09-02T06:19:53.000+01:00</Time>
                        <HeartRateBpm>
                            <Value>146</Value>
                        </HeartRateBpm>
                    </Trackpoint>
                    <Trackpoint>
                        <Time>2026-09-02T06:19:55.000+01:00</Time>
                        <HeartRateBpm>
                            <Value>145</Value>
                        </HeartRateBpm>
                    </Trackpoint>
                    <Trackpoint>
                        <Time>2026-09-02T06:19:58.000+01:00</Time>
                        <HeartRateBpm>
                            <Value>145</Value>
                        </HeartRateBpm>
                    </Trackpoint>
                    <Trackpoint>
                        <Time>2026-09-02T06:19:59.000+01:00</Time>
                        <HeartRateBpm>
                            <Value>144</Value>
                        </HeartRateBpm>
                    </Trackpoint>
                    <Trackpoint>
                        <Time>2026-09-02T06:20:01.000+01:00</Time>
                        <HeartRateBpm>
                            <Value>143</Value>
                        </HeartRateBpm>
                    </Trackpoint>
                    <Trackpoint>
                        <Time>2026-09-02T06:20:03.000+01:00</Time>
                        <HeartRateBpm>
                            <Value>142</Value>
                        </HeartRateBpm>
                    </Trackpoint>
                    <Trackpoint>
                        <Time>2026-09-02T06:20:05.000+01:00</Time>
                        <HeartRateBpm>
                            <Value>140</Value>
                        </HeartRateBpm>
                    </Trackpoint>
                    <Trackpoint>
                        <Time>2026-09-02T06:20:08.000+01:00</Time>
                        <HeartRateBpm>
                            <Value>140</Value>
                        </HeartRateBpm>
                    </Trackpoint>
                    <Trackpoint>
                        <Time>2026-09-02T06:20:09.000+01:00</Time>
                        <HeartRateBpm>
                            <Value>139</Value>
                        </HeartRateBpm>
                    </Trackpoint>
                    <Trackpoint>
                        <Time>2026-09-02T06:20:11.000+01:00</Time>
                        <HeartRateBpm>
                            <Value>138</Value>
                        </HeartRateBpm>
                    </Trackpoint>
                    <Trackpoint>
                        <Time>2026-09-02T06:20:13.000+01:00</Time>
                        <HeartRateBpm>
                            <Value>137</Value>
                        </HeartRateBpm>
                    </Trackpoint>
                    <Trackpoint>
                        <Time>2026-09-02T06:20:15.000+01:00</Time>
                        <HeartRateBpm>
                            <Value>136</Value>
                        </HeartRateBpm>
                    </Trackpoint>
                    <Trackpoint>
                        <Time>2026-09-02T06:20:16.000+01:00</Time>
                        <HeartRateBpm>
                            <Value>135</Value>
                        </HeartRateBpm>
                    </Trackpoint>
                    <Trackpoint>
                        <Time>2026-09-02T06:20:18.000+01:00</Time>
                        <HeartRateBpm>
                            <Value>134</Value>
                        </HeartRateBpm>
                    </Trackpoint>
                    <Trackpoint>
                        <Time>2026-09-02T06:20:21.000+01:00</Time>
                        <HeartRateBpm>
                            <Value>134</Value>
                        </HeartRateBpm>
                    </Trackpoint>
                    <Trackpoint>
                        <Time>2026-09-02T06:20:22.000+01:00</Time>
                        <HeartRateBpm>
                            <Value>132</Value>
                        </HeartRateBpm>
                    </Trackpoint>
                    <Trackpoint>
                        <Time>2026-09-02T06:20:24.000+01:00</Time>
                        <HeartRateBpm>
                            <Value>133</Value>
                        </HeartRateBpm>
                    </Trackpoint>
                    <Trackpoint>
                        <Time>2026-09-02T06:20:27.000+01:00</Time>
                        <HeartRateBpm>
                            <Value>133</Value>
                        </HeartRateBpm>
                    </Trackpoint>
                    <Trackpoint>
                        <Time>2026-09-02T06:20:28.000+01:00</Time>
                        <HeartRateBpm>
                            <Value>135</Value>
                        </HeartRateBpm>
                    </Trackpoint>
                    <Trackpoint>
                        <Time>2026-09-02T06:20:31.000+01:00</Time>
                        <HeartRateBpm>
                            <Value>135</Value>
                        </HeartRateBpm>
                    </Trackpoint>
                    <Trackpoint>
                        <Time>2026-09-02T06:20:32.000+01:00</Time>
                        <HeartRateBpm>
                            <Value>135</Value>
                        </HeartRateBpm>
                    </Trackpoint>
                    <Trackpoint>
                        <Time>2026-09-02T06:20:35.000+01:00</Time>
                        <HeartRateBpm>
                            <Value>135</Value>
                        </HeartRateBpm>
                    </Trackpoint>
                    <Trackpoint>
                        <Time>2026-09-02T06:20:38.000+01:00</Time>
                        <HeartRateBpm>
                            <Value>135</Value>
                        </HeartRateBpm>
                    </Trackpoint>
                    <Trackpoint>
                        <Time>2026-09-02T06:20:39.000+01:00</Time>
                        <HeartRateBpm>
                            <Value>134</Value>
                        </HeartRateBpm>
                    </Trackpoint>
                    <Trackpoint>
                        <Time>2026-09-02T06:20:42.000+01:00</Time>
                        <HeartRateBpm>
                            <Value>134</Value>
                        </HeartRateBpm>
                    </Trackpoint>
                    <Trackpoint>
                        <Time>2026-09-02T06:20:45.000+01:00</Time>
                        <HeartRateBpm>
                            <Value>133</Value>
                        </HeartRateBpm>
                    </Trackpoint>
                    <Trackpoint>
                        <Time>2026-09-02T06:20:47.000+01:00</Time>
                        <HeartRateBpm>
                            <Value>132</Value>
                        </HeartRateBpm>
                    </Trackpoint>
                    <Trackpoint>
                        <Time>2026-09-02T06:20:50.000+01:00</Time>
                        <HeartRateBpm>
                            <Value>132</Value>
                        </HeartRateBpm>
                    </Trackpoint>
                    <Trackpoint>
                        <Time>2026-09-02T06:20:51.000+01:00</Time>
                        <HeartRateBpm>
                            <Value>133</Value>
                        </HeartRateBpm>
                    </Trackpoint>
                    <Trackpoint>
                        <Time>2026-09-02T06:20:53.000+01:00</Time>
                        <HeartRateBpm>
                            <Value>132</Value>
                        </HeartRateBpm>
                    </Trackpoint>
                    <Trackpoint>
                        <Time>2026-09-02T06:20:56.000+01:00</Time>
                        <HeartRateBpm>
                            <Value>132</Value>
                        </HeartRateBpm>
                    </Trackpoint>
                    <Trackpoint>
                        <Time>2026-09-02T06:20:57.000+01:00</Time>
                        <HeartRateBpm>
                            <Value>133</Value>
                        </HeartRateBpm>
                    </Trackpoint>
                    <Trackpoint>
                        <Time>2026-09-02T06:21:00.000+01:00</Time>
                        <HeartRateBpm>
                            <Value>134</Value>
                        </HeartRateBpm>
                    </Trackpoint>
                    <Trackpoint>
                        <Time>2026-09-02T06:21:03.000+01:00</Time>
                        <HeartRateBpm>
                            <Value>134</Value>
                        </HeartRateBpm>
                    </Trackpoint>
                    <Trackpoint>
                        <Time>2026-09-02T06:21:04.000+01:00</Time>
                        <HeartRateBpm>
                            <Value>133</Value>
                        </HeartRateBpm>
                    </Trackpoint>
                    <Trackpoint>
                        <Time>2026-09-02T06:21:06.000+01:00</Time>
                        <HeartRateBpm>
                            <Value>134</Value>
                        </HeartRateBpm>
                    </Trackpoint>
                    <Trackpoint>
                        <Time>2026-09-02T06:21:08.000+01:00</Time>
                        <HeartRateBpm>
                            <Value>135</Value>
                        </HeartRateBpm>
                    </Trackpoint>
                    <Trackpoint>
                        <Time>2026-09-02T06:21:10.000+01:00</Time>
                        <HeartRateBpm>
                            <Value>136</Value>
                        </HeartRateBpm>
                    </Trackpoint>
                    <Trackpoint>
                        <Time>2026-09-02T06:21:12.000+01:00</Time>
                        <HeartRateBpm>
                            <Value>137</Value>
                        </HeartRateBpm>
                    </Trackpoint>
                    <Trackpoint>
                        <Time>2026-09-02T06:21:14.000+01:00</Time>
                        <HeartRateBpm>
                            <Value>136</Value>
                        </HeartRateBpm>
                    </Trackpoint>
                    <Trackpoint>
                        <Time>2026-09-02T06:21:17.000+01:00</Time>
                        <HeartRateBpm>
                            <Value>136</Value>
                        </HeartRateBpm>
                    </Trackpoint>
                    <Trackpoint>
                        <Time>2026-09-02T06:21:18.000+01:00</Time>
                        <HeartRateBpm>
                            <Value>137</Value>
                        </HeartRateBpm>
                    </Trackpoint>
                    <Trackpoint>
                        <Time>2026-09-02T06:21:20.000+01:00</Time>
                        <HeartRateBpm>
                            <Value>136</Value>
                        </HeartRateBpm>
                    </Trackpoint>
                    <Trackpoint>
                        <Time>2026-09-02T06:21:23.000+01:00</Time>
                        <HeartRateBpm>
                            <Value>136</Value>
                        </HeartRateBpm>
                    </Trackpoint>
                    <Trackpoint>
                        <Time>2026-09-02T06:21:24.000+01:00</Time>
                        <HeartRateBpm>
                            <Value>135</Value>
                        </HeartRateBpm>
                    </Trackpoint>
                    <Trackpoint>
                        <Time>2026-09-02T06:21:26.000+01:00</Time>
                        <HeartRateBpm>
                            <Value>136</Value>
                        </HeartRateBpm>
                    </Trackpoint>
                    <Trackpoint>
                        <Time>2026-09-02T06:21:27.000+01:00</Time>
                        <HeartRateBpm>
                            <Value>135</Value>
                        </HeartRateBpm>
                    </Trackpoint>
                    <Trackpoint>
                        <Time>2026-09-02T06:21:28.000+01:00</Time>
                        <HeartRateBpm>
                            <Value>135</Value>
                        </HeartRateBpm>
                    </Trackpoint>
                    <Trackpoint>
                        <Time>2026-09-02T06:21:29.000+01:00</Time>
                        <HeartRateBpm>
                            <Value>136</Value>
                        </HeartRateBpm>
                    </Trackpoint>
                    <Trackpoint>
                        <Time>2026-09-02T06:21:32.000+01:00</Time>
                        <HeartRateBpm>
                            <Value>136</Value>
                        </HeartRateBpm>
                    </Trackpoint>
                    <Trackpoint>
                        <Time>2026-09-02T06:21:33.000+01:00</Time>
                        <HeartRateBpm>
                            <Value>137</Value>
                        </HeartRateBpm>
                    </Trackpoint>
                    <Trackpoint>
                        <Time>2026-09-02T06:21:36.000+01:00</Time>
                        <HeartRateBpm>
                            <Value>137</Value>
                        </HeartRateBpm>
                    </Trackpoint>
                    <Trackpoint>
                        <Time>2026-09-02T06:21:39.000+01:00</Time>
                        <HeartRateBpm>
                            <Value>136</Value>
                        </HeartRateBpm>
                    </Trackpoint>
                    <Trackpoint>
                        <Time>2026-09-02T06:21:41.000+01:00</Time>
                        <HeartRateBpm>
                            <Value>135</Value>
                        </HeartRateBpm>
                    </Trackpoint>
                    <Trackpoint>
                        <Time>2026-09-02T06:21:43.000+01:00</Time>
                        <HeartRateBpm>
                            <Value>137</Value>
                        </HeartRateBpm>
                    </Trackpoint>
                    <Trackpoint>
                        <Time>2026-09-02T06:21:46.000+01:00</Time>
                        <HeartRateBpm>
                            <Value>137</Value>
                        </HeartRateBpm>
                    </Trackpoint>
                    <Trackpoint>
                        <Time>2026-09-02T06:21:48.000+01:00</Time>
                        <HeartRateBpm>
                            <Value>135</Value>
                        </HeartRateBpm>
                    </Trackpoint>
                    <Trackpoint>
                        <Time>2026-09-02T06:21:50.000+01:00</Time>
                        <HeartRateBpm>
                            <Value>136</Value>
                        </HeartRateBpm>
                    </Trackpoint>
                    <Trackpoint>
                        <Time>2026-09-02T06:21:53.000+01:00</Time>
                        <HeartRateBpm>
                            <Value>136</Value>
                        </HeartRateBpm>
                    </Trackpoint>
                    <Trackpoint>
                        <Time>2026-09-02T06:21:54.000+01:00</Time>
                        <HeartRateBpm>
                            <Value>137</Value>
                        </HeartRateBpm>
                    </Trackpoint>
                    <Trackpoint>
                        <Time>2026-09-02T06:21:57.000+01:00</Time>
                        <HeartRateBpm>
                            <Value>137</Value>
                        </HeartRateBpm>
                    </Trackpoint>
                    <Trackpoint>
                        <Time>2026-09-02T06:22:00.000+01:00</Time>
                        <HeartRateBpm>
                            <Value>137</Value>
                        </HeartRateBpm>
                    </Trackpoint>
                    <Trackpoint>
                        <Time>2026-09-02T06:22:03.000+01:00</Time>
                        <HeartRateBpm>
                            <Value>137</Value>
                        </HeartRateBpm>
                    </Trackpoint>
                    <Trackpoint>
                        <Time>2026-09-02T06:22:06.000+01:00</Time>
                        <HeartRateBpm>
                            <Value>137</Value>
                        </HeartRateBpm>
                    </Trackpoint>
                    <Trackpoint>
                        <Time>2026-09-02T06:22:08.000+01:00</Time>
                        <HeartRateBpm>
                            <Value>136</Value>
                        </HeartRateBpm>
                    </Trackpoint>
                    <Trackpoint>
                        <Time>2026-09-02T06:22:10.000+01:00</Time>
                        <HeartRateBpm>
                            <Value>137</Value>
                        </HeartRateBpm>
                    </Trackpoint>
                    <Trackpoint>
                        <Time>2026-09-02T06:22:13.000+01:00</Time>
                        <HeartRateBpm>
                            <Value>136</Value>
                        </HeartRateBpm>
                    </Trackpoint>
                    <Trackpoint>
                        <Time>2026-09-02T06:22:15.000+01:00</Time>
                        <HeartRateBpm>
                            <Value>135</Value>
                        </HeartRateBpm>
                    </Trackpoint>
                    <Trackpoint>
                        <Time>2026-09-02T06:22:17.000+01:00</Time>
                        <HeartRateBpm>
                            <Value>136</Value>
                        </HeartRateBpm>
                    </Trackpoint>
                    <Trackpoint>
                        <Time>2026-09-02T06:22:20.000+01:00</Time>
                        <HeartRateBpm>
                            <Value>136</Value>
                        </HeartRateBpm>
                    </Trackpoint>
                    <Trackpoint>
                        <Time>2026-09-02T06:22:21.000+01:00</Time>
                        <HeartRateBpm>
                            <Value>137</Value>
                        </HeartRateBpm>
                    </Trackpoint>
                    <Trackpoint>
                        <Time>2026-09-02T06:22:24.000+01:00</Time>
                        <HeartRateBpm>
                            <Value>137</Value>
                        </HeartRateBpm>
                    </Trackpoint>
                    <Trackpoint>
                        <Time>2026-09-02T06:22:25.000+01:00</Time>
                        <HeartRateBpm>
                            <Value>138</Value>
                        </HeartRateBpm>
                    </Trackpoint>
                    <Trackpoint>
                        <Time>2026-09-02T06:22:28.000+01:00</Time>
                        <HeartRateBpm>
                            <Value>138</Value>
                        </HeartRateBpm>
                    </Trackpoint>
                    <Trackpoint>
                        <Time>2026-09-02T06:22:29.000+01:00</Time>
                        <HeartRateBpm>
                            <Value>138</Value>
                        </HeartRateBpm>
                    </Trackpoint>
                    <Trackpoint>
                        <Time>2026-09-02T06:22:32.000+01:00</Time>
                        <HeartRateBpm>
                            <Value>138</Value>
                        </HeartRateBpm>
                    </Trackpoint>
                    <Trackpoint>
                        <Time>2026-09-02T06:22:33.000+01:00</Time>
                        <HeartRateBpm>
                            <Value>137</Value>
                        </HeartRateBpm>
                    </Trackpoint>
                    <Trackpoint>
                        <Time>2026-09-02T06:22:36.000+01:00</Time>
                        <HeartRateBpm>
                            <Value>137</Value>
                        </HeartRateBpm>
                    </Trackpoint>
                    <Trackpoint>
                        <Time>2026-09-02T06:22:38.000+01:00</Time>
                        <HeartRateBpm>
                            <Value>136</Value>
                        </HeartRateBpm>
                    </Trackpoint>
                    <Trackpoint>
                        <Time>2026-09-02T06:22:40.000+01:00</Time>
                        <HeartRateBpm>
                            <Value>137</Value>
                        </HeartRateBpm>
                    </Trackpoint>
                    <Trackpoint>
                        <Time>2026-09-02T06:22:43.000+01:00</Time>
                        <HeartRateBpm>
                            <Value>137</Value>
                        </HeartRateBpm>
                    </Trackpoint>
                    <Trackpoint>
                        <Time>2026-09-02T06:22:44.000+01:00</Time>
                        <HeartRateBpm>
                            <Value>136</Value>
                        </HeartRateBpm>
                    </Trackpoint>
                    <Trackpoint>
                        <Time>2026-09-02T06:22:47.000+01:00</Time>
                        <HeartRateBpm>
                            <Value>136</Value>
                        </HeartRateBpm>
                    </Trackpoint>
                    <Trackpoint>
                        <Time>2026-09-02T06:22:50.000+01:00</Time>
                        <HeartRateBpm>
                            <Value>136</Value>
                        </HeartRateBpm>
                    </Trackpoint>
                    <Trackpoint>
                        <Time>2026-09-02T06:22:53.000+01:00</Time>
                        <HeartRateBpm>
                            <Value>136</Value>
                        </HeartRateBpm>
                    </Trackpoint>
                    <Trackpoint>
                        <Time>2026-09-02T06:22:56.000+01:00</Time>
                        <HeartRateBpm>
                            <Value>136</Value>
                        </HeartRateBpm>
                    </Trackpoint>
                    <Trackpoint>
                        <Time>2026-09-02T06:22:59.000+01:00</Time>
                        <HeartRateBpm>
                            <Value>136</Value>
                        </HeartRateBpm>
                    </Trackpoint>
                    <Trackpoint>
                        <Time>2026-09-02T06:23:00.000+01:00</Time>
                        <HeartRateBpm>
                            <Value>137</Value>
                        </HeartRateBpm>
                    </Trackpoint>
                    <Trackpoint>
                        <Time>2026-09-02T06:23:03.000+01:00</Time>
                        <HeartRateBpm>
                            <Value>138</Value>
                        </HeartRateBpm>
                    </Trackpoint>
                    <Trackpoint>
                        <Time>2026-09-02T06:23:05.000+01:00</Time>
                        <HeartRateBpm>
                            <Value>139</Value>
                        </HeartRateBpm>
                    </Trackpoint>
                    <Trackpoint>
                        <Time>2026-09-02T06:23:07.000+01:00</Time>
                        <HeartRateBpm>
                            <Value>140</Value>
                        </HeartRateBpm>
                    </Trackpoint>
                    <Trackpoint>
                        <Time>2026-09-02T06:23:09.000+01:00</Time>
                        <HeartRateBpm>
                            <Value>142</Value>
                        </HeartRateBpm>
                    </Trackpoint>
                    <Trackpoint>
                        <Time>2026-09-02T06:23:11.000+01:00</Time>
                        <HeartRateBpm>
                            <Value>141</Value>
                        </HeartRateBpm>
                    </Trackpoint>
                    <Trackpoint>
                        <Time>2026-09-02T06:23:13.000+01:00</Time>
                        <HeartRateBpm>
                            <Value>144</Value>
                        </HeartRateBpm>
                    </Trackpoint>
                    <Trackpoint>
                        <Time>2026-09-02T06:23:15.000+01:00</Time>
                        <HeartRateBpm>
                            <Value>145</Value>
                        </HeartRateBpm>
                    </Trackpoint>
                    <Trackpoint>
                        <Time>2026-09-02T06:23:17.000+01:00</Time>
                        <HeartRateBpm>
                            <Value>147</Value>
                        </HeartRateBpm>
                    </Trackpoint>
                    <Trackpoint>
                        <Time>2026-09-02T06:23:20.000+01:00</Time>
                        <HeartRateBpm>
                            <Value>147</Value>
                        </HeartRateBpm>
                    </Trackpoint>
                    <Trackpoint>
                        <Time>2026-09-02T06:23:21.000+01:00</Time>
                        <HeartRateBpm>
                            <Value>148</Value>
                        </HeartRateBpm>
                    </Trackpoint>
                    <Trackpoint>
                        <Time>2026-09-02T06:23:24.000+01:00</Time>
                        <HeartRateBpm>
                            <Value>149</Value>
                        </HeartRateBpm>
                    </Trackpoint>
                    <Trackpoint>
                        <Time>2026-09-02T06:23:26.000+01:00</Time>
                        <HeartRateBpm>
                            <Value>148</Value>
                        </HeartRateBpm>
                    </Trackpoint>
                    <Trackpoint>
                        <Time>2026-09-02T06:23:29.000+01:00</Time>
                        <HeartRateBpm>
                            <Value>148</Value>
                        </HeartRateBpm>
                    </Trackpoint>
                    <Trackpoint>
                        <Time>2026-09-02T06:23:30.000+01:00</Time>
                        <HeartRateBpm>
                            <Value>146</Value>
                        </HeartRateBpm>
                    </Trackpoint>
                    <Trackpoint>
                        <Time>2026-09-02T06:23:32.000+01:00</Time>
                        <HeartRateBpm>
                            <Value>144</Value>
                        </HeartRateBpm>
                    </Trackpoint>
                    <Trackpoint>
                        <Time>2026-09-02T06:23:34.000+01:00</Time>
                        <HeartRateBpm>
                            <Value>145</Value>
                        </HeartRateBpm>
                    </Trackpoint>
                    <Trackpoint>
                        <Time>2026-09-02T06:23:36.000+01:00</Time>
                        <HeartRateBpm>
                            <Value>144</Value>
                        </HeartRateBpm>
                    </Trackpoint>
                    <Trackpoint>
                        <Time>2026-09-02T06:23:39.000+01:00</Time>
                        <HeartRateBpm>
                            <Value>144</Value>
                        </HeartRateBpm>
                    </Trackpoint>
                    <Trackpoint>
                        <Time>2026-09-02T06:23:42.000+01:00</Time>
                        <HeartRateBpm>
                            <Value>144</Value>
                        </HeartRateBpm>
                    </Trackpoint>
                    <Trackpoint>
                        <Time>2026-09-02T06:23:44.000+01:00</Time>
                        <HeartRateBpm>
                            <Value>143</Value>
                        </HeartRateBpm>
                    </Trackpoint>
                    <Trackpoint>
                        <Time>2026-09-02T06:23:47.000+01:00</Time>
                        <HeartRateBpm>
                            <Value>143</Value>
                        </HeartRateBpm>
                    </Trackpoint>
                    <Trackpoint>
                        <Time>2026-09-02T06:23:50.000+01:00</Time>
                        <HeartRateBpm>
                            <Value>143</Value>
                        </HeartRateBpm>
                    </Trackpoint>
                    <Trackpoint>
                        <Time>2026-09-02T06:23:51.000+01:00</Time>
                        <HeartRateBpm>
                            <Value>144</Value>
                        </HeartRateBpm>
                    </Trackpoint>
                    <Trackpoint>
                        <Time>2026-09-02T06:23:53.000+01:00</Time>
                        <HeartRateBpm>
                            <Value>143</Value>
                        </HeartRateBpm>
                    </Trackpoint>
                    <Trackpoint>
                        <Time>2026-09-02T06:23:55.000+01:00</Time>
                        <HeartRateBpm>
                            <Value>144</Value>
                        </HeartRateBpm>
                    </Trackpoint>
                    <Trackpoint>
                        <Time>2026-09-02T06:23:58.000+01:00</Time>
                        <HeartRateBpm>
                            <Value>144</Value>
                        </HeartRateBpm>
                    </Trackpoint>
                    <Trackpoint>
                        <Time>2026-09-02T06:23:59.000+01:00</Time>
                        <HeartRateBpm>
                            <Value>143</Value>
                        </HeartRateBpm>
                    </Trackpoint>
                    <Trackpoint>
                        <Time>2026-09-02T06:24:02.000+01:00</Time>
                        <HeartRateBpm>
                            <Value>143</Value>
                        </HeartRateBpm>
                    </Trackpoint>
                    <Trackpoint>
                        <Time>2026-09-02T06:24:05.000+01:00</Time>
                        <HeartRateBpm>
                            <Value>144</Value>
                        </HeartRateBpm>
                    </Trackpoint>
                    <Trackpoint>
                        <Time>2026-09-02T06:24:08.000+01:00</Time>
                        <HeartRateBpm>
                            <Value>144</Value>
                        </HeartRateBpm>
                    </Trackpoint>
                    <Trackpoint>
                        <Time>2026-09-02T06:24:11.000+01:00</Time>
                        <HeartRateBpm>
                            <Value>144</Value>
                        </HeartRateBpm>
                    </Trackpoint>
                    <Trackpoint>
                        <Time>2026-09-02T06:24:12.000+01:00</Time>
                        <HeartRateBpm>
                            <Value>142</Value>
                        </HeartRateBpm>
                    </Trackpoint>
                    <Trackpoint>
                        <Time>2026-09-02T06:24:14.000+01:00</Time>
                        <HeartRateBpm>
                            <Value>143</Value>
                        </HeartRateBpm>
                    </Trackpoint>
                    <Trackpoint>
                        <Time>2026-09-02T06:24:16.000+01:00</Time>
                        <HeartRateBpm>
                            <Value>141</Value>
                        </HeartRateBpm>
                    </Trackpoint>
                    <Trackpoint>
                        <Time>2026-09-02T06:24:18.000+01:00</Time>
                        <HeartRateBpm>
                            <Value>142</Value>
                        </HeartRateBpm>
                    </Trackpoint>
                    <Trackpoint>
                        <Time>2026-09-02T06:24:21.000+01:00</Time>
                        <HeartRateBpm>
                            <Value>142</Value>
                        </HeartRateBpm>
                    </Trackpoint>
                    <Trackpoint>
                        <Time>2026-09-02T06:24:24.000+01:00</Time>
                        <HeartRateBpm>
                            <Value>141</Value>
                        </HeartRateBpm>
                    </Trackpoint>
                    <Trackpoint>
                        <Time>2026-09-02T06:24:27.000+01:00</Time>
                        <HeartRateBpm>
                            <Value>141</Value>
                        </HeartRateBpm>
                    </Trackpoint>
                    <Trackpoint>
                        <Time>2026-09-02T06:24:28.000+01:00</Time>
                        <HeartRateBpm>
                            <Value>140</Value>
                        </HeartRateBpm>
                    </Trackpoint>
                    <Trackpoint>
                        <Time>2026-09-02T06:24:31.000+01:00</Time>
                        <HeartRateBpm>
                            <Value>140</Value>
                        </HeartRateBpm>
                    </Trackpoint>
                    <Trackpoint>
                        <Time>2026-09-02T06:24:32.000+01:00</Time>
                        <HeartRateBpm>
                            <Value>139</Value>
                        </HeartRateBpm>
                    </Trackpoint>
                    <Trackpoint>
                        <Time>2026-09-02T06:24:35.000+01:00</Time>
                        <HeartRateBpm>
                            <Value>139</Value>
                        </HeartRateBpm>
                    </Trackpoint>
                    <Trackpoint>
                        <Time>2026-09-02T06:24:36.000+01:00</Time>
                        <HeartRateBpm>
                            <Value>138</Value>
                        </HeartRateBpm>
                    </Trackpoint>
                    <Trackpoint>
                        <Time>2026-09-02T06:24:37.000+01:00</Time>
                        <HeartRateBpm>
                            <Value>137</Value>
                        </HeartRateBpm>
                    </Trackpoint>
                    <Trackpoint>
                        <Time>2026-09-02T06:24:39.000+01:00</Time>
                        <HeartRateBpm>
                            <Value>136</Value>
                        </HeartRateBpm>
                    </Trackpoint>
                    <Trackpoint>
                        <Time>2026-09-02T06:24:41.000+01:00</Time>
                        <HeartRateBpm>
                            <Value>135</Value>
                        </HeartRateBpm>
                    </Trackpoint>
                    <Trackpoint>
                        <Time>2026-09-02T06:24:44.000+01:00</Time>
                        <HeartRateBpm>
                            <Value>135</Value>
                        </HeartRateBpm>
                    </Trackpoint>
                    <Trackpoint>
                        <Time>2026-09-02T06:24:45.000+01:00</Time>
                        <HeartRateBpm>
                            <Value>134</Value>
                        </HeartRateBpm>
                    </Trackpoint>
                    <Trackpoint>
                        <Time>2026-09-02T06:24:47.000+01:00</Time>
                        <HeartRateBpm>
                            <Value>133</Value>
                        </HeartRateBpm>
                    </Trackpoint>
                    <Trackpoint>
                        <Time>2026-09-02T06:24:50.000+01:00</Time>
                        <HeartRateBpm>
                            <Value>133</Value>
                        </HeartRateBpm>
                    </Trackpoint>
                    <Trackpoint>
                        <Time>2026-09-02T06:24:53.000+01:00</Time>
                        <HeartRateBpm>
                            <Value>134</Value>
                        </HeartRateBpm>
                    </Trackpoint>
                    <Trackpoint>
                        <Time>2026-09-02T06:24:55.000+01:00</Time>
                        <HeartRateBpm>
                            <Value>133</Value>
                        </HeartRateBpm>
                    </Trackpoint>
                    <Trackpoint>
                        <Time>2026-09-02T06:24:57.000+01:00</Time>
                        <HeartRateBpm>
                            <Value>134</Value>
                        </HeartRateBpm>
                    </Trackpoint>
                    <Trackpoint>
                        <Time>2026-09-02T06:25:00.000+01:00</Time>
                        <HeartRateBpm>
                            <Value>135</Value>
                        </HeartRateBpm>
                    </Trackpoint>
                    <Trackpoint>
                        <Time>2026-09-02T06:25:03.000+01:00</Time>
                        <HeartRateBpm>
                            <Value>135</Value>
                        </HeartRateBpm>
                    </Trackpoint>
                    <Trackpoint>
                        <Time>2026-09-02T06:25:04.000+01:00</Time>
                        <HeartRateBpm>
                            <Value>136</Value>
                        </HeartRateBpm>
                    </Trackpoint>
                    <Trackpoint>
                        <Time>2026-09-02T06:25:06.000+01:00</Time>
                        <HeartRateBpm>
                            <Value>135</Value>
                        </HeartRateBpm>
                    </Trackpoint>
                    <Trackpoint>
                        <Time>2026-09-02T06:25:08.000+01:00</Time>
                        <HeartRateBpm>
                            <Value>136</Value>
                        </HeartRateBpm>
                    </Trackpoint>
                    <Trackpoint>
                        <Time>2026-09-02T06:25:11.000+01:00</Time>
                        <HeartRateBpm>
                            <Value>136</Value>
                        </HeartRateBpm>
                    </Trackpoint>
                    <Trackpoint>
                        <Time>2026-09-02T06:25:12.000+01:00</Time>
                        <HeartRateBpm>
                            <Value>137</Value>
                        </HeartRateBpm>
                    </Trackpoint>
                    <Trackpoint>
                        <Time>2026-09-02T06:25:15.000+01:00</Time>
                        <HeartRateBpm>
                            <Value>137</Value>
                        </HeartRateBpm>
                    </Trackpoint>
                    <Trackpoint>
                        <Time>2026-09-02T06:25:18.000+01:00</Time>
                        <HeartRateBpm>
                            <Value>137</Value>
                        </HeartRateBpm>
                    </Trackpoint>
                    <Trackpoint>
                        <Time>2026-09-02T06:25:21.000+01:00</Time>
                        <HeartRateBpm>
                            <Value>137</Value>
                        </HeartRateBpm>
                    </Trackpoint>
                    <Trackpoint>
                        <Time>2026-09-02T06:25:24.000+01:00</Time>
                        <HeartRateBpm>
                            <Value>137</Value>
                        </HeartRateBpm>
                    </Trackpoint>
                    <Trackpoint>
                        <Time>2026-09-02T06:25:27.000+01:00</Time>
                        <HeartRateBpm>
                            <Value>137</Value>
                        </HeartRateBpm>
                    </Trackpoint>
                    <Trackpoint>
                        <Time>2026-09-02T06:25:29.000+01:00</Time>
                        <HeartRateBpm>
                            <Value>136</Value>
                        </HeartRateBpm>
                    </Trackpoint>
                    <Trackpoint>
                        <Time>2026-09-02T06:25:32.000+01:00</Time>
                        <HeartRateBpm>
                            <Value>136</Value>
                        </HeartRateBpm>
                    </Trackpoint>
                    <Trackpoint>
                        <Time>2026-09-02T06:25:33.000+01:00</Time>
                        <HeartRateBpm>
                            <Value>137</Value>
                        </HeartRateBpm>
                    </Trackpoint>
                    <Trackpoint>
                        <Time>2026-09-02T06:25:35.000+01:00</Time>
                        <HeartRateBpm>
                            <Value>136</Value>
                        </HeartRateBpm>
                    </Trackpoint>
                    <Trackpoint>
                        <Time>2026-09-02T06:25:37.000+01:00</Time>
                        <HeartRateBpm>
                            <Value>137</Value>
                        </HeartRateBpm>
                    </Trackpoint>
                    <Trackpoint>
                        <Time>2026-09-02T06:25:40.000+01:00</Time>
                        <HeartRateBpm>
                            <Value>137</Value>
                        </HeartRateBpm>
                    </Trackpoint>
                    <Trackpoint>
                        <Time>2026-09-02T06:25:43.000+01:00</Time>
                        <HeartRateBpm>
                            <Value>138</Value>
                        </HeartRateBpm>
                    </Trackpoint>
                    <Trackpoint>
                        <Time>2026-09-02T06:25:46.000+01:00</Time>
                        <HeartRateBpm>
                            <Value>138</Value>
                        </HeartRateBpm>
                    </Trackpoint>
                    <Trackpoint>
                        <Time>2026-09-02T06:25:49.000+01:00</Time>
                        <HeartRateBpm>
                            <Value>139</Value>
                        </HeartRateBpm>
                    </Trackpoint>
                    <Trackpoint>
                        <Time>2026-09-02T06:25:52.000+01:00</Time>
                        <HeartRateBpm>
                            <Value>139</Value>
                        </HeartRateBpm>
                    </Trackpoint>
                    <Trackpoint>
                        <Time>2026-09-02T06:25:55.000+01:00</Time>
                        <HeartRateBpm>
                            <Value>139</Value>
                        </HeartRateBpm>
                    </Trackpoint>
                    <Trackpoint>
                        <Time>2026-09-02T06:25:58.000+01:00</Time>
                        <HeartRateBpm>
                            <Value>140</Value>
                        </HeartRateBpm>
                    </Trackpoint>
                    <Trackpoint>
                        <Time>2026-09-02T06:26:01.000+01:00</Time>
                        <HeartRateBpm>
                            <Value>140</Value>
                        </HeartRateBpm>
                    </Trackpoint>
                    <Trackpoint>
                        <Time>2026-09-02T06:26:02.000+01:00</Time>
                        <HeartRateBpm>
                            <Value>141</Value>
                        </HeartRateBpm>
                    </Trackpoint>
                    <Trackpoint>
                        <Time>2026-09-02T06:26:04.000+01:00</Time>
                        <HeartRateBpm>
                            <Value>140</Value>
                        </HeartRateBpm>
                    </Trackpoint>
                    <Trackpoint>
                        <Time>2026-09-02T06:26:06.000+01:00</Time>
                        <HeartRateBpm>
                            <Value>141</Value>
                        </HeartRateBpm>
                    </Trackpoint>
                    <Trackpoint>
                        <Time>2026-09-02T06:26:08.000+01:00</Time>
                        <HeartRateBpm>
                            <Value>140</Value>
                        </HeartRateBpm>
                    </Trackpoint>
                    <Trackpoint>
                        <Time>2026-09-02T06:26:10.000+01:00</Time>
                        <HeartRateBpm>
                            <Value>141</Value>
                        </HeartRateBpm>
                    </Trackpoint>
                    <Trackpoint>
                        <Time>2026-09-02T06:26:12.000+01:00</Time>
                        <HeartRateBpm>
                            <Value>139</Value>
                        </HeartRateBpm>
                    </Trackpoint>
                    <Trackpoint>
                        <Time>2026-09-02T06:26:13.000+01:00</Time>
                        <HeartRateBpm>
                            <Value>140</Value>
                        </HeartRateBpm>
                    </Trackpoint>
                    <Trackpoint>
                        <Time>2026-09-02T06:26:15.000+01:00</Time>
                        <HeartRateBpm>
                            <Value>139</Value>
                        </HeartRateBpm>
                    </Trackpoint>
                    <Trackpoint>
                        <Time>2026-09-02T06:26:17.000+01:00</Time>
                        <HeartRateBpm>
                            <Value>140</Value>
                        </HeartRateBpm>
                    </Trackpoint>
                    <Trackpoint>
                        <Time>2026-09-02T06:26:20.000+01:00</Time>
                        <HeartRateBpm>
                            <Value>140</Value>
                        </HeartRateBpm>
                    </Trackpoint>
                    <Trackpoint>
                        <Time>2026-09-02T06:26:23.000+01:00</Time>
                        <HeartRateBpm>
                            <Value>139</Value>
                        </HeartRateBpm>
                    </Trackpoint>
                    <Trackpoint>
                        <Time>2026-09-02T06:26:26.000+01:00</Time>
                        <HeartRateBpm>
                            <Value>139</Value>
                        </HeartRateBpm>
                    </Trackpoint>
                    <Trackpoint>
                        <Time>2026-09-02T06:26:29.000+01:00</Time>
                        <HeartRateBpm>
                            <Value>139</Value>
                        </HeartRateBpm>
                    </Trackpoint>
                    <Trackpoint>
                        <Time>2026-09-02T06:26:31.000+01:00</Time>
                        <HeartRateBpm>
                            <Value>138</Value>
                        </HeartRateBpm>
                    </Trackpoint>
                    <Trackpoint>
                        <Time>2026-09-02T06:26:34.000+01:00</Time>
                        <HeartRateBpm>
                            <Value>138</Value>
                        </HeartRateBpm>
                    </Trackpoint>
                    <Trackpoint>
                        <Time>2026-09-02T06:26:35.000+01:00</Time>
                        <HeartRateBpm>
                            <Value>137</Value>
                        </HeartRateBpm>
                    </Trackpoint>
                    <Trackpoint>
                        <Time>2026-09-02T06:26:36.000+01:00</Time>
                        <HeartRateBpm>
                            <Value>137</Value>
                        </HeartRateBpm>
                    </Trackpoint>
                    <Trackpoint>
                        <Time>2026-09-02T06:26:38.000+01:00</Time>
                        <HeartRateBpm>
                            <Value>136</Value>
                        </HeartRateBpm>
                    </Trackpoint>
                    <Trackpoint>
                        <Time>2026-09-02T06:26:41.000+01:00</Time>
                        <HeartRateBpm>
                            <Value>136</Value>
                        </HeartRateBpm>
                    </Trackpoint>
                    <Trackpoint>
                        <Time>2026-09-02T06:26:44.000+01:00</Time>
                        <HeartRateBpm>
                            <Value>136</Value>
                        </HeartRateBpm>
                    </Trackpoint>
                    <Trackpoint>
                        <Time>2026-09-02T06:26:47.000+01:00</Time>
                        <HeartRateBpm>
                            <Value>136</Value>
                        </HeartRateBpm>
                    </Trackpoint>
                    <Trackpoint>
                        <Time>2026-09-02T06:26:48.000+01:00</Time>
                        <HeartRateBpm>
                            <Value>135</Value>
                        </HeartRateBpm>
                    </Trackpoint>
                    <Trackpoint>
                        <Time>2026-09-02T06:26:50.000+01:00</Time>
                        <HeartRateBpm>
                            <Value>136</Value>
                        </HeartRateBpm>
                    </Trackpoint>
                    <Trackpoint>
                        <Time>2026-09-02T06:26:53.000+01:00</Time>
                        <HeartRateBpm>
                            <Value>136</Value>
                        </HeartRateBpm>
                    </Trackpoint>
                    <Trackpoint>
                        <Time>2026-09-02T06:26:54.000+01:00</Time>
                        <HeartRateBpm>
                            <Value>137</Value>
                        </HeartRateBpm>
                    </Trackpoint>
                    <Trackpoint>
                        <Time>2026-09-02T06:26:56.000+01:00</Time>
                        <HeartRateBpm>
                            <Value>138</Value>
                        </HeartRateBpm>
                    </Trackpoint>
                    <Trackpoint>
                        <Time>2026-09-02T06:26:58.000+01:00</Time>
                        <HeartRateBpm>
                            <Value>139</Value>
                        </HeartRateBpm>
                    </Trackpoint>
                    <Trackpoint>
                        <Time>2026-09-02T06:27:01.000+01:00</Time>
                        <HeartRateBpm>
                            <Value>139</Value>
                        </HeartRateBpm>
                    </Trackpoint>
                    <Trackpoint>
                        <Time>2026-09-02T06:27:04.000+01:00</Time>
                        <HeartRateBpm>
                            <Value>139</Value>
                        </HeartRateBpm>
                    </Trackpoint>
                    <Trackpoint>
                        <Time>2026-09-02T06:27:06.000+01:00</Time>
                        <HeartRateBpm>
                            <Value>140</Value>
                        </HeartRateBpm>
                    </Trackpoint>
                    <Trackpoint>
                        <Time>2026-09-02T06:27:09.000+01:00</Time>
                        <HeartRateBpm>
                            <Value>140</Value>
                        </HeartRateBpm>
                    </Trackpoint>
                    <Trackpoint>
                        <Time>2026-09-02T06:27:10.000+01:00</Time>
                        <HeartRateBpm>
                            <Value>141</Value>
                        </HeartRateBpm>
                    </Trackpoint>
                    <Trackpoint>
                        <Time>2026-09-02T06:27:13.000+01:00</Time>
                        <HeartRateBpm>
                            <Value>141</Value>
                        </HeartRateBpm>
                    </Trackpoint>
                    <Trackpoint>
                        <Time>2026-09-02T06:27:14.000+01:00</Time>
                        <HeartRateBpm>
                            <Value>142</Value>
                        </HeartRateBpm>
                    </Trackpoint>
                    <Trackpoint>
                        <Time>2026-09-02T06:27:16.000+01:00</Time>
                        <HeartRateBpm>
                            <Value>143</Value>
                        </HeartRateBpm>
                    </Trackpoint>
                    <Trackpoint>
                        <Time>2026-09-02T06:27:19.000+01:00</Time>
                        <HeartRateBpm>
                            <Value>143</Value>
                        </HeartRateBpm>
                    </Trackpoint>
                    <Trackpoint>
                        <Time>2026-09-02T06:27:22.000+01:00</Time>
                        <HeartRateBpm>
                            <Value>143</Value>
                        </HeartRateBpm>
                    </Trackpoint>
                    <Trackpoint>
                        <Time>2026-09-02T06:27:23.000+01:00</Time>
                        <HeartRateBpm>
                            <Value>142</Value>
                        </HeartRateBpm>
                    </Trackpoint>
                    <Trackpoint>
                        <Time>2026-09-02T06:27:26.000+01:00</Time>
                        <HeartRateBpm>
                            <Value>142</Value>
                        </HeartRateBpm>
                    </Trackpoint>
                    <Trackpoint>
                        <Time>2026-09-02T06:27:27.000+01:00</Time>
                        <HeartRateBpm>
                            <Value>141</Value>
                        </HeartRateBpm>
                    </Trackpoint>
                    <Trackpoint>
                        <Time>2026-09-02T06:27:30.000+01:00</Time>
                        <HeartRateBpm>
                            <Value>141</Value>
                        </HeartRateBpm>
                    </Trackpoint>
                    <Trackpoint>
                        <Time>2026-09-02T06:27:33.000+01:00</Time>
                        <HeartRateBpm>
                            <Value>141</Value>
                        </HeartRateBpm>
                    </Trackpoint>
                    <Trackpoint>
                        <Time>2026-09-02T06:27:35.000+01:00</Time>
                        <HeartRateBpm>
                            <Value>140</Value>
                        </HeartRateBpm>
                    </Trackpoint>
                    <Trackpoint>
                        <Time>2026-09-02T06:27:36.000+01:00</Time>
                        <HeartRateBpm>
                            <Value>140</Value>
                        </HeartRateBpm>
                    </Trackpoint>
                    <Trackpoint>
                        <Time>2026-09-02T06:27:39.000+01:00</Time>
                        <HeartRateBpm>
                            <Value>140</Value>
                        </HeartRateBpm>
                    </Trackpoint>
                    <Trackpoint>
                        <Time>2026-09-02T06:27:41.000+01:00</Time>
                        <HeartRateBpm>
                            <Value>139</Value>
                        </HeartRateBpm>
                    </Trackpoint>
                    <Trackpoint>
                        <Time>2026-09-02T06:27:44.000+01:00</Time>
                        <HeartRateBpm>
                            <Value>139</Value>
                        </HeartRateBpm>
                    </Trackpoint>
                    <Trackpoint>
                        <Time>2026-09-02T06:27:47.000+01:00</Time>
                        <HeartRateBpm>
                            <Value>139</Value>
                        </HeartRateBpm>
                    </Trackpoint>
                    <Trackpoint>
                        <Time>2026-09-02T06:27:50.000+01:00</Time>
                        <HeartRateBpm>
                            <Value>139</Value>
                        </HeartRateBpm>
                    </Trackpoint>
                    <Trackpoint>
                        <Time>2026-09-02T06:27:52.000+01:00</Time>
                        <HeartRateBpm>
                            <Value>140</Value>
                        </HeartRateBpm>
                    </Trackpoint>
                    <Trackpoint>
                        <Time>2026-09-02T06:27:55.000+01:00</Time>
                        <HeartRateBpm>
                            <Value>140</Value>
                        </HeartRateBpm>
                    </Trackpoint>
                    <Trackpoint>
                        <Time>2026-09-02T06:27:58.000+01:00</Time>
                        <HeartRateBpm>
                            <Value>140</Value>
                        </HeartRateBpm>
                    </Trackpoint>
                    <Trackpoint>
                        <Time>2026-09-02T06:28:01.000+01:00</Time>
                        <HeartRateBpm>
                            <Value>140</Value>
                        </HeartRateBpm>
                    </Trackpoint>
                    <Trackpoint>
                        <Time>2026-09-02T06:28:03.000+01:00</Time>
                        <HeartRateBpm>
                            <Value>139</Value>
                        </HeartRateBpm>
                    </Trackpoint>
                    <Trackpoint>
                        <Time>2026-09-02T06:28:05.000+01:00</Time>
                        <HeartRateBpm>
                            <Value>140</Value>
                        </HeartRateBpm>
                    </Trackpoint>
                    <Trackpoint>
                        <Time>2026-09-02T06:28:08.000+01:00</Time>
                        <HeartRateBpm>
                            <Value>140</Value>
                        </HeartRateBpm>
                    </Trackpoint>
                    <Trackpoint>
                        <Time>2026-09-02T06:28:11.000+01:00</Time>
                        <HeartRateBpm>
                            <Value>140</Value>
                        </HeartRateBpm>
                    </Trackpoint>
                    <Trackpoint>
                        <Time>2026-09-02T06:28:13.000+01:00</Time>
                        <HeartRateBpm>
                            <Value>141</Value>
                        </HeartRateBpm>
                    </Trackpoint>
                    <Trackpoint>
                        <Time>2026-09-02T06:28:15.000+01:00</Time>
                        <HeartRateBpm>
                            <Value>140</Value>
                        </HeartRateBpm>
                    </Trackpoint>
                    <Trackpoint>
                        <Time>2026-09-02T06:28:18.000+01:00</Time>
                        <HeartRateBpm>
                            <Value>140</Value>
                        </HeartRateBpm>
                    </Trackpoint>
                    <Trackpoint>
                        <Time>2026-09-02T06:28:21.000+01:00</Time>
                        <HeartRateBpm>
                            <Value>139</Value>
                        </HeartRateBpm>
                    </Trackpoint>
                    <Trackpoint>
                        <Time>2026-09-02T06:28:24.000+01:00</Time>
                        <HeartRateBpm>
                            <Value>139</Value>
                        </HeartRateBpm>
                    </Trackpoint>
                    <Trackpoint>
                        <Time>2026-09-02T06:28:25.000+01:00</Time>
                        <HeartRateBpm>
                            <Value>142</Value>
                        </HeartRateBpm>
                    </Trackpoint>
                    <Trackpoint>
                        <Time>2026-09-02T06:28:28.000+01:00</Time>
                        <HeartRateBpm>
                            <Value>143</Value>
                        </HeartRateBpm>
                    </Trackpoint>
                    <Trackpoint>
                        <Time>2026-09-02T06:28:30.000+01:00</Time>
                        <HeartRateBpm>
                            <Value>142</Value>
                        </HeartRateBpm>
                    </Trackpoint>
                    <Trackpoint>
                        <Time>2026-09-02T06:28:32.000+01:00</Time>
                        <HeartRateBpm>
                            <Value>143</Value>
                        </HeartRateBpm>
                    </Trackpoint>
                    <Trackpoint>
                        <Time>2026-09-02T06:28:35.000+01:00</Time>
                        <HeartRateBpm>
                            <Value>143</Value>
                        </HeartRateBpm>
                    </Trackpoint>
                    <Trackpoint>
                        <Time>2026-09-02T06:28:36.000+01:00</Time>
                        <HeartRateBpm>
                            <Value>144</Value>
                        </HeartRateBpm>
                    </Trackpoint>
                    <Trackpoint>
                        <Time>2026-09-02T06:28:39.000+01:00</Time>
                        <HeartRateBpm>
                            <Value>144</Value>
                        </HeartRateBpm>
                    </Trackpoint>
                    <Trackpoint>
                        <Time>2026-09-02T06:28:40.000+01:00</Time>
                        <HeartRateBpm>
                            <Value>143</Value>
                        </HeartRateBpm>
                    </Trackpoint>
                    <Trackpoint>
                        <Time>2026-09-02T06:28:41.000+01:00</Time>
                        <HeartRateBpm>
                            <Value>143</Value>
                        </HeartRateBpm>
                    </Trackpoint>
                    <Trackpoint>
                        <Time>2026-09-02T06:28:42.000+01:00</Time>
                        <HeartRateBpm>
                            <Value>144</Value>
                        </HeartRateBpm>
                    </Trackpoint>
                    <Trackpoint>
                        <Time>2026-09-02T06:28:44.000+01:00</Time>
                        <HeartRateBpm>
                            <Value>143</Value>
                        </HeartRateBpm>
                    </Trackpoint>
                    <Trackpoint>
                        <Time>2026-09-02T06:28:47.000+01:00</Time>
                        <HeartRateBpm>
                            <Value>143</Value>
                        </HeartRateBpm>
                    </Trackpoint>
                    <Trackpoint>
                        <Time>2026-09-02T06:28:50.000+01:00</Time>
                        <HeartRateBpm>
                            <Value>143</Value>
                        </HeartRateBpm>
                    </Trackpoint>
                    <Trackpoint>
                        <Time>2026-09-02T06:28:53.000+01:00</Time>
                        <HeartRateBpm>
                            <Value>144</Value>
                        </HeartRateBpm>
                    </Trackpoint>
                    <Trackpoint>
                        <Time>2026-09-02T06:28:55.000+01:00</Time>
                        <HeartRateBpm>
                            <Value>143</Value>
                        </HeartRateBpm>
                    </Trackpoint>
                    <Trackpoint>
                        <Time>2026-09-02T06:28:58.000+01:00</Time>
                        <HeartRateBpm>
                            <Value>143</Value>
                        </HeartRateBpm>
                    </Trackpoint>
                    <Trackpoint>
                        <Time>2026-09-02T06:28:59.000+01:00</Time>
                        <HeartRateBpm>
                            <Value>144</Value>
                        </HeartRateBpm>
                    </Trackpoint>
                    <Trackpoint>
                        <Time>2026-09-02T06:29:02.000+01:00</Time>
                        <HeartRateBpm>
                            <Value>144</Value>
                        </HeartRateBpm>
                    </Trackpoint>
                    <Trackpoint>
                        <Time>2026-09-02T06:29:05.000+01:00</Time>
                        <HeartRateBpm>
                            <Value>143</Value>
                        </HeartRateBpm>
                    </Trackpoint>
                    <Trackpoint>
                        <Time>2026-09-02T06:29:08.000+01:00</Time>
                        <HeartRateBpm>
                            <Value>143</Value>
                        </HeartRateBpm>
                    </Trackpoint>
                    <Trackpoint>
                        <Time>2026-09-02T06:29:11.000+01:00</Time>
                        <HeartRateBpm>
                            <Value>142</Value>
                        </HeartRateBpm>
                    </Trackpoint>
                    <Trackpoint>
                        <Time>2026-09-02T06:29:13.000+01:00</Time>
                        <HeartRateBpm>
                            <Value>143</Value>
                        </HeartRateBpm>
                    </Trackpoint>
                    <Trackpoint>
                        <Time>2026-09-02T06:29:15.000+01:00</Time>
                        <HeartRateBpm>
                            <Value>142</Value>
                        </HeartRateBpm>
                    </Trackpoint>
                    <Trackpoint>
                        <Time>2026-09-02T06:29:18.000+01:00</Time>
                        <HeartRateBpm>
                            <Value>140</Value>
                        </HeartRateBpm>
                    </Trackpoint>
                    <Trackpoint>
                        <Time>2026-09-02T06:29:21.000+01:00</Time>
                        <HeartRateBpm>
                            <Value>140</Value>
                        </HeartRateBpm>
                    </Trackpoint>
                    <Trackpoint>
                        <Time>2026-09-02T06:29:24.000+01:00</Time>
                        <HeartRateBpm>
                            <Value>140</Value>
                        </HeartRateBpm>
                    </Trackpoint>
                    <Trackpoint>
                        <Time>2026-09-02T06:29:26.000+01:00</Time>
                        <HeartRateBpm>
                            <Value>139</Value>
                        </HeartRateBpm>
                    </Trackpoint>
                    <Trackpoint>
                        <Time>2026-09-02T06:29:29.000+01:00</Time>
                        <HeartRateBpm>
                            <Value>139</Value>
                        </HeartRateBpm>
                    </Trackpoint>
                    <Trackpoint>
                        <Time>2026-09-02T06:29:32.000+01:00</Time>
                        <HeartRateBpm>
                            <Value>139</Value>
                        </HeartRateBpm>
                    </Trackpoint>
                    <Trackpoint>
                        <Time>2026-09-02T06:29:34.000+01:00</Time>
                        <HeartRateBpm>
                            <Value>140</Value>
                        </HeartRateBpm>
                    </Trackpoint>
                    <Trackpoint>
                        <Time>2026-09-02T06:29:37.000+01:00</Time>
                        <HeartRateBpm>
                            <Value>140</Value>
                        </HeartRateBpm>
                    </Trackpoint>
                    <Trackpoint>
                        <Time>2026-09-02T06:29:38.000+01:00</Time>
                        <HeartRateBpm>
                            <Value>139</Value>
                        </HeartRateBpm>
                    </Trackpoint>
                    <Trackpoint>
                        <Time>2026-09-02T06:29:41.000+01:00</Time>
                        <HeartRateBpm>
                            <Value>139</Value>
                        </HeartRateBpm>
                    </Trackpoint>
                    <Trackpoint>
                        <Time>2026-09-02T06:29:43.000+01:00</Time>
                        <HeartRateBpm>
                            <Value>138</Value>
                        </HeartRateBpm>
                    </Trackpoint>
                    <Trackpoint>
                        <Time>2026-09-02T06:29:46.000+01:00</Time>
                        <HeartRateBpm>
                            <Value>138</Value>
                        </HeartRateBpm>
                    </Trackpoint>
                    <Trackpoint>
                        <Time>2026-09-02T06:29:47.000+01:00</Time>
                        <HeartRateBpm>
                            <Value>137</Value>
                        </HeartRateBpm>
                    </Trackpoint>
                    <Trackpoint>
                        <Time>2026-09-02T06:29:50.000+01:00</Time>
                        <HeartRateBpm>
                            <Value>137</Value>
                        </HeartRateBpm>
                    </Trackpoint>
                    <Trackpoint>
                        <Time>2026-09-02T06:29:53.000+01:00</Time>
                        <HeartRateBpm>
                            <Value>138</Value>
                        </HeartRateBpm>
                    </Trackpoint>
                    <Trackpoint>
                        <Time>2026-09-02T06:29:56.000+01:00</Time>
                        <HeartRateBpm>
                            <Value>138</Value>
                        </HeartRateBpm>
                    </Trackpoint>
                    <Trackpoint>
                        <Time>2026-09-02T06:29:57.000+01:00</Time>
                        <HeartRateBpm>
                            <Value>137</Value>
                        </HeartRateBpm>
                    </Trackpoint>
                    <Trackpoint>
                        <Time>2026-09-02T06:29:59.000+01:00</Time>
                        <HeartRateBpm>
                            <Value>138</Value>
                        </HeartRateBpm>
                    </Trackpoint>
                    <Trackpoint>
                        <Time>2026-09-02T06:30:01.000+01:00</Time>
                        <HeartRateBpm>
                            <Value>137</Value>
                        </HeartRateBpm>
                    </Trackpoint>
                    <Trackpoint>
                        <Time>2026-09-02T06:30:04.000+01:00</Time>
                        <HeartRateBpm>
                            <Value>137</Value>
                        </HeartRateBpm>
                    </Trackpoint>
                    <Trackpoint>
                        <Time>2026-09-02T06:30:07.000+01:00</Time>
                        <HeartRateBpm>
                            <Value>137</Value>
                        </HeartRateBpm>
                    </Trackpoint>
                    <Trackpoint>
                        <Time>2026-09-02T06:30:10.000+01:00</Time>
                        <HeartRateBpm>
                            <Value>137</Value>
                        </HeartRateBpm>
                    </Trackpoint>
                    <Trackpoint>
                        <Time>2026-09-02T06:30:13.000+01:00</Time>
                        <HeartRateBpm>
                            <Value>137</Value>
                        </HeartRateBpm>
                    </Trackpoint>
                    <Trackpoint>
                        <Time>2026-09-02T06:30:16.000+01:00</Time>
                        <HeartRateBpm>
                            <Value>138</Value>
                        </HeartRateBpm>
                    </Trackpoint>
                    <Trackpoint>
                        <Time>2026-09-02T06:30:19.000+01:00</Time>
                        <HeartRateBpm>
                            <Value>138</Value>
                        </HeartRateBpm>
                    </Trackpoint>
                    <Trackpoint>
                        <Time>2026-09-02T06:30:20.000+01:00</Time>
                        <HeartRateBpm>
                            <Value>137</Value>
                        </HeartRateBpm>
                    </Trackpoint>
                    <Trackpoint>
                        <Time>2026-09-02T06:30:22.000+01:00</Time>
                        <HeartRateBpm>
                            <Value>138</Value>
                        </HeartRateBpm>
                    </Trackpoint>
                    <Trackpoint>
                        <Time>2026-09-02T06:30:24.000+01:00</Time>
                        <HeartRateBpm>
                            <Value>139</Value>
                        </HeartRateBpm>
                    </Trackpoint>
                    <Trackpoint>
                        <Time>2026-09-02T06:30:27.000+01:00</Time>
                        <HeartRateBpm>
                            <Value>139</Value>
                        </HeartRateBpm>
                    </Trackpoint>
                    <Trackpoint>
                        <Time>2026-09-02T06:30:29.000+01:00</Time>
                        <HeartRateBpm>
                            <Value>140</Value>
                        </HeartRateBpm>
                    </Trackpoint>
                    <Trackpoint>
                        <Time>2026-09-02T06:30:32.000+01:00</Time>
                        <HeartRateBpm>
                            <Value>140</Value>
                        </HeartRateBpm>
                    </Trackpoint>
                    <Trackpoint>
                        <Time>2026-09-02T06:30:33.000+01:00</Time>
                        <HeartRateBpm>
                            <Value>141</Value>
                        </HeartRateBpm>
                    </Trackpoint>
                    <Trackpoint>
                        <Time>2026-09-02T06:30:36.000+01:00</Time>
                        <HeartRateBpm>
                            <Value>141</Value>
                        </HeartRateBpm>
                    </Trackpoint>
                    <Trackpoint>
                        <Time>2026-09-02T06:30:37.000+01:00</Time>
                        <HeartRateBpm>
                            <Value>140</Value>
                        </HeartRateBpm>
                    </Trackpoint>
                    <Trackpoint>
                        <Time>2026-09-02T06:30:40.000+01:00</Time>
                        <HeartRateBpm>
                            <Value>140</Value>
                        </HeartRateBpm>
                    </Trackpoint>
                    <Trackpoint>
                        <Time>2026-09-02T06:30:43.000+01:00</Time>
                        <HeartRateBpm>
                            <Value>140</Value>
                        </HeartRateBpm>
                    </Trackpoint>
                    <Trackpoint>
                        <Time>2026-09-02T06:30:46.000+01:00</Time>
                        <HeartRateBpm>
                            <Value>140</Value>
                        </HeartRateBpm>
                    </Trackpoint>
                    <Trackpoint>
                        <Time>2026-09-02T06:30:47.000+01:00</Time>
                        <HeartRateBpm>
                            <Value>139</Value>
                        </HeartRateBpm>
                    </Trackpoint>
                    <Trackpoint>
                        <Time>2026-09-02T06:30:50.000+01:00</Time>
                        <HeartRateBpm>
                            <Value>139</Value>
                        </HeartRateBpm>
                    </Trackpoint>
                    <Trackpoint>
                        <Time>2026-09-02T06:30:51.000+01:00</Time>
                        <HeartRateBpm>
                            <Value>139</Value>
                        </HeartRateBpm>
                    </Trackpoint>
                    <Trackpoint>
                        <Time>2026-09-02T06:30:52.000+01:00</Time>
                        <HeartRateBpm>
                            <Value>138</Value>
                        </HeartRateBpm>
                    </Trackpoint>
                    <Trackpoint>
                        <Time>2026-09-02T06:30:55.000+01:00</Time>
                        <HeartRateBpm>
                            <Value>138</Value>
                        </HeartRateBpm>
                    </Trackpoint>
                    <Trackpoint>
                        <Time>2026-09-02T06:30:56.000+01:00</Time>
                        <HeartRateBpm>
                            <Value>139</Value>
                        </HeartRateBpm>
                    </Trackpoint>
                    <Trackpoint>
                        <Time>2026-09-02T06:30:58.000+01:00</Time>
                        <HeartRateBpm>
                            <Value>141</Value>
                        </HeartRateBpm>
                    </Trackpoint>
                    <Trackpoint>
                        <Time>2026-09-02T06:31:00.000+01:00</Time>
                        <HeartRateBpm>
                            <Value>140</Value>
                        </HeartRateBpm>
                    </Trackpoint>
                    <Trackpoint>
                        <Time>2026-09-02T06:31:02.000+01:00</Time>
                        <HeartRateBpm>
                            <Value>141</Value>
                        </HeartRateBpm>
                    </Trackpoint>
                    <Trackpoint>
                        <Time>2026-09-02T06:31:05.000+01:00</Time>
                        <HeartRateBpm>
                            <Value>141</Value>
                        </HeartRateBpm>
                    </Trackpoint>
                    <Trackpoint>
                        <Time>2026-09-02T06:31:08.000+01:00</Time>
                        <HeartRateBpm>
                            <Value>141</Value>
                        </HeartRateBpm>
                    </Trackpoint>
                    <Trackpoint>
                        <Time>2026-09-02T06:31:11.000+01:00</Time>
                        <HeartRateBpm>
                            <Value>141</Value>
                        </HeartRateBpm>
                    </Trackpoint>
                    <Trackpoint>
                        <Time>2026-09-02T06:31:14.000+01:00</Time>
                        <HeartRateBpm>
                            <Value>140</Value>
                        </HeartRateBpm>
                    </Trackpoint>
                    <Trackpoint>
                        <Time>2026-09-02T06:31:17.000+01:00</Time>
                        <HeartRateBpm>
                            <Value>140</Value>
                        </HeartRateBpm>
                    </Trackpoint>
                    <Trackpoint>
                        <Time>2026-09-02T06:31:20.000+01:00</Time>
                        <HeartRateBpm>
                            <Value>140</Value>
                        </HeartRateBpm>
                    </Trackpoint>
                    <Trackpoint>
                        <Time>2026-09-02T06:31:21.000+01:00</Time>
                        <HeartRateBpm>
                            <Value>139</Value>
                        </HeartRateBpm>
                    </Trackpoint>
                    <Trackpoint>
                        <Time>2026-09-02T06:31:24.000+01:00</Time>
                        <HeartRateBpm>
                            <Value>139</Value>
                        </HeartRateBpm>
                    </Trackpoint>
                    <Trackpoint>
                        <Time>2026-09-02T06:31:25.000+01:00</Time>
                        <HeartRateBpm>
                            <Value>137</Value>
                        </HeartRateBpm>
                    </Trackpoint>
                    <Trackpoint>
                        <Time>2026-09-02T06:31:28.000+01:00</Time>
                        <HeartRateBpm>
                            <Value>137</Value>
                        </HeartRateBpm>
                    </Trackpoint>
                    <Trackpoint>
                        <Time>2026-09-02T06:31:31.000+01:00</Time>
                        <HeartRateBpm>
                            <Value>138</Value>
                        </HeartRateBpm>
                    </Trackpoint>
                    <Trackpoint>
                        <Time>2026-09-02T06:31:34.000+01:00</Time>
                        <HeartRateBpm>
                            <Value>138</Value>
                        </HeartRateBpm>
                    </Trackpoint>
                    <Trackpoint>
                        <Time>2026-09-02T06:31:37.000+01:00</Time>
                        <HeartRateBpm>
                            <Value>140</Value>
                        </HeartRateBpm>
                    </Trackpoint>
                    <Trackpoint>
                        <Time>2026-09-02T06:31:40.000+01:00</Time>
                        <HeartRateBpm>
                            <Value>140</Value>
                        </HeartRateBpm>
                    </Trackpoint>
                    <Trackpoint>
                        <Time>2026-09-02T06:31:41.000+01:00</Time>
                        <HeartRateBpm>
                            <Value>141</Value>
                        </HeartRateBpm>
                    </Trackpoint>
                    <Trackpoint>
                        <Time>2026-09-02T06:31:42.000+01:00</Time>
                        <HeartRateBpm>
                            <Value>140</Value>
                        </HeartRateBpm>
                    </Trackpoint>
                    <Trackpoint>
                        <Time>2026-09-02T06:31:44.000+01:00</Time>
                        <HeartRateBpm>
                            <Value>141</Value>
                        </HeartRateBpm>
                    </Trackpoint>
                    <Trackpoint>
                        <Time>2026-09-02T06:31:47.000+01:00</Time>
                        <HeartRateBpm>
                            <Value>141</Value>
                        </HeartRateBpm>
                    </Trackpoint>
                    <Trackpoint>
                        <Time>2026-09-02T06:31:50.000+01:00</Time>
                        <HeartRateBpm>
                            <Value>142</Value>
                        </HeartRateBpm>
                    </Trackpoint>
                    <Trackpoint>
                        <Time>2026-09-02T06:31:52.000+01:00</Time>
                        <HeartRateBpm>
                            <Value>143</Value>
                        </HeartRateBpm>
                    </Trackpoint>
                    <Trackpoint>
                        <Time>2026-09-02T06:31:53.000+01:00</Time>
                        <HeartRateBpm>
                            <Value>143</Value>
                        </HeartRateBpm>
                    </Trackpoint>
                    <Trackpoint>
                        <Time>2026-09-02T06:31:54.000+01:00</Time>
                        <HeartRateBpm>
                            <Value>144</Value>
                        </HeartRateBpm>
                    </Trackpoint>
                    <Trackpoint>
                        <Time>2026-09-02T06:31:57.000+01:00</Time>
                        <HeartRateBpm>
                            <Value>144</Value>
                        </HeartRateBpm>
                    </Trackpoint>
                    <Trackpoint>
                        <Time>2026-09-02T06:32:00.000+01:00</Time>
                        <HeartRateBpm>
                            <Value>144</Value>
                        </HeartRateBpm>
                    </Trackpoint>
                    <Trackpoint>
                        <Time>2026-09-02T06:32:03.000+01:00</Time>
                        <HeartRateBpm>
                            <Value>144</Value>
                        </HeartRateBpm>
                    </Trackpoint>
                    <Trackpoint>
                        <Time>2026-09-02T06:32:04.000+01:00</Time>
                        <HeartRateBpm>
                            <Value>143</Value>
                        </HeartRateBpm>
                    </Trackpoint>
                    <Trackpoint>
                        <Time>2026-09-02T06:32:05.000+01:00</Time>
                        <HeartRateBpm>
                            <Value>144</Value>
                        </HeartRateBpm>
                    </Trackpoint>
                    <Trackpoint>
                        <Time>2026-09-02T06:32:07.000+01:00</Time>
                        <HeartRateBpm>
                            <Value>141</Value>
                        </HeartRateBpm>
                    </Trackpoint>
                    <Trackpoint>
                        <Time>2026-09-02T06:32:10.000+01:00</Time>
                        <HeartRateBpm>
                            <Value>141</Value>
                        </HeartRateBpm>
                    </Trackpoint>
                    <Trackpoint>
                        <Time>2026-09-02T06:32:11.000+01:00</Time>
                        <HeartRateBpm>
                            <Value>140</Value>
                        </HeartRateBpm>
                    </Trackpoint>
                    <Trackpoint>
                        <Time>2026-09-02T06:32:13.000+01:00</Time>
                        <HeartRateBpm>
                            <Value>139</Value>
                        </HeartRateBpm>
                    </Trackpoint>
                    <Trackpoint>
                        <Time>2026-09-02T06:32:15.000+01:00</Time>
                        <HeartRateBpm>
                            <Value>140</Value>
                        </HeartRateBpm>
                    </Trackpoint>
                    <Trackpoint>
                        <Time>2026-09-02T06:32:17.000+01:00</Time>
                        <HeartRateBpm>
                            <Value>141</Value>
                        </HeartRateBpm>
                    </Trackpoint>
                    <Trackpoint>
                        <Time>2026-09-02T06:32:20.000+01:00</Time>
                        <HeartRateBpm>
                            <Value>141</Value>
                        </HeartRateBpm>
                    </Trackpoint>
                    <Trackpoint>
                        <Time>2026-09-02T06:32:21.000+01:00</Time>
                        <HeartRateBpm>
                            <Value>142</Value>
                        </HeartRateBpm>
                    </Trackpoint>
                    <Trackpoint>
                        <Time>2026-09-02T06:32:24.000+01:00</Time>
                        <HeartRateBpm>
                            <Value>142</Value>
                        </HeartRateBpm>
                    </Trackpoint>
                    <Trackpoint>
                        <Time>2026-09-02T06:32:27.000+01:00</Time>
                        <HeartRateBpm>
                            <Value>142</Value>
                        </HeartRateBpm>
                    </Trackpoint>
                    <Trackpoint>
                        <Time>2026-09-02T06:32:28.000+01:00</Time>
                        <HeartRateBpm>
                            <Value>143</Value>
                        </HeartRateBpm>
                    </Trackpoint>
                    <Trackpoint>
                        <Time>2026-09-02T06:32:30.000+01:00</Time>
                        <HeartRateBpm>
                            <Value>142</Value>
                        </HeartRateBpm>
                    </Trackpoint>
                    <Trackpoint>
                        <Time>2026-09-02T06:32:32.000+01:00</Time>
                        <HeartRateBpm>
                            <Value>143</Value>
                        </HeartRateBpm>
                    </Trackpoint>
                    <Trackpoint>
                        <Time>2026-09-02T06:32:34.000+01:00</Time>
                        <HeartRateBpm>
                            <Value>142</Value>
                        </HeartRateBpm>
                    </Trackpoint>
                    <Trackpoint>
                        <Time>2026-09-02T06:32:37.000+01:00</Time>
                        <HeartRateBpm>
                            <Value>142</Value>
                        </HeartRateBpm>
                    </Trackpoint>
                    <Trackpoint>
                        <Time>2026-09-02T06:32:40.000+01:00</Time>
                        <HeartRateBpm>
                            <Value>142</Value>
                        </HeartRateBpm>
                    </Trackpoint>
                    <Trackpoint>
                        <Time>2026-09-02T06:32:43.000+01:00</Time>
                        <HeartRateBpm>
                            <Value>142</Value>
                        </HeartRateBpm>
                    </Trackpoint>
                    <Trackpoint>
                        <Time>2026-09-02T06:32:46.000+01:00</Time>
                        <HeartRateBpm>
                            <Value>142</Value>
                        </HeartRateBpm>
                    </Trackpoint>
                    <Trackpoint>
                        <Time>2026-09-02T06:32:48.000+01:00</Time>
                        <HeartRateBpm>
                            <Value>141</Value>
                        </HeartRateBpm>
                    </Trackpoint>
                    <Trackpoint>
                        <Time>2026-09-02T06:32:51.000+01:00</Time>
                        <HeartRateBpm>
                            <Value>141</Value>
                        </HeartRateBpm>
                    </Trackpoint>
                    <Trackpoint>
                        <Time>2026-09-02T06:32:52.000+01:00</Time>
                        <HeartRateBpm>
                            <Value>141</Value>
                        </HeartRateBpm>
                    </Trackpoint>
                    <Trackpoint>
                        <Time>2026-09-02T06:32:55.000+01:00</Time>
                        <HeartRateBpm>
                            <Value>140</Value>
                        </HeartRateBpm>
                    </Trackpoint>
                    <Trackpoint>
                        <Time>2026-09-02T06:32:58.000+01:00</Time>
                        <HeartRateBpm>
                            <Value>140</Value>
                        </HeartRateBpm>
                    </Trackpoint>
                    <Trackpoint>
                        <Time>2026-09-02T06:33:01.000+01:00</Time>
                        <HeartRateBpm>
                            <Value>139</Value>
                        </HeartRateBpm>
                    </Trackpoint>
                    <Trackpoint>
                        <Time>2026-09-02T06:33:03.000+01:00</Time>
                        <HeartRateBpm>
                            <Value>140</Value>
                        </HeartRateBpm>
                    </Trackpoint>
                    <Trackpoint>
                        <Time>2026-09-02T06:33:06.000+01:00</Time>
                        <HeartRateBpm>
                            <Value>140</Value>
                        </HeartRateBpm>
                    </Trackpoint>
                    <Trackpoint>
                        <Time>2026-09-02T06:33:09.000+01:00</Time>
                        <HeartRateBpm>
                            <Value>140</Value>
                        </HeartRateBpm>
                    </Trackpoint>
                    <Trackpoint>
                        <Time>2026-09-02T06:33:11.000+01:00</Time>
                        <HeartRateBpm>
                            <Value>139</Value>
                        </HeartRateBpm>
                    </Trackpoint>
                    <Trackpoint>
                        <Time>2026-09-02T06:33:14.000+01:00</Time>
                        <HeartRateBpm>
                            <Value>139</Value>
                        </HeartRateBpm>
                    </Trackpoint>
                    <Trackpoint>
                        <Time>2026-09-02T06:33:15.000+01:00</Time>
                        <HeartRateBpm>
                            <Value>138</Value>
                        </HeartRateBpm>
                    </Trackpoint>
                    <Trackpoint>
                        <Time>2026-09-02T06:33:16.000+01:00</Time>
                        <HeartRateBpm>
                            <Value>137</Value>
                        </HeartRateBpm>
                    </Trackpoint>
                    <Trackpoint>
                        <Time>2026-09-02T06:33:19.000+01:00</Time>
                        <HeartRateBpm>
                            <Value>137</Value>
                        </HeartRateBpm>
                    </Trackpoint>
                    <Trackpoint>
                        <Time>2026-09-02T06:33:22.000+01:00</Time>
                        <HeartRateBpm>
                            <Value>136</Value>
                        </HeartRateBpm>
                    </Trackpoint>
                    <Trackpoint>
                        <Time>2026-09-02T06:33:25.000+01:00</Time>
                        <HeartRateBpm>
                            <Value>136</Value>
                        </HeartRateBpm>
                    </Trackpoint>
                    <Trackpoint>
                        <Time>2026-09-02T06:33:26.000+01:00</Time>
                        <HeartRateBpm>
                            <Value>135</Value>
                        </HeartRateBpm>
                    </Trackpoint>
                    <Trackpoint>
                        <Time>2026-09-02T06:33:29.000+01:00</Time>
                        <HeartRateBpm>
                            <Value>135</Value>
                        </HeartRateBpm>
                    </Trackpoint>
                    <Trackpoint>
                        <Time>2026-09-02T06:33:32.000+01:00</Time>
                        <HeartRateBpm>
                            <Value>135</Value>
                        </HeartRateBpm>
                    </Trackpoint>
                    <Trackpoint>
                        <Time>2026-09-02T06:33:35.000+01:00</Time>
                        <HeartRateBpm>
                            <Value>135</Value>
                        </HeartRateBpm>
                    </Trackpoint>
                    <Trackpoint>
                        <Time>2026-09-02T06:33:38.000+01:00</Time>
                        <HeartRateBpm>
                            <Value>136</Value>
                        </HeartRateBpm>
                    </Trackpoint>
                    <Trackpoint>
                        <Time>2026-09-02T06:33:39.000+01:00</Time>
                        <HeartRateBpm>
                            <Value>135</Value>
                        </HeartRateBpm>
                    </Trackpoint>
                    <Trackpoint>
                        <Time>2026-09-02T06:33:41.000+01:00</Time>
                        <HeartRateBpm>
                            <Value>136</Value>
                        </HeartRateBpm>
                    </Trackpoint>
                    <Trackpoint>
                        <Time>2026-09-02T06:33:43.000+01:00</Time>
                        <HeartRateBpm>
                            <Value>137</Value>
                        </HeartRateBpm>
                    </Trackpoint>
                    <Trackpoint>
                        <Time>2026-09-02T06:33:46.000+01:00</Time>
                        <HeartRateBpm>
                            <Value>137</Value>
                        </HeartRateBpm>
                    </Trackpoint>
                    <Trackpoint>
                        <Time>2026-09-02T06:33:47.000+01:00</Time>
                        <HeartRateBpm>
                            <Value>139</Value>
                        </HeartRateBpm>
                    </Trackpoint>
                    <Trackpoint>
                        <Time>2026-09-02T06:33:49.000+01:00</Time>
                        <HeartRateBpm>
                            <Value>137</Value>
                        </HeartRateBpm>
                    </Trackpoint>
                    <Trackpoint>
                        <Time>2026-09-02T06:33:51.000+01:00</Time>
                        <HeartRateBpm>
                            <Value>138</Value>
                        </HeartRateBpm>
                    </Trackpoint>
                    <Trackpoint>
                        <Time>2026-09-02T06:33:53.000+01:00</Time>
                        <HeartRateBpm>
                            <Value>139</Value>
                        </HeartRateBpm>
                    </Trackpoint>
                    <Trackpoint>
                        <Time>2026-09-02T06:33:54.000+01:00</Time>
                        <HeartRateBpm>
                            <Value>139</Value>
                        </HeartRateBpm>
                    </Trackpoint>
                    <Trackpoint>
                        <Time>2026-09-02T06:33:57.000+01:00</Time>
                        <HeartRateBpm>
                            <Value>142</Value>
                        </HeartRateBpm>
                    </Trackpoint>
                    <Trackpoint>
                        <Time>2026-09-02T06:33:59.000+01:00</Time>
                        <HeartRateBpm>
                            <Value>143</Value>
                        </HeartRateBpm>
                    </Trackpoint>
                    <Trackpoint>
                        <Time>2026-09-02T06:34:01.000+01:00</Time>
                        <HeartRateBpm>
                            <Value>144</Value>
                        </HeartRateBpm>
                    </Trackpoint>
                    <Trackpoint>
                        <Time>2026-09-02T06:34:03.000+01:00</Time>
                        <HeartRateBpm>
                            <Value>143</Value>
                        </HeartRateBpm>
                    </Trackpoint>
                    <Trackpoint>
                        <Time>2026-09-02T06:34:04.000+01:00</Time>
                        <HeartRateBpm>
                            <Value>144</Value>
                        </HeartRateBpm>
                    </Trackpoint>
                    <Trackpoint>
                        <Time>2026-09-02T06:34:07.000+01:00</Time>
                        <HeartRateBpm>
                            <Value>144</Value>
                        </HeartRateBpm>
                    </Trackpoint>
                    <Trackpoint>
                        <Time>2026-09-02T06:34:08.000+01:00</Time>
                        <HeartRateBpm>
                            <Value>145</Value>
                        </HeartRateBpm>
                    </Trackpoint>
                    <Trackpoint>
                        <Time>2026-09-02T06:34:11.000+01:00</Time>
                        <HeartRateBpm>
                            <Value>145</Value>
                        </HeartRateBpm>
                    </Trackpoint>
                    <Trackpoint>
                        <Time>2026-09-02T06:34:12.000+01:00</Time>
                        <HeartRateBpm>
                            <Value>144</Value>
                        </HeartRateBpm>
                    </Trackpoint>
                    <Trackpoint>
                        <Time>2026-09-02T06:34:15.000+01:00</Time>
                        <HeartRateBpm>
                            <Value>144</Value>
                        </HeartRateBpm>
                    </Trackpoint>
                    <Trackpoint>
                        <Time>2026-09-02T06:34:18.000+01:00</Time>
                        <HeartRateBpm>
                            <Value>144</Value>
                        </HeartRateBpm>
                    </Trackpoint>
                    <Trackpoint>
                        <Time>2026-09-02T06:34:21.000+01:00</Time>
                        <HeartRateBpm>
                            <Value>144</Value>
                        </HeartRateBpm>
                    </Trackpoint>
                    <Trackpoint>
                        <Time>2026-09-02T06:34:22.000+01:00</Time>
                        <HeartRateBpm>
                            <Value>143</Value>
                        </HeartRateBpm>
                    </Trackpoint>
                    <Trackpoint>
                        <Time>2026-09-02T06:34:25.000+01:00</Time>
                        <HeartRateBpm>
                            <Value>143</Value>
                        </HeartRateBpm>
                    </Trackpoint>
                    <Trackpoint>
                        <Time>2026-09-02T06:34:26.000+01:00</Time>
                        <HeartRateBpm>
                            <Value>141</Value>
                        </HeartRateBpm>
                    </Trackpoint>
                    <Trackpoint>
                        <Time>2026-09-02T06:34:28.000+01:00</Time>
                        <HeartRateBpm>
                            <Value>140</Value>
                        </HeartRateBpm>
                    </Trackpoint>
                    <Trackpoint>
                        <Time>2026-09-02T06:34:31.000+01:00</Time>
                        <HeartRateBpm>
                            <Value>140</Value>
                        </HeartRateBpm>
                    </Trackpoint>
                    <Trackpoint>
                        <Time>2026-09-02T06:34:34.000+01:00</Time>
                        <HeartRateBpm>
                            <Value>140</Value>
                        </HeartRateBpm>
                    </Trackpoint>
                    <Trackpoint>
                        <Time>2026-09-02T06:34:37.000+01:00</Time>
                        <HeartRateBpm>
                            <Value>140</Value>
                        </HeartRateBpm>
                    </Trackpoint>
                    <Trackpoint>
                        <Time>2026-09-02T06:34:39.000+01:00</Time>
                        <HeartRateBpm>
                            <Value>141</Value>
                        </HeartRateBpm>
                    </Trackpoint>
                    <Trackpoint>
                        <Time>2026-09-02T06:34:42.000+01:00</Time>
                        <HeartRateBpm>
                            <Value>141</Value>
                        </HeartRateBpm>
                    </Trackpoint>
                    <Trackpoint>
                        <Time>2026-09-02T06:34:43.000+01:00</Time>
                        <HeartRateBpm>
                            <Value>142</Value>
                        </HeartRateBpm>
                    </Trackpoint>
                    <Trackpoint>
                        <Time>2026-09-02T06:34:46.000+01:00</Time>
                        <HeartRateBpm>
                            <Value>142</Value>
                        </HeartRateBpm>
                    </Trackpoint>
                    <Trackpoint>
                        <Time>2026-09-02T06:34:47.000+01:00</Time>
                        <HeartRateBpm>
                            <Value>143</Value>
                        </HeartRateBpm>
                    </Trackpoint>
                    <Trackpoint>
                        <Time>2026-09-02T06:34:50.000+01:00</Time>
                        <HeartRateBpm>
                            <Value>143</Value>
                        </HeartRateBpm>
                    </Trackpoint>
                    <Trackpoint>
                        <Time>2026-09-02T06:34:51.000+01:00</Time>
                        <HeartRateBpm>
                            <Value>144</Value>
                        </HeartRateBpm>
                    </Trackpoint>
                    <Trackpoint>
                        <Time>2026-09-02T06:34:52.000+01:00</Time>
                        <HeartRateBpm>
                            <Value>145</Value>
                        </HeartRateBpm>
                    </Trackpoint>
                    <Trackpoint>
                        <Time>2026-09-02T06:34:55.000+01:00</Time>
                        <HeartRateBpm>
                            <Value>145</Value>
                        </HeartRateBpm>
                    </Trackpoint>
                    <Trackpoint>
                        <Time>2026-09-02T06:34:58.000+01:00</Time>
                        <HeartRateBpm>
                            <Value>145</Value>
                        </HeartRateBpm>
                    </Trackpoint>
                    <Trackpoint>
                        <Time>2026-09-02T06:35:00.000+01:00</Time>
                        <HeartRateBpm>
                            <Value>146</Value>
                        </HeartRateBpm>
                    </Trackpoint>
                    <Trackpoint>
                        <Time>2026-09-02T06:35:02.000+01:00</Time>
                        <HeartRateBpm>
                            <Value>145</Value>
                        </HeartRateBpm>
                    </Trackpoint>
                    <Trackpoint>
                        <Time>2026-09-02T06:35:05.000+01:00</Time>
                        <HeartRateBpm>
                            <Value>145</Value>
                        </HeartRateBpm>
                    </Trackpoint>
                    <Trackpoint>
                        <Time>2026-09-02T06:35:08.000+01:00</Time>
                        <HeartRateBpm>
                            <Value>145</Value>
                        </HeartRateBpm>
                    </Trackpoint>
                    <Trackpoint>
                        <Time>2026-09-02T06:35:10.000+01:00</Time>
                        <HeartRateBpm>
                            <Value>146</Value>
                        </HeartRateBpm>
                    </Trackpoint>
                    <Trackpoint>
                        <Time>2026-09-02T06:35:13.000+01:00</Time>
                        <HeartRateBpm>
                            <Value>146</Value>
                        </HeartRateBpm>
                    </Trackpoint>
                    <Trackpoint>
                        <Time>2026-09-02T06:35:16.000+01:00</Time>
                        <HeartRateBpm>
                            <Value>146</Value>
                        </HeartRateBpm>
                    </Trackpoint>
                    <Trackpoint>
                        <Time>2026-09-02T06:35:19.000+01:00</Time>
                        <HeartRateBpm>
                            <Value>147</Value>
                        </HeartRateBpm>
                    </Trackpoint>
                    <Trackpoint>
                        <Time>2026-09-02T06:35:21.000+01:00</Time>
                        <HeartRateBpm>
                            <Value>146</Value>
                        </HeartRateBpm>
                    </Trackpoint>
                    <Trackpoint>
                        <Time>2026-09-02T06:35:23.000+01:00</Time>
                        <HeartRateBpm>
                            <Value>145</Value>
                        </HeartRateBpm>
                    </Trackpoint>
                    <Trackpoint>
                        <Time>2026-09-02T06:35:26.000+01:00</Time>
                        <HeartRateBpm>
                            <Value>145</Value>
                        </HeartRateBpm>
                    </Trackpoint>
                    <Trackpoint>
                        <Time>2026-09-02T06:35:27.000+01:00</Time>
                        <HeartRateBpm>
                            <Value>144</Value>
                        </HeartRateBpm>
                    </Trackpoint>
                    <Trackpoint>
                        <Time>2026-09-02T06:35:30.000+01:00</Time>
                        <HeartRateBpm>
                            <Value>144</Value>
                        </HeartRateBpm>
                    </Trackpoint>
                    <Trackpoint>
                        <Time>2026-09-02T06:35:31.000+01:00</Time>
                        <HeartRateBpm>
                            <Value>142</Value>
                        </HeartRateBpm>
                    </Trackpoint>
                    <Trackpoint>
                        <Time>2026-09-02T06:35:34.000+01:00</Time>
                        <HeartRateBpm>
                            <Value>142</Value>
                        </HeartRateBpm>
                    </Trackpoint>
                    <Trackpoint>
                        <Time>2026-09-02T06:35:37.000+01:00</Time>
                        <HeartRateBpm>
                            <Value>142</Value>
                        </HeartRateBpm>
                    </Trackpoint>
                    <Trackpoint>
                        <Time>2026-09-02T06:35:39.000+01:00</Time>
                        <HeartRateBpm>
                            <Value>143</Value>
                        </HeartRateBpm>
                    </Trackpoint>
                    <Trackpoint>
                        <Time>2026-09-02T06:35:41.000+01:00</Time>
                        <HeartRateBpm>
                            <Value>142</Value>
                        </HeartRateBpm>
                    </Trackpoint>
                    <Trackpoint>
                        <Time>2026-09-02T06:35:42.000+01:00</Time>
                        <HeartRateBpm>
                            <Value>143</Value>
                        </HeartRateBpm>
                    </Trackpoint>
                    <Trackpoint>
                        <Time>2026-09-02T06:35:44.000+01:00</Time>
                        <HeartRateBpm>
                            <Value>142</Value>
                        </HeartRateBpm>
                    </Trackpoint>
                    <Trackpoint>
                        <Time>2026-09-02T06:35:47.000+01:00</Time>
                        <HeartRateBpm>
                            <Value>142</Value>
                        </HeartRateBpm>
                    </Trackpoint>
                    <Trackpoint>
                        <Time>2026-09-02T06:35:48.000+01:00</Time>
                        <HeartRateBpm>
                            <Value>143</Value>
                        </HeartRateBpm>
                    </Trackpoint>
                    <Trackpoint>
                        <Time>2026-09-02T06:35:50.000+01:00</Time>
                        <HeartRateBpm>
                            <Value>142</Value>
                        </HeartRateBpm>
                    </Trackpoint>
                    <Trackpoint>
                        <Time>2026-09-02T06:35:53.000+01:00</Time>
                        <HeartRateBpm>
                            <Value>142</Value>
                        </HeartRateBpm>
                    </Trackpoint>
                    <Trackpoint>
                        <Time>2026-09-02T06:35:54.000+01:00</Time>
                        <HeartRateBpm>
                            <Value>143</Value>
                        </HeartRateBpm>
                    </Trackpoint>
                    <Trackpoint>
                        <Time>2026-09-02T06:35:57.000+01:00</Time>
                        <HeartRateBpm>
                            <Value>143</Value>
                        </HeartRateBpm>
                    </Trackpoint>
                    <Trackpoint>
                        <Time>2026-09-02T06:35:58.000+01:00</Time>
                        <HeartRateBpm>
                            <Value>144</Value>
                        </HeartRateBpm>
                    </Trackpoint>
                    <Trackpoint>
                        <Time>2026-09-02T06:36:00.000+01:00</Time>
                        <HeartRateBpm>
                            <Value>143</Value>
                        </HeartRateBpm>
                    </Trackpoint>
                    <Trackpoint>
                        <Time>2026-09-02T06:36:03.000+01:00</Time>
                        <HeartRateBpm>
                            <Value>143</Value>
                        </HeartRateBpm>
                    </Trackpoint>
                    <Trackpoint>
                        <Time>2026-09-02T06:36:05.000+01:00</Time>
                        <HeartRateBpm>
                            <Value>142</Value>
                        </HeartRateBpm>
                    </Trackpoint>
                    <Trackpoint>
                        <Time>2026-09-02T06:36:07.000+01:00</Time>
                        <HeartRateBpm>
                            <Value>143</Value>
                        </HeartRateBpm>
                    </Trackpoint>
                    <Trackpoint>
                        <Time>2026-09-02T06:36:10.000+01:00</Time>
                        <HeartRateBpm>
                            <Value>143</Value>
                        </HeartRateBpm>
                    </Trackpoint>
                    <Trackpoint>
                        <Time>2026-09-02T06:36:13.000+01:00</Time>
                        <HeartRateBpm>
                            <Value>144</Value>
                        </HeartRateBpm>
                    </Trackpoint>
                    <Trackpoint>
                        <Time>2026-09-02T06:36:15.000+01:00</Time>
                        <HeartRateBpm>
                            <Value>142</Value>
                        </HeartRateBpm>
                    </Trackpoint>
                    <Trackpoint>
                        <Time>2026-09-02T06:36:18.000+01:00</Time>
                        <HeartRateBpm>
                            <Value>142</Value>
                        </HeartRateBpm>
                    </Trackpoint>
                    <Trackpoint>
                        <Time>2026-09-02T06:36:20.000+01:00</Time>
                        <HeartRateBpm>
                            <Value>143</Value>
                        </HeartRateBpm>
                    </Trackpoint>
                    <Trackpoint>
                        <Time>2026-09-02T06:36:23.000+01:00</Time>
                        <HeartRateBpm>
                            <Value>143</Value>
                        </HeartRateBpm>
                    </Trackpoint>
                    <Trackpoint>
                        <Time>2026-09-02T06:36:26.000+01:00</Time>
                        <HeartRateBpm>
                            <Value>142</Value>
                        </HeartRateBpm>
                    </Trackpoint>
                    <Trackpoint>
                        <Time>2026-09-02T06:36:28.000+01:00</Time>
                        <HeartRateBpm>
                            <Value>143</Value>
                        </HeartRateBpm>
                    </Trackpoint>
                    <Trackpoint>
                        <Time>2026-09-02T06:36:31.000+01:00</Time>
                        <HeartRateBpm>
                            <Value>143</Value>
                        </HeartRateBpm>
                    </Trackpoint>
                    <Trackpoint>
                        <Time>2026-09-02T06:36:32.000+01:00</Time>
                        <HeartRateBpm>
                            <Value>144</Value>
                        </HeartRateBpm>
                    </Trackpoint>
                    <Trackpoint>
                        <Time>2026-09-02T06:36:35.000+01:00</Time>
                        <HeartRateBpm>
                            <Value>144</Value>
                        </HeartRateBpm>
                    </Trackpoint>
                    <Trackpoint>
                        <Time>2026-09-02T06:36:38.000+01:00</Time>
                        <HeartRateBpm>
                            <Value>144</Value>
                        </HeartRateBpm>
                    </Trackpoint>
                    <Trackpoint>
                        <Time>2026-09-02T06:36:40.000+01:00</Time>
                        <HeartRateBpm>
                            <Value>145</Value>
                        </HeartRateBpm>
                    </Trackpoint>
                    <Trackpoint>
                        <Time>2026-09-02T06:36:43.000+01:00</Time>
                        <HeartRateBpm>
                            <Value>145</Value>
                        </HeartRateBpm>
                    </Trackpoint>
                    <Trackpoint>
                        <Time>2026-09-02T06:36:44.000+01:00</Time>
                        <HeartRateBpm>
                            <Value>144</Value>
                        </HeartRateBpm>
                    </Trackpoint>
                    <Trackpoint>
                        <Time>2026-09-02T06:36:45.000+01:00</Time>
                        <HeartRateBpm>
                            <Value>145</Value>
                        </HeartRateBpm>
                    </Trackpoint>
                    <Trackpoint>
                        <Time>2026-09-02T06:36:47.000+01:00</Time>
                        <HeartRateBpm>
                            <Value>144</Value>
                        </HeartRateBpm>
                    </Trackpoint>
                    <Trackpoint>
                        <Time>2026-09-02T06:36:50.000+01:00</Time>
                        <HeartRateBpm>
                            <Value>144</Value>
                        </HeartRateBpm>
                    </Trackpoint>
                    <Trackpoint>
                        <Time>2026-09-02T06:36:53.000+01:00</Time>
                        <HeartRateBpm>
                            <Value>144</Value>
                        </HeartRateBpm>
                    </Trackpoint>
                    <Trackpoint>
                        <Time>2026-09-02T06:36:56.000+01:00</Time>
                        <HeartRateBpm>
                            <Value>144</Value>
                        </HeartRateBpm>
                    </Trackpoint>
                    <Trackpoint>
                        <Time>2026-09-02T06:36:57.000+01:00</Time>
                        <HeartRateBpm>
                            <Value>143</Value>
                        </HeartRateBpm>
                    </Trackpoint>
                    <Trackpoint>
                        <Time>2026-09-02T06:36:59.000+01:00</Time>
                        <HeartRateBpm>
                            <Value>144</Value>
                        </HeartRateBpm>
                    </Trackpoint>
                    <Trackpoint>
                        <Time>2026-09-02T06:37:01.000+01:00</Time>
                        <HeartRateBpm>
                            <Value>143</Value>
                        </HeartRateBpm>
                    </Trackpoint>
                    <Trackpoint>
                        <Time>2026-09-02T06:37:03.000+01:00</Time>
                        <HeartRateBpm>
                            <Value>144</Value>
                        </HeartRateBpm>
                    </Trackpoint>
                    <Trackpoint>
                        <Time>2026-09-02T06:37:06.000+01:00</Time>
                        <HeartRateBpm>
                            <Value>143</Value>
                        </HeartRateBpm>
                    </Trackpoint>
                    <Trackpoint>
                        <Time>2026-09-02T06:37:08.000+01:00</Time>
                        <HeartRateBpm>
                            <Value>144</Value>
                        </HeartRateBpm>
                    </Trackpoint>
                    <Trackpoint>
                        <Time>2026-09-02T06:37:11.000+01:00</Time>
                        <HeartRateBpm>
                            <Value>144</Value>
                        </HeartRateBpm>
                    </Trackpoint>
                    <Trackpoint>
                        <Time>2026-09-02T06:37:14.000+01:00</Time>
                        <HeartRateBpm>
                            <Value>145</Value>
                        </HeartRateBpm>
                    </Trackpoint>
                    <Trackpoint>
                        <Time>2026-09-02T06:37:16.000+01:00</Time>
                        <HeartRateBpm>
                            <Value>144</Value>
                        </HeartRateBpm>
                    </Trackpoint>
                    <Trackpoint>
                        <Time>2026-09-02T06:37:18.000+01:00</Time>
                        <HeartRateBpm>
                            <Value>145</Value>
                        </HeartRateBpm>
                    </Trackpoint>
                    <Trackpoint>
                        <Time>2026-09-02T06:37:20.000+01:00</Time>
                        <HeartRateBpm>
                            <Value>144</Value>
                        </HeartRateBpm>
                    </Trackpoint>
                    <Trackpoint>
                        <Time>2026-09-02T06:37:23.000+01:00</Time>
                        <HeartRateBpm>
                            <Value>144</Value>
                        </HeartRateBpm>
                    </Trackpoint>
                    <Trackpoint>
                        <Time>2026-09-02T06:37:26.000+01:00</Time>
                        <HeartRateBpm>
                            <Value>145</Value>
                        </HeartRateBpm>
                    </Trackpoint>
                    <Trackpoint>
                        <Time>2026-09-02T06:37:29.000+01:00</Time>
                        <HeartRateBpm>
                            <Value>145</Value>
                        </HeartRateBpm>
                    </Trackpoint>
                    <Trackpoint>
                        <Time>2026-09-02T06:37:30.000+01:00</Time>
                        <HeartRateBpm>
                            <Value>146</Value>
                        </HeartRateBpm>
                    </Trackpoint>
                    <Trackpoint>
                        <Time>2026-09-02T06:37:33.000+01:00</Time>
                        <HeartRateBpm>
                            <Value>146</Value>
                        </HeartRateBpm>
                    </Trackpoint>
                    <Trackpoint>
                        <Time>2026-09-02T06:37:36.000+01:00</Time>
                        <HeartRateBpm>
                            <Value>146</Value>
                        </HeartRateBpm>
                    </Trackpoint>
                    <Trackpoint>
                        <Time>2026-09-02T06:37:39.000+01:00</Time>
                        <HeartRateBpm>
                            <Value>147</Value>
                        </HeartRateBpm>
                    </Trackpoint>
                    <Trackpoint>
                        <Time>2026-09-02T06:37:41.000+01:00</Time>
                        <HeartRateBpm>
                            <Value>148</Value>
                        </HeartRateBpm>
                    </Trackpoint>
                    <Trackpoint>
                        <Time>2026-09-02T06:37:44.000+01:00</Time>
                        <HeartRateBpm>
                            <Value>148</Value>
                        </HeartRateBpm>
                    </Trackpoint>
                    <Trackpoint>
                        <Time>2026-09-02T06:37:45.000+01:00</Time>
                        <HeartRateBpm>
                            <Value>149</Value>
                        </HeartRateBpm>
                    </Trackpoint>
                    <Trackpoint>
                        <Time>2026-09-02T06:37:48.000+01:00</Time>
                        <HeartRateBpm>
                            <Value>149</Value>
                        </HeartRateBpm>
                    </Trackpoint>
                    <Trackpoint>
                        <Time>2026-09-02T06:37:51.000+01:00</Time>
                        <HeartRateBpm>
                            <Value>148</Value>
                        </HeartRateBpm>
                    </Trackpoint>
                    <Trackpoint>
                        <Time>2026-09-02T06:37:53.000+01:00</Time>
                        <HeartRateBpm>
                            <Value>149</Value>
                        </HeartRateBpm>
                    </Trackpoint>
                    <Trackpoint>
                        <Time>2026-09-02T06:37:54.000+01:00</Time>
                        <HeartRateBpm>
                            <Value>148</Value>
                        </HeartRateBpm>
                    </Trackpoint>
                    <Trackpoint>
                        <Time>2026-09-02T06:37:57.000+01:00</Time>
                        <HeartRateBpm>
                            <Value>149</Value>
                        </HeartRateBpm>
                    </Trackpoint>
                    <Trackpoint>
                        <Time>2026-09-02T06:38:00.000+01:00</Time>
                        <HeartRateBpm>
                            <Value>147</Value>
                        </HeartRateBpm>
                    </Trackpoint>
                    <Trackpoint>
                        <Time>2026-09-02T06:38:01.000+01:00</Time>
                        <HeartRateBpm>
                            <Value>147</Value>
                        </HeartRateBpm>
                    </Trackpoint>
                    <Trackpoint>
                        <Time>2026-09-02T06:38:02.000+01:00</Time>
                        <HeartRateBpm>
                            <Value>148</Value>
                        </HeartRateBpm>
                    </Trackpoint>
                    <Trackpoint>
                        <Time>2026-09-02T06:38:05.000+01:00</Time>
                        <HeartRateBpm>
                            <Value>148</Value>
                        </HeartRateBpm>
                    </Trackpoint>
                    <Trackpoint>
                        <Time>2026-09-02T06:38:06.000+01:00</Time>
                        <HeartRateBpm>
                            <Value>147</Value>
                        </HeartRateBpm>
                    </Trackpoint>
                    <Trackpoint>
                        <Time>2026-09-02T06:38:09.000+01:00</Time>
                        <HeartRateBpm>
                            <Value>147</Value>
                        </HeartRateBpm>
                    </Trackpoint>
                    <Trackpoint>
                        <Time>2026-09-02T06:38:10.000+01:00</Time>
                        <HeartRateBpm>
                            <Value>148</Value>
                        </HeartRateBpm>
                    </Trackpoint>
                    <Trackpoint>
                        <Time>2026-09-02T06:38:12.000+01:00</Time>
                        <HeartRateBpm>
                            <Value>147</Value>
                        </HeartRateBpm>
                    </Trackpoint>
                    <Trackpoint>
                        <Time>2026-09-02T06:38:14.000+01:00</Time>
                        <HeartRateBpm>
                            <Value>148</Value>
                        </HeartRateBpm>
                    </Trackpoint>
                    <Trackpoint>
                        <Time>2026-09-02T06:38:16.000+01:00</Time>
                        <HeartRateBpm>
                            <Value>147</Value>
                        </HeartRateBpm>
                    </Trackpoint>
                    <Trackpoint>
                        <Time>2026-09-02T06:38:18.000+01:00</Time>
                        <HeartRateBpm>
                            <Value>148</Value>
                        </HeartRateBpm>
                    </Trackpoint>
                    <Trackpoint>
                        <Time>2026-09-02T06:38:20.000+01:00</Time>
                        <HeartRateBpm>
                            <Value>147</Value>
                        </HeartRateBpm>
                    </Trackpoint>
                    <Trackpoint>
                        <Time>2026-09-02T06:38:22.000+01:00</Time>
                        <HeartRateBpm>
                            <Value>149</Value>
                        </HeartRateBpm>
                    </Trackpoint>
                    <Trackpoint>
                        <Time>2026-09-02T06:38:23.000+01:00</Time>
                        <HeartRateBpm>
                            <Value>148</Value>
                        </HeartRateBpm>
                    </Trackpoint>
                    <Trackpoint>
                        <Time>2026-09-02T06:38:25.000+01:00</Time>
                        <HeartRateBpm>
                            <Value>150</Value>
                        </HeartRateBpm>
                    </Trackpoint>
                    <Trackpoint>
                        <Time>2026-09-02T06:38:28.000+01:00</Time>
                        <HeartRateBpm>
                            <Value>150</Value>
                        </HeartRateBpm>
                    </Trackpoint>
                    <Trackpoint>
                        <Time>2026-09-02T06:38:31.000+01:00</Time>
                        <HeartRateBpm>
                            <Value>150</Value>
                        </HeartRateBpm>
                    </Trackpoint>
                    <Trackpoint>
                        <Time>2026-09-02T06:38:33.000+01:00</Time>
                        <HeartRateBpm>
                            <Value>149</Value>
                        </HeartRateBpm>
                    </Trackpoint>
                    <Trackpoint>
                        <Time>2026-09-02T06:38:36.000+01:00</Time>
                        <HeartRateBpm>
                            <Value>149</Value>
                        </HeartRateBpm>
                    </Trackpoint>
                    <Trackpoint>
                        <Time>2026-09-02T06:38:37.000+01:00</Time>
                        <HeartRateBpm>
                            <Value>150</Value>
                        </HeartRateBpm>
                    </Trackpoint>
                    <Trackpoint>
                        <Time>2026-09-02T06:38:40.000+01:00</Time>
                        <HeartRateBpm>
                            <Value>150</Value>
                        </HeartRateBpm>
                    </Trackpoint>
                    <Trackpoint>
                        <Time>2026-09-02T06:38:43.000+01:00</Time>
                        <HeartRateBpm>
                            <Value>149</Value>
                        </HeartRateBpm>
                    </Trackpoint>
                    <Trackpoint>
                        <Time>2026-09-02T06:38:45.000+01:00</Time>
                        <HeartRateBpm>
                            <Value>150</Value>
                        </HeartRateBpm>
                    </Trackpoint>
                    <Trackpoint>
                        <Time>2026-09-02T06:38:48.000+01:00</Time>
                        <HeartRateBpm>
                            <Value>150</Value>
                        </HeartRateBpm>
                    </Trackpoint>
                    <Trackpoint>
                        <Time>2026-09-02T06:38:51.000+01:00</Time>
                        <HeartRateBpm>
                            <Value>150</Value>
                        </HeartRateBpm>
                    </Trackpoint>
                    <Trackpoint>
                        <Time>2026-09-02T06:38:52.000+01:00</Time>
                        <HeartRateBpm>
                            <Value>151</Value>
                        </HeartRateBpm>
                    </Trackpoint>
                    <Trackpoint>
                        <Time>2026-09-02T06:38:55.000+01:00</Time>
                        <HeartRateBpm>
                            <Value>151</Value>
                        </HeartRateBpm>
                    </Trackpoint>
                    <Trackpoint>
                        <Time>2026-09-02T06:38:56.000+01:00</Time>
                        <HeartRateBpm>
                            <Value>152</Value>
                        </HeartRateBpm>
                    </Trackpoint>
                    <Trackpoint>
                        <Time>2026-09-02T06:38:57.000+01:00</Time>
                        <HeartRateBpm>
                            <Value>152</Value>
                        </HeartRateBpm>
                    </Trackpoint>
                    <Trackpoint>
                        <Time>2026-09-02T06:38:58.000+01:00</Time>
                        <HeartRateBpm>
                            <Value>151</Value>
                        </HeartRateBpm>
                    </Trackpoint>
                    <Trackpoint>
                        <Time>2026-09-02T06:39:00.000+01:00</Time>
                        <HeartRateBpm>
                            <Value>152</Value>
                        </HeartRateBpm>
                    </Trackpoint>
                    <Trackpoint>
                        <Time>2026-09-02T06:39:02.000+01:00</Time>
                        <HeartRateBpm>
                            <Value>151</Value>
                        </HeartRateBpm>
                    </Trackpoint>
                    <Trackpoint>
                        <Time>2026-09-02T06:39:04.000+01:00</Time>
                        <HeartRateBpm>
                            <Value>152</Value>
                        </HeartRateBpm>
                    </Trackpoint>
                    <Trackpoint>
                        <Time>2026-09-02T06:39:06.000+01:00</Time>
                        <HeartRateBpm>
                            <Value>151</Value>
                        </HeartRateBpm>
                    </Trackpoint>
                    <Trackpoint>
                        <Time>2026-09-02T06:39:09.000+01:00</Time>
                        <HeartRateBpm>
                            <Value>151</Value>
                        </HeartRateBpm>
                    </Trackpoint>
                    <Trackpoint>
                        <Time>2026-09-02T06:39:12.000+01:00</Time>
                        <HeartRateBpm>
                            <Value>151</Value>
                        </HeartRateBpm>
                    </Trackpoint>
                    <Trackpoint>
                        <Time>2026-09-02T06:39:13.000+01:00</Time>
                        <HeartRateBpm>
                            <Value>150</Value>
                        </HeartRateBpm>
                    </Trackpoint>
                    <Trackpoint>
                        <Time>2026-09-02T06:39:15.000+01:00</Time>
                        <HeartRateBpm>
                            <Value>152</Value>
                        </HeartRateBpm>
                    </Trackpoint>
                    <Trackpoint>
                        <Time>2026-09-02T06:39:17.000+01:00</Time>
                        <HeartRateBpm>
                            <Value>150</Value>
                        </HeartRateBpm>
                    </Trackpoint>
                    <Trackpoint>
                        <Time>2026-09-02T06:39:19.000+01:00</Time>
                        <HeartRateBpm>
                            <Value>155</Value>
                        </HeartRateBpm>
                    </Trackpoint>
                    <Trackpoint>
                        <Time>2026-09-02T06:39:21.000+01:00</Time>
                        <HeartRateBpm>
                            <Value>154</Value>
                        </HeartRateBpm>
                    </Trackpoint>
                    <Trackpoint>
                        <Time>2026-09-02T06:39:23.000+01:00</Time>
                        <HeartRateBpm>
                            <Value>149</Value>
                        </HeartRateBpm>
                    </Trackpoint>
                    <Trackpoint>
                        <Time>2026-09-02T06:39:25.000+01:00</Time>
                        <HeartRateBpm>
                            <Value>150</Value>
                        </HeartRateBpm>
                    </Trackpoint>
                    <Trackpoint>
                        <Time>2026-09-02T06:39:28.000+01:00</Time>
                        <HeartRateBpm>
                            <Value>150</Value>
                        </HeartRateBpm>
                    </Trackpoint>
                    <Trackpoint>
                        <Time>2026-09-02T06:39:31.000+01:00</Time>
                        <HeartRateBpm>
                            <Value>150</Value>
                        </HeartRateBpm>
                    </Trackpoint>
                    <Trackpoint>
                        <Time>2026-09-02T06:39:33.000+01:00</Time>
                        <HeartRateBpm>
                            <Value>149</Value>
                        </HeartRateBpm>
                    </Trackpoint>
                    <Trackpoint>
                        <Time>2026-09-02T06:39:35.000+01:00</Time>
                        <HeartRateBpm>
                            <Value>150</Value>
                        </HeartRateBpm>
                    </Trackpoint>
                    <Trackpoint>
                        <Time>2026-09-02T06:39:38.000+01:00</Time>
                        <HeartRateBpm>
                            <Value>152</Value>
                        </HeartRateBpm>
                    </Trackpoint>
                    <Trackpoint>
                        <Time>2026-09-02T06:39:40.000+01:00</Time>
                        <HeartRateBpm>
                            <Value>150</Value>
                        </HeartRateBpm>
                    </Trackpoint>
                    <Trackpoint>
                        <Time>2026-09-02T06:39:43.000+01:00</Time>
                        <HeartRateBpm>
                            <Value>150</Value>
                        </HeartRateBpm>
                    </Trackpoint>
                    <Trackpoint>
                        <Time>2026-09-02T06:39:46.000+01:00</Time>
                        <HeartRateBpm>
                            <Value>150</Value>
                        </HeartRateBpm>
                    </Trackpoint>
                    <Trackpoint>
                        <Time>2026-09-02T06:39:49.000+01:00</Time>
                        <HeartRateBpm>
                            <Value>150</Value>
                        </HeartRateBpm>
                    </Trackpoint>
                    <Trackpoint>
                        <Time>2026-09-02T06:39:52.000+01:00</Time>
                        <HeartRateBpm>
                            <Value>150</Value>
                        </HeartRateBpm>
                    </Trackpoint>
                    <Trackpoint>
                        <Time>2026-09-02T06:39:55.000+01:00</Time>
                        <HeartRateBpm>
                            <Value>151</Value>
                        </HeartRateBpm>
                    </Trackpoint>
                    <Trackpoint>
                        <Time>2026-09-02T06:39:57.000+01:00</Time>
                        <HeartRateBpm>
                            <Value>150</Value>
                        </HeartRateBpm>
                    </Trackpoint>
                    <Trackpoint>
                        <Time>2026-09-02T06:39:58.000+01:00</Time>
                        <HeartRateBpm>
                            <Value>150</Value>
                        </HeartRateBpm>
                    </Trackpoint>
                    <Trackpoint>
                        <Time>2026-09-02T06:39:59.000+01:00</Time>
                        <HeartRateBpm>
                            <Value>151</Value>
                        </HeartRateBpm>
                    </Trackpoint>
                    <Trackpoint>
                        <Time>2026-09-02T06:40:01.000+01:00</Time>
                        <HeartRateBpm>
                            <Value>150</Value>
                        </HeartRateBpm>
                    </Trackpoint>
                    <Trackpoint>
                        <Time>2026-09-02T06:40:03.000+01:00</Time>
                        <HeartRateBpm>
                            <Value>151</Value>
                        </HeartRateBpm>
                    </Trackpoint>
                    <Trackpoint>
                        <Time>2026-09-02T06:40:06.000+01:00</Time>
                        <HeartRateBpm>
                            <Value>151</Value>
                        </HeartRateBpm>
                    </Trackpoint>
                    <Trackpoint>
                        <Time>2026-09-02T06:40:09.000+01:00</Time>
                        <HeartRateBpm>
                            <Value>150</Value>
                        </HeartRateBpm>
                    </Trackpoint>
                    <Trackpoint>
                        <Time>2026-09-02T06:40:11.000+01:00</Time>
                        <HeartRateBpm>
                            <Value>151</Value>
                        </HeartRateBpm>
                    </Trackpoint>
                    <Trackpoint>
                        <Time>2026-09-02T06:40:14.000+01:00</Time>
                        <HeartRateBpm>
                            <Value>151</Value>
                        </HeartRateBpm>
                    </Trackpoint>
                    <Trackpoint>
                        <Time>2026-09-02T06:40:17.000+01:00</Time>
                        <HeartRateBpm>
                            <Value>150</Value>
                        </HeartRateBpm>
                    </Trackpoint>
                    <Trackpoint>
                        <Time>2026-09-02T06:40:19.000+01:00</Time>
                        <HeartRateBpm>
                            <Value>151</Value>
                        </HeartRateBpm>
                    </Trackpoint>
                    <Trackpoint>
                        <Time>2026-09-02T06:40:22.000+01:00</Time>
                        <HeartRateBpm>
                            <Value>151</Value>
                        </HeartRateBpm>
                    </Trackpoint>
                    <Trackpoint>
                        <Time>2026-09-02T06:40:23.000+01:00</Time>
                        <HeartRateBpm>
                            <Value>149</Value>
                        </HeartRateBpm>
                    </Trackpoint>
                    <Trackpoint>
                        <Time>2026-09-02T06:40:25.000+01:00</Time>
                        <HeartRateBpm>
                            <Value>151</Value>
                        </HeartRateBpm>
                    </Trackpoint>
                    <Trackpoint>
                        <Time>2026-09-02T06:40:27.000+01:00</Time>
                        <HeartRateBpm>
                            <Value>149</Value>
                        </HeartRateBpm>
                    </Trackpoint>
                    <Trackpoint>
                        <Time>2026-09-02T06:40:28.000+01:00</Time>
                        <HeartRateBpm>
                            <Value>150</Value>
                        </HeartRateBpm>
                    </Trackpoint>
                    <Trackpoint>
                        <Time>2026-09-02T06:40:31.000+01:00</Time>
                        <HeartRateBpm>
                            <Value>150</Value>
                        </HeartRateBpm>
                    </Trackpoint>
                    <Trackpoint>
                        <Time>2026-09-02T06:40:34.000+01:00</Time>
                        <HeartRateBpm>
                            <Value>149</Value>
                        </HeartRateBpm>
                    </Trackpoint>
                    <Trackpoint>
                        <Time>2026-09-02T06:40:37.000+01:00</Time>
                        <HeartRateBpm>
                            <Value>149</Value>
                        </HeartRateBpm>
                    </Trackpoint>
                    <Trackpoint>
                        <Time>2026-09-02T06:40:40.000+01:00</Time>
                        <HeartRateBpm>
                            <Value>149</Value>
                        </HeartRateBpm>
                    </Trackpoint>
                    <Trackpoint>
                        <Time>2026-09-02T06:40:43.000+01:00</Time>
                        <HeartRateBpm>
                            <Value>149</Value>
                        </HeartRateBpm>
                    </Trackpoint>
                    <Trackpoint>
                        <Time>2026-09-02T06:40:45.000+01:00</Time>
                        <HeartRateBpm>
                            <Value>150</Value>
                        </HeartRateBpm>
                    </Trackpoint>
                    <Trackpoint>
                        <Time>2026-09-02T06:40:47.000+01:00</Time>
                        <HeartRateBpm>
                            <Value>149</Value>
                        </HeartRateBpm>
                    </Trackpoint>
                    <Trackpoint>
                        <Time>2026-09-02T06:40:49.000+01:00</Time>
                        <HeartRateBpm>
                            <Value>150</Value>
                        </HeartRateBpm>
                    </Trackpoint>
                    <Trackpoint>
                        <Time>2026-09-02T06:40:51.000+01:00</Time>
                        <HeartRateBpm>
                            <Value>149</Value>
                        </HeartRateBpm>
                    </Trackpoint>
                    <Trackpoint>
                        <Time>2026-09-02T06:40:53.000+01:00</Time>
                        <HeartRateBpm>
                            <Value>150</Value>
                        </HeartRateBpm>
                    </Trackpoint>
                    <Trackpoint>
                        <Time>2026-09-02T06:40:55.000+01:00</Time>
                        <HeartRateBpm>
                            <Value>151</Value>
                        </HeartRateBpm>
                    </Trackpoint>
                    <Trackpoint>
                        <Time>2026-09-02T06:40:57.000+01:00</Time>
                        <HeartRateBpm>
                            <Value>150</Value>
                        </HeartRateBpm>
                    </Trackpoint>
                    <Trackpoint>
                        <Time>2026-09-02T06:40:58.000+01:00</Time>
                        <HeartRateBpm>
                            <Value>150</Value>
                        </HeartRateBpm>
                    </Trackpoint>
                    <Trackpoint>
                        <Time>2026-09-02T06:40:59.000+01:00</Time>
                        <HeartRateBpm>
                            <Value>151</Value>
                        </HeartRateBpm>
                    </Trackpoint>
                    <Trackpoint>
                        <Time>2026-09-02T06:41:02.000+01:00</Time>
                        <HeartRateBpm>
                            <Value>151</Value>
                        </HeartRateBpm>
                    </Trackpoint>
                    <Trackpoint>
                        <Time>2026-09-02T06:41:05.000+01:00</Time>
                        <HeartRateBpm>
                            <Value>151</Value>
                        </HeartRateBpm>
                    </Trackpoint>
                    <Trackpoint>
                        <Time>2026-09-02T06:41:08.000+01:00</Time>
                        <HeartRateBpm>
                            <Value>151</Value>
                        </HeartRateBpm>
                    </Trackpoint>
                    <Trackpoint>
                        <Time>2026-09-02T06:41:11.000+01:00</Time>
                        <HeartRateBpm>
                            <Value>153</Value>
                        </HeartRateBpm>
                    </Trackpoint>
                    <Trackpoint>
                        <Time>2026-09-02T06:41:13.000+01:00</Time>
                        <HeartRateBpm>
                            <Value>152</Value>
                        </HeartRateBpm>
                    </Trackpoint>
                    <Trackpoint>
                        <Time>2026-09-02T06:41:14.000+01:00</Time>
                        <HeartRateBpm>
                            <Value>153</Value>
                        </HeartRateBpm>
                    </Trackpoint>
                    <Trackpoint>
                        <Time>2026-09-02T06:41:16.000+01:00</Time>
                        <HeartRateBpm>
                            <Value>152</Value>
                        </HeartRateBpm>
                    </Trackpoint>
                    <Trackpoint>
                        <Time>2026-09-02T06:41:18.000+01:00</Time>
                        <HeartRateBpm>
                            <Value>153</Value>
                        </HeartRateBpm>
                    </Trackpoint>
                    <Trackpoint>
                        <Time>2026-09-02T06:41:21.000+01:00</Time>
                        <HeartRateBpm>
                            <Value>151</Value>
                        </HeartRateBpm>
                    </Trackpoint>
                    <Trackpoint>
                        <Time>2026-09-02T06:41:24.000+01:00</Time>
                        <HeartRateBpm>
                            <Value>151</Value>
                        </HeartRateBpm>
                    </Trackpoint>
                    <Trackpoint>
                        <Time>2026-09-02T06:41:25.000+01:00</Time>
                        <HeartRateBpm>
                            <Value>152</Value>
                        </HeartRateBpm>
                    </Trackpoint>
                    <Trackpoint>
                        <Time>2026-09-02T06:41:27.000+01:00</Time>
                        <HeartRateBpm>
                            <Value>151</Value>
                        </HeartRateBpm>
                    </Trackpoint>
                    <Trackpoint>
                        <Time>2026-09-02T06:41:30.000+01:00</Time>
                        <HeartRateBpm>
                            <Value>151</Value>
                        </HeartRateBpm>
                    </Trackpoint>
                    <Trackpoint>
                        <Time>2026-09-02T06:41:33.000+01:00</Time>
                        <HeartRateBpm>
                            <Value>153</Value>
                        </HeartRateBpm>
                    </Trackpoint>
                    <Trackpoint>
                        <Time>2026-09-02T06:41:35.000+01:00</Time>
                        <HeartRateBpm>
                            <Value>151</Value>
                        </HeartRateBpm>
                    </Trackpoint>
                    <Trackpoint>
                        <Time>2026-09-02T06:41:38.000+01:00</Time>
                        <HeartRateBpm>
                            <Value>151</Value>
                        </HeartRateBpm>
                    </Trackpoint>
                    <Trackpoint>
                        <Time>2026-09-02T06:41:41.000+01:00</Time>
                        <HeartRateBpm>
                            <Value>151</Value>
                        </HeartRateBpm>
                    </Trackpoint>
                    <Trackpoint>
                        <Time>2026-09-02T06:41:44.000+01:00</Time>
                        <HeartRateBpm>
                            <Value>151</Value>
                        </HeartRateBpm>
                    </Trackpoint>
                    <Trackpoint>
                        <Time>2026-09-02T06:41:47.000+01:00</Time>
                        <HeartRateBpm>
                            <Value>151</Value>
                        </HeartRateBpm>
                    </Trackpoint>
                    <Trackpoint>
                        <Time>2026-09-02T06:41:48.000+01:00</Time>
                        <HeartRateBpm>
                            <Value>152</Value>
                        </HeartRateBpm>
                    </Trackpoint>
                    <Trackpoint>
                        <Time>2026-09-02T06:41:51.000+01:00</Time>
                        <HeartRateBpm>
                            <Value>152</Value>
                        </HeartRateBpm>
                    </Trackpoint>
                    <Trackpoint>
                        <Time>2026-09-02T06:41:52.000+01:00</Time>
                        <HeartRateBpm>
                            <Value>153</Value>
                        </HeartRateBpm>
                    </Trackpoint>
                    <Trackpoint>
                        <Time>2026-09-02T06:41:54.000+01:00</Time>
                        <HeartRateBpm>
                            <Value>152</Value>
                        </HeartRateBpm>
                    </Trackpoint>
                    <Trackpoint>
                        <Time>2026-09-02T06:41:56.000+01:00</Time>
                        <HeartRateBpm>
                            <Value>153</Value>
                        </HeartRateBpm>
                    </Trackpoint>
                    <Trackpoint>
                        <Time>2026-09-02T06:41:59.000+01:00</Time>
                        <HeartRateBpm>
                            <Value>153</Value>
                        </HeartRateBpm>
                    </Trackpoint>
                    <Trackpoint>
                        <Time>2026-09-02T06:42:00.000+01:00</Time>
                        <HeartRateBpm>
                            <Value>152</Value>
                        </HeartRateBpm>
                    </Trackpoint>
                    <Trackpoint>
                        <Time>2026-09-02T06:42:02.000+01:00</Time>
                        <HeartRateBpm>
                            <Value>153</Value>
                        </HeartRateBpm>
                    </Trackpoint>
                    <Trackpoint>
                        <Time>2026-09-02T06:42:04.000+01:00</Time>
                        <HeartRateBpm>
                            <Value>157</Value>
                        </HeartRateBpm>
                    </Trackpoint>
                    <Trackpoint>
                        <Time>2026-09-02T06:42:06.000+01:00</Time>
                        <HeartRateBpm>
                            <Value>154</Value>
                        </HeartRateBpm>
                    </Trackpoint>
                    <Trackpoint>
                        <Time>2026-09-02T06:42:08.000+01:00</Time>
                        <HeartRateBpm>
                            <Value>153</Value>
                        </HeartRateBpm>
                    </Trackpoint>
                    <Trackpoint>
                        <Time>2026-09-02T06:42:10.000+01:00</Time>
                        <HeartRateBpm>
                            <Value>152</Value>
                        </HeartRateBpm>
                    </Trackpoint>
                    <Trackpoint>
                        <Time>2026-09-02T06:42:13.000+01:00</Time>
                        <HeartRateBpm>
                            <Value>152</Value>
                        </HeartRateBpm>
                    </Trackpoint>
                    <Trackpoint>
                        <Time>2026-09-02T06:42:16.000+01:00</Time>
                        <HeartRateBpm>
                            <Value>152</Value>
                        </HeartRateBpm>
                    </Trackpoint>
                    <Trackpoint>
                        <Time>2026-09-02T06:42:17.000+01:00</Time>
                        <HeartRateBpm>
                            <Value>151</Value>
                        </HeartRateBpm>
                    </Trackpoint>
                    <Trackpoint>
                        <Time>2026-09-02T06:42:20.000+01:00</Time>
                        <HeartRateBpm>
                            <Value>151</Value>
                        </HeartRateBpm>
                    </Trackpoint>
                    <Trackpoint>
                        <Time>2026-09-02T06:42:21.000+01:00</Time>
                        <HeartRateBpm>
                            <Value>150</Value>
                        </HeartRateBpm>
                    </Trackpoint>
                    <Trackpoint>
                        <Time>2026-09-02T06:42:24.000+01:00</Time>
                        <HeartRateBpm>
                            <Value>150</Value>
                        </HeartRateBpm>
                    </Trackpoint>
                    <Trackpoint>
                        <Time>2026-09-02T06:42:25.000+01:00</Time>
                        <HeartRateBpm>
                            <Value>149</Value>
                        </HeartRateBpm>
                    </Trackpoint>
                    <Trackpoint>
                        <Time>2026-09-02T06:42:27.000+01:00</Time>
                        <HeartRateBpm>
                            <Value>148</Value>
                        </HeartRateBpm>
                    </Trackpoint>
                    <Trackpoint>
                        <Time>2026-09-02T06:42:29.000+01:00</Time>
                        <HeartRateBpm>
                            <Value>147</Value>
                        </HeartRateBpm>
                    </Trackpoint>
                    <Trackpoint>
                        <Time>2026-09-02T06:42:32.000+01:00</Time>
                        <HeartRateBpm>
                            <Value>148</Value>
                        </HeartRateBpm>
                    </Trackpoint>
                    <Trackpoint>
                        <Time>2026-09-02T06:42:34.000+01:00</Time>
                        <HeartRateBpm>
                            <Value>147</Value>
                        </HeartRateBpm>
                    </Trackpoint>
                    <Trackpoint>
                        <Time>2026-09-02T06:42:36.000+01:00</Time>
                        <HeartRateBpm>
                            <Value>149</Value>
                        </HeartRateBpm>
                    </Trackpoint>
                    <Trackpoint>
                        <Time>2026-09-02T06:42:38.000+01:00</Time>
                        <HeartRateBpm>
                            <Value>146</Value>
                        </HeartRateBpm>
                    </Trackpoint>
                    <Trackpoint>
                        <Time>2026-09-02T06:42:40.000+01:00</Time>
                        <HeartRateBpm>
                            <Value>147</Value>
                        </HeartRateBpm>
                    </Trackpoint>
                    <Trackpoint>
                        <Time>2026-09-02T06:42:42.000+01:00</Time>
                        <HeartRateBpm>
                            <Value>146</Value>
                        </HeartRateBpm>
                    </Trackpoint>
                    <Trackpoint>
                        <Time>2026-09-02T06:42:45.000+01:00</Time>
                        <HeartRateBpm>
                            <Value>146</Value>
                        </HeartRateBpm>
                    </Trackpoint>
                    <Trackpoint>
                        <Time>2026-09-02T06:42:48.000+01:00</Time>
                        <HeartRateBpm>
                            <Value>145</Value>
                        </HeartRateBpm>
                    </Trackpoint>
                    <Trackpoint>
                        <Time>2026-09-02T06:42:51.000+01:00</Time>
                        <HeartRateBpm>
                            <Value>145</Value>
                        </HeartRateBpm>
                    </Trackpoint>
                    <Trackpoint>
                        <Time>2026-09-02T06:42:52.000+01:00</Time>
                        <HeartRateBpm>
                            <Value>144</Value>
                        </HeartRateBpm>
                    </Trackpoint>
                    <Trackpoint>
                        <Time>2026-09-02T06:42:54.000+01:00</Time>
                        <HeartRateBpm>
                            <Value>143</Value>
                        </HeartRateBpm>
                    </Trackpoint>
                    <Trackpoint>
                        <Time>2026-09-02T06:42:56.000+01:00</Time>
                        <HeartRateBpm>
                            <Value>142</Value>
                        </HeartRateBpm>
                    </Trackpoint>
                    <Trackpoint>
                        <Time>2026-09-02T06:42:57.000+01:00</Time>
                        <HeartRateBpm>
                            <Value>142</Value>
                        </HeartRateBpm>
                    </Trackpoint>
                    <Trackpoint>
                        <Time>2026-09-02T06:42:59.000+01:00</Time>
                        <HeartRateBpm>
                            <Value>141</Value>
                        </HeartRateBpm>
                    </Trackpoint>
                    <Trackpoint>
                        <Time>2026-09-02T06:43:02.000+01:00</Time>
                        <HeartRateBpm>
                            <Value>141</Value>
                        </HeartRateBpm>
                    </Trackpoint>
                    <Trackpoint>
                        <Time>2026-09-02T06:43:03.000+01:00</Time>
                        <HeartRateBpm>
                            <Value>140</Value>
                        </HeartRateBpm>
                    </Trackpoint>
                    <Trackpoint>
                        <Time>2026-09-02T06:43:05.000+01:00</Time>
                        <HeartRateBpm>
                            <Value>141</Value>
                        </HeartRateBpm>
                    </Trackpoint>
                    <Trackpoint>
                        <Time>2026-09-02T06:43:08.000+01:00</Time>
                        <HeartRateBpm>
                            <Value>140</Value>
                        </HeartRateBpm>
                    </Trackpoint>
                    <Trackpoint>
                        <Time>2026-09-02T06:43:11.000+01:00</Time>
                        <HeartRateBpm>
                            <Value>140</Value>
                        </HeartRateBpm>
                    </Trackpoint>
                    <Trackpoint>
                        <Time>2026-09-02T06:43:14.000+01:00</Time>
                        <HeartRateBpm>
                            <Value>140</Value>
                        </HeartRateBpm>
                    </Trackpoint>
                    <Trackpoint>
                        <Time>2026-09-02T06:43:17.000+01:00</Time>
                        <HeartRateBpm>
                            <Value>140</Value>
                        </HeartRateBpm>
                    </Trackpoint>
                    <Trackpoint>
                        <Time>2026-09-02T06:43:20.000+01:00</Time>
                        <HeartRateBpm>
                            <Value>140</Value>
                        </HeartRateBpm>
                    </Trackpoint>
                    <Trackpoint>
                        <Time>2026-09-02T06:43:22.000+01:00</Time>
                        <HeartRateBpm>
                            <Value>139</Value>
                        </HeartRateBpm>
                    </Trackpoint>
                    <Trackpoint>
                        <Time>2026-09-02T06:43:25.000+01:00</Time>
                        <HeartRateBpm>
                            <Value>139</Value>
                        </HeartRateBpm>
                    </Trackpoint>
                    <Trackpoint>
                        <Time>2026-09-02T06:43:26.000+01:00</Time>
                        <HeartRateBpm>
                            <Value>138</Value>
                        </HeartRateBpm>
                    </Trackpoint>
                    <Trackpoint>
                        <Time>2026-09-02T06:43:29.000+01:00</Time>
                        <HeartRateBpm>
                            <Value>136</Value>
                        </HeartRateBpm>
                    </Trackpoint>
                    <Trackpoint>
                        <Time>2026-09-02T06:43:30.000+01:00</Time>
                        <HeartRateBpm>
                            <Value>135</Value>
                        </HeartRateBpm>
                    </Trackpoint>
                    <Trackpoint>
                        <Time>2026-09-02T06:43:33.000+01:00</Time>
                        <HeartRateBpm>
                            <Value>135</Value>
                        </HeartRateBpm>
                    </Trackpoint>
                    <Trackpoint>
                        <Time>2026-09-02T06:43:36.000+01:00</Time>
                        <HeartRateBpm>
                            <Value>134</Value>
                        </HeartRateBpm>
                    </Trackpoint>
                    <Trackpoint>
                        <Time>2026-09-02T06:43:38.000+01:00</Time>
                        <HeartRateBpm>
                            <Value>133</Value>
                        </HeartRateBpm>
                    </Trackpoint>
                    <Trackpoint>
                        <Time>2026-09-02T06:43:40.000+01:00</Time>
                        <HeartRateBpm>
                            <Value>134</Value>
                        </HeartRateBpm>
                    </Trackpoint>
                    <Trackpoint>
                        <Time>2026-09-02T06:43:42.000+01:00</Time>
                        <HeartRateBpm>
                            <Value>133</Value>
                        </HeartRateBpm>
                    </Trackpoint>
                    <Trackpoint>
                        <Time>2026-09-02T06:43:45.000+01:00</Time>
                        <HeartRateBpm>
                            <Value>133</Value>
                        </HeartRateBpm>
                    </Trackpoint>
                    <Trackpoint>
                        <Time>2026-09-02T06:43:47.000+01:00</Time>
                        <HeartRateBpm>
                            <Value>132</Value>
                        </HeartRateBpm>
                    </Trackpoint>
                    <Trackpoint>
                        <Time>2026-09-02T06:43:49.000+01:00</Time>
                        <HeartRateBpm>
                            <Value>133</Value>
                        </HeartRateBpm>
                    </Trackpoint>
                    <Trackpoint>
                        <Time>2026-09-02T06:43:52.000+01:00</Time>
                        <HeartRateBpm>
                            <Value>133</Value>
                        </HeartRateBpm>
                    </Trackpoint>
                    <Trackpoint>
                        <Time>2026-09-02T06:43:55.000+01:00</Time>
                        <HeartRateBpm>
                            <Value>134</Value>
                        </HeartRateBpm>
                    </Trackpoint>
                    <Trackpoint>
                        <Time>2026-09-02T06:43:58.000+01:00</Time>
                        <HeartRateBpm>
                            <Value>134</Value>
                        </HeartRateBpm>
                    </Trackpoint>
                    <Trackpoint>
                        <Time>2026-09-02T06:44:01.000+01:00</Time>
                        <HeartRateBpm>
                            <Value>134</Value>
                        </HeartRateBpm>
                    </Trackpoint>
                    <Trackpoint>
                        <Time>2026-09-02T06:44:03.000+01:00</Time>
                        <HeartRateBpm>
                            <Value>134</Value>
                        </HeartRateBpm>
                    </Trackpoint>
                    <Trackpoint>
                        <Time>2026-09-02T06:44:06.000+01:00</Time>
                        <HeartRateBpm>
                            <Value>132</Value>
                        </HeartRateBpm>
                    </Trackpoint>
                    <Trackpoint>
                        <Time>2026-09-02T06:44:07.000+01:00</Time>
                        <HeartRateBpm>
                            <Value>129</Value>
                        </HeartRateBpm>
                    </Trackpoint>
                    <Trackpoint>
                        <Time>2026-09-02T06:44:09.000+01:00</Time>
                        <HeartRateBpm>
                            <Value>128</Value>
                        </HeartRateBpm>
                    </Trackpoint>
                    <Trackpoint>
                        <Time>2026-09-02T06:44:11.000+01:00</Time>
                        <HeartRateBpm>
                            <Value>126</Value>
                        </HeartRateBpm>
                    </Trackpoint>
                    <Trackpoint>
                        <Time>2026-09-02T06:44:13.000+01:00</Time>
                        <HeartRateBpm>
                            <Value>133</Value>
                        </HeartRateBpm>
                    </Trackpoint>
                    <Trackpoint>
                        <Time>2026-09-02T06:44:16.000+01:00</Time>
                        <HeartRateBpm>
                            <Value>133</Value>
                        </HeartRateBpm>
                    </Trackpoint>
                    <Trackpoint>
                        <Time>2026-09-02T06:44:17.000+01:00</Time>
                        <HeartRateBpm>
                            <Value>134</Value>
                        </HeartRateBpm>
                    </Trackpoint>
                    <Trackpoint>
                        <Time>2026-09-02T06:44:20.000+01:00</Time>
                        <HeartRateBpm>
                            <Value>134</Value>
                        </HeartRateBpm>
                    </Trackpoint>
                    <Trackpoint>
                        <Time>2026-09-02T06:44:21.000+01:00</Time>
                        <HeartRateBpm>
                            <Value>132</Value>
                        </HeartRateBpm>
                    </Trackpoint>
                    <Trackpoint>
                        <Time>2026-09-02T06:44:23.000+01:00</Time>
                        <HeartRateBpm>
                            <Value>131</Value>
                        </HeartRateBpm>
                    </Trackpoint>
                    <Trackpoint>
                        <Time>2026-09-02T06:44:26.000+01:00</Time>
                        <HeartRateBpm>
                            <Value>131</Value>
                        </HeartRateBpm>
                    </Trackpoint>
                    <Trackpoint>
                        <Time>2026-09-02T06:44:27.000+01:00</Time>
                        <HeartRateBpm>
                            <Value>130</Value>
                        </HeartRateBpm>
                    </Trackpoint>
                    <Trackpoint>
                        <Time>2026-09-02T06:44:28.000+01:00</Time>
                        <HeartRateBpm>
                            <Value>131</Value>
                        </HeartRateBpm>
                    </Trackpoint>
                    <Trackpoint>
                        <Time>2026-09-02T06:44:30.000+01:00</Time>
                        <HeartRateBpm>
                            <Value>130</Value>
                        </HeartRateBpm>
                    </Trackpoint>
                    <Trackpoint>
                        <Time>2026-09-02T06:44:32.000+01:00</Time>
                        <HeartRateBpm>
                            <Value>129</Value>
                        </HeartRateBpm>
                    </Trackpoint>
                    <Trackpoint>
                        <Time>2026-09-02T06:44:34.000+01:00</Time>
                        <HeartRateBpm>
                            <Value>125</Value>
                        </HeartRateBpm>
                    </Trackpoint>
                    <Trackpoint>
                        <Time>2026-09-02T06:44:37.000+01:00</Time>
                        <HeartRateBpm>
                            <Value>125</Value>
                        </HeartRateBpm>
                    </Trackpoint>
                    <Trackpoint>
                        <Time>2026-09-02T06:44:38.000+01:00</Time>
                        <HeartRateBpm>
                            <Value>123</Value>
                        </HeartRateBpm>
                    </Trackpoint>
                    <Trackpoint>
                        <Time>2026-09-02T06:44:40.000+01:00</Time>
                        <HeartRateBpm>
                            <Value>122</Value>
                        </HeartRateBpm>
                    </Trackpoint>
                    <Trackpoint>
                        <Time>2026-09-02T06:44:42.000+01:00</Time>
                        <HeartRateBpm>
                            <Value>125</Value>
                        </HeartRateBpm>
                    </Trackpoint>
                    <Trackpoint>
                        <Time>2026-09-02T06:44:45.000+01:00</Time>
                        <HeartRateBpm>
                            <Value>125</Value>
                        </HeartRateBpm>
                    </Trackpoint>
                    <Trackpoint>
                        <Time>2026-09-02T06:44:46.000+01:00</Time>
                        <HeartRateBpm>
                            <Value>123</Value>
                        </HeartRateBpm>
                    </Trackpoint>
                    <Trackpoint>
                        <Time>2026-09-02T06:44:48.000+01:00</Time>
                        <HeartRateBpm>
                            <Value>124</Value>
                        </HeartRateBpm>
                    </Trackpoint>
                    <Trackpoint>
                        <Time>2026-09-02T06:44:51.000+01:00</Time>
                        <HeartRateBpm>
                            <Value>123</Value>
                        </HeartRateBpm>
                    </Trackpoint>
                    <Trackpoint>
                        <Time>2026-09-02T06:44:53.000+01:00</Time>
                        <HeartRateBpm>
                            <Value>121</Value>
                        </HeartRateBpm>
                    </Trackpoint>
                    <Trackpoint>
                        <Time>2026-09-02T06:44:55.000+01:00</Time>
                        <HeartRateBpm>
                            <Value>119</Value>
                        </HeartRateBpm>
                    </Trackpoint>
                    <Trackpoint>
                        <Time>2026-09-02T06:44:56.000+01:00</Time>
                        <HeartRateBpm>
                            <Value>119</Value>
                        </HeartRateBpm>
                    </Trackpoint>
                    <Trackpoint>
                        <Time>2026-09-02T06:44:57.000+01:00</Time>
                        <HeartRateBpm>
                            <Value>118</Value>
                        </HeartRateBpm>
                    </Trackpoint>
                    <Trackpoint>
                        <Time>2026-09-02T06:44:59.000+01:00</Time>
                        <HeartRateBpm>
                            <Value>117</Value>
                        </HeartRateBpm>
                    </Trackpoint>
                    <Trackpoint>
                        <Time>2026-09-02T06:45:02.000+01:00</Time>
                        <HeartRateBpm>
                            <Value>117</Value>
                        </HeartRateBpm>
                    </Trackpoint>
                    <Trackpoint>
                        <Time>2026-09-02T06:45:03.000+01:00</Time>
                        <HeartRateBpm>
                            <Value>116</Value>
                        </HeartRateBpm>
                    </Trackpoint>
                    <Trackpoint>
                        <Time>2026-09-02T06:45:04.000+01:00</Time>
                        <HeartRateBpm>
                            <Value>119</Value>
                        </HeartRateBpm>
                    </Trackpoint>
                    <Trackpoint>
                        <Time>2026-09-02T06:45:06.000+01:00</Time>
                        <HeartRateBpm>
                            <Value>123</Value>
                        </HeartRateBpm>
                    </Trackpoint>
                    <Trackpoint>
                        <Time>2026-09-02T06:45:08.000+01:00</Time>
                        <HeartRateBpm>
                            <Value>125</Value>
                        </HeartRateBpm>
                    </Trackpoint>
                    <Trackpoint>
                        <Time>2026-09-02T06:45:11.000+01:00</Time>
                        <HeartRateBpm>
                            <Value>125</Value>
                        </HeartRateBpm>
                    </Trackpoint>
                    <Trackpoint>
                        <Time>2026-09-02T06:45:14.000+01:00</Time>
                        <HeartRateBpm>
                            <Value>124</Value>
                        </HeartRateBpm>
                    </Trackpoint>
                    <Trackpoint>
                        <Time>2026-09-02T06:45:17.000+01:00</Time>
                        <HeartRateBpm>
                            <Value>123</Value>
                        </HeartRateBpm>
                    </Trackpoint>
                    <Trackpoint>
                        <Time>2026-09-02T06:45:18.000+01:00</Time>
                        <HeartRateBpm>
                            <Value>124</Value>
                        </HeartRateBpm>
                    </Trackpoint>
                    <Trackpoint>
                        <Time>2026-09-02T06:45:21.000+01:00</Time>
                        <HeartRateBpm>
                            <Value>126</Value>
                        </HeartRateBpm>
                    </Trackpoint>
                    <Trackpoint>
                        <Time>2026-09-02T06:45:23.000+01:00</Time>
                        <HeartRateBpm>
                            <Value>125</Value>
                        </HeartRateBpm>
                    </Trackpoint>
                    <Trackpoint>
                        <Time>2026-09-02T06:45:25.000+01:00</Time>
                        <HeartRateBpm>
                            <Value>124</Value>
                        </HeartRateBpm>
                    </Trackpoint>
                    <Trackpoint>
                        <Time>2026-09-02T06:45:27.000+01:00</Time>
                        <HeartRateBpm>
                            <Value>123</Value>
                        </HeartRateBpm>
                    </Trackpoint>
                    <Trackpoint>
                        <Time>2026-09-02T06:45:29.000+01:00</Time>
                        <HeartRateBpm>
                            <Value>121</Value>
                        </HeartRateBpm>
                    </Trackpoint>
                    <Trackpoint>
                        <Time>2026-09-02T06:45:31.000+01:00</Time>
                        <HeartRateBpm>
                            <Value>122</Value>
                        </HeartRateBpm>
                    </Trackpoint>
                    <Trackpoint>
                        <Time>2026-09-02T06:45:33.000+01:00</Time>
                        <HeartRateBpm>
                            <Value>118</Value>
                        </HeartRateBpm>
                    </Trackpoint>
                    <Trackpoint>
                        <Time>2026-09-02T06:45:35.000+01:00</Time>
                        <HeartRateBpm>
                            <Value>120</Value>
                        </HeartRateBpm>
                    </Trackpoint>
                    <Trackpoint>
                        <Time>2026-09-02T06:45:37.000+01:00</Time>
                        <HeartRateBpm>
                            <Value>117</Value>
                        </HeartRateBpm>
                    </Trackpoint>
                    <Trackpoint>
                        <Time>2026-09-02T06:45:39.000+01:00</Time>
                        <HeartRateBpm>
                            <Value>119</Value>
                        </HeartRateBpm>
                    </Trackpoint>
                    <Trackpoint>
                        <Time>2026-09-02T06:45:41.000+01:00</Time>
                        <HeartRateBpm>
                            <Value>115</Value>
                        </HeartRateBpm>
                    </Trackpoint>
                    <Trackpoint>
                        <Time>2026-09-02T06:45:43.000+01:00</Time>
                        <HeartRateBpm>
                            <Value>114</Value>
                        </HeartRateBpm>
                    </Trackpoint>
                    <Trackpoint>
                        <Time>2026-09-02T06:45:44.000+01:00</Time>
                        <HeartRateBpm>
                            <Value>113</Value>
                        </HeartRateBpm>
                    </Trackpoint>
                    <Trackpoint>
                        <Time>2026-09-02T06:45:47.000+01:00</Time>
                        <HeartRateBpm>
                            <Value>113</Value>
                        </HeartRateBpm>
                    </Trackpoint>
                    <Trackpoint>
                        <Time>2026-09-02T06:45:48.000+01:00</Time>
                        <HeartRateBpm>
                            <Value>111</Value>
                        </HeartRateBpm>
                    </Trackpoint>
                    <Trackpoint>
                        <Time>2026-09-02T06:45:49.000+01:00</Time>
                        <HeartRateBpm>
                            <Value>111</Value>
                        </HeartRateBpm>
                    </Trackpoint>
                    <Trackpoint>
                        <Time>2026-09-02T06:45:50.000+01:00</Time>
                        <HeartRateBpm>
                            <Value>112</Value>
                        </HeartRateBpm>
                    </Trackpoint>
                    <Trackpoint>
                        <Time>2026-09-02T06:45:53.000+01:00</Time>
                        <HeartRateBpm>
                            <Value>112</Value>
                        </HeartRateBpm>
                    </Trackpoint>
                    <Trackpoint>
                        <Time>2026-09-02T06:45:54.000+01:00</Time>
                        <HeartRateBpm>
                            <Value>114</Value>
                        </HeartRateBpm>
                    </Trackpoint>
                    <Trackpoint>
                        <Time>2026-09-02T06:45:56.000+01:00</Time>
                        <HeartRateBpm>
                            <Value>115</Value>
                        </HeartRateBpm>
                    </Trackpoint>
                    <Trackpoint>
                        <Time>2026-09-02T06:45:59.000+01:00</Time>
                        <HeartRateBpm>
                            <Value>115</Value>
                        </HeartRateBpm>
                    </Trackpoint>
                    <Trackpoint>
                        <Time>2026-09-02T06:46:02.000+01:00</Time>
                        <HeartRateBpm>
                            <Value>115</Value>
                        </HeartRateBpm>
                    </Trackpoint>
                    <Trackpoint>
                        <Time>2026-09-02T06:46:04.000+01:00</Time>
                        <HeartRateBpm>
                            <Value>116</Value>
                        </HeartRateBpm>
                    </Trackpoint>
                    <Trackpoint>
                        <Time>2026-09-02T06:46:06.000+01:00</Time>
                        <HeartRateBpm>
                            <Value>117</Value>
                        </HeartRateBpm>
                    </Trackpoint>
                    <Trackpoint>
                        <Time>2026-09-02T06:46:09.000+01:00</Time>
                        <HeartRateBpm>
                            <Value>116</Value>
                        </HeartRateBpm>
                    </Trackpoint>
                    <Trackpoint>
                        <Time>2026-09-02T06:46:11.000+01:00</Time>
                        <HeartRateBpm>
                            <Value>115</Value>
                        </HeartRateBpm>
                    </Trackpoint>
                    <Trackpoint>
                        <Time>2026-09-02T06:46:14.000+01:00</Time>
                        <HeartRateBpm>
                            <Value>115</Value>
                        </HeartRateBpm>
                    </Trackpoint>
                    <Trackpoint>
                        <Time>2026-09-02T06:46:15.000+01:00</Time>
                        <HeartRateBpm>
                            <Value>114</Value>
                        </HeartRateBpm>
                    </Trackpoint>
                    <Trackpoint>
                        <Time>2026-09-02T06:46:18.000+01:00</Time>
                        <HeartRateBpm>
                            <Value>114</Value>
                        </HeartRateBpm>
                    </Trackpoint>
                    <Trackpoint>
                        <Time>2026-09-02T06:46:19.000+01:00</Time>
                        <HeartRateBpm>
                            <Value>113</Value>
                        </HeartRateBpm>
                    </Trackpoint>
                    <Trackpoint>
                        <Time>2026-09-02T06:46:21.000+01:00</Time>
                        <HeartRateBpm>
                            <Value>112</Value>
                        </HeartRateBpm>
                    </Trackpoint>
                    <Trackpoint>
                        <Time>2026-09-02T06:46:23.000+01:00</Time>
                        <HeartRateBpm>
                            <Value>111</Value>
                        </HeartRateBpm>
                    </Trackpoint>
                    <Trackpoint>
                        <Time>2026-09-02T06:46:26.000+01:00</Time>
                        <HeartRateBpm>
                            <Value>111</Value>
                        </HeartRateBpm>
                    </Trackpoint>
                    <Trackpoint>
                        <Time>2026-09-02T06:46:29.000+01:00</Time>
                        <HeartRateBpm>
                            <Value>111</Value>
                        </HeartRateBpm>
                    </Trackpoint>
                    <Trackpoint>
                        <Time>2026-09-02T06:46:30.000+01:00</Time>
                        <HeartRateBpm>
                            <Value>112</Value>
                        </HeartRateBpm>
                    </Trackpoint>
                    <Trackpoint>
                        <Time>2026-09-02T06:46:33.000+01:00</Time>
                        <HeartRateBpm>
                            <Value>113</Value>
                        </HeartRateBpm>
                    </Trackpoint>
                    <Trackpoint>
                        <Time>2026-09-02T06:46:36.000+01:00</Time>
                        <HeartRateBpm>
                            <Value>114</Value>
                        </HeartRateBpm>
                    </Trackpoint>
                    <Trackpoint>
                        <Time>2026-09-02T06:46:39.000+01:00</Time>
                        <HeartRateBpm>
                            <Value>114</Value>
                        </HeartRateBpm>
                    </Trackpoint>
                    <Trackpoint>
                        <Time>2026-09-02T06:46:40.000+01:00</Time>
                        <HeartRateBpm>
                            <Value>113</Value>
                        </HeartRateBpm>
                    </Trackpoint>
                    <Trackpoint>
                        <Time>2026-09-02T06:46:43.000+01:00</Time>
                        <HeartRateBpm>
                            <Value>113</Value>
                        </HeartRateBpm>
                    </Trackpoint>
                    <Trackpoint>
                        <Time>2026-09-02T06:46:46.000+01:00</Time>
                        <HeartRateBpm>
                            <Value>113</Value>
                        </HeartRateBpm>
                    </Trackpoint>
                    <Trackpoint>
                        <Time>2026-09-02T06:46:49.000+01:00</Time>
                        <HeartRateBpm>
                            <Value>113</Value>
                        </HeartRateBpm>
                    </Trackpoint>
                    <Trackpoint>
                        <Time>2026-09-02T06:46:50.000+01:00</Time>
                        <HeartRateBpm>
                            <Value>113</Value>
                        </HeartRateBpm>
                    </Trackpoint>
                    <Trackpoint>
                        <Time>2026-09-02T06:46:52.000+01:00</Time>
                        <HeartRateBpm>
                            <Value>114</Value>
                        </HeartRateBpm>
                    </Trackpoint>
                    <Trackpoint>
                        <Time>2026-09-02T06:46:55.000+01:00</Time>
                        <HeartRateBpm>
                            <Value>114</Value>
                        </HeartRateBpm>
                    </Trackpoint>
                    <Trackpoint>
                        <Time>2026-09-02T06:46:57.000+01:00</Time>
                        <HeartRateBpm>
                            <Value>113</Value>
                        </HeartRateBpm>
                    </Trackpoint>
                    <Trackpoint>
                        <Time>2026-09-02T06:47:00.000+01:00</Time>
                        <HeartRateBpm>
                            <Value>113</Value>
                        </HeartRateBpm>
                    </Trackpoint>
                    <Trackpoint>
                        <Time>2026-09-02T06:47:03.000+01:00</Time>
                        <HeartRateBpm>
                            <Value>113</Value>
                        </HeartRateBpm>
                    </Trackpoint>
                </Track>
            </Lap>
            <Creator xsi:type="Device_t" xmlns:xsi="http://www.w3.org/2001/XMLSchema-instance">
                <Name>Google Pixel Watch 4</Name>
                <UnitId>0</UnitId>
                <ProductID>0</ProductID>
            </Creator>
        </Activity>
    </Activities>
</TrainingCenterDatabase>
