<?xml version="1.0" encoding="UTF-8" standalone="yes"?>
<TrainingCenterDatabase xmlns="http://www.garmin.com/xmlschemas/TrainingCenterDatabase/v2">
    <Activities>
        <Activity Sport="Other">
            <Id>2026-09-04T06:02:42.000+01:00</Id>
            <Lap StartTime="2026-09-04T06:02:42.000+01:00">
                <TotalTimeSeconds>2708.0</TotalTimeSeconds>
                <DistanceMeters>5713.024</DistanceMeters>
                <Calories>517</Calories>
                <Intensity>Active</Intensity>
                <TriggerMethod>Manual</TriggerMethod>
                <Track>
                    <Trackpoint>
                        <Time>2026-09-04T06:02:43.000+01:00</Time>
                        <HeartRateBpm>
                            <Value>75</Value>
                        </HeartRateBpm>
                    </Trackpoint>
                    <Trackpoint>
                        <Time>2026-09-04T06:02:45.000+01:00</Time>
                        <HeartRateBpm>
                            <Value>70</Value>
                        </HeartRateBpm>
                    </Trackpoint>
                    <Trackpoint>
                        <Time>2026-09-04T06:02:48.000+01:00</Time>
                        <HeartRateBpm>
                            <Value>70</Value>
                        </HeartRateBpm>
                    </Trackpoint>
                    <Trackpoint>
                        <Time>2026-09-04T06:02:51.000+01:00</Time>
                        <HeartRateBpm>
                            <Value>70</Value>
                        </HeartRateBpm>
                    </Trackpoint>
                    <Trackpoint>
                        <Time>2026-09-04T06:02:54.000+01:00</Time>
                        <HeartRateBpm>
                            <Value>72</Value>
                        </HeartRateBpm>
                    </Trackpoint>
                    <Trackpoint>
                        <Time>2026-09-04T06:02:56.000+01:00</Time>
                        <HeartRateBpm>
                            <Value>73</Value>
                        </HeartRateBpm>
                    </Trackpoint>
                    <Trackpoint>
                        <Time>2026-09-04T06:02:58.000+01:00</Time>
                        <HeartRateBpm>
                            <Value>74</Value>
                        </HeartRateBpm>
                    </Trackpoint>
                    <Trackpoint>
                        <Time>2026-09-04T06:03:00.000+01:00</Time>
                        <HeartRateBpm>
                            <Value>77</Value>
                        </HeartRateBpm>
                    </Trackpoint>
                    <Trackpoint>
                        <Time>2026-09-04T06:03:02.000+01:00</Time>
                        <HeartRateBpm>
                            <Value>75</Value>
                        </HeartRateBpm>
                    </Trackpoint>
                    <Trackpoint>
                        <Time>2026-09-04T06:03:04.000+01:00</Time>
                        <HeartRateBpm>
                            <Value>74</Value>
                        </HeartRateBpm>
                    </Trackpoint>
                    <Trackpoint>
                        <Time>2026-09-04T06:03:06.000+01:00</Time>
                        <HeartRateBpm>
                            <Value>76</Value>
                        </HeartRateBpm>
                    </Trackpoint>
                    <Trackpoint>
                        <Time>2026-09-04T06:03:08.000+01:00</Time>
                        <HeartRateBpm>
                            <Value>74</Value>
                        </HeartRateBpm>
                    </Trackpoint>
                    <Trackpoint>
                        <Time>2026-09-04T06:03:10.000+01:00</Time>
                        <HeartRateBpm>
                            <Value>76</Value>
                        </HeartRateBpm>
                    </Trackpoint>
                    <Trackpoint>
                        <Time>2026-09-04T06:03:12.000+01:00</Time>
                        <HeartRateBpm>
                            <Value>75</Value>
                        </HeartRateBpm>
                    </Trackpoint>
                    <Trackpoint>
                        <Time>2026-09-04T06:03:13.000+01:00</Time>
                        <HeartRateBpm>
                            <Value>76</Value>
                        </HeartRateBpm>
                    </Trackpoint>
                    <Trackpoint>
                        <Time>2026-09-04T06:03:15.000+01:00</Time>
                        <HeartRateBpm>
                            <Value>77</Value>
                        </HeartRateBpm>
                    </Trackpoint>
                    <Trackpoint>
                        <Time>2026-09-04T06:03:17.000+01:00</Time>
                        <HeartRateBpm>
                            <Value>79</Value>
                        </HeartRateBpm>
                    </Trackpoint>
                    <Trackpoint>
                        <Time>2026-09-04T06:03:20.000+01:00</Time>
                        <HeartRateBpm>
                            <Value>79</Value>
                        </HeartRateBpm>
                    </Trackpoint>
                    <Trackpoint>
                        <Time>2026-09-04T06:03:21.000+01:00</Time>
                        <HeartRateBpm>
                            <Value>82</Value>
                        </HeartRateBpm>
                    </Trackpoint>
                    <Trackpoint>
                        <Time>2026-09-04T06:03:23.000+01:00</Time>
                        <HeartRateBpm>
                            <Value>78</Value>
                        </HeartRateBpm>
                    </Trackpoint>
                    <Trackpoint>
                        <Time>2026-09-04T06:03:25.000+01:00</Time>
                        <HeartRateBpm>
                            <Value>82</Value>
                        </HeartRateBpm>
                    </Trackpoint>
                    <Trackpoint>
                        <Time>2026-09-04T06:03:27.000+01:00</Time>
                        <HeartRateBpm>
                            <Value>84</Value>
                        </HeartRateBpm>
                    </Trackpoint>
                    <Trackpoint>
                        <Time>2026-09-04T06:03:29.000+01:00</Time>
                        <HeartRateBpm>
                            <Value>80</Value>
                        </HeartRateBpm>
                    </Trackpoint>
                    <Trackpoint>
                        <Time>2026-09-04T06:03:31.000+01:00</Time>
                        <HeartRateBpm>
                            <Value>84</Value>
                        </HeartRateBpm>
                    </Trackpoint>
                    <Trackpoint>
                        <Time>2026-09-04T06:03:33.000+01:00</Time>
                        <HeartRateBpm>
                            <Value>83</Value>
                        </HeartRateBpm>
                    </Trackpoint>
                    <Trackpoint>
                        <Time>2026-09-04T06:03:35.000+01:00</Time>
                        <HeartRateBpm>
                            <Value>83</Value>
                        </HeartRateBpm>
                    </Trackpoint>
                    <Trackpoint>
                        <Time>2026-09-04T06:03:38.000+01:00</Time>
                        <HeartRateBpm>
                            <Value>81</Value>
                        </HeartRateBpm>
                    </Trackpoint>
                    <Trackpoint>
                        <Time>2026-09-04T06:03:39.000+01:00</Time>
                        <HeartRateBpm>
                            <Value>81</Value>
                        </HeartRateBpm>
                    </Trackpoint>
                    <Trackpoint>
                        <Time>2026-09-04T06:03:40.000+01:00</Time>
                        <HeartRateBpm>
                            <Value>86</Value>
                        </HeartRateBpm>
                    </Trackpoint>
                    <Trackpoint>
                        <Time>2026-09-04T06:03:42.000+01:00</Time>
                        <HeartRateBpm>
                            <Value>90</Value>
                        </HeartRateBpm>
                    </Trackpoint>
                    <Trackpoint>
                        <Time>2026-09-04T06:03:44.000+01:00</Time>
                        <HeartRateBpm>
                            <Value>91</Value>
                        </HeartRateBpm>
                    </Trackpoint>
                    <Trackpoint>
                        <Time>2026-09-04T06:03:47.000+01:00</Time>
                        <HeartRateBpm>
                            <Value>91</Value>
                        </HeartRateBpm>
                    </Trackpoint>
                    <Trackpoint>
                        <Time>2026-09-04T06:03:48.000+01:00</Time>
                        <HeartRateBpm>
                            <Value>94</Value>
                        </HeartRateBpm>
                    </Trackpoint>
                    <Trackpoint>
                        <Time>2026-09-04T06:03:50.000+01:00</Time>
                        <HeartRateBpm>
                            <Value>95</Value>
                        </HeartRateBpm>
                    </Trackpoint>
                    <Trackpoint>
                        <Time>2026-09-04T06:03:53.000+01:00</Time>
                        <HeartRateBpm>
                            <Value>95</Value>
                        </HeartRateBpm>
                    </Trackpoint>
                    <Trackpoint>
                        <Time>2026-09-04T06:03:54.000+01:00</Time>
                        <HeartRateBpm>
                            <Value>96</Value>
                        </HeartRateBpm>
                    </Trackpoint>
                    <Trackpoint>
                        <Time>2026-09-04T06:03:56.000+01:00</Time>
                        <HeartRateBpm>
                            <Value>97</Value>
                        </HeartRateBpm>
                    </Trackpoint>
                    <Trackpoint>
                        <Time>2026-09-04T06:03:58.000+01:00</Time>
                        <HeartRateBpm>
                            <Value>97</Value>
                        </HeartRateBpm>
                    </Trackpoint>
                    <Trackpoint>
                        <Time>2026-09-04T06:04:00.000+01:00</Time>
                        <HeartRateBpm>
                            <Value>98</Value>
                        </HeartRateBpm>
                    </Trackpoint>
                    <Trackpoint>
                        <Time>2026-09-04T06:04:01.000+01:00</Time>
                        <HeartRateBpm>
                            <Value>98</Value>
                        </HeartRateBpm>
                    </Trackpoint>
                    <Trackpoint>
                        <Time>2026-09-04T06:04:03.000+01:00</Time>
                        <HeartRateBpm>
                            <Value>101</Value>
                        </HeartRateBpm>
                    </Trackpoint>
                    <Trackpoint>
                        <Time>2026-09-04T06:04:05.000+01:00</Time>
                        <HeartRateBpm>
                            <Value>100</Value>
                        </HeartRateBpm>
                    </Trackpoint>
                    <Trackpoint>
                        <Time>2026-09-04T06:04:07.000+01:00</Time>
                        <HeartRateBpm>
                            <Value>102</Value>
                        </HeartRateBpm>
                    </Trackpoint>
                    <Trackpoint>
                        <Time>2026-09-04T06:04:09.000+01:00</Time>
                        <HeartRateBpm>
                            <Value>101</Value>
                        </HeartRateBpm>
                    </Trackpoint>
                    <Trackpoint>
                        <Time>2026-09-04T06:04:11.000+01:00</Time>
                        <HeartRateBpm>
                            <Value>106</Value>
                        </HeartRateBpm>
                    </Trackpoint>
                    <Trackpoint>
                        <Time>2026-09-04T06:04:13.000+01:00</Time>
                        <HeartRateBpm>
                            <Value>102</Value>
                        </HeartRateBpm>
                    </Trackpoint>
                    <Trackpoint>
                        <Time>2026-09-04T06:04:15.000+01:00</Time>
                        <HeartRateBpm>
                            <Value>101</Value>
                        </HeartRateBpm>
                    </Trackpoint>
                    <Trackpoint>
                        <Time>2026-09-04T06:04:17.000+01:00</Time>
                        <HeartRateBpm>
                            <Value>100</Value>
                        </HeartRateBpm>
                    </Trackpoint>
                    <Trackpoint>
                        <Time>2026-09-04T06:04:20.000+01:00</Time>
                        <HeartRateBpm>
                            <Value>100</Value>
                        </HeartRateBpm>
                    </Trackpoint>
                    <Trackpoint>
                        <Time>2026-09-04T06:04:21.000+01:00</Time>
                        <HeartRateBpm>
                            <Value>101</Value>
                        </HeartRateBpm>
                    </Trackpoint>
                    <Trackpoint>
                        <Time>2026-09-04T06:04:23.000+01:00</Time>
                        <HeartRateBpm>
                            <Value>100</Value>
                        </HeartRateBpm>
                    </Trackpoint>
                    <Trackpoint>
                        <Time>2026-09-04T06:04:24.000+01:00</Time>
                        <HeartRateBpm>
                            <Value>101</Value>
                        </HeartRateBpm>
                    </Trackpoint>
                    <Trackpoint>
                        <Time>2026-09-04T06:04:27.000+01:00</Time>
                        <HeartRateBpm>
                            <Value>101</Value>
                        </HeartRateBpm>
                    </Trackpoint>
                    <Trackpoint>
                        <Time>2026-09-04T06:04:30.000+01:00</Time>
                        <HeartRateBpm>
                            <Value>99</Value>
                        </HeartRateBpm>
                    </Trackpoint>
                    <Trackpoint>
                        <Time>2026-09-04T06:04:31.000+01:00</Time>
                        <HeartRateBpm>
                            <Value>99</Value>
                        </HeartRateBpm>
                    </Trackpoint>
                    <Trackpoint>
                        <Time>2026-09-04T06:04:34.000+01:00</Time>
                        <HeartRateBpm>
                            <Value>98</Value>
                        </HeartRateBpm>
                    </Trackpoint>
                    <Trackpoint>
                        <Time>2026-09-04T06:04:37.000+01:00</Time>
                        <HeartRateBpm>
                            <Value>98</Value>
                        </HeartRateBpm>
                    </Trackpoint>
                    <Trackpoint>
                        <Time>2026-09-04T06:04:38.000+01:00</Time>
                        <HeartRateBpm>
                            <Value>99</Value>
                        </HeartRateBpm>
                    </Trackpoint>
                    <Trackpoint>
                        <Time>2026-09-04T06:04:41.000+01:00</Time>
                        <HeartRateBpm>
                            <Value>99</Value>
                        </HeartRateBpm>
                    </Trackpoint>
                    <Trackpoint>
                        <Time>2026-09-04T06:04:42.000+01:00</Time>
                        <HeartRateBpm>
                            <Value>100</Value>
                        </HeartRateBpm>
                    </Trackpoint>
                    <Trackpoint>
                        <Time>2026-09-04T06:04:45.000+01:00</Time>
                        <HeartRateBpm>
                            <Value>100</Value>
                        </HeartRateBpm>
                    </Trackpoint>
                    <Trackpoint>
                        <Time>2026-09-04T06:04:46.000+01:00</Time>
                        <HeartRateBpm>
                            <Value>101</Value>
                        </HeartRateBpm>
                    </Trackpoint>
                    <Trackpoint>
                        <Time>2026-09-04T06:04:47.000+01:00</Time>
                        <HeartRateBpm>
                            <Value>100</Value>
                        </HeartRateBpm>
                    </Trackpoint>
                    <Trackpoint>
                        <Time>2026-09-04T06:04:49.000+01:00</Time>
                        <HeartRateBpm>
                            <Value>101</Value>
                        </HeartRateBpm>
                    </Trackpoint>
                    <Trackpoint>
                        <Time>2026-09-04T06:04:52.000+01:00</Time>
                        <HeartRateBpm>
                            <Value>101</Value>
                        </HeartRateBpm>
                    </Trackpoint>
                    <Trackpoint>
                        <Time>2026-09-04T06:04:55.000+01:00</Time>
                        <HeartRateBpm>
                            <Value>101</Value>
                        </HeartRateBpm>
                    </Trackpoint>
                    <Trackpoint>
                        <Time>2026-09-04T06:04:57.000+01:00</Time>
                        <HeartRateBpm>
                            <Value>100</Value>
                        </HeartRateBpm>
                    </Trackpoint>
                    <Trackpoint>
                        <Time>2026-09-04T06:04:59.000+01:00</Time>
                        <HeartRateBpm>
                            <Value>102</Value>
                        </HeartRateBpm>
                    </Trackpoint>
                    <Trackpoint>
                        <Time>2026-09-04T06:05:01.000+01:00</Time>
                        <HeartRateBpm>
                            <Value>101</Value>
                        </HeartRateBpm>
                    </Trackpoint>
                    <Trackpoint>
                        <Time>2026-09-04T06:05:03.000+01:00</Time>
                        <HeartRateBpm>
                            <Value>99</Value>
                        </HeartRateBpm>
                    </Trackpoint>
                    <Trackpoint>
                        <Time>2026-09-04T06:05:06.000+01:00</Time>
                        <HeartRateBpm>
                            <Value>99</Value>
                        </HeartRateBpm>
                    </Trackpoint>
                    <Trackpoint>
                        <Time>2026-09-04T06:05:07.000+01:00</Time>
                        <HeartRateBpm>
                            <Value>98</Value>
                        </HeartRateBpm>
                    </Trackpoint>
                    <Trackpoint>
                        <Time>2026-09-04T06:05:09.000+01:00</Time>
                        <HeartRateBpm>
                            <Value>99</Value>
                        </HeartRateBpm>
                    </Trackpoint>
                    <Trackpoint>
                        <Time>2026-09-04T06:05:11.000+01:00</Time>
                        <HeartRateBpm>
                            <Value>98</Value>
                        </HeartRateBpm>
                    </Trackpoint>
                    <Trackpoint>
                        <Time>2026-09-04T06:05:12.000+01:00</Time>
                        <HeartRateBpm>
                            <Value>99</Value>
                        </HeartRateBpm>
                    </Trackpoint>
                    <Trackpoint>
                        <Time>2026-09-04T06:05:15.000+01:00</Time>
                        <HeartRateBpm>
                            <Value>99</Value>
                        </HeartRateBpm>
                    </Trackpoint>
                    <Trackpoint>
                        <Time>2026-09-04T06:05:18.000+01:00</Time>
                        <HeartRateBpm>
                            <Value>99</Value>
                        </HeartRateBpm>
                    </Trackpoint>
                    <Trackpoint>
                        <Time>2026-09-04T06:05:21.000+01:00</Time>
                        <HeartRateBpm>
                            <Value>99</Value>
                        </HeartRateBpm>
                    </Trackpoint>
                    <Trackpoint>
                        <Time>2026-09-04T06:05:24.000+01:00</Time>
                        <HeartRateBpm>
                            <Value>99</Value>
                        </HeartRateBpm>
                    </Trackpoint>
                    <Trackpoint>
                        <Time>2026-09-04T06:05:26.000+01:00</Time>
                        <HeartRateBpm>
                            <Value>98</Value>
                        </HeartRateBpm>
                    </Trackpoint>
                    <Trackpoint>
                        <Time>2026-09-04T06:05:29.000+01:00</Time>
                        <HeartRateBpm>
                            <Value>98</Value>
                        </HeartRateBpm>
                    </Trackpoint>
                    <Trackpoint>
                        <Time>2026-09-04T06:05:30.000+01:00</Time>
                        <HeartRateBpm>
                            <Value>97</Value>
                        </HeartRateBpm>
                    </Trackpoint>
                    <Trackpoint>
                        <Time>2026-09-04T06:05:32.000+01:00</Time>
                        <HeartRateBpm>
                            <Value>100</Value>
                        </HeartRateBpm>
                    </Trackpoint>
                    <Trackpoint>
                        <Time>2026-09-04T06:05:34.000+01:00</Time>
                        <HeartRateBpm>
                            <Value>98</Value>
                        </HeartRateBpm>
                    </Trackpoint>
                    <Trackpoint>
                        <Time>2026-09-04T06:05:35.000+01:00</Time>
                        <HeartRateBpm>
                            <Value>100</Value>
                        </HeartRateBpm>
                    </Trackpoint>
                    <Trackpoint>
                        <Time>2026-09-04T06:05:38.000+01:00</Time>
                        <HeartRateBpm>
                            <Value>100</Value>
                        </HeartRateBpm>
                    </Trackpoint>
                    <Trackpoint>
                        <Time>2026-09-04T06:05:41.000+01:00</Time>
                        <HeartRateBpm>
                            <Value>99</Value>
                        </HeartRateBpm>
                    </Trackpoint>
                    <Trackpoint>
                        <Time>2026-09-04T06:05:43.000+01:00</Time>
                        <HeartRateBpm>
                            <Value>101</Value>
                        </HeartRateBpm>
                    </Trackpoint>
                    <Trackpoint>
                        <Time>2026-09-04T06:05:45.000+01:00</Time>
                        <HeartRateBpm>
                            <Value>99</Value>
                        </HeartRateBpm>
                    </Trackpoint>
                    <Trackpoint>
                        <Time>2026-09-04T06:05:47.000+01:00</Time>
                        <HeartRateBpm>
                            <Value>100</Value>
                        </HeartRateBpm>
                    </Trackpoint>
                    <Trackpoint>
                        <Time>2026-09-04T06:05:49.000+01:00</Time>
                        <HeartRateBpm>
                            <Value>98</Value>
                        </HeartRateBpm>
                    </Trackpoint>
                    <Trackpoint>
                        <Time>2026-09-04T06:05:51.000+01:00</Time>
                        <HeartRateBpm>
                            <Value>100</Value>
                        </HeartRateBpm>
                    </Trackpoint>
                    <Trackpoint>
                        <Time>2026-09-04T06:05:53.000+01:00</Time>
                        <HeartRateBpm>
                            <Value>99</Value>
                        </HeartRateBpm>
                    </Trackpoint>
                    <Trackpoint>
                        <Time>2026-09-04T06:05:55.000+01:00</Time>
                        <HeartRateBpm>
                            <Value>100</Value>
                        </HeartRateBpm>
                    </Trackpoint>
                    <Trackpoint>
                        <Time>2026-09-04T06:05:57.000+01:00</Time>
                        <HeartRateBpm>
                            <Value>99</Value>
                        </HeartRateBpm>
                    </Trackpoint>
                    <Trackpoint>
                        <Time>2026-09-04T06:05:59.000+01:00</Time>
                        <HeartRateBpm>
                            <Value>100</Value>
                        </HeartRateBpm>
                    </Trackpoint>
                    <Trackpoint>
                        <Time>2026-09-04T06:06:00.000+01:00</Time>
                        <HeartRateBpm>
                            <Value>99</Value>
                        </HeartRateBpm>
                    </Trackpoint>
                    <Trackpoint>
                        <Time>2026-09-04T06:06:02.000+01:00</Time>
                        <HeartRateBpm>
                            <Value>100</Value>
                        </HeartRateBpm>
                    </Trackpoint>
                    <Trackpoint>
                        <Time>2026-09-04T06:06:05.000+01:00</Time>
                        <HeartRateBpm>
                            <Value>100</Value>
                        </HeartRateBpm>
                    </Trackpoint>
                    <Trackpoint>
                        <Time>2026-09-04T06:06:06.000+01:00</Time>
                        <HeartRateBpm>
                            <Value>101</Value>
                        </HeartRateBpm>
                    </Trackpoint>
                    <Trackpoint>
                        <Time>2026-09-04T06:06:08.000+01:00</Time>
                        <HeartRateBpm>
                            <Value>103</Value>
                        </HeartRateBpm>
                    </Trackpoint>
                    <Trackpoint>
                        <Time>2026-09-04T06:06:11.000+01:00</Time>
                        <HeartRateBpm>
                            <Value>103</Value>
                        </HeartRateBpm>
                    </Trackpoint>
                    <Trackpoint>
                        <Time>2026-09-04T06:06:14.000+01:00</Time>
                        <HeartRateBpm>
                            <Value>107</Value>
                        </HeartRateBpm>
                    </Trackpoint>
                    <Trackpoint>
                        <Time>2026-09-04T06:06:16.000+01:00</Time>
                        <HeartRateBpm>
                            <Value>103</Value>
                        </HeartRateBpm>
                    </Trackpoint>
                    <Trackpoint>
                        <Time>2026-09-04T06:06:18.000+01:00</Time>
                        <HeartRateBpm>
                            <Value>104</Value>
                        </HeartRateBpm>
                    </Trackpoint>
                    <Trackpoint>
                        <Time>2026-09-04T06:06:20.000+01:00</Time>
                        <HeartRateBpm>
                            <Value>103</Value>
                        </HeartRateBpm>
                    </Trackpoint>
                    <Trackpoint>
                        <Time>2026-09-04T06:06:22.000+01:00</Time>
                        <HeartRateBpm>
                            <Value>104</Value>
                        </HeartRateBpm>
                    </Trackpoint>
                    <Trackpoint>
                        <Time>2026-09-04T06:06:23.000+01:00</Time>
                        <HeartRateBpm>
                            <Value>102</Value>
                        </HeartRateBpm>
                    </Trackpoint>
                    <Trackpoint>
                        <Time>2026-09-04T06:06:24.000+01:00</Time>
                        <HeartRateBpm>
                            <Value>102</Value>
                        </HeartRateBpm>
                    </Trackpoint>
                    <Trackpoint>
                        <Time>2026-09-04T06:06:25.000+01:00</Time>
                        <HeartRateBpm>
                            <Value>103</Value>
                        </HeartRateBpm>
                    </Trackpoint>
                    <Trackpoint>
                        <Time>2026-09-04T06:06:27.000+01:00</Time>
                        <HeartRateBpm>
                            <Value>101</Value>
                        </HeartRateBpm>
                    </Trackpoint>
                    <Trackpoint>
                        <Time>2026-09-04T06:06:29.000+01:00</Time>
                        <HeartRateBpm>
                            <Value>103</Value>
                        </HeartRateBpm>
                    </Trackpoint>
                    <Trackpoint>
                        <Time>2026-09-04T06:06:31.000+01:00</Time>
                        <HeartRateBpm>
                            <Value>101</Value>
                        </HeartRateBpm>
                    </Trackpoint>
                    <Trackpoint>
                        <Time>2026-09-04T06:06:33.000+01:00</Time>
                        <HeartRateBpm>
                            <Value>102</Value>
                        </HeartRateBpm>
                    </Trackpoint>
                    <Trackpoint>
                        <Time>2026-09-04T06:06:35.000+01:00</Time>
                        <HeartRateBpm>
                            <Value>101</Value>
                        </HeartRateBpm>
                    </Trackpoint>
                    <Trackpoint>
                        <Time>2026-09-04T06:06:37.000+01:00</Time>
                        <HeartRateBpm>
                            <Value>103</Value>
                        </HeartRateBpm>
                    </Trackpoint>
                    <Trackpoint>
                        <Time>2026-09-04T06:06:39.000+01:00</Time>
                        <HeartRateBpm>
                            <Value>99</Value>
                        </HeartRateBpm>
                    </Trackpoint>
                    <Trackpoint>
                        <Time>2026-09-04T06:06:41.000+01:00</Time>
                        <HeartRateBpm>
                            <Value>102</Value>
                        </HeartRateBpm>
                    </Trackpoint>
                    <Trackpoint>
                        <Time>2026-09-04T06:06:43.000+01:00</Time>
                        <HeartRateBpm>
                            <Value>98</Value>
                        </HeartRateBpm>
                    </Trackpoint>
                    <Trackpoint>
                        <Time>2026-09-04T06:06:45.000+01:00</Time>
                        <HeartRateBpm>
                            <Value>99</Value>
                        </HeartRateBpm>
                    </Trackpoint>
                    <Trackpoint>
                        <Time>2026-09-04T06:06:47.000+01:00</Time>
                        <HeartRateBpm>
                            <Value>98</Value>
                        </HeartRateBpm>
                    </Trackpoint>
                    <Trackpoint>
                        <Time>2026-09-04T06:06:48.000+01:00</Time>
                        <HeartRateBpm>
                            <Value>100</Value>
                        </HeartRateBpm>
                    </Trackpoint>
                    <Trackpoint>
                        <Time>2026-09-04T06:06:50.000+01:00</Time>
                        <HeartRateBpm>
                            <Value>99</Value>
                        </HeartRateBpm>
                    </Trackpoint>
                    <Trackpoint>
                        <Time>2026-09-04T06:06:52.000+01:00</Time>
                        <HeartRateBpm>
                            <Value>101</Value>
                        </HeartRateBpm>
                    </Trackpoint>
                    <Trackpoint>
                        <Time>2026-09-04T06:06:54.000+01:00</Time>
                        <HeartRateBpm>
                            <Value>99</Value>
                        </HeartRateBpm>
                    </Trackpoint>
                    <Trackpoint>
                        <Time>2026-09-04T06:06:56.000+01:00</Time>
                        <HeartRateBpm>
                            <Value>100</Value>
                        </HeartRateBpm>
                    </Trackpoint>
                    <Trackpoint>
                        <Time>2026-09-04T06:06:59.000+01:00</Time>
                        <HeartRateBpm>
                            <Value>100</Value>
                        </HeartRateBpm>
                    </Trackpoint>
                    <Trackpoint>
                        <Time>2026-09-04T06:07:00.000+01:00</Time>
                        <HeartRateBpm>
                            <Value>101</Value>
                        </HeartRateBpm>
                    </Trackpoint>
                    <Trackpoint>
                        <Time>2026-09-04T06:07:02.000+01:00</Time>
                        <HeartRateBpm>
                            <Value>100</Value>
                        </HeartRateBpm>
                    </Trackpoint>
                    <Trackpoint>
                        <Time>2026-09-04T06:07:05.000+01:00</Time>
                        <HeartRateBpm>
                            <Value>100</Value>
                        </HeartRateBpm>
                    </Trackpoint>
                    <Trackpoint>
                        <Time>2026-09-04T06:07:08.000+01:00</Time>
                        <HeartRateBpm>
                            <Value>101</Value>
                        </HeartRateBpm>
                    </Trackpoint>
                    <Trackpoint>
                        <Time>2026-09-04T06:07:11.000+01:00</Time>
                        <HeartRateBpm>
                            <Value>101</Value>
                        </HeartRateBpm>
                    </Trackpoint>
                    <Trackpoint>
                        <Time>2026-09-04T06:07:14.000+01:00</Time>
                        <HeartRateBpm>
                            <Value>101</Value>
                        </HeartRateBpm>
                    </Trackpoint>
                    <Trackpoint>
                        <Time>2026-09-04T06:07:17.000+01:00</Time>
                        <HeartRateBpm>
                            <Value>101</Value>
                        </HeartRateBpm>
                    </Trackpoint>
                    <Trackpoint>
                        <Time>2026-09-04T06:07:19.000+01:00</Time>
                        <HeartRateBpm>
                            <Value>102</Value>
                        </HeartRateBpm>
                    </Trackpoint>
                    <Trackpoint>
                        <Time>2026-09-04T06:07:20.000+01:00</Time>
                        <HeartRateBpm>
                            <Value>102</Value>
                        </HeartRateBpm>
                    </Trackpoint>
                    <Trackpoint>
                        <Time>2026-09-04T06:07:21.000+01:00</Time>
                        <HeartRateBpm>
                            <Value>101</Value>
                        </HeartRateBpm>
                    </Trackpoint>
                    <Trackpoint>
                        <Time>2026-09-04T06:07:24.000+01:00</Time>
                        <HeartRateBpm>
                            <Value>101</Value>
                        </HeartRateBpm>
                    </Trackpoint>
                    <Trackpoint>
                        <Time>2026-09-04T06:07:27.000+01:00</Time>
                        <HeartRateBpm>
                            <Value>103</Value>
                        </HeartRateBpm>
                    </Trackpoint>
                    <Trackpoint>
                        <Time>2026-09-04T06:07:29.000+01:00</Time>
                        <HeartRateBpm>
                            <Value>104</Value>
                        </HeartRateBpm>
                    </Trackpoint>
                    <Trackpoint>
                        <Time>2026-09-04T06:07:31.000+01:00</Time>
                        <HeartRateBpm>
                            <Value>107</Value>
                        </HeartRateBpm>
                    </Trackpoint>
                    <Trackpoint>
                        <Time>2026-09-04T06:07:33.000+01:00</Time>
                        <HeartRateBpm>
                            <Value>105</Value>
                        </HeartRateBpm>
                    </Trackpoint>
                    <Trackpoint>
                        <Time>2026-09-04T06:07:36.000+01:00</Time>
                        <HeartRateBpm>
                            <Value>105</Value>
                        </HeartRateBpm>
                    </Trackpoint>
                    <Trackpoint>
                        <Time>2026-09-04T06:07:37.000+01:00</Time>
                        <HeartRateBpm>
                            <Value>103</Value>
                        </HeartRateBpm>
                    </Trackpoint>
                    <Trackpoint>
                        <Time>2026-09-04T06:07:39.000+01:00</Time>
                        <HeartRateBpm>
                            <Value>104</Value>
                        </HeartRateBpm>
                    </Trackpoint>
                    <Trackpoint>
                        <Time>2026-09-04T06:07:40.000+01:00</Time>
                        <HeartRateBpm>
                            <Value>103</Value>
                        </HeartRateBpm>
                    </Trackpoint>
                    <Trackpoint>
                        <Time>2026-09-04T06:07:42.000+01:00</Time>
                        <HeartRateBpm>
                            <Value>102</Value>
                        </HeartRateBpm>
                    </Trackpoint>
                    <Trackpoint>
                        <Time>2026-09-04T06:07:44.000+01:00</Time>
                        <HeartRateBpm>
                            <Value>103</Value>
                        </HeartRateBpm>
                    </Trackpoint>
                    <Trackpoint>
                        <Time>2026-09-04T06:07:46.000+01:00</Time>
                        <HeartRateBpm>
                            <Value>104</Value>
                        </HeartRateBpm>
                    </Trackpoint>
                    <Trackpoint>
                        <Time>2026-09-04T06:07:48.000+01:00</Time>
                        <HeartRateBpm>
                            <Value>103</Value>
                        </HeartRateBpm>
                    </Trackpoint>
                    <Trackpoint>
                        <Time>2026-09-04T06:07:51.000+01:00</Time>
                        <HeartRateBpm>
                            <Value>103</Value>
                        </HeartRateBpm>
                    </Trackpoint>
                    <Trackpoint>
                        <Time>2026-09-04T06:07:54.000+01:00</Time>
                        <HeartRateBpm>
                            <Value>103</Value>
                        </HeartRateBpm>
                    </Trackpoint>
                    <Trackpoint>
                        <Time>2026-09-04T06:07:56.000+01:00</Time>
                        <HeartRateBpm>
                            <Value>102</Value>
                        </HeartRateBpm>
                    </Trackpoint>
                    <Trackpoint>
                        <Time>2026-09-04T06:07:59.000+01:00</Time>
                        <HeartRateBpm>
                            <Value>102</Value>
                        </HeartRateBpm>
                    </Trackpoint>
                    <Trackpoint>
                        <Time>2026-09-04T06:08:02.000+01:00</Time>
                        <HeartRateBpm>
                            <Value>102</Value>
                        </HeartRateBpm>
                    </Trackpoint>
                    <Trackpoint>
                        <Time>2026-09-04T06:08:05.000+01:00</Time>
                        <HeartRateBpm>
                            <Value>103</Value>
                        </HeartRateBpm>
                    </Trackpoint>
                    <Trackpoint>
                        <Time>2026-09-04T06:08:07.000+01:00</Time>
                        <HeartRateBpm>
                            <Value>102</Value>
                        </HeartRateBpm>
                    </Trackpoint>
                    <Trackpoint>
                        <Time>2026-09-04T06:08:09.000+01:00</Time>
                        <HeartRateBpm>
                            <Value>103</Value>
                        </HeartRateBpm>
                    </Trackpoint>
                    <Trackpoint>
                        <Time>2026-09-04T06:08:12.000+01:00</Time>
                        <HeartRateBpm>
                            <Value>103</Value>
                        </HeartRateBpm>
                    </Trackpoint>
                    <Trackpoint>
                        <Time>2026-09-04T06:08:15.000+01:00</Time>
                        <HeartRateBpm>
                            <Value>103</Value>
                        </HeartRateBpm>
                    </Trackpoint>
                    <Trackpoint>
                        <Time>2026-09-04T06:08:17.000+01:00</Time>
                        <HeartRateBpm>
                            <Value>102</Value>
                        </HeartRateBpm>
                    </Trackpoint>
                    <Trackpoint>
                        <Time>2026-09-04T06:08:20.000+01:00</Time>
                        <HeartRateBpm>
                            <Value>102</Value>
                        </HeartRateBpm>
                    </Trackpoint>
                    <Trackpoint>
                        <Time>2026-09-04T06:08:21.000+01:00</Time>
                        <HeartRateBpm>
                            <Value>101</Value>
                        </HeartRateBpm>
                    </Trackpoint>
                    <Trackpoint>
                        <Time>2026-09-04T06:08:23.000+01:00</Time>
                        <HeartRateBpm>
                            <Value>102</Value>
                        </HeartRateBpm>
                    </Trackpoint>
                    <Trackpoint>
                        <Time>2026-09-04T06:08:26.000+01:00</Time>
                        <HeartRateBpm>
                            <Value>103</Value>
                        </HeartRateBpm>
                    </Trackpoint>
                    <Trackpoint>
                        <Time>2026-09-04T06:08:29.000+01:00</Time>
                        <HeartRateBpm>
                            <Value>103</Value>
                        </HeartRateBpm>
                    </Trackpoint>
                    <Trackpoint>
                        <Time>2026-09-04T06:08:32.000+01:00</Time>
                        <HeartRateBpm>
                            <Value>103</Value>
                        </HeartRateBpm>
                    </Trackpoint>
                    <Trackpoint>
                        <Time>2026-09-04T06:08:34.000+01:00</Time>
                        <HeartRateBpm>
                            <Value>104</Value>
                        </HeartRateBpm>
                    </Trackpoint>
                    <Trackpoint>
                        <Time>2026-09-04T06:08:36.000+01:00</Time>
                        <HeartRateBpm>
                            <Value>103</Value>
                        </HeartRateBpm>
                    </Trackpoint>
                    <Trackpoint>
                        <Time>2026-09-04T06:08:38.000+01:00</Time>
                        <HeartRateBpm>
                            <Value>105</Value>
                        </HeartRateBpm>
                    </Trackpoint>
                    <Trackpoint>
                        <Time>2026-09-04T06:08:41.000+01:00</Time>
                        <HeartRateBpm>
                            <Value>105</Value>
                        </HeartRateBpm>
                    </Trackpoint>
                    <Trackpoint>
                        <Time>2026-09-04T06:08:42.000+01:00</Time>
                        <HeartRateBpm>
                            <Value>106</Value>
                        </HeartRateBpm>
                    </Trackpoint>
                    <Trackpoint>
                        <Time>2026-09-04T06:08:45.000+01:00</Time>
                        <HeartRateBpm>
                            <Value>106</Value>
                        </HeartRateBpm>
                    </Trackpoint>
                    <Trackpoint>
                        <Time>2026-09-04T06:08:48.000+01:00</Time>
                        <HeartRateBpm>
                            <Value>106</Value>
                        </HeartRateBpm>
                    </Trackpoint>
                    <Trackpoint>
                        <Time>2026-09-04T06:08:51.000+01:00</Time>
                        <HeartRateBpm>
                            <Value>106</Value>
                        </HeartRateBpm>
                    </Trackpoint>
                    <Trackpoint>
                        <Time>2026-09-04T06:08:53.000+01:00</Time>
                        <HeartRateBpm>
                            <Value>105</Value>
                        </HeartRateBpm>
                    </Trackpoint>
                    <Trackpoint>
                        <Time>2026-09-04T06:08:55.000+01:00</Time>
                        <HeartRateBpm>
                            <Value>104</Value>
                        </HeartRateBpm>
                    </Trackpoint>
                    <Trackpoint>
                        <Time>2026-09-04T06:08:57.000+01:00</Time>
                        <HeartRateBpm>
                            <Value>103</Value>
                        </HeartRateBpm>
                    </Trackpoint>
                    <Trackpoint>
                        <Time>2026-09-04T06:08:59.000+01:00</Time>
                        <HeartRateBpm>
                            <Value>105</Value>
                        </HeartRateBpm>
                    </Trackpoint>
                    <Trackpoint>
                        <Time>2026-09-04T06:09:01.000+01:00</Time>
                        <HeartRateBpm>
                            <Value>104</Value>
                        </HeartRateBpm>
                    </Trackpoint>
                    <Trackpoint>
                        <Time>2026-09-04T06:09:04.000+01:00</Time>
                        <HeartRateBpm>
                            <Value>104</Value>
                        </HeartRateBpm>
                    </Trackpoint>
                    <Trackpoint>
                        <Time>2026-09-04T06:09:05.000+01:00</Time>
                        <HeartRateBpm>
                            <Value>105</Value>
                        </HeartRateBpm>
                    </Trackpoint>
                    <Trackpoint>
                        <Time>2026-09-04T06:09:07.000+01:00</Time>
                        <HeartRateBpm>
                            <Value>103</Value>
                        </HeartRateBpm>
                    </Trackpoint>
                    <Trackpoint>
                        <Time>2026-09-04T06:09:10.000+01:00</Time>
                        <HeartRateBpm>
                            <Value>103</Value>
                        </HeartRateBpm>
                    </Trackpoint>
                    <Trackpoint>
                        <Time>2026-09-04T06:09:11.000+01:00</Time>
                        <HeartRateBpm>
                            <Value>101</Value>
                        </HeartRateBpm>
                    </Trackpoint>
                    <Trackpoint>
                        <Time>2026-09-04T06:09:14.000+01:00</Time>
                        <HeartRateBpm>
                            <Value>101</Value>
                        </HeartRateBpm>
                    </Trackpoint>
                    <Trackpoint>
                        <Time>2026-09-04T06:09:17.000+01:00</Time>
                        <HeartRateBpm>
                            <Value>101</Value>
                        </HeartRateBpm>
                    </Trackpoint>
                    <Trackpoint>
                        <Time>2026-09-04T06:09:20.000+01:00</Time>
                        <HeartRateBpm>
                            <Value>101</Value>
                        </HeartRateBpm>
                    </Trackpoint>
                    <Trackpoint>
                        <Time>2026-09-04T06:09:23.000+01:00</Time>
                        <HeartRateBpm>
                            <Value>101</Value>
                        </HeartRateBpm>
                    </Trackpoint>
                    <Trackpoint>
                        <Time>2026-09-04T06:09:24.000+01:00</Time>
                        <HeartRateBpm>
                            <Value>100</Value>
                        </HeartRateBpm>
                    </Trackpoint>
                    <Trackpoint>
                        <Time>2026-09-04T06:09:27.000+01:00</Time>
                        <HeartRateBpm>
                            <Value>100</Value>
                        </HeartRateBpm>
                    </Trackpoint>
                    <Trackpoint>
                        <Time>2026-09-04T06:09:30.000+01:00</Time>
                        <HeartRateBpm>
                            <Value>101</Value>
                        </HeartRateBpm>
                    </Trackpoint>
                    <Trackpoint>
                        <Time>2026-09-04T06:09:33.000+01:00</Time>
                        <HeartRateBpm>
                            <Value>101</Value>
                        </HeartRateBpm>
                    </Trackpoint>
                    <Trackpoint>
                        <Time>2026-09-04T06:09:34.000+01:00</Time>
                        <HeartRateBpm>
                            <Value>100</Value>
                        </HeartRateBpm>
                    </Trackpoint>
                    <Trackpoint>
                        <Time>2026-09-04T06:09:35.000+01:00</Time>
                        <HeartRateBpm>
                            <Value>99</Value>
                        </HeartRateBpm>
                    </Trackpoint>
                    <Trackpoint>
                        <Time>2026-09-04T06:09:38.000+01:00</Time>
                        <HeartRateBpm>
                            <Value>99</Value>
                        </HeartRateBpm>
                    </Trackpoint>
                    <Trackpoint>
                        <Time>2026-09-04T06:09:39.000+01:00</Time>
                        <HeartRateBpm>
                            <Value>98</Value>
                        </HeartRateBpm>
                    </Trackpoint>
                    <Trackpoint>
                        <Time>2026-09-04T06:09:41.000+01:00</Time>
                        <HeartRateBpm>
                            <Value>99</Value>
                        </HeartRateBpm>
                    </Trackpoint>
                    <Trackpoint>
                        <Time>2026-09-04T06:09:43.000+01:00</Time>
                        <HeartRateBpm>
                            <Value>98</Value>
                        </HeartRateBpm>
                    </Trackpoint>
                    <Trackpoint>
                        <Time>2026-09-04T06:09:46.000+01:00</Time>
                        <HeartRateBpm>
                            <Value>98</Value>
                        </HeartRateBpm>
                    </Trackpoint>
                    <Trackpoint>
                        <Time>2026-09-04T06:09:49.000+01:00</Time>
                        <HeartRateBpm>
                            <Value>98</Value>
                        </HeartRateBpm>
                    </Trackpoint>
                    <Trackpoint>
                        <Time>2026-09-04T06:09:51.000+01:00</Time>
                        <HeartRateBpm>
                            <Value>97</Value>
                        </HeartRateBpm>
                    </Trackpoint>
                    <Trackpoint>
                        <Time>2026-09-04T06:09:53.000+01:00</Time>
                        <HeartRateBpm>
                            <Value>98</Value>
                        </HeartRateBpm>
                    </Trackpoint>
                    <Trackpoint>
                        <Time>2026-09-04T06:09:56.000+01:00</Time>
                        <HeartRateBpm>
                            <Value>98</Value>
                        </HeartRateBpm>
                    </Trackpoint>
                    <Trackpoint>
                        <Time>2026-09-04T06:09:57.000+01:00</Time>
                        <HeartRateBpm>
                            <Value>99</Value>
                        </HeartRateBpm>
                    </Trackpoint>
                    <Trackpoint>
                        <Time>2026-09-04T06:10:00.000+01:00</Time>
                        <HeartRateBpm>
                            <Value>99</Value>
                        </HeartRateBpm>
                    </Trackpoint>
                    <Trackpoint>
                        <Time>2026-09-04T06:10:02.000+01:00</Time>
                        <HeartRateBpm>
                            <Value>100</Value>
                        </HeartRateBpm>
                    </Trackpoint>
                    <Trackpoint>
                        <Time>2026-09-04T06:10:05.000+01:00</Time>
                        <HeartRateBpm>
                            <Value>100</Value>
                        </HeartRateBpm>
                    </Trackpoint>
                    <Trackpoint>
                        <Time>2026-09-04T06:10:06.000+01:00</Time>
                        <HeartRateBpm>
                            <Value>99</Value>
                        </HeartRateBpm>
                    </Trackpoint>
                    <Trackpoint>
                        <Time>2026-09-04T06:10:08.000+01:00</Time>
                        <HeartRateBpm>
                            <Value>98</Value>
                        </HeartRateBpm>
                    </Trackpoint>
                    <Trackpoint>
                        <Time>2026-09-04T06:10:11.000+01:00</Time>
                        <HeartRateBpm>
                            <Value>98</Value>
                        </HeartRateBpm>
                    </Trackpoint>
                    <Trackpoint>
                        <Time>2026-09-04T06:10:14.000+01:00</Time>
                        <HeartRateBpm>
                            <Value>98</Value>
                        </HeartRateBpm>
                    </Trackpoint>
                    <Trackpoint>
                        <Time>2026-09-04T06:10:17.000+01:00</Time>
                        <HeartRateBpm>
                            <Value>98</Value>
                        </HeartRateBpm>
                    </Trackpoint>
                    <Trackpoint>
                        <Time>2026-09-04T06:10:20.000+01:00</Time>
                        <HeartRateBpm>
                            <Value>98</Value>
                        </HeartRateBpm>
                    </Trackpoint>
                    <Trackpoint>
                        <Time>2026-09-04T06:10:22.000+01:00</Time>
                        <HeartRateBpm>
                            <Value>99</Value>
                        </HeartRateBpm>
                    </Trackpoint>
                    <Trackpoint>
                        <Time>2026-09-04T06:10:25.000+01:00</Time>
                        <HeartRateBpm>
                            <Value>99</Value>
                        </HeartRateBpm>
                    </Trackpoint>
                    <Trackpoint>
                        <Time>2026-09-04T06:10:26.000+01:00</Time>
                        <HeartRateBpm>
                            <Value>99</Value>
                        </HeartRateBpm>
                    </Trackpoint>
                    <Trackpoint>
                        <Time>2026-09-04T06:10:29.000+01:00</Time>
                        <HeartRateBpm>
                            <Value>100</Value>
                        </HeartRateBpm>
                    </Trackpoint>
                    <Trackpoint>
                        <Time>2026-09-04T06:10:31.000+01:00</Time>
                        <HeartRateBpm>
                            <Value>101</Value>
                        </HeartRateBpm>
                    </Trackpoint>
                    <Trackpoint>
                        <Time>2026-09-04T06:10:34.000+01:00</Time>
                        <HeartRateBpm>
                            <Value>101</Value>
                        </HeartRateBpm>
                    </Trackpoint>
                    <Trackpoint>
                        <Time>2026-09-04T06:10:35.000+01:00</Time>
                        <HeartRateBpm>
                            <Value>100</Value>
                        </HeartRateBpm>
                    </Trackpoint>
                    <Trackpoint>
                        <Time>2026-09-04T06:10:38.000+01:00</Time>
                        <HeartRateBpm>
                            <Value>100</Value>
                        </HeartRateBpm>
                    </Trackpoint>
                    <Trackpoint>
                        <Time>2026-09-04T06:10:41.000+01:00</Time>
                        <HeartRateBpm>
                            <Value>100</Value>
                        </HeartRateBpm>
                    </Trackpoint>
                    <Trackpoint>
                        <Time>2026-09-04T06:10:43.000+01:00</Time>
                        <HeartRateBpm>
                            <Value>99</Value>
                        </HeartRateBpm>
                    </Trackpoint>
                    <Trackpoint>
                        <Time>2026-09-04T06:10:46.000+01:00</Time>
                        <HeartRateBpm>
                            <Value>99</Value>
                        </HeartRateBpm>
                    </Trackpoint>
                    <Trackpoint>
                        <Time>2026-09-04T06:10:47.000+01:00</Time>
                        <HeartRateBpm>
                            <Value>100</Value>
                        </HeartRateBpm>
                    </Trackpoint>
                    <Trackpoint>
                        <Time>2026-09-04T06:10:50.000+01:00</Time>
                        <HeartRateBpm>
                            <Value>100</Value>
                        </HeartRateBpm>
                    </Trackpoint>
                    <Trackpoint>
                        <Time>2026-09-04T06:10:52.000+01:00</Time>
                        <HeartRateBpm>
                            <Value>99</Value>
                        </HeartRateBpm>
                    </Trackpoint>
                    <Trackpoint>
                        <Time>2026-09-04T06:10:55.000+01:00</Time>
                        <HeartRateBpm>
                            <Value>99</Value>
                        </HeartRateBpm>
                    </Trackpoint>
                    <Trackpoint>
                        <Time>2026-09-04T06:10:58.000+01:00</Time>
                        <HeartRateBpm>
                            <Value>99</Value>
                        </HeartRateBpm>
                    </Trackpoint>
                    <Trackpoint>
                        <Time>2026-09-04T06:11:01.000+01:00</Time>
                        <HeartRateBpm>
                            <Value>99</Value>
                        </HeartRateBpm>
                    </Trackpoint>
                    <Trackpoint>
                        <Time>2026-09-04T06:11:02.000+01:00</Time>
                        <HeartRateBpm>
                            <Value>98</Value>
                        </HeartRateBpm>
                    </Trackpoint>
                    <Trackpoint>
                        <Time>2026-09-04T06:11:05.000+01:00</Time>
                        <HeartRateBpm>
                            <Value>98</Value>
                        </HeartRateBpm>
                    </Trackpoint>
                    <Trackpoint>
                        <Time>2026-09-04T06:11:08.000+01:00</Time>
                        <HeartRateBpm>
                            <Value>98</Value>
                        </HeartRateBpm>
                    </Trackpoint>
                    <Trackpoint>
                        <Time>2026-09-04T06:11:10.000+01:00</Time>
                        <HeartRateBpm>
                            <Value>99</Value>
                        </HeartRateBpm>
                    </Trackpoint>
                    <Trackpoint>
                        <Time>2026-09-04T06:11:13.000+01:00</Time>
                        <HeartRateBpm>
                            <Value>98</Value>
                        </HeartRateBpm>
                    </Trackpoint>
                    <Trackpoint>
                        <Time>2026-09-04T06:11:16.000+01:00</Time>
                        <HeartRateBpm>
                            <Value>98</Value>
                        </HeartRateBpm>
                    </Trackpoint>
                    <Trackpoint>
                        <Time>2026-09-04T06:11:19.000+01:00</Time>
                        <HeartRateBpm>
                            <Value>97</Value>
                        </HeartRateBpm>
                    </Trackpoint>
                    <Trackpoint>
                        <Time>2026-09-04T06:11:22.000+01:00</Time>
                        <HeartRateBpm>
                            <Value>97</Value>
                        </HeartRateBpm>
                    </Trackpoint>
                    <Trackpoint>
                        <Time>2026-09-04T06:11:23.000+01:00</Time>
                        <HeartRateBpm>
                            <Value>96</Value>
                        </HeartRateBpm>
                    </Trackpoint>
                    <Trackpoint>
                        <Time>2026-09-04T06:11:26.000+01:00</Time>
                        <HeartRateBpm>
                            <Value>96</Value>
                        </HeartRateBpm>
                    </Trackpoint>
                    <Trackpoint>
                        <Time>2026-09-04T06:11:27.000+01:00</Time>
                        <HeartRateBpm>
                            <Value>97</Value>
                        </HeartRateBpm>
                    </Trackpoint>
                    <Trackpoint>
                        <Time>2026-09-04T06:11:30.000+01:00</Time>
                        <HeartRateBpm>
                            <Value>97</Value>
                        </HeartRateBpm>
                    </Trackpoint>
                    <Trackpoint>
                        <Time>2026-09-04T06:11:31.000+01:00</Time>
                        <HeartRateBpm>
                            <Value>97</Value>
                        </HeartRateBpm>
                    </Trackpoint>
                    <Trackpoint>
                        <Time>2026-09-04T06:11:33.000+01:00</Time>
                        <HeartRateBpm>
                            <Value>96</Value>
                        </HeartRateBpm>
                    </Trackpoint>
                    <Trackpoint>
                        <Time>2026-09-04T06:11:35.000+01:00</Time>
                        <HeartRateBpm>
                            <Value>98</Value>
                        </HeartRateBpm>
                    </Trackpoint>
                    <Trackpoint>
                        <Time>2026-09-04T06:11:36.000+01:00</Time>
                        <HeartRateBpm>
                            <Value>97</Value>
                        </HeartRateBpm>
                    </Trackpoint>
                    <Trackpoint>
                        <Time>2026-09-04T06:11:39.000+01:00</Time>
                        <HeartRateBpm>
                            <Value>97</Value>
                        </HeartRateBpm>
                    </Trackpoint>
                    <Trackpoint>
                        <Time>2026-09-04T06:11:40.000+01:00</Time>
                        <HeartRateBpm>
                            <Value>98</Value>
                        </HeartRateBpm>
                    </Trackpoint>
                    <Trackpoint>
                        <Time>2026-09-04T06:11:43.000+01:00</Time>
                        <HeartRateBpm>
                            <Value>98</Value>
                        </HeartRateBpm>
                    </Trackpoint>
                    <Trackpoint>
                        <Time>2026-09-04T06:11:44.000+01:00</Time>
                        <HeartRateBpm>
                            <Value>99</Value>
                        </HeartRateBpm>
                    </Trackpoint>
                    <Trackpoint>
                        <Time>2026-09-04T06:11:46.000+01:00</Time>
                        <HeartRateBpm>
                            <Value>98</Value>
                        </HeartRateBpm>
                    </Trackpoint>
                    <Trackpoint>
                        <Time>2026-09-04T06:11:48.000+01:00</Time>
                        <HeartRateBpm>
                            <Value>97</Value>
                        </HeartRateBpm>
                    </Trackpoint>
                    <Trackpoint>
                        <Time>2026-09-04T06:11:50.000+01:00</Time>
                        <HeartRateBpm>
                            <Value>99</Value>
                        </HeartRateBpm>
                    </Trackpoint>
                    <Trackpoint>
                        <Time>2026-09-04T06:11:52.000+01:00</Time>
                        <HeartRateBpm>
                            <Value>100</Value>
                        </HeartRateBpm>
                    </Trackpoint>
                    <Trackpoint>
                        <Time>2026-09-04T06:11:55.000+01:00</Time>
                        <HeartRateBpm>
                            <Value>100</Value>
                        </HeartRateBpm>
                    </Trackpoint>
                    <Trackpoint>
                        <Time>2026-09-04T06:11:58.000+01:00</Time>
                        <HeartRateBpm>
                            <Value>104</Value>
                        </HeartRateBpm>
                    </Trackpoint>
                    <Trackpoint>
                        <Time>2026-09-04T06:12:00.000+01:00</Time>
                        <HeartRateBpm>
                            <Value>102</Value>
                        </HeartRateBpm>
                    </Trackpoint>
                    <Trackpoint>
                        <Time>2026-09-04T06:12:01.000+01:00</Time>
                        <HeartRateBpm>
                            <Value>103</Value>
                        </HeartRateBpm>
                    </Trackpoint>
                    <Trackpoint>
                        <Time>2026-09-04T06:12:03.000+01:00</Time>
                        <HeartRateBpm>
                            <Value>101</Value>
                        </HeartRateBpm>
                    </Trackpoint>
                    <Trackpoint>
                        <Time>2026-09-04T06:12:06.000+01:00</Time>
                        <HeartRateBpm>
                            <Value>101</Value>
                        </HeartRateBpm>
                    </Trackpoint>
                    <Trackpoint>
                        <Time>2026-09-04T06:12:07.000+01:00</Time>
                        <HeartRateBpm>
                            <Value>104</Value>
                        </HeartRateBpm>
                    </Trackpoint>
                    <Trackpoint>
                        <Time>2026-09-04T06:12:09.000+01:00</Time>
                        <HeartRateBpm>
                            <Value>105</Value>
                        </HeartRateBpm>
                    </Trackpoint>
                    <Trackpoint>
                        <Time>2026-09-04T06:12:11.000+01:00</Time>
                        <HeartRateBpm>
                            <Value>106</Value>
                        </HeartRateBpm>
                    </Trackpoint>
                    <Trackpoint>
                        <Time>2026-09-04T06:12:14.000+01:00</Time>
                        <HeartRateBpm>
                            <Value>106</Value>
                        </HeartRateBpm>
                    </Trackpoint>
                    <Trackpoint>
                        <Time>2026-09-04T06:12:15.000+01:00</Time>
                        <HeartRateBpm>
                            <Value>107</Value>
                        </HeartRateBpm>
                    </Trackpoint>
                    <Trackpoint>
                        <Time>2026-09-04T06:12:17.000+01:00</Time>
                        <HeartRateBpm>
                            <Value>106</Value>
                        </HeartRateBpm>
                    </Trackpoint>
                    <Trackpoint>
                        <Time>2026-09-04T06:12:20.000+01:00</Time>
                        <HeartRateBpm>
                            <Value>106</Value>
                        </HeartRateBpm>
                    </Trackpoint>
                    <Trackpoint>
                        <Time>2026-09-04T06:12:23.000+01:00</Time>
                        <HeartRateBpm>
                            <Value>105</Value>
                        </HeartRateBpm>
                    </Trackpoint>
                    <Trackpoint>
                        <Time>2026-09-04T06:12:24.000+01:00</Time>
                        <HeartRateBpm>
                            <Value>104</Value>
                        </HeartRateBpm>
                    </Trackpoint>
                    <Trackpoint>
                        <Time>2026-09-04T06:12:25.000+01:00</Time>
                        <HeartRateBpm>
                            <Value>104</Value>
                        </HeartRateBpm>
                    </Trackpoint>
                    <Trackpoint>
                        <Time>2026-09-04T06:12:28.000+01:00</Time>
                        <HeartRateBpm>
                            <Value>105</Value>
                        </HeartRateBpm>
                    </Trackpoint>
                    <Trackpoint>
                        <Time>2026-09-04T06:12:31.000+01:00</Time>
                        <HeartRateBpm>
                            <Value>105</Value>
                        </HeartRateBpm>
                    </Trackpoint>
                    <Trackpoint>
                        <Time>2026-09-04T06:12:32.000+01:00</Time>
                        <HeartRateBpm>
                            <Value>104</Value>
                        </HeartRateBpm>
                    </Trackpoint>
                    <Trackpoint>
                        <Time>2026-09-04T06:12:34.000+01:00</Time>
                        <HeartRateBpm>
                            <Value>105</Value>
                        </HeartRateBpm>
                    </Trackpoint>
                    <Trackpoint>
                        <Time>2026-09-04T06:12:36.000+01:00</Time>
                        <HeartRateBpm>
                            <Value>106</Value>
                        </HeartRateBpm>
                    </Trackpoint>
                    <Trackpoint>
                        <Time>2026-09-04T06:12:38.000+01:00</Time>
                        <HeartRateBpm>
                            <Value>105</Value>
                        </HeartRateBpm>
                    </Trackpoint>
                    <Trackpoint>
                        <Time>2026-09-04T06:12:41.000+01:00</Time>
                        <HeartRateBpm>
                            <Value>105</Value>
                        </HeartRateBpm>
                    </Trackpoint>
                    <Trackpoint>
                        <Time>2026-09-04T06:12:44.000+01:00</Time>
                        <HeartRateBpm>
                            <Value>108</Value>
                        </HeartRateBpm>
                    </Trackpoint>
                    <Trackpoint>
                        <Time>2026-09-04T06:12:46.000+01:00</Time>
                        <HeartRateBpm>
                            <Value>110</Value>
                        </HeartRateBpm>
                    </Trackpoint>
                    <Trackpoint>
                        <Time>2026-09-04T06:12:48.000+01:00</Time>
                        <HeartRateBpm>
                            <Value>112</Value>
                        </HeartRateBpm>
                    </Trackpoint>
                    <Trackpoint>
                        <Time>2026-09-04T06:12:49.000+01:00</Time>
                        <HeartRateBpm>
                            <Value>110</Value>
                        </HeartRateBpm>
                    </Trackpoint>
                    <Trackpoint>
                        <Time>2026-09-04T06:12:51.000+01:00</Time>
                        <HeartRateBpm>
                            <Value>109</Value>
                        </HeartRateBpm>
                    </Trackpoint>
                    <Trackpoint>
                        <Time>2026-09-04T06:12:54.000+01:00</Time>
                        <HeartRateBpm>
                            <Value>109</Value>
                        </HeartRateBpm>
                    </Trackpoint>
                    <Trackpoint>
                        <Time>2026-09-04T06:12:55.000+01:00</Time>
                        <HeartRateBpm>
                            <Value>107</Value>
                        </HeartRateBpm>
                    </Trackpoint>
                    <Trackpoint>
                        <Time>2026-09-04T06:12:57.000+01:00</Time>
                        <HeartRateBpm>
                            <Value>106</Value>
                        </HeartRateBpm>
                    </Trackpoint>
                    <Trackpoint>
                        <Time>2026-09-04T06:12:59.000+01:00</Time>
                        <HeartRateBpm>
                            <Value>107</Value>
                        </HeartRateBpm>
                    </Trackpoint>
                    <Trackpoint>
                        <Time>2026-09-04T06:13:01.000+01:00</Time>
                        <HeartRateBpm>
                            <Value>109</Value>
                        </HeartRateBpm>
                    </Trackpoint>
                    <Trackpoint>
                        <Time>2026-09-04T06:13:03.000+01:00</Time>
                        <HeartRateBpm>
                            <Value>110</Value>
                        </HeartRateBpm>
                    </Trackpoint>
                    <Trackpoint>
                        <Time>2026-09-04T06:13:05.000+01:00</Time>
                        <HeartRateBpm>
                            <Value>113</Value>
                        </HeartRateBpm>
                    </Trackpoint>
                    <Trackpoint>
                        <Time>2026-09-04T06:13:07.000+01:00</Time>
                        <HeartRateBpm>
                            <Value>112</Value>
                        </HeartRateBpm>
                    </Trackpoint>
                    <Trackpoint>
                        <Time>2026-09-04T06:13:09.000+01:00</Time>
                        <HeartRateBpm>
                            <Value>117</Value>
                        </HeartRateBpm>
                    </Trackpoint>
                    <Trackpoint>
                        <Time>2026-09-04T06:13:11.000+01:00</Time>
                        <HeartRateBpm>
                            <Value>117</Value>
                        </HeartRateBpm>
                    </Trackpoint>
                    <Trackpoint>
                        <Time>2026-09-04T06:13:12.000+01:00</Time>
                        <HeartRateBpm>
                            <Value>117</Value>
                        </HeartRateBpm>
                    </Trackpoint>
                    <Trackpoint>
                        <Time>2026-09-04T06:13:14.000+01:00</Time>
                        <HeartRateBpm>
                            <Value>119</Value>
                        </HeartRateBpm>
                    </Trackpoint>
                    <Trackpoint>
                        <Time>2026-09-04T06:13:16.000+01:00</Time>
                        <HeartRateBpm>
                            <Value>120</Value>
                        </HeartRateBpm>
                    </Trackpoint>
                    <Trackpoint>
                        <Time>2026-09-04T06:13:18.000+01:00</Time>
                        <HeartRateBpm>
                            <Value>121</Value>
                        </HeartRateBpm>
                    </Trackpoint>
                    <Trackpoint>
                        <Time>2026-09-04T06:13:19.000+01:00</Time>
                        <HeartRateBpm>
                            <Value>121</Value>
                        </HeartRateBpm>
                    </Trackpoint>
                    <Trackpoint>
                        <Time>2026-09-04T06:13:22.000+01:00</Time>
                        <HeartRateBpm>
                            <Value>118</Value>
                        </HeartRateBpm>
                    </Trackpoint>
                    <Trackpoint>
                        <Time>2026-09-04T06:13:24.000+01:00</Time>
                        <HeartRateBpm>
                            <Value>117</Value>
                        </HeartRateBpm>
                    </Trackpoint>
                    <Trackpoint>
                        <Time>2026-09-04T06:13:27.000+01:00</Time>
                        <HeartRateBpm>
                            <Value>117</Value>
                        </HeartRateBpm>
                    </Trackpoint>
                    <Trackpoint>
                        <Time>2026-09-04T06:13:30.000+01:00</Time>
                        <HeartRateBpm>
                            <Value>118</Value>
                        </HeartRateBpm>
                    </Trackpoint>
                    <Trackpoint>
                        <Time>2026-09-04T06:13:33.000+01:00</Time>
                        <HeartRateBpm>
                            <Value>118</Value>
                        </HeartRateBpm>
                    </Trackpoint>
                    <Trackpoint>
                        <Time>2026-09-04T06:13:34.000+01:00</Time>
                        <HeartRateBpm>
                            <Value>119</Value>
                        </HeartRateBpm>
                    </Trackpoint>
                    <Trackpoint>
                        <Time>2026-09-04T06:13:35.000+01:00</Time>
                        <HeartRateBpm>
                            <Value>120</Value>
                        </HeartRateBpm>
                    </Trackpoint>
                    <Trackpoint>
                        <Time>2026-09-04T06:13:38.000+01:00</Time>
                        <HeartRateBpm>
                            <Value>120</Value>
                        </HeartRateBpm>
                    </Trackpoint>
                    <Trackpoint>
                        <Time>2026-09-04T06:13:41.000+01:00</Time>
                        <HeartRateBpm>
                            <Value>120</Value>
                        </HeartRateBpm>
                    </Trackpoint>
                    <Trackpoint>
                        <Time>2026-09-04T06:13:43.000+01:00</Time>
                        <HeartRateBpm>
                            <Value>119</Value>
                        </HeartRateBpm>
                    </Trackpoint>
                    <Trackpoint>
                        <Time>2026-09-04T06:13:46.000+01:00</Time>
                        <HeartRateBpm>
                            <Value>119</Value>
                        </HeartRateBpm>
                    </Trackpoint>
                    <Trackpoint>
                        <Time>2026-09-04T06:13:49.000+01:00</Time>
                        <HeartRateBpm>
                            <Value>120</Value>
                        </HeartRateBpm>
                    </Trackpoint>
                    <Trackpoint>
                        <Time>2026-09-04T06:13:52.000+01:00</Time>
                        <HeartRateBpm>
                            <Value>120</Value>
                        </HeartRateBpm>
                    </Trackpoint>
                    <Trackpoint>
                        <Time>2026-09-04T06:13:55.000+01:00</Time>
                        <HeartRateBpm>
                            <Value>121</Value>
                        </HeartRateBpm>
                    </Trackpoint>
                    <Trackpoint>
                        <Time>2026-09-04T06:13:58.000+01:00</Time>
                        <HeartRateBpm>
                            <Value>121</Value>
                        </HeartRateBpm>
                    </Trackpoint>
                    <Trackpoint>
                        <Time>2026-09-04T06:13:59.000+01:00</Time>
                        <HeartRateBpm>
                            <Value>120</Value>
                        </HeartRateBpm>
                    </Trackpoint>
                    <Trackpoint>
                        <Time>2026-09-04T06:14:02.000+01:00</Time>
                        <HeartRateBpm>
                            <Value>120</Value>
                        </HeartRateBpm>
                    </Trackpoint>
                    <Trackpoint>
                        <Time>2026-09-04T06:14:04.000+01:00</Time>
                        <HeartRateBpm>
                            <Value>121</Value>
                        </HeartRateBpm>
                    </Trackpoint>
                    <Trackpoint>
                        <Time>2026-09-04T06:14:06.000+01:00</Time>
                        <HeartRateBpm>
                            <Value>122</Value>
                        </HeartRateBpm>
                    </Trackpoint>
                    <Trackpoint>
                        <Time>2026-09-04T06:14:08.000+01:00</Time>
                        <HeartRateBpm>
                            <Value>123</Value>
                        </HeartRateBpm>
                    </Trackpoint>
                    <Trackpoint>
                        <Time>2026-09-04T06:14:10.000+01:00</Time>
                        <HeartRateBpm>
                            <Value>124</Value>
                        </HeartRateBpm>
                    </Trackpoint>
                    <Trackpoint>
                        <Time>2026-09-04T06:14:12.000+01:00</Time>
                        <HeartRateBpm>
                            <Value>125</Value>
                        </HeartRateBpm>
                    </Trackpoint>
                    <Trackpoint>
                        <Time>2026-09-04T06:14:14.000+01:00</Time>
                        <HeartRateBpm>
                            <Value>126</Value>
                        </HeartRateBpm>
                    </Trackpoint>
                    <Trackpoint>
                        <Time>2026-09-04T06:14:16.000+01:00</Time>
                        <HeartRateBpm>
                            <Value>128</Value>
                        </HeartRateBpm>
                    </Trackpoint>
                    <Trackpoint>
                        <Time>2026-09-04T06:14:18.000+01:00</Time>
                        <HeartRateBpm>
                            <Value>129</Value>
                        </HeartRateBpm>
                    </Trackpoint>
                    <Trackpoint>
                        <Time>2026-09-04T06:14:20.000+01:00</Time>
                        <HeartRateBpm>
                            <Value>130</Value>
                        </HeartRateBpm>
                    </Trackpoint>
                    <Trackpoint>
                        <Time>2026-09-04T06:14:21.000+01:00</Time>
                        <HeartRateBpm>
                            <Value>130</Value>
                        </HeartRateBpm>
                    </Trackpoint>
                    <Trackpoint>
                        <Time>2026-09-04T06:14:24.000+01:00</Time>
                        <HeartRateBpm>
                            <Value>131</Value>
                        </HeartRateBpm>
                    </Trackpoint>
                    <Trackpoint>
                        <Time>2026-09-04T06:14:27.000+01:00</Time>
                        <HeartRateBpm>
                            <Value>131</Value>
                        </HeartRateBpm>
                    </Trackpoint>
                    <Trackpoint>
                        <Time>2026-09-04T06:14:30.000+01:00</Time>
                        <HeartRateBpm>
                            <Value>131</Value>
                        </HeartRateBpm>
                    </Trackpoint>
                    <Trackpoint>
                        <Time>2026-09-04T06:14:31.000+01:00</Time>
                        <HeartRateBpm>
                            <Value>130</Value>
                        </HeartRateBpm>
                    </Trackpoint>
                    <Trackpoint>
                        <Time>2026-09-04T06:14:34.000+01:00</Time>
                        <HeartRateBpm>
                            <Value>130</Value>
                        </HeartRateBpm>
                    </Trackpoint>
                    <Trackpoint>
                        <Time>2026-09-04T06:14:37.000+01:00</Time>
                        <HeartRateBpm>
                            <Value>131</Value>
                        </HeartRateBpm>
                    </Trackpoint>
                    <Trackpoint>
                        <Time>2026-09-04T06:14:40.000+01:00</Time>
                        <HeartRateBpm>
                            <Value>131</Value>
                        </HeartRateBpm>
                    </Trackpoint>
                    <Trackpoint>
                        <Time>2026-09-04T06:14:41.000+01:00</Time>
                        <HeartRateBpm>
                            <Value>130</Value>
                        </HeartRateBpm>
                    </Trackpoint>
                    <Trackpoint>
                        <Time>2026-09-04T06:14:44.000+01:00</Time>
                        <HeartRateBpm>
                            <Value>130</Value>
                        </HeartRateBpm>
                    </Trackpoint>
                    <Trackpoint>
                        <Time>2026-09-04T06:14:47.000+01:00</Time>
                        <HeartRateBpm>
                            <Value>131</Value>
                        </HeartRateBpm>
                    </Trackpoint>
                    <Trackpoint>
                        <Time>2026-09-04T06:14:50.000+01:00</Time>
                        <HeartRateBpm>
                            <Value>131</Value>
                        </HeartRateBpm>
                    </Trackpoint>
                    <Trackpoint>
                        <Time>2026-09-04T06:14:53.000+01:00</Time>
                        <HeartRateBpm>
                            <Value>131</Value>
                        </HeartRateBpm>
                    </Trackpoint>
                    <Trackpoint>
                        <Time>2026-09-04T06:14:54.000+01:00</Time>
                        <HeartRateBpm>
                            <Value>130</Value>
                        </HeartRateBpm>
                    </Trackpoint>
                    <Trackpoint>
                        <Time>2026-09-04T06:14:57.000+01:00</Time>
                        <HeartRateBpm>
                            <Value>130</Value>
                        </HeartRateBpm>
                    </Trackpoint>
                    <Trackpoint>
                        <Time>2026-09-04T06:15:00.000+01:00</Time>
                        <HeartRateBpm>
                            <Value>130</Value>
                        </HeartRateBpm>
                    </Trackpoint>
                    <Trackpoint>
                        <Time>2026-09-04T06:15:02.000+01:00</Time>
                        <HeartRateBpm>
                            <Value>129</Value>
                        </HeartRateBpm>
                    </Trackpoint>
                    <Trackpoint>
                        <Time>2026-09-04T06:15:04.000+01:00</Time>
                        <HeartRateBpm>
                            <Value>130</Value>
                        </HeartRateBpm>
                    </Trackpoint>
                    <Trackpoint>
                        <Time>2026-09-04T06:15:07.000+01:00</Time>
                        <HeartRateBpm>
                            <Value>130</Value>
                        </HeartRateBpm>
                    </Trackpoint>
                    <Trackpoint>
                        <Time>2026-09-04T06:15:10.000+01:00</Time>
                        <HeartRateBpm>
                            <Value>129</Value>
                        </HeartRateBpm>
                    </Trackpoint>
                    <Trackpoint>
                        <Time>2026-09-04T06:15:11.000+01:00</Time>
                        <HeartRateBpm>
                            <Value>128</Value>
                        </HeartRateBpm>
                    </Trackpoint>
                    <Trackpoint>
                        <Time>2026-09-04T06:15:13.000+01:00</Time>
                        <HeartRateBpm>
                            <Value>127</Value>
                        </HeartRateBpm>
                    </Trackpoint>
                    <Trackpoint>
                        <Time>2026-09-04T06:15:16.000+01:00</Time>
                        <HeartRateBpm>
                            <Value>127</Value>
                        </HeartRateBpm>
                    </Trackpoint>
                    <Trackpoint>
                        <Time>2026-09-04T06:15:19.000+01:00</Time>
                        <HeartRateBpm>
                            <Value>128</Value>
                        </HeartRateBpm>
                    </Trackpoint>
                    <Trackpoint>
                        <Time>2026-09-04T06:15:22.000+01:00</Time>
                        <HeartRateBpm>
                            <Value>128</Value>
                        </HeartRateBpm>
                    </Trackpoint>
                    <Trackpoint>
                        <Time>2026-09-04T06:15:25.000+01:00</Time>
                        <HeartRateBpm>
                            <Value>128</Value>
                        </HeartRateBpm>
                    </Trackpoint>
                    <Trackpoint>
                        <Time>2026-09-04T06:15:28.000+01:00</Time>
                        <HeartRateBpm>
                            <Value>128</Value>
                        </HeartRateBpm>
                    </Trackpoint>
                    <Trackpoint>
                        <Time>2026-09-04T06:15:29.000+01:00</Time>
                        <HeartRateBpm>
                            <Value>126</Value>
                        </HeartRateBpm>
                    </Trackpoint>
                    <Trackpoint>
                        <Time>2026-09-04T06:15:32.000+01:00</Time>
                        <HeartRateBpm>
                            <Value>126</Value>
                        </HeartRateBpm>
                    </Trackpoint>
                    <Trackpoint>
                        <Time>2026-09-04T06:15:33.000+01:00</Time>
                        <HeartRateBpm>
                            <Value>125</Value>
                        </HeartRateBpm>
                    </Trackpoint>
                    <Trackpoint>
                        <Time>2026-09-04T06:15:36.000+01:00</Time>
                        <HeartRateBpm>
                            <Value>125</Value>
                        </HeartRateBpm>
                    </Trackpoint>
                    <Trackpoint>
                        <Time>2026-09-04T06:15:39.000+01:00</Time>
                        <HeartRateBpm>
                            <Value>125</Value>
                        </HeartRateBpm>
                    </Trackpoint>
                    <Trackpoint>
                        <Time>2026-09-04T06:15:42.000+01:00</Time>
                        <HeartRateBpm>
                            <Value>124</Value>
                        </HeartRateBpm>
                    </Trackpoint>
                    <Trackpoint>
                        <Time>2026-09-04T06:15:45.000+01:00</Time>
                        <HeartRateBpm>
                            <Value>124</Value>
                        </HeartRateBpm>
                    </Trackpoint>
                    <Trackpoint>
                        <Time>2026-09-04T06:15:46.000+01:00</Time>
                        <HeartRateBpm>
                            <Value>123</Value>
                        </HeartRateBpm>
                    </Trackpoint>
                    <Trackpoint>
                        <Time>2026-09-04T06:15:49.000+01:00</Time>
                        <HeartRateBpm>
                            <Value>123</Value>
                        </HeartRateBpm>
                    </Trackpoint>
                    <Trackpoint>
                        <Time>2026-09-04T06:15:50.000+01:00</Time>
                        <HeartRateBpm>
                            <Value>125</Value>
                        </HeartRateBpm>
                    </Trackpoint>
                    <Trackpoint>
                        <Time>2026-09-04T06:15:53.000+01:00</Time>
                        <HeartRateBpm>
                            <Value>125</Value>
                        </HeartRateBpm>
                    </Trackpoint>
                    <Trackpoint>
                        <Time>2026-09-04T06:15:54.000+01:00</Time>
                        <HeartRateBpm>
                            <Value>124</Value>
                        </HeartRateBpm>
                    </Trackpoint>
                    <Trackpoint>
                        <Time>2026-09-04T06:15:56.000+01:00</Time>
                        <HeartRateBpm>
                            <Value>123</Value>
                        </HeartRateBpm>
                    </Trackpoint>
                    <Trackpoint>
                        <Time>2026-09-04T06:15:58.000+01:00</Time>
                        <HeartRateBpm>
                            <Value>124</Value>
                        </HeartRateBpm>
                    </Trackpoint>
                    <Trackpoint>
                        <Time>2026-09-04T06:16:01.000+01:00</Time>
                        <HeartRateBpm>
                            <Value>124</Value>
                        </HeartRateBpm>
                    </Trackpoint>
                    <Trackpoint>
                        <Time>2026-09-04T06:16:03.000+01:00</Time>
                        <HeartRateBpm>
                            <Value>123</Value>
                        </HeartRateBpm>
                    </Trackpoint>
                    <Trackpoint>
                        <Time>2026-09-04T06:16:06.000+01:00</Time>
                        <HeartRateBpm>
                            <Value>123</Value>
                        </HeartRateBpm>
                    </Trackpoint>
                    <Trackpoint>
                        <Time>2026-09-04T06:16:07.000+01:00</Time>
                        <HeartRateBpm>
                            <Value>124</Value>
                        </HeartRateBpm>
                    </Trackpoint>
                    <Trackpoint>
                        <Time>2026-09-04T06:16:10.000+01:00</Time>
                        <HeartRateBpm>
                            <Value>124</Value>
                        </HeartRateBpm>
                    </Trackpoint>
                    <Trackpoint>
                        <Time>2026-09-04T06:16:13.000+01:00</Time>
                        <HeartRateBpm>
                            <Value>124</Value>
                        </HeartRateBpm>
                    </Trackpoint>
                    <Trackpoint>
                        <Time>2026-09-04T06:16:15.000+01:00</Time>
                        <HeartRateBpm>
                            <Value>123</Value>
                        </HeartRateBpm>
                    </Trackpoint>
                    <Trackpoint>
                        <Time>2026-09-04T06:16:18.000+01:00</Time>
                        <HeartRateBpm>
                            <Value>123</Value>
                        </HeartRateBpm>
                    </Trackpoint>
                    <Trackpoint>
                        <Time>2026-09-04T06:16:19.000+01:00</Time>
                        <HeartRateBpm>
                            <Value>122</Value>
                        </HeartRateBpm>
                    </Trackpoint>
                    <Trackpoint>
                        <Time>2026-09-04T06:16:22.000+01:00</Time>
                        <HeartRateBpm>
                            <Value>122</Value>
                        </HeartRateBpm>
                    </Trackpoint>
                    <Trackpoint>
                        <Time>2026-09-04T06:16:23.000+01:00</Time>
                        <HeartRateBpm>
                            <Value>123</Value>
                        </HeartRateBpm>
                    </Trackpoint>
                    <Trackpoint>
                        <Time>2026-09-04T06:16:24.000+01:00</Time>
                        <HeartRateBpm>
                            <Value>124</Value>
                        </HeartRateBpm>
                    </Trackpoint>
                    <Trackpoint>
                        <Time>2026-09-04T06:16:27.000+01:00</Time>
                        <HeartRateBpm>
                            <Value>124</Value>
                        </HeartRateBpm>
                    </Trackpoint>
                    <Trackpoint>
                        <Time>2026-09-04T06:16:28.000+01:00</Time>
                        <HeartRateBpm>
                            <Value>124</Value>
                        </HeartRateBpm>
                    </Trackpoint>
                    <Trackpoint>
                        <Time>2026-09-04T06:16:31.000+01:00</Time>
                        <HeartRateBpm>
                            <Value>124</Value>
                        </HeartRateBpm>
                    </Trackpoint>
                    <Trackpoint>
                        <Time>2026-09-04T06:16:34.000+01:00</Time>
                        <HeartRateBpm>
                            <Value>124</Value>
                        </HeartRateBpm>
                    </Trackpoint>
                    <Trackpoint>
                        <Time>2026-09-04T06:16:37.000+01:00</Time>
                        <HeartRateBpm>
                            <Value>124</Value>
                        </HeartRateBpm>
                    </Trackpoint>
                    <Trackpoint>
                        <Time>2026-09-04T06:16:38.000+01:00</Time>
                        <HeartRateBpm>
                            <Value>123</Value>
                        </HeartRateBpm>
                    </Trackpoint>
                    <Trackpoint>
                        <Time>2026-09-04T06:16:40.000+01:00</Time>
                        <HeartRateBpm>
                            <Value>124</Value>
                        </HeartRateBpm>
                    </Trackpoint>
                    <Trackpoint>
                        <Time>2026-09-04T06:16:43.000+01:00</Time>
                        <HeartRateBpm>
                            <Value>124</Value>
                        </HeartRateBpm>
                    </Trackpoint>
                    <Trackpoint>
                        <Time>2026-09-04T06:16:44.000+01:00</Time>
                        <HeartRateBpm>
                            <Value>123</Value>
                        </HeartRateBpm>
                    </Trackpoint>
                    <Trackpoint>
                        <Time>2026-09-04T06:16:46.000+01:00</Time>
                        <HeartRateBpm>
                            <Value>124</Value>
                        </HeartRateBpm>
                    </Trackpoint>
                    <Trackpoint>
                        <Time>2026-09-04T06:16:48.000+01:00</Time>
                        <HeartRateBpm>
                            <Value>123</Value>
                        </HeartRateBpm>
                    </Trackpoint>
                    <Trackpoint>
                        <Time>2026-09-04T06:16:51.000+01:00</Time>
                        <HeartRateBpm>
                            <Value>122</Value>
                        </HeartRateBpm>
                    </Trackpoint>
                    <Trackpoint>
                        <Time>2026-09-04T06:16:54.000+01:00</Time>
                        <HeartRateBpm>
                            <Value>122</Value>
                        </HeartRateBpm>
                    </Trackpoint>
                    <Trackpoint>
                        <Time>2026-09-04T06:16:57.000+01:00</Time>
                        <HeartRateBpm>
                            <Value>121</Value>
                        </HeartRateBpm>
                    </Trackpoint>
                    <Trackpoint>
                        <Time>2026-09-04T06:17:00.000+01:00</Time>
                        <HeartRateBpm>
                            <Value>121</Value>
                        </HeartRateBpm>
                    </Trackpoint>
                    <Trackpoint>
                        <Time>2026-09-04T06:17:03.000+01:00</Time>
                        <HeartRateBpm>
                            <Value>121</Value>
                        </HeartRateBpm>
                    </Trackpoint>
                    <Trackpoint>
                        <Time>2026-09-04T06:17:05.000+01:00</Time>
                        <HeartRateBpm>
                            <Value>122</Value>
                        </HeartRateBpm>
                    </Trackpoint>
                    <Trackpoint>
                        <Time>2026-09-04T06:17:08.000+01:00</Time>
                        <HeartRateBpm>
                            <Value>122</Value>
                        </HeartRateBpm>
                    </Trackpoint>
                    <Trackpoint>
                        <Time>2026-09-04T06:17:09.000+01:00</Time>
                        <HeartRateBpm>
                            <Value>121</Value>
                        </HeartRateBpm>
                    </Trackpoint>
                    <Trackpoint>
                        <Time>2026-09-04T06:17:11.000+01:00</Time>
                        <HeartRateBpm>
                            <Value>122</Value>
                        </HeartRateBpm>
                    </Trackpoint>
                    <Trackpoint>
                        <Time>2026-09-04T06:17:12.000+01:00</Time>
                        <HeartRateBpm>
                            <Value>121</Value>
                        </HeartRateBpm>
                    </Trackpoint>
                    <Trackpoint>
                        <Time>2026-09-04T06:17:15.000+01:00</Time>
                        <HeartRateBpm>
                            <Value>121</Value>
                        </HeartRateBpm>
                    </Trackpoint>
                    <Trackpoint>
                        <Time>2026-09-04T06:17:16.000+01:00</Time>
                        <HeartRateBpm>
                            <Value>123</Value>
                        </HeartRateBpm>
                    </Trackpoint>
                    <Trackpoint>
                        <Time>2026-09-04T06:17:19.000+01:00</Time>
                        <HeartRateBpm>
                            <Value>123</Value>
                        </HeartRateBpm>
                    </Trackpoint>
                    <Trackpoint>
                        <Time>2026-09-04T06:17:20.000+01:00</Time>
                        <HeartRateBpm>
                            <Value>126</Value>
                        </HeartRateBpm>
                    </Trackpoint>
                    <Trackpoint>
                        <Time>2026-09-04T06:17:22.000+01:00</Time>
                        <HeartRateBpm>
                            <Value>127</Value>
                        </HeartRateBpm>
                    </Trackpoint>
                    <Trackpoint>
                        <Time>2026-09-04T06:17:24.000+01:00</Time>
                        <HeartRateBpm>
                            <Value>128</Value>
                        </HeartRateBpm>
                    </Trackpoint>
                    <Trackpoint>
                        <Time>2026-09-04T06:17:26.000+01:00</Time>
                        <HeartRateBpm>
                            <Value>127</Value>
                        </HeartRateBpm>
                    </Trackpoint>
                    <Trackpoint>
                        <Time>2026-09-04T06:17:27.000+01:00</Time>
                        <HeartRateBpm>
                            <Value>127</Value>
                        </HeartRateBpm>
                    </Trackpoint>
                    <Trackpoint>
                        <Time>2026-09-04T06:17:28.000+01:00</Time>
                        <HeartRateBpm>
                            <Value>128</Value>
                        </HeartRateBpm>
                    </Trackpoint>
                    <Trackpoint>
                        <Time>2026-09-04T06:17:30.000+01:00</Time>
                        <HeartRateBpm>
                            <Value>129</Value>
                        </HeartRateBpm>
                    </Trackpoint>
                    <Trackpoint>
                        <Time>2026-09-04T06:17:33.000+01:00</Time>
                        <HeartRateBpm>
                            <Value>129</Value>
                        </HeartRateBpm>
                    </Trackpoint>
                    <Trackpoint>
                        <Time>2026-09-04T06:17:36.000+01:00</Time>
                        <HeartRateBpm>
                            <Value>129</Value>
                        </HeartRateBpm>
                    </Trackpoint>
                    <Trackpoint>
                        <Time>2026-09-04T06:17:37.000+01:00</Time>
                        <HeartRateBpm>
                            <Value>130</Value>
                        </HeartRateBpm>
                    </Trackpoint>
                    <Trackpoint>
                        <Time>2026-09-04T06:17:40.000+01:00</Time>
                        <HeartRateBpm>
                            <Value>130</Value>
                        </HeartRateBpm>
                    </Trackpoint>
                    <Trackpoint>
                        <Time>2026-09-04T06:17:41.000+01:00</Time>
                        <HeartRateBpm>
                            <Value>131</Value>
                        </HeartRateBpm>
                    </Trackpoint>
                    <Trackpoint>
                        <Time>2026-09-04T06:17:43.000+01:00</Time>
                        <HeartRateBpm>
                            <Value>132</Value>
                        </HeartRateBpm>
                    </Trackpoint>
                    <Trackpoint>
                        <Time>2026-09-04T06:17:46.000+01:00</Time>
                        <HeartRateBpm>
                            <Value>132</Value>
                        </HeartRateBpm>
                    </Trackpoint>
                    <Trackpoint>
                        <Time>2026-09-04T06:17:47.000+01:00</Time>
                        <HeartRateBpm>
                            <Value>133</Value>
                        </HeartRateBpm>
                    </Trackpoint>
                    <Trackpoint>
                        <Time>2026-09-04T06:17:49.000+01:00</Time>
                        <HeartRateBpm>
                            <Value>132</Value>
                        </HeartRateBpm>
                    </Trackpoint>
                    <Trackpoint>
                        <Time>2026-09-04T06:17:52.000+01:00</Time>
                        <HeartRateBpm>
                            <Value>132</Value>
                        </HeartRateBpm>
                    </Trackpoint>
                    <Trackpoint>
                        <Time>2026-09-04T06:17:53.000+01:00</Time>
                        <HeartRateBpm>
                            <Value>131</Value>
                        </HeartRateBpm>
                    </Trackpoint>
                    <Trackpoint>
                        <Time>2026-09-04T06:17:56.000+01:00</Time>
                        <HeartRateBpm>
                            <Value>131</Value>
                        </HeartRateBpm>
                    </Trackpoint>
                    <Trackpoint>
                        <Time>2026-09-04T06:17:59.000+01:00</Time>
                        <HeartRateBpm>
                            <Value>131</Value>
                        </HeartRateBpm>
                    </Trackpoint>
                    <Trackpoint>
                        <Time>2026-09-04T06:18:00.000+01:00</Time>
                        <HeartRateBpm>
                            <Value>132</Value>
                        </HeartRateBpm>
                    </Trackpoint>
                    <Trackpoint>
                        <Time>2026-09-04T06:18:03.000+01:00</Time>
                        <HeartRateBpm>
                            <Value>132</Value>
                        </HeartRateBpm>
                    </Trackpoint>
                    <Trackpoint>
                        <Time>2026-09-04T06:18:04.000+01:00</Time>
                        <HeartRateBpm>
                            <Value>133</Value>
                        </HeartRateBpm>
                    </Trackpoint>
                    <Trackpoint>
                        <Time>2026-09-04T06:18:07.000+01:00</Time>
                        <HeartRateBpm>
                            <Value>133</Value>
                        </HeartRateBpm>
                    </Trackpoint>
                    <Trackpoint>
                        <Time>2026-09-04T06:18:10.000+01:00</Time>
                        <HeartRateBpm>
                            <Value>133</Value>
                        </HeartRateBpm>
                    </Trackpoint>
                    <Trackpoint>
                        <Time>2026-09-04T06:18:13.000+01:00</Time>
                        <HeartRateBpm>
                            <Value>133</Value>
                        </HeartRateBpm>
                    </Trackpoint>
                    <Trackpoint>
                        <Time>2026-09-04T06:18:16.000+01:00</Time>
                        <HeartRateBpm>
                            <Value>134</Value>
                        </HeartRateBpm>
                    </Trackpoint>
                    <Trackpoint>
                        <Time>2026-09-04T06:18:19.000+01:00</Time>
                        <HeartRateBpm>
                            <Value>134</Value>
                        </HeartRateBpm>
                    </Trackpoint>
                    <Trackpoint>
                        <Time>2026-09-04T06:18:20.000+01:00</Time>
                        <HeartRateBpm>
                            <Value>133</Value>
                        </HeartRateBpm>
                    </Trackpoint>
                    <Trackpoint>
                        <Time>2026-09-04T06:18:22.000+01:00</Time>
                        <HeartRateBpm>
                            <Value>134</Value>
                        </HeartRateBpm>
                    </Trackpoint>
                    <Trackpoint>
                        <Time>2026-09-04T06:18:25.000+01:00</Time>
                        <HeartRateBpm>
                            <Value>134</Value>
                        </HeartRateBpm>
                    </Trackpoint>
                    <Trackpoint>
                        <Time>2026-09-04T06:18:26.000+01:00</Time>
                        <HeartRateBpm>
                            <Value>134</Value>
                        </HeartRateBpm>
                    </Trackpoint>
                    <Trackpoint>
                        <Time>2026-09-04T06:18:27.000+01:00</Time>
                        <HeartRateBpm>
                            <Value>133</Value>
                        </HeartRateBpm>
                    </Trackpoint>
                    <Trackpoint>
                        <Time>2026-09-04T06:18:30.000+01:00</Time>
                        <HeartRateBpm>
                            <Value>133</Value>
                        </HeartRateBpm>
                    </Trackpoint>
                    <Trackpoint>
                        <Time>2026-09-04T06:18:31.000+01:00</Time>
                        <HeartRateBpm>
                            <Value>132</Value>
                        </HeartRateBpm>
                    </Trackpoint>
                    <Trackpoint>
                        <Time>2026-09-04T06:18:34.000+01:00</Time>
                        <HeartRateBpm>
                            <Value>132</Value>
                        </HeartRateBpm>
                    </Trackpoint>
                    <Trackpoint>
                        <Time>2026-09-04T06:18:37.000+01:00</Time>
                        <HeartRateBpm>
                            <Value>130</Value>
                        </HeartRateBpm>
                    </Trackpoint>
                    <Trackpoint>
                        <Time>2026-09-04T06:18:39.000+01:00</Time>
                        <HeartRateBpm>
                            <Value>129</Value>
                        </HeartRateBpm>
                    </Trackpoint>
                    <Trackpoint>
                        <Time>2026-09-04T06:18:42.000+01:00</Time>
                        <HeartRateBpm>
                            <Value>129</Value>
                        </HeartRateBpm>
                    </Trackpoint>
                    <Trackpoint>
                        <Time>2026-09-04T06:18:43.000+01:00</Time>
                        <HeartRateBpm>
                            <Value>128</Value>
                        </HeartRateBpm>
                    </Trackpoint>
                    <Trackpoint>
                        <Time>2026-09-04T06:18:46.000+01:00</Time>
                        <HeartRateBpm>
                            <Value>128</Value>
                        </HeartRateBpm>
                    </Trackpoint>
                    <Trackpoint>
                        <Time>2026-09-04T06:18:47.000+01:00</Time>
                        <HeartRateBpm>
                            <Value>127</Value>
                        </HeartRateBpm>
                    </Trackpoint>
                    <Trackpoint>
                        <Time>2026-09-04T06:18:50.000+01:00</Time>
                        <HeartRateBpm>
                            <Value>126</Value>
                        </HeartRateBpm>
                    </Trackpoint>
                    <Trackpoint>
                        <Time>2026-09-04T06:18:53.000+01:00</Time>
                        <HeartRateBpm>
                            <Value>126</Value>
                        </HeartRateBpm>
                    </Trackpoint>
                    <Trackpoint>
                        <Time>2026-09-04T06:18:56.000+01:00</Time>
                        <HeartRateBpm>
                            <Value>126</Value>
                        </HeartRateBpm>
                    </Trackpoint>
                    <Trackpoint>
                        <Time>2026-09-04T06:18:59.000+01:00</Time>
                        <HeartRateBpm>
                            <Value>126</Value>
                        </HeartRateBpm>
                    </Trackpoint>
                    <Trackpoint>
                        <Time>2026-09-04T06:19:02.000+01:00</Time>
                        <HeartRateBpm>
                            <Value>125</Value>
                        </HeartRateBpm>
                    </Trackpoint>
                    <Trackpoint>
                        <Time>2026-09-04T06:19:05.000+01:00</Time>
                        <HeartRateBpm>
                            <Value>125</Value>
                        </HeartRateBpm>
                    </Trackpoint>
                    <Trackpoint>
                        <Time>2026-09-04T06:19:06.000+01:00</Time>
                        <HeartRateBpm>
                            <Value>126</Value>
                        </HeartRateBpm>
                    </Trackpoint>
                    <Trackpoint>
                        <Time>2026-09-04T06:19:09.000+01:00</Time>
                        <HeartRateBpm>
                            <Value>126</Value>
                        </HeartRateBpm>
                    </Trackpoint>
                    <Trackpoint>
                        <Time>2026-09-04T06:19:12.000+01:00</Time>
                        <HeartRateBpm>
                            <Value>126</Value>
                        </HeartRateBpm>
                    </Trackpoint>
                    <Trackpoint>
                        <Time>2026-09-04T06:19:15.000+01:00</Time>
                        <HeartRateBpm>
                            <Value>126</Value>
                        </HeartRateBpm>
                    </Trackpoint>
                    <Trackpoint>
                        <Time>2026-09-04T06:19:18.000+01:00</Time>
                        <HeartRateBpm>
                            <Value>126</Value>
                        </HeartRateBpm>
                    </Trackpoint>
                    <Trackpoint>
                        <Time>2026-09-04T06:19:21.000+01:00</Time>
                        <HeartRateBpm>
                            <Value>126</Value>
                        </HeartRateBpm>
                    </Trackpoint>
                    <Trackpoint>
                        <Time>2026-09-04T06:19:24.000+01:00</Time>
                        <HeartRateBpm>
                            <Value>126</Value>
                        </HeartRateBpm>
                    </Trackpoint>
                    <Trackpoint>
                        <Time>2026-09-04T06:19:25.000+01:00</Time>
                        <HeartRateBpm>
                            <Value>125</Value>
                        </HeartRateBpm>
                    </Trackpoint>
                    <Trackpoint>
                        <Time>2026-09-04T06:19:27.000+01:00</Time>
                        <HeartRateBpm>
                            <Value>126</Value>
                        </HeartRateBpm>
                    </Trackpoint>
                    <Trackpoint>
                        <Time>2026-09-04T06:19:30.000+01:00</Time>
                        <HeartRateBpm>
                            <Value>126</Value>
                        </HeartRateBpm>
                    </Trackpoint>
                    <Trackpoint>
                        <Time>2026-09-04T06:19:31.000+01:00</Time>
                        <HeartRateBpm>
                            <Value>127</Value>
                        </HeartRateBpm>
                    </Trackpoint>
                    <Trackpoint>
                        <Time>2026-09-04T06:19:34.000+01:00</Time>
                        <HeartRateBpm>
                            <Value>127</Value>
                        </HeartRateBpm>
                    </Trackpoint>
                    <Trackpoint>
                        <Time>2026-09-04T06:19:37.000+01:00</Time>
                        <HeartRateBpm>
                            <Value>127</Value>
                        </HeartRateBpm>
                    </Trackpoint>
                    <Trackpoint>
                        <Time>2026-09-04T06:19:40.000+01:00</Time>
                        <HeartRateBpm>
                            <Value>127</Value>
                        </HeartRateBpm>
                    </Trackpoint>
                    <Trackpoint>
                        <Time>2026-09-04T06:19:43.000+01:00</Time>
                        <HeartRateBpm>
                            <Value>127</Value>
                        </HeartRateBpm>
                    </Trackpoint>
                    <Trackpoint>
                        <Time>2026-09-04T06:19:46.000+01:00</Time>
                        <HeartRateBpm>
                            <Value>128</Value>
                        </HeartRateBpm>
                    </Trackpoint>
                    <Trackpoint>
                        <Time>2026-09-04T06:19:49.000+01:00</Time>
                        <HeartRateBpm>
                            <Value>128</Value>
                        </HeartRateBpm>
                    </Trackpoint>
                    <Trackpoint>
                        <Time>2026-09-04T06:19:52.000+01:00</Time>
                        <HeartRateBpm>
                            <Value>128</Value>
                        </HeartRateBpm>
                    </Trackpoint>
                    <Trackpoint>
                        <Time>2026-09-04T06:19:55.000+01:00</Time>
                        <HeartRateBpm>
                            <Value>128</Value>
                        </HeartRateBpm>
                    </Trackpoint>
                    <Trackpoint>
                        <Time>2026-09-04T06:19:58.000+01:00</Time>
                        <HeartRateBpm>
                            <Value>128</Value>
                        </HeartRateBpm>
                    </Trackpoint>
                    <Trackpoint>
                        <Time>2026-09-04T06:20:01.000+01:00</Time>
                        <HeartRateBpm>
                            <Value>128</Value>
                        </HeartRateBpm>
                    </Trackpoint>
                    <Trackpoint>
                        <Time>2026-09-04T06:20:04.000+01:00</Time>
                        <HeartRateBpm>
                            <Value>128</Value>
                        </HeartRateBpm>
                    </Trackpoint>
                    <Trackpoint>
                        <Time>2026-09-04T06:20:07.000+01:00</Time>
                        <HeartRateBpm>
                            <Value>128</Value>
                        </HeartRateBpm>
                    </Trackpoint>
                    <Trackpoint>
                        <Time>2026-09-04T06:20:09.000+01:00</Time>
                        <HeartRateBpm>
                            <Value>129</Value>
                        </HeartRateBpm>
                    </Trackpoint>
                    <Trackpoint>
                        <Time>2026-09-04T06:20:11.000+01:00</Time>
                        <HeartRateBpm>
                            <Value>128</Value>
                        </HeartRateBpm>
                    </Trackpoint>
                    <Trackpoint>
                        <Time>2026-09-04T06:20:14.000+01:00</Time>
                        <HeartRateBpm>
                            <Value>128</Value>
                        </HeartRateBpm>
                    </Trackpoint>
                    <Trackpoint>
                        <Time>2026-09-04T06:20:15.000+01:00</Time>
                        <HeartRateBpm>
                            <Value>127</Value>
                        </HeartRateBpm>
                    </Trackpoint>
                    <Trackpoint>
                        <Time>2026-09-04T06:20:18.000+01:00</Time>
                        <HeartRateBpm>
                            <Value>127</Value>
                        </HeartRateBpm>
                    </Trackpoint>
                    <Trackpoint>
                        <Time>2026-09-04T06:20:19.000+01:00</Time>
                        <HeartRateBpm>
                            <Value>126</Value>
                        </HeartRateBpm>
                    </Trackpoint>
                    <Trackpoint>
                        <Time>2026-09-04T06:20:22.000+01:00</Time>
                        <HeartRateBpm>
                            <Value>126</Value>
                        </HeartRateBpm>
                    </Trackpoint>
                    <Trackpoint>
                        <Time>2026-09-04T06:20:23.000+01:00</Time>
                        <HeartRateBpm>
                            <Value>127</Value>
                        </HeartRateBpm>
                    </Trackpoint>
                    <Trackpoint>
                        <Time>2026-09-04T06:20:26.000+01:00</Time>
                        <HeartRateBpm>
                            <Value>126</Value>
                        </HeartRateBpm>
                    </Trackpoint>
                    <Trackpoint>
                        <Time>2026-09-04T06:20:29.000+01:00</Time>
                        <HeartRateBpm>
                            <Value>126</Value>
                        </HeartRateBpm>
                    </Trackpoint>
                    <Trackpoint>
                        <Time>2026-09-04T06:20:32.000+01:00</Time>
                        <HeartRateBpm>
                            <Value>127</Value>
                        </HeartRateBpm>
                    </Trackpoint>
                    <Trackpoint>
                        <Time>2026-09-04T06:20:35.000+01:00</Time>
                        <HeartRateBpm>
                            <Value>127</Value>
                        </HeartRateBpm>
                    </Trackpoint>
                    <Trackpoint>
                        <Time>2026-09-04T06:20:36.000+01:00</Time>
                        <HeartRateBpm>
                            <Value>128</Value>
                        </HeartRateBpm>
                    </Trackpoint>
                    <Trackpoint>
                        <Time>2026-09-04T06:20:38.000+01:00</Time>
                        <HeartRateBpm>
                            <Value>127</Value>
                        </HeartRateBpm>
                    </Trackpoint>
                    <Trackpoint>
                        <Time>2026-09-04T06:20:39.000+01:00</Time>
                        <HeartRateBpm>
                            <Value>127</Value>
                        </HeartRateBpm>
                    </Trackpoint>
                    <Trackpoint>
                        <Time>2026-09-04T06:20:42.000+01:00</Time>
                        <HeartRateBpm>
                            <Value>128</Value>
                        </HeartRateBpm>
                    </Trackpoint>
                    <Trackpoint>
                        <Time>2026-09-04T06:20:45.000+01:00</Time>
                        <HeartRateBpm>
                            <Value>128</Value>
                        </HeartRateBpm>
                    </Trackpoint>
                    <Trackpoint>
                        <Time>2026-09-04T06:20:48.000+01:00</Time>
                        <HeartRateBpm>
                            <Value>129</Value>
                        </HeartRateBpm>
                    </Trackpoint>
                    <Trackpoint>
                        <Time>2026-09-04T06:20:51.000+01:00</Time>
                        <HeartRateBpm>
                            <Value>130</Value>
                        </HeartRateBpm>
                    </Trackpoint>
                    <Trackpoint>
                        <Time>2026-09-04T06:20:54.000+01:00</Time>
                        <HeartRateBpm>
                            <Value>130</Value>
                        </HeartRateBpm>
                    </Trackpoint>
                    <Trackpoint>
                        <Time>2026-09-04T06:20:57.000+01:00</Time>
                        <HeartRateBpm>
                            <Value>130</Value>
                        </HeartRateBpm>
                    </Trackpoint>
                    <Trackpoint>
                        <Time>2026-09-04T06:20:59.000+01:00</Time>
                        <HeartRateBpm>
                            <Value>131</Value>
                        </HeartRateBpm>
                    </Trackpoint>
                    <Trackpoint>
                        <Time>2026-09-04T06:21:02.000+01:00</Time>
                        <HeartRateBpm>
                            <Value>131</Value>
                        </HeartRateBpm>
                    </Trackpoint>
                    <Trackpoint>
                        <Time>2026-09-04T06:21:03.000+01:00</Time>
                        <HeartRateBpm>
                            <Value>132</Value>
                        </HeartRateBpm>
                    </Trackpoint>
                    <Trackpoint>
                        <Time>2026-09-04T06:21:06.000+01:00</Time>
                        <HeartRateBpm>
                            <Value>132</Value>
                        </HeartRateBpm>
                    </Trackpoint>
                    <Trackpoint>
                        <Time>2026-09-04T06:21:09.000+01:00</Time>
                        <HeartRateBpm>
                            <Value>132</Value>
                        </HeartRateBpm>
                    </Trackpoint>
                    <Trackpoint>
                        <Time>2026-09-04T06:21:12.000+01:00</Time>
                        <HeartRateBpm>
                            <Value>131</Value>
                        </HeartRateBpm>
                    </Trackpoint>
                    <Trackpoint>
                        <Time>2026-09-04T06:21:14.000+01:00</Time>
                        <HeartRateBpm>
                            <Value>132</Value>
                        </HeartRateBpm>
                    </Trackpoint>
                    <Trackpoint>
                        <Time>2026-09-04T06:21:16.000+01:00</Time>
                        <HeartRateBpm>
                            <Value>131</Value>
                        </HeartRateBpm>
                    </Trackpoint>
                    <Trackpoint>
                        <Time>2026-09-04T06:21:19.000+01:00</Time>
                        <HeartRateBpm>
                            <Value>131</Value>
                        </HeartRateBpm>
                    </Trackpoint>
                    <Trackpoint>
                        <Time>2026-09-04T06:21:20.000+01:00</Time>
                        <HeartRateBpm>
                            <Value>132</Value>
                        </HeartRateBpm>
                    </Trackpoint>
                    <Trackpoint>
                        <Time>2026-09-04T06:21:23.000+01:00</Time>
                        <HeartRateBpm>
                            <Value>132</Value>
                        </HeartRateBpm>
                    </Trackpoint>
                    <Trackpoint>
                        <Time>2026-09-04T06:21:24.000+01:00</Time>
                        <HeartRateBpm>
                            <Value>133</Value>
                        </HeartRateBpm>
                    </Trackpoint>
                    <Trackpoint>
                        <Time>2026-09-04T06:21:27.000+01:00</Time>
                        <HeartRateBpm>
                            <Value>133</Value>
                        </HeartRateBpm>
                    </Trackpoint>
                    <Trackpoint>
                        <Time>2026-09-04T06:21:30.000+01:00</Time>
                        <HeartRateBpm>
                            <Value>133</Value>
                        </HeartRateBpm>
                    </Trackpoint>
                    <Trackpoint>
                        <Time>2026-09-04T06:21:32.000+01:00</Time>
                        <HeartRateBpm>
                            <Value>134</Value>
                        </HeartRateBpm>
                    </Trackpoint>
                    <Trackpoint>
                        <Time>2026-09-04T06:21:34.000+01:00</Time>
                        <HeartRateBpm>
                            <Value>133</Value>
                        </HeartRateBpm>
                    </Trackpoint>
                    <Trackpoint>
                        <Time>2026-09-04T06:21:37.000+01:00</Time>
                        <HeartRateBpm>
                            <Value>133</Value>
                        </HeartRateBpm>
                    </Trackpoint>
                    <Trackpoint>
                        <Time>2026-09-04T06:21:40.000+01:00</Time>
                        <HeartRateBpm>
                            <Value>133</Value>
                        </HeartRateBpm>
                    </Trackpoint>
                    <Trackpoint>
                        <Time>2026-09-04T06:21:41.000+01:00</Time>
                        <HeartRateBpm>
                            <Value>132</Value>
                        </HeartRateBpm>
                    </Trackpoint>
                    <Trackpoint>
                        <Time>2026-09-04T06:21:44.000+01:00</Time>
                        <HeartRateBpm>
                            <Value>132</Value>
                        </HeartRateBpm>
                    </Trackpoint>
                    <Trackpoint>
                        <Time>2026-09-04T06:21:45.000+01:00</Time>
                        <HeartRateBpm>
                            <Value>132</Value>
                        </HeartRateBpm>
                    </Trackpoint>
                    <Trackpoint>
                        <Time>2026-09-04T06:21:48.000+01:00</Time>
                        <HeartRateBpm>
                            <Value>132</Value>
                        </HeartRateBpm>
                    </Trackpoint>
                    <Trackpoint>
                        <Time>2026-09-04T06:21:49.000+01:00</Time>
                        <HeartRateBpm>
                            <Value>131</Value>
                        </HeartRateBpm>
                    </Trackpoint>
                    <Trackpoint>
                        <Time>2026-09-04T06:21:51.000+01:00</Time>
                        <HeartRateBpm>
                            <Value>132</Value>
                        </HeartRateBpm>
                    </Trackpoint>
                    <Trackpoint>
                        <Time>2026-09-04T06:21:54.000+01:00</Time>
                        <HeartRateBpm>
                            <Value>132</Value>
                        </HeartRateBpm>
                    </Trackpoint>
                    <Trackpoint>
                        <Time>2026-09-04T06:21:57.000+01:00</Time>
                        <HeartRateBpm>
                            <Value>131</Value>
                        </HeartRateBpm>
                    </Trackpoint>
                    <Trackpoint>
                        <Time>2026-09-04T06:21:59.000+01:00</Time>
                        <HeartRateBpm>
                            <Value>130</Value>
                        </HeartRateBpm>
                    </Trackpoint>
                    <Trackpoint>
                        <Time>2026-09-04T06:22:02.000+01:00</Time>
                        <HeartRateBpm>
                            <Value>130</Value>
                        </HeartRateBpm>
                    </Trackpoint>
                    <Trackpoint>
                        <Time>2026-09-04T06:22:05.000+01:00</Time>
                        <HeartRateBpm>
                            <Value>130</Value>
                        </HeartRateBpm>
                    </Trackpoint>
                    <Trackpoint>
                        <Time>2026-09-04T06:22:08.000+01:00</Time>
                        <HeartRateBpm>
                            <Value>129</Value>
                        </HeartRateBpm>
                    </Trackpoint>
                    <Trackpoint>
                        <Time>2026-09-04T06:22:11.000+01:00</Time>
                        <HeartRateBpm>
                            <Value>129</Value>
                        </HeartRateBpm>
                    </Trackpoint>
                    <Trackpoint>
                        <Time>2026-09-04T06:22:14.000+01:00</Time>
                        <HeartRateBpm>
                            <Value>128</Value>
                        </HeartRateBpm>
                    </Trackpoint>
                    <Trackpoint>
                        <Time>2026-09-04T06:22:16.000+01:00</Time>
                        <HeartRateBpm>
                            <Value>127</Value>
                        </HeartRateBpm>
                    </Trackpoint>
                    <Trackpoint>
                        <Time>2026-09-04T06:22:19.000+01:00</Time>
                        <HeartRateBpm>
                            <Value>127</Value>
                        </HeartRateBpm>
                    </Trackpoint>
                    <Trackpoint>
                        <Time>2026-09-04T06:22:22.000+01:00</Time>
                        <HeartRateBpm>
                            <Value>128</Value>
                        </HeartRateBpm>
                    </Trackpoint>
                    <Trackpoint>
                        <Time>2026-09-04T06:22:24.000+01:00</Time>
                        <HeartRateBpm>
                            <Value>129</Value>
                        </HeartRateBpm>
                    </Trackpoint>
                    <Trackpoint>
                        <Time>2026-09-04T06:22:27.000+01:00</Time>
                        <HeartRateBpm>
                            <Value>130</Value>
                        </HeartRateBpm>
                    </Trackpoint>
                    <Trackpoint>
                        <Time>2026-09-04T06:22:30.000+01:00</Time>
                        <HeartRateBpm>
                            <Value>130</Value>
                        </HeartRateBpm>
                    </Trackpoint>
                    <Trackpoint>
                        <Time>2026-09-04T06:22:33.000+01:00</Time>
                        <HeartRateBpm>
                            <Value>130</Value>
                        </HeartRateBpm>
                    </Trackpoint>
                    <Trackpoint>
                        <Time>2026-09-04T06:22:35.000+01:00</Time>
                        <HeartRateBpm>
                            <Value>131</Value>
                        </HeartRateBpm>
                    </Trackpoint>
                    <Trackpoint>
                        <Time>2026-09-04T06:22:38.000+01:00</Time>
                        <HeartRateBpm>
                            <Value>131</Value>
                        </HeartRateBpm>
                    </Trackpoint>
                    <Trackpoint>
                        <Time>2026-09-04T06:22:41.000+01:00</Time>
                        <HeartRateBpm>
                            <Value>131</Value>
                        </HeartRateBpm>
                    </Trackpoint>
                    <Trackpoint>
                        <Time>2026-09-04T06:22:44.000+01:00</Time>
                        <HeartRateBpm>
                            <Value>131</Value>
                        </HeartRateBpm>
                    </Trackpoint>
                    <Trackpoint>
                        <Time>2026-09-04T06:22:45.000+01:00</Time>
                        <HeartRateBpm>
                            <Value>130</Value>
                        </HeartRateBpm>
                    </Trackpoint>
                    <Trackpoint>
                        <Time>2026-09-04T06:22:48.000+01:00</Time>
                        <HeartRateBpm>
                            <Value>130</Value>
                        </HeartRateBpm>
                    </Trackpoint>
                    <Trackpoint>
                        <Time>2026-09-04T06:22:50.000+01:00</Time>
                        <HeartRateBpm>
                            <Value>129</Value>
                        </HeartRateBpm>
                    </Trackpoint>
                    <Trackpoint>
                        <Time>2026-09-04T06:22:53.000+01:00</Time>
                        <HeartRateBpm>
                            <Value>129</Value>
                        </HeartRateBpm>
                    </Trackpoint>
                    <Trackpoint>
                        <Time>2026-09-04T06:22:54.000+01:00</Time>
                        <HeartRateBpm>
                            <Value>129</Value>
                        </HeartRateBpm>
                    </Trackpoint>
                    <Trackpoint>
                        <Time>2026-09-04T06:22:56.000+01:00</Time>
                        <HeartRateBpm>
                            <Value>130</Value>
                        </HeartRateBpm>
                    </Trackpoint>
                    <Trackpoint>
                        <Time>2026-09-04T06:22:59.000+01:00</Time>
                        <HeartRateBpm>
                            <Value>130</Value>
                        </HeartRateBpm>
                    </Trackpoint>
                    <Trackpoint>
                        <Time>2026-09-04T06:23:00.000+01:00</Time>
                        <HeartRateBpm>
                            <Value>131</Value>
                        </HeartRateBpm>
                    </Trackpoint>
                    <Trackpoint>
                        <Time>2026-09-04T06:23:02.000+01:00</Time>
                        <HeartRateBpm>
                            <Value>130</Value>
                        </HeartRateBpm>
                    </Trackpoint>
                    <Trackpoint>
                        <Time>2026-09-04T06:23:05.000+01:00</Time>
                        <HeartRateBpm>
                            <Value>130</Value>
                        </HeartRateBpm>
                    </Trackpoint>
                    <Trackpoint>
                        <Time>2026-09-04T06:23:08.000+01:00</Time>
                        <HeartRateBpm>
                            <Value>130</Value>
                        </HeartRateBpm>
                    </Trackpoint>
                    <Trackpoint>
                        <Time>2026-09-04T06:23:11.000+01:00</Time>
                        <HeartRateBpm>
                            <Value>129</Value>
                        </HeartRateBpm>
                    </Trackpoint>
                    <Trackpoint>
                        <Time>2026-09-04T06:23:14.000+01:00</Time>
                        <HeartRateBpm>
                            <Value>129</Value>
                        </HeartRateBpm>
                    </Trackpoint>
                    <Trackpoint>
                        <Time>2026-09-04T06:23:15.000+01:00</Time>
                        <HeartRateBpm>
                            <Value>128</Value>
                        </HeartRateBpm>
                    </Trackpoint>
                    <Trackpoint>
                        <Time>2026-09-04T06:23:18.000+01:00</Time>
                        <HeartRateBpm>
                            <Value>128</Value>
                        </HeartRateBpm>
                    </Trackpoint>
                    <Trackpoint>
                        <Time>2026-09-04T06:23:21.000+01:00</Time>
                        <HeartRateBpm>
                            <Value>127</Value>
                        </HeartRateBpm>
                    </Trackpoint>
                    <Trackpoint>
                        <Time>2026-09-04T06:23:23.000+01:00</Time>
                        <HeartRateBpm>
                            <Value>126</Value>
                        </HeartRateBpm>
                    </Trackpoint>
                    <Trackpoint>
                        <Time>2026-09-04T06:23:26.000+01:00</Time>
                        <HeartRateBpm>
                            <Value>126</Value>
                        </HeartRateBpm>
                    </Trackpoint>
                    <Trackpoint>
                        <Time>2026-09-04T06:23:29.000+01:00</Time>
                        <HeartRateBpm>
                            <Value>126</Value>
                        </HeartRateBpm>
                    </Trackpoint>
                    <Trackpoint>
                        <Time>2026-09-04T06:23:31.000+01:00</Time>
                        <HeartRateBpm>
                            <Value>125</Value>
                        </HeartRateBpm>
                    </Trackpoint>
                    <Trackpoint>
                        <Time>2026-09-04T06:23:34.000+01:00</Time>
                        <HeartRateBpm>
                            <Value>125</Value>
                        </HeartRateBpm>
                    </Trackpoint>
                    <Trackpoint>
                        <Time>2026-09-04T06:23:37.000+01:00</Time>
                        <HeartRateBpm>
                            <Value>125</Value>
                        </HeartRateBpm>
                    </Trackpoint>
                    <Trackpoint>
                        <Time>2026-09-04T06:23:38.000+01:00</Time>
                        <HeartRateBpm>
                            <Value>126</Value>
                        </HeartRateBpm>
                    </Trackpoint>
                    <Trackpoint>
                        <Time>2026-09-04T06:23:41.000+01:00</Time>
                        <HeartRateBpm>
                            <Value>126</Value>
                        </HeartRateBpm>
                    </Trackpoint>
                    <Trackpoint>
                        <Time>2026-09-04T06:23:44.000+01:00</Time>
                        <HeartRateBpm>
                            <Value>126</Value>
                        </HeartRateBpm>
                    </Trackpoint>
                    <Trackpoint>
                        <Time>2026-09-04T06:23:47.000+01:00</Time>
                        <HeartRateBpm>
                            <Value>126</Value>
                        </HeartRateBpm>
                    </Trackpoint>
                    <Trackpoint>
                        <Time>2026-09-04T06:23:50.000+01:00</Time>
                        <HeartRateBpm>
                            <Value>125</Value>
                        </HeartRateBpm>
                    </Trackpoint>
                    <Trackpoint>
                        <Time>2026-09-04T06:23:53.000+01:00</Time>
                        <HeartRateBpm>
                            <Value>125</Value>
                        </HeartRateBpm>
                    </Trackpoint>
                    <Trackpoint>
                        <Time>2026-09-04T06:23:56.000+01:00</Time>
                        <HeartRateBpm>
                            <Value>125</Value>
                        </HeartRateBpm>
                    </Trackpoint>
                    <Trackpoint>
                        <Time>2026-09-04T06:23:59.000+01:00</Time>
                        <HeartRateBpm>
                            <Value>125</Value>
                        </HeartRateBpm>
                    </Trackpoint>
                    <Trackpoint>
                        <Time>2026-09-04T06:24:01.000+01:00</Time>
                        <HeartRateBpm>
                            <Value>126</Value>
                        </HeartRateBpm>
                    </Trackpoint>
                    <Trackpoint>
                        <Time>2026-09-04T06:24:02.000+01:00</Time>
                        <HeartRateBpm>
                            <Value>126</Value>
                        </HeartRateBpm>
                    </Trackpoint>
                    <Trackpoint>
                        <Time>2026-09-04T06:24:05.000+01:00</Time>
                        <HeartRateBpm>
                            <Value>127</Value>
                        </HeartRateBpm>
                    </Trackpoint>
                    <Trackpoint>
                        <Time>2026-09-04T06:24:07.000+01:00</Time>
                        <HeartRateBpm>
                            <Value>128</Value>
                        </HeartRateBpm>
                    </Trackpoint>
                    <Trackpoint>
                        <Time>2026-09-04T06:24:09.000+01:00</Time>
                        <HeartRateBpm>
                            <Value>129</Value>
                        </HeartRateBpm>
                    </Trackpoint>
                    <Trackpoint>
                        <Time>2026-09-04T06:24:12.000+01:00</Time>
                        <HeartRateBpm>
                            <Value>129</Value>
                        </HeartRateBpm>
                    </Trackpoint>
                    <Trackpoint>
                        <Time>2026-09-04T06:24:15.000+01:00</Time>
                        <HeartRateBpm>
                            <Value>130</Value>
                        </HeartRateBpm>
                    </Trackpoint>
                    <Trackpoint>
                        <Time>2026-09-04T06:24:18.000+01:00</Time>
                        <HeartRateBpm>
                            <Value>130</Value>
                        </HeartRateBpm>
                    </Trackpoint>
                    <Trackpoint>
                        <Time>2026-09-04T06:24:21.000+01:00</Time>
                        <HeartRateBpm>
                            <Value>131</Value>
                        </HeartRateBpm>
                    </Trackpoint>
                    <Trackpoint>
                        <Time>2026-09-04T06:24:24.000+01:00</Time>
                        <HeartRateBpm>
                            <Value>131</Value>
                        </HeartRateBpm>
                    </Trackpoint>
                    <Trackpoint>
                        <Time>2026-09-04T06:24:26.000+01:00</Time>
                        <HeartRateBpm>
                            <Value>132</Value>
                        </HeartRateBpm>
                    </Trackpoint>
                    <Trackpoint>
                        <Time>2026-09-04T06:24:29.000+01:00</Time>
                        <HeartRateBpm>
                            <Value>132</Value>
                        </HeartRateBpm>
                    </Trackpoint>
                    <Trackpoint>
                        <Time>2026-09-04T06:24:30.000+01:00</Time>
                        <HeartRateBpm>
                            <Value>133</Value>
                        </HeartRateBpm>
                    </Trackpoint>
                    <Trackpoint>
                        <Time>2026-09-04T06:24:33.000+01:00</Time>
                        <HeartRateBpm>
                            <Value>133</Value>
                        </HeartRateBpm>
                    </Trackpoint>
                    <Trackpoint>
                        <Time>2026-09-04T06:24:34.000+01:00</Time>
                        <HeartRateBpm>
                            <Value>132</Value>
                        </HeartRateBpm>
                    </Trackpoint>
                    <Trackpoint>
                        <Time>2026-09-04T06:24:37.000+01:00</Time>
                        <HeartRateBpm>
                            <Value>132</Value>
                        </HeartRateBpm>
                    </Trackpoint>
                    <Trackpoint>
                        <Time>2026-09-04T06:24:40.000+01:00</Time>
                        <HeartRateBpm>
                            <Value>132</Value>
                        </HeartRateBpm>
                    </Trackpoint>
                    <Trackpoint>
                        <Time>2026-09-04T06:24:42.000+01:00</Time>
                        <HeartRateBpm>
                            <Value>131</Value>
                        </HeartRateBpm>
                    </Trackpoint>
                    <Trackpoint>
                        <Time>2026-09-04T06:24:45.000+01:00</Time>
                        <HeartRateBpm>
                            <Value>131</Value>
                        </HeartRateBpm>
                    </Trackpoint>
                    <Trackpoint>
                        <Time>2026-09-04T06:24:46.000+01:00</Time>
                        <HeartRateBpm>
                            <Value>132</Value>
                        </HeartRateBpm>
                    </Trackpoint>
                    <Trackpoint>
                        <Time>2026-09-04T06:24:49.000+01:00</Time>
                        <HeartRateBpm>
                            <Value>132</Value>
                        </HeartRateBpm>
                    </Trackpoint>
                    <Trackpoint>
                        <Time>2026-09-04T06:24:52.000+01:00</Time>
                        <HeartRateBpm>
                            <Value>132</Value>
                        </HeartRateBpm>
                    </Trackpoint>
                    <Trackpoint>
                        <Time>2026-09-04T06:24:55.000+01:00</Time>
                        <HeartRateBpm>
                            <Value>132</Value>
                        </HeartRateBpm>
                    </Trackpoint>
                    <Trackpoint>
                        <Time>2026-09-04T06:24:58.000+01:00</Time>
                        <HeartRateBpm>
                            <Value>132</Value>
                        </HeartRateBpm>
                    </Trackpoint>
                    <Trackpoint>
                        <Time>2026-09-04T06:25:01.000+01:00</Time>
                        <HeartRateBpm>
                            <Value>133</Value>
                        </HeartRateBpm>
                    </Trackpoint>
                    <Trackpoint>
                        <Time>2026-09-04T06:25:03.000+01:00</Time>
                        <HeartRateBpm>
                            <Value>135</Value>
                        </HeartRateBpm>
                    </Trackpoint>
                    <Trackpoint>
                        <Time>2026-09-04T06:25:06.000+01:00</Time>
                        <HeartRateBpm>
                            <Value>135</Value>
                        </HeartRateBpm>
                    </Trackpoint>
                    <Trackpoint>
                        <Time>2026-09-04T06:25:07.000+01:00</Time>
                        <HeartRateBpm>
                            <Value>136</Value>
                        </HeartRateBpm>
                    </Trackpoint>
                    <Trackpoint>
                        <Time>2026-09-04T06:25:08.000+01:00</Time>
                        <HeartRateBpm>
                            <Value>136</Value>
                        </HeartRateBpm>
                    </Trackpoint>
                    <Trackpoint>
                        <Time>2026-09-04T06:25:09.000+01:00</Time>
                        <HeartRateBpm>
                            <Value>135</Value>
                        </HeartRateBpm>
                    </Trackpoint>
                    <Trackpoint>
                        <Time>2026-09-04T06:25:11.000+01:00</Time>
                        <HeartRateBpm>
                            <Value>134</Value>
                        </HeartRateBpm>
                    </Trackpoint>
                    <Trackpoint>
                        <Time>2026-09-04T06:25:12.000+01:00</Time>
                        <HeartRateBpm>
                            <Value>132</Value>
                        </HeartRateBpm>
                    </Trackpoint>
                    <Trackpoint>
                        <Time>2026-09-04T06:25:14.000+01:00</Time>
                        <HeartRateBpm>
                            <Value>131</Value>
                        </HeartRateBpm>
                    </Trackpoint>
                    <Trackpoint>
                        <Time>2026-09-04T06:25:16.000+01:00</Time>
                        <HeartRateBpm>
                            <Value>130</Value>
                        </HeartRateBpm>
                    </Trackpoint>
                    <Trackpoint>
                        <Time>2026-09-04T06:25:18.000+01:00</Time>
                        <HeartRateBpm>
                            <Value>129</Value>
                        </HeartRateBpm>
                    </Trackpoint>
                    <Trackpoint>
                        <Time>2026-09-04T06:25:21.000+01:00</Time>
                        <HeartRateBpm>
                            <Value>129</Value>
                        </HeartRateBpm>
                    </Trackpoint>
                    <Trackpoint>
                        <Time>2026-09-04T06:25:24.000+01:00</Time>
                        <HeartRateBpm>
                            <Value>129</Value>
                        </HeartRateBpm>
                    </Trackpoint>
                    <Trackpoint>
                        <Time>2026-09-04T06:25:26.000+01:00</Time>
                        <HeartRateBpm>
                            <Value>128</Value>
                        </HeartRateBpm>
                    </Trackpoint>
                    <Trackpoint>
                        <Time>2026-09-04T06:25:28.000+01:00</Time>
                        <HeartRateBpm>
                            <Value>127</Value>
                        </HeartRateBpm>
                    </Trackpoint>
                    <Trackpoint>
                        <Time>2026-09-04T06:25:31.000+01:00</Time>
                        <HeartRateBpm>
                            <Value>127</Value>
                        </HeartRateBpm>
                    </Trackpoint>
                    <Trackpoint>
                        <Time>2026-09-04T06:25:34.000+01:00</Time>
                        <HeartRateBpm>
                            <Value>128</Value>
                        </HeartRateBpm>
                    </Trackpoint>
                    <Trackpoint>
                        <Time>2026-09-04T06:25:37.000+01:00</Time>
                        <HeartRateBpm>
                            <Value>128</Value>
                        </HeartRateBpm>
                    </Trackpoint>
                    <Trackpoint>
                        <Time>2026-09-04T06:25:40.000+01:00</Time>
                        <HeartRateBpm>
                            <Value>128</Value>
                        </HeartRateBpm>
                    </Trackpoint>
                    <Trackpoint>
                        <Time>2026-09-04T06:25:43.000+01:00</Time>
                        <HeartRateBpm>
                            <Value>128</Value>
                        </HeartRateBpm>
                    </Trackpoint>
                    <Trackpoint>
                        <Time>2026-09-04T06:25:45.000+01:00</Time>
                        <HeartRateBpm>
                            <Value>129</Value>
                        </HeartRateBpm>
                    </Trackpoint>
                    <Trackpoint>
                        <Time>2026-09-04T06:25:48.000+01:00</Time>
                        <HeartRateBpm>
                            <Value>129</Value>
                        </HeartRateBpm>
                    </Trackpoint>
                    <Trackpoint>
                        <Time>2026-09-04T06:25:51.000+01:00</Time>
                        <HeartRateBpm>
                            <Value>129</Value>
                        </HeartRateBpm>
                    </Trackpoint>
                    <Trackpoint>
                        <Time>2026-09-04T06:25:53.000+01:00</Time>
                        <HeartRateBpm>
                            <Value>128</Value>
                        </HeartRateBpm>
                    </Trackpoint>
                    <Trackpoint>
                        <Time>2026-09-04T06:25:56.000+01:00</Time>
                        <HeartRateBpm>
                            <Value>128</Value>
                        </HeartRateBpm>
                    </Trackpoint>
                    <Trackpoint>
                        <Time>2026-09-04T06:25:59.000+01:00</Time>
                        <HeartRateBpm>
                            <Value>129</Value>
                        </HeartRateBpm>
                    </Trackpoint>
                    <Trackpoint>
                        <Time>2026-09-04T06:26:02.000+01:00</Time>
                        <HeartRateBpm>
                            <Value>129</Value>
                        </HeartRateBpm>
                    </Trackpoint>
                    <Trackpoint>
                        <Time>2026-09-04T06:26:05.000+01:00</Time>
                        <HeartRateBpm>
                            <Value>129</Value>
                        </HeartRateBpm>
                    </Trackpoint>
                    <Trackpoint>
                        <Time>2026-09-04T06:26:06.000+01:00</Time>
                        <HeartRateBpm>
                            <Value>128</Value>
                        </HeartRateBpm>
                    </Trackpoint>
                    <Trackpoint>
                        <Time>2026-09-04T06:26:08.000+01:00</Time>
                        <HeartRateBpm>
                            <Value>129</Value>
                        </HeartRateBpm>
                    </Trackpoint>
                    <Trackpoint>
                        <Time>2026-09-04T06:26:11.000+01:00</Time>
                        <HeartRateBpm>
                            <Value>129</Value>
                        </HeartRateBpm>
                    </Trackpoint>
                    <Trackpoint>
                        <Time>2026-09-04T06:26:12.000+01:00</Time>
                        <HeartRateBpm>
                            <Value>128</Value>
                        </HeartRateBpm>
                    </Trackpoint>
                    <Trackpoint>
                        <Time>2026-09-04T06:26:15.000+01:00</Time>
                        <HeartRateBpm>
                            <Value>128</Value>
                        </HeartRateBpm>
                    </Trackpoint>
                    <Trackpoint>
                        <Time>2026-09-04T06:26:16.000+01:00</Time>
                        <HeartRateBpm>
                            <Value>129</Value>
                        </HeartRateBpm>
                    </Trackpoint>
                    <Trackpoint>
                        <Time>2026-09-04T06:26:19.000+01:00</Time>
                        <HeartRateBpm>
                            <Value>129</Value>
                        </HeartRateBpm>
                    </Trackpoint>
                    <Trackpoint>
                        <Time>2026-09-04T06:26:20.000+01:00</Time>
                        <HeartRateBpm>
                            <Value>130</Value>
                        </HeartRateBpm>
                    </Trackpoint>
                    <Trackpoint>
                        <Time>2026-09-04T06:26:23.000+01:00</Time>
                        <HeartRateBpm>
                            <Value>130</Value>
                        </HeartRateBpm>
                    </Trackpoint>
                    <Trackpoint>
                        <Time>2026-09-04T06:26:25.000+01:00</Time>
                        <HeartRateBpm>
                            <Value>129</Value>
                        </HeartRateBpm>
                    </Trackpoint>
                    <Trackpoint>
                        <Time>2026-09-04T06:26:28.000+01:00</Time>
                        <HeartRateBpm>
                            <Value>129</Value>
                        </HeartRateBpm>
                    </Trackpoint>
                    <Trackpoint>
                        <Time>2026-09-04T06:26:31.000+01:00</Time>
                        <HeartRateBpm>
                            <Value>130</Value>
                        </HeartRateBpm>
                    </Trackpoint>
                    <Trackpoint>
                        <Time>2026-09-04T06:26:34.000+01:00</Time>
                        <HeartRateBpm>
                            <Value>130</Value>
                        </HeartRateBpm>
                    </Trackpoint>
                    <Trackpoint>
                        <Time>2026-09-04T06:26:35.000+01:00</Time>
                        <HeartRateBpm>
                            <Value>129</Value>
                        </HeartRateBpm>
                    </Trackpoint>
                    <Trackpoint>
                        <Time>2026-09-04T06:26:38.000+01:00</Time>
                        <HeartRateBpm>
                            <Value>129</Value>
                        </HeartRateBpm>
                    </Trackpoint>
                    <Trackpoint>
                        <Time>2026-09-04T06:26:39.000+01:00</Time>
                        <HeartRateBpm>
                            <Value>128</Value>
                        </HeartRateBpm>
                    </Trackpoint>
                    <Trackpoint>
                        <Time>2026-09-04T06:26:42.000+01:00</Time>
                        <HeartRateBpm>
                            <Value>128</Value>
                        </HeartRateBpm>
                    </Trackpoint>
                    <Trackpoint>
                        <Time>2026-09-04T06:26:45.000+01:00</Time>
                        <HeartRateBpm>
                            <Value>128</Value>
                        </HeartRateBpm>
                    </Trackpoint>
                    <Trackpoint>
                        <Time>2026-09-04T06:26:48.000+01:00</Time>
                        <HeartRateBpm>
                            <Value>128</Value>
                        </HeartRateBpm>
                    </Trackpoint>
                    <Trackpoint>
                        <Time>2026-09-04T06:26:51.000+01:00</Time>
                        <HeartRateBpm>
                            <Value>128</Value>
                        </HeartRateBpm>
                    </Trackpoint>
                    <Trackpoint>
                        <Time>2026-09-04T06:26:54.000+01:00</Time>
                        <HeartRateBpm>
                            <Value>129</Value>
                        </HeartRateBpm>
                    </Trackpoint>
                    <Trackpoint>
                        <Time>2026-09-04T06:26:57.000+01:00</Time>
                        <HeartRateBpm>
                            <Value>129</Value>
                        </HeartRateBpm>
                    </Trackpoint>
                    <Trackpoint>
                        <Time>2026-09-04T06:27:00.000+01:00</Time>
                        <HeartRateBpm>
                            <Value>129</Value>
                        </HeartRateBpm>
                    </Trackpoint>
                    <Trackpoint>
                        <Time>2026-09-04T06:27:02.000+01:00</Time>
                        <HeartRateBpm>
                            <Value>130</Value>
                        </HeartRateBpm>
                    </Trackpoint>
                    <Trackpoint>
                        <Time>2026-09-04T06:27:05.000+01:00</Time>
                        <HeartRateBpm>
                            <Value>130</Value>
                        </HeartRateBpm>
                    </Trackpoint>
                    <Trackpoint>
                        <Time>2026-09-04T06:27:08.000+01:00</Time>
                        <HeartRateBpm>
                            <Value>130</Value>
                        </HeartRateBpm>
                    </Trackpoint>
                    <Trackpoint>
                        <Time>2026-09-04T06:27:11.000+01:00</Time>
                        <HeartRateBpm>
                            <Value>130</Value>
                        </HeartRateBpm>
                    </Trackpoint>
                    <Trackpoint>
                        <Time>2026-09-04T06:27:14.000+01:00</Time>
                        <HeartRateBpm>
                            <Value>130</Value>
                        </HeartRateBpm>
                    </Trackpoint>
                    <Trackpoint>
                        <Time>2026-09-04T06:27:17.000+01:00</Time>
                        <HeartRateBpm>
                            <Value>131</Value>
                        </HeartRateBpm>
                    </Trackpoint>
                    <Trackpoint>
                        <Time>2026-09-04T06:27:20.000+01:00</Time>
                        <HeartRateBpm>
                            <Value>131</Value>
                        </HeartRateBpm>
                    </Trackpoint>
                    <Trackpoint>
                        <Time>2026-09-04T06:27:21.000+01:00</Time>
                        <HeartRateBpm>
                            <Value>131</Value>
                        </HeartRateBpm>
                    </Trackpoint>
                    <Trackpoint>
                        <Time>2026-09-04T06:27:24.000+01:00</Time>
                        <HeartRateBpm>
                            <Value>131</Value>
                        </HeartRateBpm>
                    </Trackpoint>
                    <Trackpoint>
                        <Time>2026-09-04T06:27:25.000+01:00</Time>
                        <HeartRateBpm>
                            <Value>130</Value>
                        </HeartRateBpm>
                    </Trackpoint>
                    <Trackpoint>
                        <Time>2026-09-04T06:27:28.000+01:00</Time>
                        <HeartRateBpm>
                            <Value>130</Value>
                        </HeartRateBpm>
                    </Trackpoint>
                    <Trackpoint>
                        <Time>2026-09-04T06:27:29.000+01:00</Time>
                        <HeartRateBpm>
                            <Value>131</Value>
                        </HeartRateBpm>
                    </Trackpoint>
                    <Trackpoint>
                        <Time>2026-09-04T06:27:32.000+01:00</Time>
                        <HeartRateBpm>
                            <Value>131</Value>
                        </HeartRateBpm>
                    </Trackpoint>
                    <Trackpoint>
                        <Time>2026-09-04T06:27:35.000+01:00</Time>
                        <HeartRateBpm>
                            <Value>131</Value>
                        </HeartRateBpm>
                    </Trackpoint>
                    <Trackpoint>
                        <Time>2026-09-04T06:27:38.000+01:00</Time>
                        <HeartRateBpm>
                            <Value>131</Value>
                        </HeartRateBpm>
                    </Trackpoint>
                    <Trackpoint>
                        <Time>2026-09-04T06:27:41.000+01:00</Time>
                        <HeartRateBpm>
                            <Value>131</Value>
                        </HeartRateBpm>
                    </Trackpoint>
                    <Trackpoint>
                        <Time>2026-09-04T06:27:44.000+01:00</Time>
                        <HeartRateBpm>
                            <Value>131</Value>
                        </HeartRateBpm>
                    </Trackpoint>
                    <Trackpoint>
                        <Time>2026-09-04T06:27:47.000+01:00</Time>
                        <HeartRateBpm>
                            <Value>131</Value>
                        </HeartRateBpm>
                    </Trackpoint>
                    <Trackpoint>
                        <Time>2026-09-04T06:27:50.000+01:00</Time>
                        <HeartRateBpm>
                            <Value>131</Value>
                        </HeartRateBpm>
                    </Trackpoint>
                    <Trackpoint>
                        <Time>2026-09-04T06:27:52.000+01:00</Time>
                        <HeartRateBpm>
                            <Value>132</Value>
                        </HeartRateBpm>
                    </Trackpoint>
                    <Trackpoint>
                        <Time>2026-09-04T06:27:55.000+01:00</Time>
                        <HeartRateBpm>
                            <Value>132</Value>
                        </HeartRateBpm>
                    </Trackpoint>
                    <Trackpoint>
                        <Time>2026-09-04T06:27:56.000+01:00</Time>
                        <HeartRateBpm>
                            <Value>133</Value>
                        </HeartRateBpm>
                    </Trackpoint>
                    <Trackpoint>
                        <Time>2026-09-04T06:27:58.000+01:00</Time>
                        <HeartRateBpm>
                            <Value>132</Value>
                        </HeartRateBpm>
                    </Trackpoint>
                    <Trackpoint>
                        <Time>2026-09-04T06:28:01.000+01:00</Time>
                        <HeartRateBpm>
                            <Value>132</Value>
                        </HeartRateBpm>
                    </Trackpoint>
                    <Trackpoint>
                        <Time>2026-09-04T06:28:03.000+01:00</Time>
                        <HeartRateBpm>
                            <Value>131</Value>
                        </HeartRateBpm>
                    </Trackpoint>
                    <Trackpoint>
                        <Time>2026-09-04T06:28:06.000+01:00</Time>
                        <HeartRateBpm>
                            <Value>131</Value>
                        </HeartRateBpm>
                    </Trackpoint>
                    <Trackpoint>
                        <Time>2026-09-04T06:28:09.000+01:00</Time>
                        <HeartRateBpm>
                            <Value>131</Value>
                        </HeartRateBpm>
                    </Trackpoint>
                    <Trackpoint>
                        <Time>2026-09-04T06:28:12.000+01:00</Time>
                        <HeartRateBpm>
                            <Value>131</Value>
                        </HeartRateBpm>
                    </Trackpoint>
                    <Trackpoint>
                        <Time>2026-09-04T06:28:15.000+01:00</Time>
                        <HeartRateBpm>
                            <Value>132</Value>
                        </HeartRateBpm>
                    </Trackpoint>
                    <Trackpoint>
                        <Time>2026-09-04T06:28:18.000+01:00</Time>
                        <HeartRateBpm>
                            <Value>132</Value>
                        </HeartRateBpm>
                    </Trackpoint>
                    <Trackpoint>
                        <Time>2026-09-04T06:28:21.000+01:00</Time>
                        <HeartRateBpm>
                            <Value>131</Value>
                        </HeartRateBpm>
                    </Trackpoint>
                    <Trackpoint>
                        <Time>2026-09-04T06:28:23.000+01:00</Time>
                        <HeartRateBpm>
                            <Value>132</Value>
                        </HeartRateBpm>
                    </Trackpoint>
                    <Trackpoint>
                        <Time>2026-09-04T06:28:25.000+01:00</Time>
                        <HeartRateBpm>
                            <Value>133</Value>
                        </HeartRateBpm>
                    </Trackpoint>
                    <Trackpoint>
                        <Time>2026-09-04T06:28:28.000+01:00</Time>
                        <HeartRateBpm>
                            <Value>133</Value>
                        </HeartRateBpm>
                    </Trackpoint>
                    <Trackpoint>
                        <Time>2026-09-04T06:28:29.000+01:00</Time>
                        <HeartRateBpm>
                            <Value>133</Value>
                        </HeartRateBpm>
                    </Trackpoint>
                    <Trackpoint>
                        <Time>2026-09-04T06:28:32.000+01:00</Time>
                        <HeartRateBpm>
                            <Value>133</Value>
                        </HeartRateBpm>
                    </Trackpoint>
                    <Trackpoint>
                        <Time>2026-09-04T06:28:35.000+01:00</Time>
                        <HeartRateBpm>
                            <Value>133</Value>
                        </HeartRateBpm>
                    </Trackpoint>
                    <Trackpoint>
                        <Time>2026-09-04T06:28:38.000+01:00</Time>
                        <HeartRateBpm>
                            <Value>134</Value>
                        </HeartRateBpm>
                    </Trackpoint>
                    <Trackpoint>
                        <Time>2026-09-04T06:28:40.000+01:00</Time>
                        <HeartRateBpm>
                            <Value>133</Value>
                        </HeartRateBpm>
                    </Trackpoint>
                    <Trackpoint>
                        <Time>2026-09-04T06:28:43.000+01:00</Time>
                        <HeartRateBpm>
                            <Value>133</Value>
                        </HeartRateBpm>
                    </Trackpoint>
                    <Trackpoint>
                        <Time>2026-09-04T06:28:44.000+01:00</Time>
                        <HeartRateBpm>
                            <Value>132</Value>
                        </HeartRateBpm>
                    </Trackpoint>
                    <Trackpoint>
                        <Time>2026-09-04T06:28:46.000+01:00</Time>
                        <HeartRateBpm>
                            <Value>131</Value>
                        </HeartRateBpm>
                    </Trackpoint>
                    <Trackpoint>
                        <Time>2026-09-04T06:28:49.000+01:00</Time>
                        <HeartRateBpm>
                            <Value>131</Value>
                        </HeartRateBpm>
                    </Trackpoint>
                    <Trackpoint>
                        <Time>2026-09-04T06:28:51.000+01:00</Time>
                        <HeartRateBpm>
                            <Value>132</Value>
                        </HeartRateBpm>
                    </Trackpoint>
                    <Trackpoint>
                        <Time>2026-09-04T06:28:54.000+01:00</Time>
                        <HeartRateBpm>
                            <Value>132</Value>
                        </HeartRateBpm>
                    </Trackpoint>
                    <Trackpoint>
                        <Time>2026-09-04T06:28:57.000+01:00</Time>
                        <HeartRateBpm>
                            <Value>132</Value>
                        </HeartRateBpm>
                    </Trackpoint>
                    <Trackpoint>
                        <Time>2026-09-04T06:28:59.000+01:00</Time>
                        <HeartRateBpm>
                            <Value>133</Value>
                        </HeartRateBpm>
                    </Trackpoint>
                    <Trackpoint>
                        <Time>2026-09-04T06:29:02.000+01:00</Time>
                        <HeartRateBpm>
                            <Value>133</Value>
                        </HeartRateBpm>
                    </Trackpoint>
                    <Trackpoint>
                        <Time>2026-09-04T06:29:03.000+01:00</Time>
                        <HeartRateBpm>
                            <Value>134</Value>
                        </HeartRateBpm>
                    </Trackpoint>
                    <Trackpoint>
                        <Time>2026-09-04T06:29:06.000+01:00</Time>
                        <HeartRateBpm>
                            <Value>134</Value>
                        </HeartRateBpm>
                    </Trackpoint>
                    <Trackpoint>
                        <Time>2026-09-04T06:29:07.000+01:00</Time>
                        <HeartRateBpm>
                            <Value>133</Value>
                        </HeartRateBpm>
                    </Trackpoint>
                    <Trackpoint>
                        <Time>2026-09-04T06:29:10.000+01:00</Time>
                        <HeartRateBpm>
                            <Value>133</Value>
                        </HeartRateBpm>
                    </Trackpoint>
                    <Trackpoint>
                        <Time>2026-09-04T06:29:13.000+01:00</Time>
                        <HeartRateBpm>
                            <Value>133</Value>
                        </HeartRateBpm>
                    </Trackpoint>
                    <Trackpoint>
                        <Time>2026-09-04T06:29:16.000+01:00</Time>
                        <HeartRateBpm>
                            <Value>133</Value>
                        </HeartRateBpm>
                    </Trackpoint>
                    <Trackpoint>
                        <Time>2026-09-04T06:29:19.000+01:00</Time>
                        <HeartRateBpm>
                            <Value>133</Value>
                        </HeartRateBpm>
                    </Trackpoint>
                    <Trackpoint>
                        <Time>2026-09-04T06:29:22.000+01:00</Time>
                        <HeartRateBpm>
                            <Value>133</Value>
                        </HeartRateBpm>
                    </Trackpoint>
                    <Trackpoint>
                        <Time>2026-09-04T06:29:24.000+01:00</Time>
                        <HeartRateBpm>
                            <Value>134</Value>
                        </HeartRateBpm>
                    </Trackpoint>
                    <Trackpoint>
                        <Time>2026-09-04T06:29:27.000+01:00</Time>
                        <HeartRateBpm>
                            <Value>134</Value>
                        </HeartRateBpm>
                    </Trackpoint>
                    <Trackpoint>
                        <Time>2026-09-04T06:29:30.000+01:00</Time>
                        <HeartRateBpm>
                            <Value>135</Value>
                        </HeartRateBpm>
                    </Trackpoint>
                    <Trackpoint>
                        <Time>2026-09-04T06:29:33.000+01:00</Time>
                        <HeartRateBpm>
                            <Value>135</Value>
                        </HeartRateBpm>
                    </Trackpoint>
                    <Trackpoint>
                        <Time>2026-09-04T06:29:34.000+01:00</Time>
                        <HeartRateBpm>
                            <Value>134</Value>
                        </HeartRateBpm>
                    </Trackpoint>
                    <Trackpoint>
                        <Time>2026-09-04T06:29:35.000+01:00</Time>
                        <HeartRateBpm>
                            <Value>134</Value>
                        </HeartRateBpm>
                    </Trackpoint>
                    <Trackpoint>
                        <Time>2026-09-04T06:29:38.000+01:00</Time>
                        <HeartRateBpm>
                            <Value>134</Value>
                        </HeartRateBpm>
                    </Trackpoint>
                    <Trackpoint>
                        <Time>2026-09-04T06:29:41.000+01:00</Time>
                        <HeartRateBpm>
                            <Value>134</Value>
                        </HeartRateBpm>
                    </Trackpoint>
                    <Trackpoint>
                        <Time>2026-09-04T06:29:43.000+01:00</Time>
                        <HeartRateBpm>
                            <Value>133</Value>
                        </HeartRateBpm>
                    </Trackpoint>
                    <Trackpoint>
                        <Time>2026-09-04T06:29:46.000+01:00</Time>
                        <HeartRateBpm>
                            <Value>133</Value>
                        </HeartRateBpm>
                    </Trackpoint>
                    <Trackpoint>
                        <Time>2026-09-04T06:29:49.000+01:00</Time>
                        <HeartRateBpm>
                            <Value>134</Value>
                        </HeartRateBpm>
                    </Trackpoint>
                    <Trackpoint>
                        <Time>2026-09-04T06:29:52.000+01:00</Time>
                        <HeartRateBpm>
                            <Value>134</Value>
                        </HeartRateBpm>
                    </Trackpoint>
                    <Trackpoint>
                        <Time>2026-09-04T06:29:53.000+01:00</Time>
                        <HeartRateBpm>
                            <Value>133</Value>
                        </HeartRateBpm>
                    </Trackpoint>
                    <Trackpoint>
                        <Time>2026-09-04T06:29:56.000+01:00</Time>
                        <HeartRateBpm>
                            <Value>133</Value>
                        </HeartRateBpm>
                    </Trackpoint>
                    <Trackpoint>
                        <Time>2026-09-04T06:29:57.000+01:00</Time>
                        <HeartRateBpm>
                            <Value>134</Value>
                        </HeartRateBpm>
                    </Trackpoint>
                    <Trackpoint>
                        <Time>2026-09-04T06:30:00.000+01:00</Time>
                        <HeartRateBpm>
                            <Value>134</Value>
                        </HeartRateBpm>
                    </Trackpoint>
                    <Trackpoint>
                        <Time>2026-09-04T06:30:02.000+01:00</Time>
                        <HeartRateBpm>
                            <Value>135</Value>
                        </HeartRateBpm>
                    </Trackpoint>
                    <Trackpoint>
                        <Time>2026-09-04T06:30:05.000+01:00</Time>
                        <HeartRateBpm>
                            <Value>135</Value>
                        </HeartRateBpm>
                    </Trackpoint>
                    <Trackpoint>
                        <Time>2026-09-04T06:30:08.000+01:00</Time>
                        <HeartRateBpm>
                            <Value>136</Value>
                        </HeartRateBpm>
                    </Trackpoint>
                    <Trackpoint>
                        <Time>2026-09-04T06:30:11.000+01:00</Time>
                        <HeartRateBpm>
                            <Value>136</Value>
                        </HeartRateBpm>
                    </Trackpoint>
                    <Trackpoint>
                        <Time>2026-09-04T06:30:14.000+01:00</Time>
                        <HeartRateBpm>
                            <Value>136</Value>
                        </HeartRateBpm>
                    </Trackpoint>
                    <Trackpoint>
                        <Time>2026-09-04T06:30:16.000+01:00</Time>
                        <HeartRateBpm>
                            <Value>137</Value>
                        </HeartRateBpm>
                    </Trackpoint>
                    <Trackpoint>
                        <Time>2026-09-04T06:30:19.000+01:00</Time>
                        <HeartRateBpm>
                            <Value>137</Value>
                        </HeartRateBpm>
                    </Trackpoint>
                    <Trackpoint>
                        <Time>2026-09-04T06:30:22.000+01:00</Time>
                        <HeartRateBpm>
                            <Value>137</Value>
                        </HeartRateBpm>
                    </Trackpoint>
                    <Trackpoint>
                        <Time>2026-09-04T06:30:25.000+01:00</Time>
                        <HeartRateBpm>
                            <Value>136</Value>
                        </HeartRateBpm>
                    </Trackpoint>
                    <Trackpoint>
                        <Time>2026-09-04T06:30:28.000+01:00</Time>
                        <HeartRateBpm>
                            <Value>136</Value>
                        </HeartRateBpm>
                    </Trackpoint>
                    <Trackpoint>
                        <Time>2026-09-04T06:30:29.000+01:00</Time>
                        <HeartRateBpm>
                            <Value>135</Value>
                        </HeartRateBpm>
                    </Trackpoint>
                    <Trackpoint>
                        <Time>2026-09-04T06:30:31.000+01:00</Time>
                        <HeartRateBpm>
                            <Value>136</Value>
                        </HeartRateBpm>
                    </Trackpoint>
                    <Trackpoint>
                        <Time>2026-09-04T06:30:33.000+01:00</Time>
                        <HeartRateBpm>
                            <Value>135</Value>
                        </HeartRateBpm>
                    </Trackpoint>
                    <Trackpoint>
                        <Time>2026-09-04T06:30:35.000+01:00</Time>
                        <HeartRateBpm>
                            <Value>134</Value>
                        </HeartRateBpm>
                    </Trackpoint>
                    <Trackpoint>
                        <Time>2026-09-04T06:30:37.000+01:00</Time>
                        <HeartRateBpm>
                            <Value>133</Value>
                        </HeartRateBpm>
                    </Trackpoint>
                    <Trackpoint>
                        <Time>2026-09-04T06:30:40.000+01:00</Time>
                        <HeartRateBpm>
                            <Value>133</Value>
                        </HeartRateBpm>
                    </Trackpoint>
                    <Trackpoint>
                        <Time>2026-09-04T06:30:41.000+01:00</Time>
                        <HeartRateBpm>
                            <Value>132</Value>
                        </HeartRateBpm>
                    </Trackpoint>
                    <Trackpoint>
                        <Time>2026-09-04T06:30:44.000+01:00</Time>
                        <HeartRateBpm>
                            <Value>132</Value>
                        </HeartRateBpm>
                    </Trackpoint>
                    <Trackpoint>
                        <Time>2026-09-04T06:30:47.000+01:00</Time>
                        <HeartRateBpm>
                            <Value>133</Value>
                        </HeartRateBpm>
                    </Trackpoint>
                    <Trackpoint>
                        <Time>2026-09-04T06:30:50.000+01:00</Time>
                        <HeartRateBpm>
                            <Value>132</Value>
                        </HeartRateBpm>
                    </Trackpoint>
                    <Trackpoint>
                        <Time>2026-09-04T06:30:53.000+01:00</Time>
                        <HeartRateBpm>
                            <Value>132</Value>
                        </HeartRateBpm>
                    </Trackpoint>
                    <Trackpoint>
                        <Time>2026-09-04T06:30:56.000+01:00</Time>
                        <HeartRateBpm>
                            <Value>131</Value>
                        </HeartRateBpm>
                    </Trackpoint>
                    <Trackpoint>
                        <Time>2026-09-04T06:30:58.000+01:00</Time>
                        <HeartRateBpm>
                            <Value>130</Value>
                        </HeartRateBpm>
                    </Trackpoint>
                    <Trackpoint>
                        <Time>2026-09-04T06:31:00.000+01:00</Time>
                        <HeartRateBpm>
                            <Value>131</Value>
                        </HeartRateBpm>
                    </Trackpoint>
                    <Trackpoint>
                        <Time>2026-09-04T06:31:02.000+01:00</Time>
                        <HeartRateBpm>
                            <Value>130</Value>
                        </HeartRateBpm>
                    </Trackpoint>
                    <Trackpoint>
                        <Time>2026-09-04T06:31:05.000+01:00</Time>
                        <HeartRateBpm>
                            <Value>130</Value>
                        </HeartRateBpm>
                    </Trackpoint>
                    <Trackpoint>
                        <Time>2026-09-04T06:31:06.000+01:00</Time>
                        <HeartRateBpm>
                            <Value>131</Value>
                        </HeartRateBpm>
                    </Trackpoint>
                    <Trackpoint>
                        <Time>2026-09-04T06:31:08.000+01:00</Time>
                        <HeartRateBpm>
                            <Value>130</Value>
                        </HeartRateBpm>
                    </Trackpoint>
                    <Trackpoint>
                        <Time>2026-09-04T06:31:10.000+01:00</Time>
                        <HeartRateBpm>
                            <Value>131</Value>
                        </HeartRateBpm>
                    </Trackpoint>
                    <Trackpoint>
                        <Time>2026-09-04T06:31:12.000+01:00</Time>
                        <HeartRateBpm>
                            <Value>132</Value>
                        </HeartRateBpm>
                    </Trackpoint>
                    <Trackpoint>
                        <Time>2026-09-04T06:31:13.000+01:00</Time>
                        <HeartRateBpm>
                            <Value>133</Value>
                        </HeartRateBpm>
                    </Trackpoint>
                    <Trackpoint>
                        <Time>2026-09-04T06:31:15.000+01:00</Time>
                        <HeartRateBpm>
                            <Value>134</Value>
                        </HeartRateBpm>
                    </Trackpoint>
                    <Trackpoint>
                        <Time>2026-09-04T06:31:17.000+01:00</Time>
                        <HeartRateBpm>
                            <Value>135</Value>
                        </HeartRateBpm>
                    </Trackpoint>
                    <Trackpoint>
                        <Time>2026-09-04T06:31:19.000+01:00</Time>
                        <HeartRateBpm>
                            <Value>136</Value>
                        </HeartRateBpm>
                    </Trackpoint>
                    <Trackpoint>
                        <Time>2026-09-04T06:31:22.000+01:00</Time>
                        <HeartRateBpm>
                            <Value>136</Value>
                        </HeartRateBpm>
                    </Trackpoint>
                    <Trackpoint>
                        <Time>2026-09-04T06:31:23.000+01:00</Time>
                        <HeartRateBpm>
                            <Value>137</Value>
                        </HeartRateBpm>
                    </Trackpoint>
                    <Trackpoint>
                        <Time>2026-09-04T06:31:26.000+01:00</Time>
                        <HeartRateBpm>
                            <Value>137</Value>
                        </HeartRateBpm>
                    </Trackpoint>
                    <Trackpoint>
                        <Time>2026-09-04T06:31:29.000+01:00</Time>
                        <HeartRateBpm>
                            <Value>137</Value>
                        </HeartRateBpm>
                    </Trackpoint>
                    <Trackpoint>
                        <Time>2026-09-04T06:31:32.000+01:00</Time>
                        <HeartRateBpm>
                            <Value>137</Value>
                        </HeartRateBpm>
                    </Trackpoint>
                    <Trackpoint>
                        <Time>2026-09-04T06:31:35.000+01:00</Time>
                        <HeartRateBpm>
                            <Value>136</Value>
                        </HeartRateBpm>
                    </Trackpoint>
                    <Trackpoint>
                        <Time>2026-09-04T06:31:38.000+01:00</Time>
                        <HeartRateBpm>
                            <Value>135</Value>
                        </HeartRateBpm>
                    </Trackpoint>
                    <Trackpoint>
                        <Time>2026-09-04T06:31:41.000+01:00</Time>
                        <HeartRateBpm>
                            <Value>135</Value>
                        </HeartRateBpm>
                    </Trackpoint>
                    <Trackpoint>
                        <Time>2026-09-04T06:31:44.000+01:00</Time>
                        <HeartRateBpm>
                            <Value>135</Value>
                        </HeartRateBpm>
                    </Trackpoint>
                    <Trackpoint>
                        <Time>2026-09-04T06:31:45.000+01:00</Time>
                        <HeartRateBpm>
                            <Value>135</Value>
                        </HeartRateBpm>
                    </Trackpoint>
                    <Trackpoint>
                        <Time>2026-09-04T06:31:48.000+01:00</Time>
                        <HeartRateBpm>
                            <Value>135</Value>
                        </HeartRateBpm>
                    </Trackpoint>
                    <Trackpoint>
                        <Time>2026-09-04T06:31:51.000+01:00</Time>
                        <HeartRateBpm>
                            <Value>135</Value>
                        </HeartRateBpm>
                    </Trackpoint>
                    <Trackpoint>
                        <Time>2026-09-04T06:31:54.000+01:00</Time>
                        <HeartRateBpm>
                            <Value>136</Value>
                        </HeartRateBpm>
                    </Trackpoint>
                    <Trackpoint>
                        <Time>2026-09-04T06:31:57.000+01:00</Time>
                        <HeartRateBpm>
                            <Value>136</Value>
                        </HeartRateBpm>
                    </Trackpoint>
                    <Trackpoint>
                        <Time>2026-09-04T06:32:00.000+01:00</Time>
                        <HeartRateBpm>
                            <Value>136</Value>
                        </HeartRateBpm>
                    </Trackpoint>
                    <Trackpoint>
                        <Time>2026-09-04T06:32:02.000+01:00</Time>
                        <HeartRateBpm>
                            <Value>135</Value>
                        </HeartRateBpm>
                    </Trackpoint>
                    <Trackpoint>
                        <Time>2026-09-04T06:32:03.000+01:00</Time>
                        <HeartRateBpm>
                            <Value>136</Value>
                        </HeartRateBpm>
                    </Trackpoint>
                    <Trackpoint>
                        <Time>2026-09-04T06:32:06.000+01:00</Time>
                        <HeartRateBpm>
                            <Value>136</Value>
                        </HeartRateBpm>
                    </Trackpoint>
                    <Trackpoint>
                        <Time>2026-09-04T06:32:07.000+01:00</Time>
                        <HeartRateBpm>
                            <Value>137</Value>
                        </HeartRateBpm>
                    </Trackpoint>
                    <Trackpoint>
                        <Time>2026-09-04T06:32:10.000+01:00</Time>
                        <HeartRateBpm>
                            <Value>137</Value>
                        </HeartRateBpm>
                    </Trackpoint>
                    <Trackpoint>
                        <Time>2026-09-04T06:32:11.000+01:00</Time>
                        <HeartRateBpm>
                            <Value>136</Value>
                        </HeartRateBpm>
                    </Trackpoint>
                    <Trackpoint>
                        <Time>2026-09-04T06:32:14.000+01:00</Time>
                        <HeartRateBpm>
                            <Value>136</Value>
                        </HeartRateBpm>
                    </Trackpoint>
                    <Trackpoint>
                        <Time>2026-09-04T06:32:17.000+01:00</Time>
                        <HeartRateBpm>
                            <Value>136</Value>
                        </HeartRateBpm>
                    </Trackpoint>
                    <Trackpoint>
                        <Time>2026-09-04T06:32:20.000+01:00</Time>
                        <HeartRateBpm>
                            <Value>136</Value>
                        </HeartRateBpm>
                    </Trackpoint>
                    <Trackpoint>
                        <Time>2026-09-04T06:32:23.000+01:00</Time>
                        <HeartRateBpm>
                            <Value>137</Value>
                        </HeartRateBpm>
                    </Trackpoint>
                    <Trackpoint>
                        <Time>2026-09-04T06:32:26.000+01:00</Time>
                        <HeartRateBpm>
                            <Value>137</Value>
                        </HeartRateBpm>
                    </Trackpoint>
                    <Trackpoint>
                        <Time>2026-09-04T06:32:29.000+01:00</Time>
                        <HeartRateBpm>
                            <Value>137</Value>
                        </HeartRateBpm>
                    </Trackpoint>
                    <Trackpoint>
                        <Time>2026-09-04T06:32:30.000+01:00</Time>
                        <HeartRateBpm>
                            <Value>138</Value>
                        </HeartRateBpm>
                    </Trackpoint>
                    <Trackpoint>
                        <Time>2026-09-04T06:32:32.000+01:00</Time>
                        <HeartRateBpm>
                            <Value>137</Value>
                        </HeartRateBpm>
                    </Trackpoint>
                    <Trackpoint>
                        <Time>2026-09-04T06:32:35.000+01:00</Time>
                        <HeartRateBpm>
                            <Value>137</Value>
                        </HeartRateBpm>
                    </Trackpoint>
                    <Trackpoint>
                        <Time>2026-09-04T06:32:38.000+01:00</Time>
                        <HeartRateBpm>
                            <Value>138</Value>
                        </HeartRateBpm>
                    </Trackpoint>
                    <Trackpoint>
                        <Time>2026-09-04T06:32:41.000+01:00</Time>
                        <HeartRateBpm>
                            <Value>138</Value>
                        </HeartRateBpm>
                    </Trackpoint>
                    <Trackpoint>
                        <Time>2026-09-04T06:32:42.000+01:00</Time>
                        <HeartRateBpm>
                            <Value>139</Value>
                        </HeartRateBpm>
                    </Trackpoint>
                    <Trackpoint>
                        <Time>2026-09-04T06:32:45.000+01:00</Time>
                        <HeartRateBpm>
                            <Value>139</Value>
                        </HeartRateBpm>
                    </Trackpoint>
                    <Trackpoint>
                        <Time>2026-09-04T06:32:48.000+01:00</Time>
                        <HeartRateBpm>
                            <Value>138</Value>
                        </HeartRateBpm>
                    </Trackpoint>
                    <Trackpoint>
                        <Time>2026-09-04T06:32:51.000+01:00</Time>
                        <HeartRateBpm>
                            <Value>137</Value>
                        </HeartRateBpm>
                    </Trackpoint>
                    <Trackpoint>
                        <Time>2026-09-04T06:32:52.000+01:00</Time>
                        <HeartRateBpm>
                            <Value>137</Value>
                        </HeartRateBpm>
                    </Trackpoint>
                    <Trackpoint>
                        <Time>2026-09-04T06:32:55.000+01:00</Time>
                        <HeartRateBpm>
                            <Value>137</Value>
                        </HeartRateBpm>
                    </Trackpoint>
                    <Trackpoint>
                        <Time>2026-09-04T06:32:58.000+01:00</Time>
                        <HeartRateBpm>
                            <Value>137</Value>
                        </HeartRateBpm>
                    </Trackpoint>
                    <Trackpoint>
                        <Time>2026-09-04T06:32:59.000+01:00</Time>
                        <HeartRateBpm>
                            <Value>136</Value>
                        </HeartRateBpm>
                    </Trackpoint>
                    <Trackpoint>
                        <Time>2026-09-04T06:33:02.000+01:00</Time>
                        <HeartRateBpm>
                            <Value>136</Value>
                        </HeartRateBpm>
                    </Trackpoint>
                    <Trackpoint>
                        <Time>2026-09-04T06:33:05.000+01:00</Time>
                        <HeartRateBpm>
                            <Value>137</Value>
                        </HeartRateBpm>
                    </Trackpoint>
                    <Trackpoint>
                        <Time>2026-09-04T06:33:08.000+01:00</Time>
                        <HeartRateBpm>
                            <Value>137</Value>
                        </HeartRateBpm>
                    </Trackpoint>
                    <Trackpoint>
                        <Time>2026-09-04T06:33:11.000+01:00</Time>
                        <HeartRateBpm>
                            <Value>137</Value>
                        </HeartRateBpm>
                    </Trackpoint>
                    <Trackpoint>
                        <Time>2026-09-04T06:33:12.000+01:00</Time>
                        <HeartRateBpm>
                            <Value>138</Value>
                        </HeartRateBpm>
                    </Trackpoint>
                    <Trackpoint>
                        <Time>2026-09-04T06:33:14.000+01:00</Time>
                        <HeartRateBpm>
                            <Value>137</Value>
                        </HeartRateBpm>
                    </Trackpoint>
                    <Trackpoint>
                        <Time>2026-09-04T06:33:16.000+01:00</Time>
                        <HeartRateBpm>
                            <Value>136</Value>
                        </HeartRateBpm>
                    </Trackpoint>
                    <Trackpoint>
                        <Time>2026-09-04T06:33:18.000+01:00</Time>
                        <HeartRateBpm>
                            <Value>135</Value>
                        </HeartRateBpm>
                    </Trackpoint>
                    <Trackpoint>
                        <Time>2026-09-04T06:33:21.000+01:00</Time>
                        <HeartRateBpm>
                            <Value>135</Value>
                        </HeartRateBpm>
                    </Trackpoint>
                    <Trackpoint>
                        <Time>2026-09-04T06:33:22.000+01:00</Time>
                        <HeartRateBpm>
                            <Value>134</Value>
                        </HeartRateBpm>
                    </Trackpoint>
                    <Trackpoint>
                        <Time>2026-09-04T06:33:24.000+01:00</Time>
                        <HeartRateBpm>
                            <Value>133</Value>
                        </HeartRateBpm>
                    </Trackpoint>
                    <Trackpoint>
                        <Time>2026-09-04T06:33:27.000+01:00</Time>
                        <HeartRateBpm>
                            <Value>133</Value>
                        </HeartRateBpm>
                    </Trackpoint>
                    <Trackpoint>
                        <Time>2026-09-04T06:33:28.000+01:00</Time>
                        <HeartRateBpm>
                            <Value>134</Value>
                        </HeartRateBpm>
                    </Trackpoint>
                    <Trackpoint>
                        <Time>2026-09-04T06:33:31.000+01:00</Time>
                        <HeartRateBpm>
                            <Value>134</Value>
                        </HeartRateBpm>
                    </Trackpoint>
                    <Trackpoint>
                        <Time>2026-09-04T06:33:32.000+01:00</Time>
                        <HeartRateBpm>
                            <Value>133</Value>
                        </HeartRateBpm>
                    </Trackpoint>
                    <Trackpoint>
                        <Time>2026-09-04T06:33:35.000+01:00</Time>
                        <HeartRateBpm>
                            <Value>134</Value>
                        </HeartRateBpm>
                    </Trackpoint>
                    <Trackpoint>
                        <Time>2026-09-04T06:33:38.000+01:00</Time>
                        <HeartRateBpm>
                            <Value>134</Value>
                        </HeartRateBpm>
                    </Trackpoint>
                    <Trackpoint>
                        <Time>2026-09-04T06:33:41.000+01:00</Time>
                        <HeartRateBpm>
                            <Value>133</Value>
                        </HeartRateBpm>
                    </Trackpoint>
                    <Trackpoint>
                        <Time>2026-09-04T06:33:43.000+01:00</Time>
                        <HeartRateBpm>
                            <Value>134</Value>
                        </HeartRateBpm>
                    </Trackpoint>
                    <Trackpoint>
                        <Time>2026-09-04T06:33:45.000+01:00</Time>
                        <HeartRateBpm>
                            <Value>135</Value>
                        </HeartRateBpm>
                    </Trackpoint>
                    <Trackpoint>
                        <Time>2026-09-04T06:33:47.000+01:00</Time>
                        <HeartRateBpm>
                            <Value>136</Value>
                        </HeartRateBpm>
                    </Trackpoint>
                    <Trackpoint>
                        <Time>2026-09-04T06:33:49.000+01:00</Time>
                        <HeartRateBpm>
                            <Value>137</Value>
                        </HeartRateBpm>
                    </Trackpoint>
                    <Trackpoint>
                        <Time>2026-09-04T06:33:52.000+01:00</Time>
                        <HeartRateBpm>
                            <Value>137</Value>
                        </HeartRateBpm>
                    </Trackpoint>
                    <Trackpoint>
                        <Time>2026-09-04T06:33:53.000+01:00</Time>
                        <HeartRateBpm>
                            <Value>138</Value>
                        </HeartRateBpm>
                    </Trackpoint>
                    <Trackpoint>
                        <Time>2026-09-04T06:33:56.000+01:00</Time>
                        <HeartRateBpm>
                            <Value>138</Value>
                        </HeartRateBpm>
                    </Trackpoint>
                    <Trackpoint>
                        <Time>2026-09-04T06:33:59.000+01:00</Time>
                        <HeartRateBpm>
                            <Value>138</Value>
                        </HeartRateBpm>
                    </Trackpoint>
                    <Trackpoint>
                        <Time>2026-09-04T06:34:01.000+01:00</Time>
                        <HeartRateBpm>
                            <Value>139</Value>
                        </HeartRateBpm>
                    </Trackpoint>
                    <Trackpoint>
                        <Time>2026-09-04T06:34:02.000+01:00</Time>
                        <HeartRateBpm>
                            <Value>138</Value>
                        </HeartRateBpm>
                    </Trackpoint>
                    <Trackpoint>
                        <Time>2026-09-04T06:34:04.000+01:00</Time>
                        <HeartRateBpm>
                            <Value>139</Value>
                        </HeartRateBpm>
                    </Trackpoint>
                    <Trackpoint>
                        <Time>2026-09-04T06:34:06.000+01:00</Time>
                        <HeartRateBpm>
                            <Value>138</Value>
                        </HeartRateBpm>
                    </Trackpoint>
                    <Trackpoint>
                        <Time>2026-09-04T06:34:08.000+01:00</Time>
                        <HeartRateBpm>
                            <Value>137</Value>
                        </HeartRateBpm>
                    </Trackpoint>
                    <Trackpoint>
                        <Time>2026-09-04T06:34:10.000+01:00</Time>
                        <HeartRateBpm>
                            <Value>135</Value>
                        </HeartRateBpm>
                    </Trackpoint>
                    <Trackpoint>
                        <Time>2026-09-04T06:34:13.000+01:00</Time>
                        <HeartRateBpm>
                            <Value>135</Value>
                        </HeartRateBpm>
                    </Trackpoint>
                    <Trackpoint>
                        <Time>2026-09-04T06:34:14.000+01:00</Time>
                        <HeartRateBpm>
                            <Value>134</Value>
                        </HeartRateBpm>
                    </Trackpoint>
                    <Trackpoint>
                        <Time>2026-09-04T06:34:16.000+01:00</Time>
                        <HeartRateBpm>
                            <Value>133</Value>
                        </HeartRateBpm>
                    </Trackpoint>
                    <Trackpoint>
                        <Time>2026-09-04T06:34:18.000+01:00</Time>
                        <HeartRateBpm>
                            <Value>132</Value>
                        </HeartRateBpm>
                    </Trackpoint>
                    <Trackpoint>
                        <Time>2026-09-04T06:34:20.000+01:00</Time>
                        <HeartRateBpm>
                            <Value>131</Value>
                        </HeartRateBpm>
                    </Trackpoint>
                    <Trackpoint>
                        <Time>2026-09-04T06:34:23.000+01:00</Time>
                        <HeartRateBpm>
                            <Value>131</Value>
                        </HeartRateBpm>
                    </Trackpoint>
                    <Trackpoint>
                        <Time>2026-09-04T06:34:25.000+01:00</Time>
                        <HeartRateBpm>
                            <Value>132</Value>
                        </HeartRateBpm>
                    </Trackpoint>
                    <Trackpoint>
                        <Time>2026-09-04T06:34:28.000+01:00</Time>
                        <HeartRateBpm>
                            <Value>132</Value>
                        </HeartRateBpm>
                    </Trackpoint>
                    <Trackpoint>
                        <Time>2026-09-04T06:34:29.000+01:00</Time>
                        <HeartRateBpm>
                            <Value>131</Value>
                        </HeartRateBpm>
                    </Trackpoint>
                    <Trackpoint>
                        <Time>2026-09-04T06:34:32.000+01:00</Time>
                        <HeartRateBpm>
                            <Value>131</Value>
                        </HeartRateBpm>
                    </Trackpoint>
                    <Trackpoint>
                        <Time>2026-09-04T06:34:35.000+01:00</Time>
                        <HeartRateBpm>
                            <Value>131</Value>
                        </HeartRateBpm>
                    </Trackpoint>
                    <Trackpoint>
                        <Time>2026-09-04T06:34:38.000+01:00</Time>
                        <HeartRateBpm>
                            <Value>131</Value>
                        </HeartRateBpm>
                    </Trackpoint>
                    <Trackpoint>
                        <Time>2026-09-04T06:34:39.000+01:00</Time>
                        <HeartRateBpm>
                            <Value>132</Value>
                        </HeartRateBpm>
                    </Trackpoint>
                    <Trackpoint>
                        <Time>2026-09-04T06:34:42.000+01:00</Time>
                        <HeartRateBpm>
                            <Value>132</Value>
                        </HeartRateBpm>
                    </Trackpoint>
                    <Trackpoint>
                        <Time>2026-09-04T06:34:43.000+01:00</Time>
                        <HeartRateBpm>
                            <Value>133</Value>
                        </HeartRateBpm>
                    </Trackpoint>
                    <Trackpoint>
                        <Time>2026-09-04T06:34:46.000+01:00</Time>
                        <HeartRateBpm>
                            <Value>133</Value>
                        </HeartRateBpm>
                    </Trackpoint>
                    <Trackpoint>
                        <Time>2026-09-04T06:34:49.000+01:00</Time>
                        <HeartRateBpm>
                            <Value>134</Value>
                        </HeartRateBpm>
                    </Trackpoint>
                    <Trackpoint>
                        <Time>2026-09-04T06:34:52.000+01:00</Time>
                        <HeartRateBpm>
                            <Value>134</Value>
                        </HeartRateBpm>
                    </Trackpoint>
                    <Trackpoint>
                        <Time>2026-09-04T06:34:53.000+01:00</Time>
                        <HeartRateBpm>
                            <Value>134</Value>
                        </HeartRateBpm>
                    </Trackpoint>
                    <Trackpoint>
                        <Time>2026-09-04T06:34:56.000+01:00</Time>
                        <HeartRateBpm>
                            <Value>134</Value>
                        </HeartRateBpm>
                    </Trackpoint>
                    <Trackpoint>
                        <Time>2026-09-04T06:34:58.000+01:00</Time>
                        <HeartRateBpm>
                            <Value>133</Value>
                        </HeartRateBpm>
                    </Trackpoint>
                    <Trackpoint>
                        <Time>2026-09-04T06:35:01.000+01:00</Time>
                        <HeartRateBpm>
                            <Value>133</Value>
                        </HeartRateBpm>
                    </Trackpoint>
                    <Trackpoint>
                        <Time>2026-09-04T06:35:04.000+01:00</Time>
                        <HeartRateBpm>
                            <Value>133</Value>
                        </HeartRateBpm>
                    </Trackpoint>
                    <Trackpoint>
                        <Time>2026-09-04T06:35:06.000+01:00</Time>
                        <HeartRateBpm>
                            <Value>132</Value>
                        </HeartRateBpm>
                    </Trackpoint>
                    <Trackpoint>
                        <Time>2026-09-04T06:35:08.000+01:00</Time>
                        <HeartRateBpm>
                            <Value>131</Value>
                        </HeartRateBpm>
                    </Trackpoint>
                    <Trackpoint>
                        <Time>2026-09-04T06:35:11.000+01:00</Time>
                        <HeartRateBpm>
                            <Value>131</Value>
                        </HeartRateBpm>
                    </Trackpoint>
                    <Trackpoint>
                        <Time>2026-09-04T06:35:12.000+01:00</Time>
                        <HeartRateBpm>
                            <Value>132</Value>
                        </HeartRateBpm>
                    </Trackpoint>
                    <Trackpoint>
                        <Time>2026-09-04T06:35:13.000+01:00</Time>
                        <HeartRateBpm>
                            <Value>133</Value>
                        </HeartRateBpm>
                    </Trackpoint>
                    <Trackpoint>
                        <Time>2026-09-04T06:35:16.000+01:00</Time>
                        <HeartRateBpm>
                            <Value>133</Value>
                        </HeartRateBpm>
                    </Trackpoint>
                    <Trackpoint>
                        <Time>2026-09-04T06:35:19.000+01:00</Time>
                        <HeartRateBpm>
                            <Value>134</Value>
                        </HeartRateBpm>
                    </Trackpoint>
                    <Trackpoint>
                        <Time>2026-09-04T06:35:21.000+01:00</Time>
                        <HeartRateBpm>
                            <Value>133</Value>
                        </HeartRateBpm>
                    </Trackpoint>
                    <Trackpoint>
                        <Time>2026-09-04T06:35:24.000+01:00</Time>
                        <HeartRateBpm>
                            <Value>133</Value>
                        </HeartRateBpm>
                    </Trackpoint>
                    <Trackpoint>
                        <Time>2026-09-04T06:35:25.000+01:00</Time>
                        <HeartRateBpm>
                            <Value>134</Value>
                        </HeartRateBpm>
                    </Trackpoint>
                    <Trackpoint>
                        <Time>2026-09-04T06:35:27.000+01:00</Time>
                        <HeartRateBpm>
                            <Value>133</Value>
                        </HeartRateBpm>
                    </Trackpoint>
                    <Trackpoint>
                        <Time>2026-09-04T06:35:29.000+01:00</Time>
                        <HeartRateBpm>
                            <Value>132</Value>
                        </HeartRateBpm>
                    </Trackpoint>
                    <Trackpoint>
                        <Time>2026-09-04T06:35:31.000+01:00</Time>
                        <HeartRateBpm>
                            <Value>133</Value>
                        </HeartRateBpm>
                    </Trackpoint>
                    <Trackpoint>
                        <Time>2026-09-04T06:35:34.000+01:00</Time>
                        <HeartRateBpm>
                            <Value>133</Value>
                        </HeartRateBpm>
                    </Trackpoint>
                    <Trackpoint>
                        <Time>2026-09-04T06:35:37.000+01:00</Time>
                        <HeartRateBpm>
                            <Value>133</Value>
                        </HeartRateBpm>
                    </Trackpoint>
                    <Trackpoint>
                        <Time>2026-09-04T06:35:38.000+01:00</Time>
                        <HeartRateBpm>
                            <Value>134</Value>
                        </HeartRateBpm>
                    </Trackpoint>
                    <Trackpoint>
                        <Time>2026-09-04T06:35:41.000+01:00</Time>
                        <HeartRateBpm>
                            <Value>134</Value>
                        </HeartRateBpm>
                    </Trackpoint>
                    <Trackpoint>
                        <Time>2026-09-04T06:35:44.000+01:00</Time>
                        <HeartRateBpm>
                            <Value>134</Value>
                        </HeartRateBpm>
                    </Trackpoint>
                    <Trackpoint>
                        <Time>2026-09-04T06:35:46.000+01:00</Time>
                        <HeartRateBpm>
                            <Value>135</Value>
                        </HeartRateBpm>
                    </Trackpoint>
                    <Trackpoint>
                        <Time>2026-09-04T06:35:48.000+01:00</Time>
                        <HeartRateBpm>
                            <Value>136</Value>
                        </HeartRateBpm>
                    </Trackpoint>
                    <Trackpoint>
                        <Time>2026-09-04T06:35:50.000+01:00</Time>
                        <HeartRateBpm>
                            <Value>137</Value>
                        </HeartRateBpm>
                    </Trackpoint>
                    <Trackpoint>
                        <Time>2026-09-04T06:35:53.000+01:00</Time>
                        <HeartRateBpm>
                            <Value>137</Value>
                        </HeartRateBpm>
                    </Trackpoint>
                    <Trackpoint>
                        <Time>2026-09-04T06:35:54.000+01:00</Time>
                        <HeartRateBpm>
                            <Value>138</Value>
                        </HeartRateBpm>
                    </Trackpoint>
                    <Trackpoint>
                        <Time>2026-09-04T06:35:56.000+01:00</Time>
                        <HeartRateBpm>
                            <Value>139</Value>
                        </HeartRateBpm>
                    </Trackpoint>
                    <Trackpoint>
                        <Time>2026-09-04T06:35:58.000+01:00</Time>
                        <HeartRateBpm>
                            <Value>138</Value>
                        </HeartRateBpm>
                    </Trackpoint>
                    <Trackpoint>
                        <Time>2026-09-04T06:36:01.000+01:00</Time>
                        <HeartRateBpm>
                            <Value>138</Value>
                        </HeartRateBpm>
                    </Trackpoint>
                    <Trackpoint>
                        <Time>2026-09-04T06:36:03.000+01:00</Time>
                        <HeartRateBpm>
                            <Value>139</Value>
                        </HeartRateBpm>
                    </Trackpoint>
                    <Trackpoint>
                        <Time>2026-09-04T06:36:06.000+01:00</Time>
                        <HeartRateBpm>
                            <Value>139</Value>
                        </HeartRateBpm>
                    </Trackpoint>
                    <Trackpoint>
                        <Time>2026-09-04T06:36:09.000+01:00</Time>
                        <HeartRateBpm>
                            <Value>138</Value>
                        </HeartRateBpm>
                    </Trackpoint>
                    <Trackpoint>
                        <Time>2026-09-04T06:36:12.000+01:00</Time>
                        <HeartRateBpm>
                            <Value>138</Value>
                        </HeartRateBpm>
                    </Trackpoint>
                    <Trackpoint>
                        <Time>2026-09-04T06:36:15.000+01:00</Time>
                        <HeartRateBpm>
                            <Value>137</Value>
                        </HeartRateBpm>
                    </Trackpoint>
                    <Trackpoint>
                        <Time>2026-09-04T06:36:18.000+01:00</Time>
                        <HeartRateBpm>
                            <Value>137</Value>
                        </HeartRateBpm>
                    </Trackpoint>
                    <Trackpoint>
                        <Time>2026-09-04T06:36:19.000+01:00</Time>
                        <HeartRateBpm>
                            <Value>138</Value>
                        </HeartRateBpm>
                    </Trackpoint>
                    <Trackpoint>
                        <Time>2026-09-04T06:36:21.000+01:00</Time>
                        <HeartRateBpm>
                            <Value>139</Value>
                        </HeartRateBpm>
                    </Trackpoint>
                    <Trackpoint>
                        <Time>2026-09-04T06:36:23.000+01:00</Time>
                        <HeartRateBpm>
                            <Value>138</Value>
                        </HeartRateBpm>
                    </Trackpoint>
                    <Trackpoint>
                        <Time>2026-09-04T06:36:26.000+01:00</Time>
                        <HeartRateBpm>
                            <Value>138</Value>
                        </HeartRateBpm>
                    </Trackpoint>
                    <Trackpoint>
                        <Time>2026-09-04T06:36:29.000+01:00</Time>
                        <HeartRateBpm>
                            <Value>138</Value>
                        </HeartRateBpm>
                    </Trackpoint>
                    <Trackpoint>
                        <Time>2026-09-04T06:36:32.000+01:00</Time>
                        <HeartRateBpm>
                            <Value>138</Value>
                        </HeartRateBpm>
                    </Trackpoint>
                    <Trackpoint>
                        <Time>2026-09-04T06:36:35.000+01:00</Time>
                        <HeartRateBpm>
                            <Value>138</Value>
                        </HeartRateBpm>
                    </Trackpoint>
                    <Trackpoint>
                        <Time>2026-09-04T06:36:38.000+01:00</Time>
                        <HeartRateBpm>
                            <Value>138</Value>
                        </HeartRateBpm>
                    </Trackpoint>
                    <Trackpoint>
                        <Time>2026-09-04T06:36:41.000+01:00</Time>
                        <HeartRateBpm>
                            <Value>138</Value>
                        </HeartRateBpm>
                    </Trackpoint>
                    <Trackpoint>
                        <Time>2026-09-04T06:36:44.000+01:00</Time>
                        <HeartRateBpm>
                            <Value>138</Value>
                        </HeartRateBpm>
                    </Trackpoint>
                    <Trackpoint>
                        <Time>2026-09-04T06:36:47.000+01:00</Time>
                        <HeartRateBpm>
                            <Value>138</Value>
                        </HeartRateBpm>
                    </Trackpoint>
                    <Trackpoint>
                        <Time>2026-09-04T06:36:48.000+01:00</Time>
                        <HeartRateBpm>
                            <Value>137</Value>
                        </HeartRateBpm>
                    </Trackpoint>
                    <Trackpoint>
                        <Time>2026-09-04T06:36:51.000+01:00</Time>
                        <HeartRateBpm>
                            <Value>137</Value>
                        </HeartRateBpm>
                    </Trackpoint>
                    <Trackpoint>
                        <Time>2026-09-04T06:36:54.000+01:00</Time>
                        <HeartRateBpm>
                            <Value>137</Value>
                        </HeartRateBpm>
                    </Trackpoint>
                    <Trackpoint>
                        <Time>2026-09-04T06:36:57.000+01:00</Time>
                        <HeartRateBpm>
                            <Value>137</Value>
                        </HeartRateBpm>
                    </Trackpoint>
                    <Trackpoint>
                        <Time>2026-09-04T06:36:59.000+01:00</Time>
                        <HeartRateBpm>
                            <Value>138</Value>
                        </HeartRateBpm>
                    </Trackpoint>
                    <Trackpoint>
                        <Time>2026-09-04T06:37:02.000+01:00</Time>
                        <HeartRateBpm>
                            <Value>138</Value>
                        </HeartRateBpm>
                    </Trackpoint>
                    <Trackpoint>
                        <Time>2026-09-04T06:37:03.000+01:00</Time>
                        <HeartRateBpm>
                            <Value>138</Value>
                        </HeartRateBpm>
                    </Trackpoint>
                    <Trackpoint>
                        <Time>2026-09-04T06:37:06.000+01:00</Time>
                        <HeartRateBpm>
                            <Value>138</Value>
                        </HeartRateBpm>
                    </Trackpoint>
                    <Trackpoint>
                        <Time>2026-09-04T06:37:09.000+01:00</Time>
                        <HeartRateBpm>
                            <Value>137</Value>
                        </HeartRateBpm>
                    </Trackpoint>
                    <Trackpoint>
                        <Time>2026-09-04T06:37:12.000+01:00</Time>
                        <HeartRateBpm>
                            <Value>137</Value>
                        </HeartRateBpm>
                    </Trackpoint>
                    <Trackpoint>
                        <Time>2026-09-04T06:37:14.000+01:00</Time>
                        <HeartRateBpm>
                            <Value>136</Value>
                        </HeartRateBpm>
                    </Trackpoint>
                    <Trackpoint>
                        <Time>2026-09-04T06:37:17.000+01:00</Time>
                        <HeartRateBpm>
                            <Value>136</Value>
                        </HeartRateBpm>
                    </Trackpoint>
                    <Trackpoint>
                        <Time>2026-09-04T06:37:18.000+01:00</Time>
                        <HeartRateBpm>
                            <Value>135</Value>
                        </HeartRateBpm>
                    </Trackpoint>
                    <Trackpoint>
                        <Time>2026-09-04T06:37:21.000+01:00</Time>
                        <HeartRateBpm>
                            <Value>135</Value>
                        </HeartRateBpm>
                    </Trackpoint>
                    <Trackpoint>
                        <Time>2026-09-04T06:37:24.000+01:00</Time>
                        <HeartRateBpm>
                            <Value>136</Value>
                        </HeartRateBpm>
                    </Trackpoint>
                    <Trackpoint>
                        <Time>2026-09-04T06:37:27.000+01:00</Time>
                        <HeartRateBpm>
                            <Value>136</Value>
                        </HeartRateBpm>
                    </Trackpoint>
                    <Trackpoint>
                        <Time>2026-09-04T06:37:28.000+01:00</Time>
                        <HeartRateBpm>
                            <Value>135</Value>
                        </HeartRateBpm>
                    </Trackpoint>
                    <Trackpoint>
                        <Time>2026-09-04T06:37:30.000+01:00</Time>
                        <HeartRateBpm>
                            <Value>136</Value>
                        </HeartRateBpm>
                    </Trackpoint>
                    <Trackpoint>
                        <Time>2026-09-04T06:37:33.000+01:00</Time>
                        <HeartRateBpm>
                            <Value>136</Value>
                        </HeartRateBpm>
                    </Trackpoint>
                    <Trackpoint>
                        <Time>2026-09-04T06:37:34.000+01:00</Time>
                        <HeartRateBpm>
                            <Value>137</Value>
                        </HeartRateBpm>
                    </Trackpoint>
                    <Trackpoint>
                        <Time>2026-09-04T06:37:37.000+01:00</Time>
                        <HeartRateBpm>
                            <Value>136</Value>
                        </HeartRateBpm>
                    </Trackpoint>
                    <Trackpoint>
                        <Time>2026-09-04T06:37:40.000+01:00</Time>
                        <HeartRateBpm>
                            <Value>136</Value>
                        </HeartRateBpm>
                    </Trackpoint>
                    <Trackpoint>
                        <Time>2026-09-04T06:37:43.000+01:00</Time>
                        <HeartRateBpm>
                            <Value>136</Value>
                        </HeartRateBpm>
                    </Trackpoint>
                    <Trackpoint>
                        <Time>2026-09-04T06:37:45.000+01:00</Time>
                        <HeartRateBpm>
                            <Value>137</Value>
                        </HeartRateBpm>
                    </Trackpoint>
                    <Trackpoint>
                        <Time>2026-09-04T06:37:47.000+01:00</Time>
                        <HeartRateBpm>
                            <Value>136</Value>
                        </HeartRateBpm>
                    </Trackpoint>
                    <Trackpoint>
                        <Time>2026-09-04T06:37:50.000+01:00</Time>
                        <HeartRateBpm>
                            <Value>136</Value>
                        </HeartRateBpm>
                    </Trackpoint>
                    <Trackpoint>
                        <Time>2026-09-04T06:37:53.000+01:00</Time>
                        <HeartRateBpm>
                            <Value>136</Value>
                        </HeartRateBpm>
                    </Trackpoint>
                    <Trackpoint>
                        <Time>2026-09-04T06:37:55.000+01:00</Time>
                        <HeartRateBpm>
                            <Value>137</Value>
                        </HeartRateBpm>
                    </Trackpoint>
                    <Trackpoint>
                        <Time>2026-09-04T06:37:58.000+01:00</Time>
                        <HeartRateBpm>
                            <Value>137</Value>
                        </HeartRateBpm>
                    </Trackpoint>
                    <Trackpoint>
                        <Time>2026-09-04T06:37:59.000+01:00</Time>
                        <HeartRateBpm>
                            <Value>138</Value>
                        </HeartRateBpm>
                    </Trackpoint>
                    <Trackpoint>
                        <Time>2026-09-04T06:38:00.000+01:00</Time>
                        <HeartRateBpm>
                            <Value>139</Value>
                        </HeartRateBpm>
                    </Trackpoint>
                    <Trackpoint>
                        <Time>2026-09-04T06:38:03.000+01:00</Time>
                        <HeartRateBpm>
                            <Value>139</Value>
                        </HeartRateBpm>
                    </Trackpoint>
                    <Trackpoint>
                        <Time>2026-09-04T06:38:06.000+01:00</Time>
                        <HeartRateBpm>
                            <Value>139</Value>
                        </HeartRateBpm>
                    </Trackpoint>
                    <Trackpoint>
                        <Time>2026-09-04T06:38:07.000+01:00</Time>
                        <HeartRateBpm>
                            <Value>139</Value>
                        </HeartRateBpm>
                    </Trackpoint>
                    <Trackpoint>
                        <Time>2026-09-04T06:38:10.000+01:00</Time>
                        <HeartRateBpm>
                            <Value>140</Value>
                        </HeartRateBpm>
                    </Trackpoint>
                    <Trackpoint>
                        <Time>2026-09-04T06:38:13.000+01:00</Time>
                        <HeartRateBpm>
                            <Value>140</Value>
                        </HeartRateBpm>
                    </Trackpoint>
                    <Trackpoint>
                        <Time>2026-09-04T06:38:16.000+01:00</Time>
                        <HeartRateBpm>
                            <Value>141</Value>
                        </HeartRateBpm>
                    </Trackpoint>
                    <Trackpoint>
                        <Time>2026-09-04T06:38:18.000+01:00</Time>
                        <HeartRateBpm>
                            <Value>140</Value>
                        </HeartRateBpm>
                    </Trackpoint>
                    <Trackpoint>
                        <Time>2026-09-04T06:38:21.000+01:00</Time>
                        <HeartRateBpm>
                            <Value>140</Value>
                        </HeartRateBpm>
                    </Trackpoint>
                    <Trackpoint>
                        <Time>2026-09-04T06:38:22.000+01:00</Time>
                        <HeartRateBpm>
                            <Value>139</Value>
                        </HeartRateBpm>
                    </Trackpoint>
                    <Trackpoint>
                        <Time>2026-09-04T06:38:25.000+01:00</Time>
                        <HeartRateBpm>
                            <Value>139</Value>
                        </HeartRateBpm>
                    </Trackpoint>
                    <Trackpoint>
                        <Time>2026-09-04T06:38:28.000+01:00</Time>
                        <HeartRateBpm>
                            <Value>139</Value>
                        </HeartRateBpm>
                    </Trackpoint>
                    <Trackpoint>
                        <Time>2026-09-04T06:38:29.000+01:00</Time>
                        <HeartRateBpm>
                            <Value>140</Value>
                        </HeartRateBpm>
                    </Trackpoint>
                    <Trackpoint>
                        <Time>2026-09-04T06:38:32.000+01:00</Time>
                        <HeartRateBpm>
                            <Value>140</Value>
                        </HeartRateBpm>
                    </Trackpoint>
                    <Trackpoint>
                        <Time>2026-09-04T06:38:35.000+01:00</Time>
                        <HeartRateBpm>
                            <Value>141</Value>
                        </HeartRateBpm>
                    </Trackpoint>
                    <Trackpoint>
                        <Time>2026-09-04T06:38:38.000+01:00</Time>
                        <HeartRateBpm>
                            <Value>141</Value>
                        </HeartRateBpm>
                    </Trackpoint>
                    <Trackpoint>
                        <Time>2026-09-04T06:38:39.000+01:00</Time>
                        <HeartRateBpm>
                            <Value>140</Value>
                        </HeartRateBpm>
                    </Trackpoint>
                    <Trackpoint>
                        <Time>2026-09-04T06:38:41.000+01:00</Time>
                        <HeartRateBpm>
                            <Value>141</Value>
                        </HeartRateBpm>
                    </Trackpoint>
                    <Trackpoint>
                        <Time>2026-09-04T06:38:43.000+01:00</Time>
                        <HeartRateBpm>
                            <Value>139</Value>
                        </HeartRateBpm>
                    </Trackpoint>
                    <Trackpoint>
                        <Time>2026-09-04T06:38:45.000+01:00</Time>
                        <HeartRateBpm>
                            <Value>140</Value>
                        </HeartRateBpm>
                    </Trackpoint>
                    <Trackpoint>
                        <Time>2026-09-04T06:38:48.000+01:00</Time>
                        <HeartRateBpm>
                            <Value>140</Value>
                        </HeartRateBpm>
                    </Trackpoint>
                    <Trackpoint>
                        <Time>2026-09-04T06:38:51.000+01:00</Time>
                        <HeartRateBpm>
                            <Value>140</Value>
                        </HeartRateBpm>
                    </Trackpoint>
                    <Trackpoint>
                        <Time>2026-09-04T06:38:52.000+01:00</Time>
                        <HeartRateBpm>
                            <Value>139</Value>
                        </HeartRateBpm>
                    </Trackpoint>
                    <Trackpoint>
                        <Time>2026-09-04T06:38:54.000+01:00</Time>
                        <HeartRateBpm>
                            <Value>141</Value>
                        </HeartRateBpm>
                    </Trackpoint>
                    <Trackpoint>
                        <Time>2026-09-04T06:38:56.000+01:00</Time>
                        <HeartRateBpm>
                            <Value>140</Value>
                        </HeartRateBpm>
                    </Trackpoint>
                    <Trackpoint>
                        <Time>2026-09-04T06:38:59.000+01:00</Time>
                        <HeartRateBpm>
                            <Value>140</Value>
                        </HeartRateBpm>
                    </Trackpoint>
                    <Trackpoint>
                        <Time>2026-09-04T06:39:02.000+01:00</Time>
                        <HeartRateBpm>
                            <Value>140</Value>
                        </HeartRateBpm>
                    </Trackpoint>
                    <Trackpoint>
                        <Time>2026-09-04T06:39:04.000+01:00</Time>
                        <HeartRateBpm>
                            <Value>139</Value>
                        </HeartRateBpm>
                    </Trackpoint>
                    <Trackpoint>
                        <Time>2026-09-04T06:39:07.000+01:00</Time>
                        <HeartRateBpm>
                            <Value>139</Value>
                        </HeartRateBpm>
                    </Trackpoint>
                    <Trackpoint>
                        <Time>2026-09-04T06:39:10.000+01:00</Time>
                        <HeartRateBpm>
                            <Value>140</Value>
                        </HeartRateBpm>
                    </Trackpoint>
                    <Trackpoint>
                        <Time>2026-09-04T06:39:11.000+01:00</Time>
                        <HeartRateBpm>
                            <Value>140</Value>
                        </HeartRateBpm>
                    </Trackpoint>
                    <Trackpoint>
                        <Time>2026-09-04T06:39:14.000+01:00</Time>
                        <HeartRateBpm>
                            <Value>140</Value>
                        </HeartRateBpm>
                    </Trackpoint>
                    <Trackpoint>
                        <Time>2026-09-04T06:39:17.000+01:00</Time>
                        <HeartRateBpm>
                            <Value>140</Value>
                        </HeartRateBpm>
                    </Trackpoint>
                    <Trackpoint>
                        <Time>2026-09-04T06:39:20.000+01:00</Time>
                        <HeartRateBpm>
                            <Value>140</Value>
                        </HeartRateBpm>
                    </Trackpoint>
                    <Trackpoint>
                        <Time>2026-09-04T06:39:23.000+01:00</Time>
                        <HeartRateBpm>
                            <Value>140</Value>
                        </HeartRateBpm>
                    </Trackpoint>
                    <Trackpoint>
                        <Time>2026-09-04T06:39:25.000+01:00</Time>
                        <HeartRateBpm>
                            <Value>141</Value>
                        </HeartRateBpm>
                    </Trackpoint>
                    <Trackpoint>
                        <Time>2026-09-04T06:39:28.000+01:00</Time>
                        <HeartRateBpm>
                            <Value>141</Value>
                        </HeartRateBpm>
                    </Trackpoint>
                    <Trackpoint>
                        <Time>2026-09-04T06:39:31.000+01:00</Time>
                        <HeartRateBpm>
                            <Value>141</Value>
                        </HeartRateBpm>
                    </Trackpoint>
                    <Trackpoint>
                        <Time>2026-09-04T06:39:33.000+01:00</Time>
                        <HeartRateBpm>
                            <Value>140</Value>
                        </HeartRateBpm>
                    </Trackpoint>
                    <Trackpoint>
                        <Time>2026-09-04T06:39:36.000+01:00</Time>
                        <HeartRateBpm>
                            <Value>140</Value>
                        </HeartRateBpm>
                    </Trackpoint>
                    <Trackpoint>
                        <Time>2026-09-04T06:39:39.000+01:00</Time>
                        <HeartRateBpm>
                            <Value>140</Value>
                        </HeartRateBpm>
                    </Trackpoint>
                    <Trackpoint>
                        <Time>2026-09-04T06:39:42.000+01:00</Time>
                        <HeartRateBpm>
                            <Value>139</Value>
                        </HeartRateBpm>
                    </Trackpoint>
                    <Trackpoint>
                        <Time>2026-09-04T06:39:45.000+01:00</Time>
                        <HeartRateBpm>
                            <Value>139</Value>
                        </HeartRateBpm>
                    </Trackpoint>
                    <Trackpoint>
                        <Time>2026-09-04T06:39:48.000+01:00</Time>
                        <HeartRateBpm>
                            <Value>138</Value>
                        </HeartRateBpm>
                    </Trackpoint>
                    <Trackpoint>
                        <Time>2026-09-04T06:39:50.000+01:00</Time>
                        <HeartRateBpm>
                            <Value>139</Value>
                        </HeartRateBpm>
                    </Trackpoint>
                    <Trackpoint>
                        <Time>2026-09-04T06:39:53.000+01:00</Time>
                        <HeartRateBpm>
                            <Value>139</Value>
                        </HeartRateBpm>
                    </Trackpoint>
                    <Trackpoint>
                        <Time>2026-09-04T06:39:56.000+01:00</Time>
                        <HeartRateBpm>
                            <Value>139</Value>
                        </HeartRateBpm>
                    </Trackpoint>
                    <Trackpoint>
                        <Time>2026-09-04T06:39:59.000+01:00</Time>
                        <HeartRateBpm>
                            <Value>139</Value>
                        </HeartRateBpm>
                    </Trackpoint>
                    <Trackpoint>
                        <Time>2026-09-04T06:40:02.000+01:00</Time>
                        <HeartRateBpm>
                            <Value>139</Value>
                        </HeartRateBpm>
                    </Trackpoint>
                    <Trackpoint>
                        <Time>2026-09-04T06:40:03.000+01:00</Time>
                        <HeartRateBpm>
                            <Value>140</Value>
                        </HeartRateBpm>
                    </Trackpoint>
                    <Trackpoint>
                        <Time>2026-09-04T06:40:06.000+01:00</Time>
                        <HeartRateBpm>
                            <Value>140</Value>
                        </HeartRateBpm>
                    </Trackpoint>
                    <Trackpoint>
                        <Time>2026-09-04T06:40:07.000+01:00</Time>
                        <HeartRateBpm>
                            <Value>141</Value>
                        </HeartRateBpm>
                    </Trackpoint>
                    <Trackpoint>
                        <Time>2026-09-04T06:40:09.000+01:00</Time>
                        <HeartRateBpm>
                            <Value>142</Value>
                        </HeartRateBpm>
                    </Trackpoint>
                    <Trackpoint>
                        <Time>2026-09-04T06:40:12.000+01:00</Time>
                        <HeartRateBpm>
                            <Value>142</Value>
                        </HeartRateBpm>
                    </Trackpoint>
                    <Trackpoint>
                        <Time>2026-09-04T06:40:13.000+01:00</Time>
                        <HeartRateBpm>
                            <Value>143</Value>
                        </HeartRateBpm>
                    </Trackpoint>
                    <Trackpoint>
                        <Time>2026-09-04T06:40:15.000+01:00</Time>
                        <HeartRateBpm>
                            <Value>144</Value>
                        </HeartRateBpm>
                    </Trackpoint>
                    <Trackpoint>
                        <Time>2026-09-04T06:40:18.000+01:00</Time>
                        <HeartRateBpm>
                            <Value>144</Value>
                        </HeartRateBpm>
                    </Trackpoint>
                    <Trackpoint>
                        <Time>2026-09-04T06:40:19.000+01:00</Time>
                        <HeartRateBpm>
                            <Value>144</Value>
                        </HeartRateBpm>
                    </Trackpoint>
                    <Trackpoint>
                        <Time>2026-09-04T06:40:22.000+01:00</Time>
                        <HeartRateBpm>
                            <Value>144</Value>
                        </HeartRateBpm>
                    </Trackpoint>
                    <Trackpoint>
                        <Time>2026-09-04T06:40:23.000+01:00</Time>
                        <HeartRateBpm>
                            <Value>143</Value>
                        </HeartRateBpm>
                    </Trackpoint>
                    <Trackpoint>
                        <Time>2026-09-04T06:40:26.000+01:00</Time>
                        <HeartRateBpm>
                            <Value>143</Value>
                        </HeartRateBpm>
                    </Trackpoint>
                    <Trackpoint>
                        <Time>2026-09-04T06:40:29.000+01:00</Time>
                        <HeartRateBpm>
                            <Value>143</Value>
                        </HeartRateBpm>
                    </Trackpoint>
                    <Trackpoint>
                        <Time>2026-09-04T06:40:32.000+01:00</Time>
                        <HeartRateBpm>
                            <Value>142</Value>
                        </HeartRateBpm>
                    </Trackpoint>
                    <Trackpoint>
                        <Time>2026-09-04T06:40:35.000+01:00</Time>
                        <HeartRateBpm>
                            <Value>142</Value>
                        </HeartRateBpm>
                    </Trackpoint>
                    <Trackpoint>
                        <Time>2026-09-04T06:40:38.000+01:00</Time>
                        <HeartRateBpm>
                            <Value>142</Value>
                        </HeartRateBpm>
                    </Trackpoint>
                    <Trackpoint>
                        <Time>2026-09-04T06:40:40.000+01:00</Time>
                        <HeartRateBpm>
                            <Value>141</Value>
                        </HeartRateBpm>
                    </Trackpoint>
                    <Trackpoint>
                        <Time>2026-09-04T06:40:43.000+01:00</Time>
                        <HeartRateBpm>
                            <Value>141</Value>
                        </HeartRateBpm>
                    </Trackpoint>
                    <Trackpoint>
                        <Time>2026-09-04T06:40:44.000+01:00</Time>
                        <HeartRateBpm>
                            <Value>140</Value>
                        </HeartRateBpm>
                    </Trackpoint>
                    <Trackpoint>
                        <Time>2026-09-04T06:40:46.000+01:00</Time>
                        <HeartRateBpm>
                            <Value>141</Value>
                        </HeartRateBpm>
                    </Trackpoint>
                    <Trackpoint>
                        <Time>2026-09-04T06:40:48.000+01:00</Time>
                        <HeartRateBpm>
                            <Value>142</Value>
                        </HeartRateBpm>
                    </Trackpoint>
                    <Trackpoint>
                        <Time>2026-09-04T06:40:49.000+01:00</Time>
                        <HeartRateBpm>
                            <Value>141</Value>
                        </HeartRateBpm>
                    </Trackpoint>
                    <Trackpoint>
                        <Time>2026-09-04T06:40:51.000+01:00</Time>
                        <HeartRateBpm>
                            <Value>142</Value>
                        </HeartRateBpm>
                    </Trackpoint>
                    <Trackpoint>
                        <Time>2026-09-04T06:40:53.000+01:00</Time>
                        <HeartRateBpm>
                            <Value>141</Value>
                        </HeartRateBpm>
                    </Trackpoint>
                    <Trackpoint>
                        <Time>2026-09-04T06:40:56.000+01:00</Time>
                        <HeartRateBpm>
                            <Value>141</Value>
                        </HeartRateBpm>
                    </Trackpoint>
                    <Trackpoint>
                        <Time>2026-09-04T06:40:59.000+01:00</Time>
                        <HeartRateBpm>
                            <Value>141</Value>
                        </HeartRateBpm>
                    </Trackpoint>
                    <Trackpoint>
                        <Time>2026-09-04T06:41:02.000+01:00</Time>
                        <HeartRateBpm>
                            <Value>141</Value>
                        </HeartRateBpm>
                    </Trackpoint>
                    <Trackpoint>
                        <Time>2026-09-04T06:41:05.000+01:00</Time>
                        <HeartRateBpm>
                            <Value>142</Value>
                        </HeartRateBpm>
                    </Trackpoint>
                    <Trackpoint>
                        <Time>2026-09-04T06:41:08.000+01:00</Time>
                        <HeartRateBpm>
                            <Value>142</Value>
                        </HeartRateBpm>
                    </Trackpoint>
                    <Trackpoint>
                        <Time>2026-09-04T06:41:09.000+01:00</Time>
                        <HeartRateBpm>
                            <Value>143</Value>
                        </HeartRateBpm>
                    </Trackpoint>
                    <Trackpoint>
                        <Time>2026-09-04T06:41:12.000+01:00</Time>
                        <HeartRateBpm>
                            <Value>143</Value>
                        </HeartRateBpm>
                    </Trackpoint>
                    <Trackpoint>
                        <Time>2026-09-04T06:41:15.000+01:00</Time>
                        <HeartRateBpm>
                            <Value>143</Value>
                        </HeartRateBpm>
                    </Trackpoint>
                    <Trackpoint>
                        <Time>2026-09-04T06:41:18.000+01:00</Time>
                        <HeartRateBpm>
                            <Value>144</Value>
                        </HeartRateBpm>
                    </Trackpoint>
                    <Trackpoint>
                        <Time>2026-09-04T06:41:21.000+01:00</Time>
                        <HeartRateBpm>
                            <Value>144</Value>
                        </HeartRateBpm>
                    </Trackpoint>
                    <Trackpoint>
                        <Time>2026-09-04T06:41:24.000+01:00</Time>
                        <HeartRateBpm>
                            <Value>145</Value>
                        </HeartRateBpm>
                    </Trackpoint>
                    <Trackpoint>
                        <Time>2026-09-04T06:41:25.000+01:00</Time>
                        <HeartRateBpm>
                            <Value>145</Value>
                        </HeartRateBpm>
                    </Trackpoint>
                    <Trackpoint>
                        <Time>2026-09-04T06:41:28.000+01:00</Time>
                        <HeartRateBpm>
                            <Value>145</Value>
                        </HeartRateBpm>
                    </Trackpoint>
                    <Trackpoint>
                        <Time>2026-09-04T06:41:31.000+01:00</Time>
                        <HeartRateBpm>
                            <Value>145</Value>
                        </HeartRateBpm>
                    </Trackpoint>
                    <Trackpoint>
                        <Time>2026-09-04T06:41:34.000+01:00</Time>
                        <HeartRateBpm>
                            <Value>145</Value>
                        </HeartRateBpm>
                    </Trackpoint>
                    <Trackpoint>
                        <Time>2026-09-04T06:41:36.000+01:00</Time>
                        <HeartRateBpm>
                            <Value>146</Value>
                        </HeartRateBpm>
                    </Trackpoint>
                    <Trackpoint>
                        <Time>2026-09-04T06:41:37.000+01:00</Time>
                        <HeartRateBpm>
                            <Value>145</Value>
                        </HeartRateBpm>
                    </Trackpoint>
                    <Trackpoint>
                        <Time>2026-09-04T06:41:39.000+01:00</Time>
                        <HeartRateBpm>
                            <Value>146</Value>
                        </HeartRateBpm>
                    </Trackpoint>
                    <Trackpoint>
                        <Time>2026-09-04T06:41:41.000+01:00</Time>
                        <HeartRateBpm>
                            <Value>145</Value>
                        </HeartRateBpm>
                    </Trackpoint>
                    <Trackpoint>
                        <Time>2026-09-04T06:41:44.000+01:00</Time>
                        <HeartRateBpm>
                            <Value>145</Value>
                        </HeartRateBpm>
                    </Trackpoint>
                    <Trackpoint>
                        <Time>2026-09-04T06:41:47.000+01:00</Time>
                        <HeartRateBpm>
                            <Value>145</Value>
                        </HeartRateBpm>
                    </Trackpoint>
                    <Trackpoint>
                        <Time>2026-09-04T06:41:49.000+01:00</Time>
                        <HeartRateBpm>
                            <Value>144</Value>
                        </HeartRateBpm>
                    </Trackpoint>
                    <Trackpoint>
                        <Time>2026-09-04T06:41:52.000+01:00</Time>
                        <HeartRateBpm>
                            <Value>144</Value>
                        </HeartRateBpm>
                    </Trackpoint>
                    <Trackpoint>
                        <Time>2026-09-04T06:41:53.000+01:00</Time>
                        <HeartRateBpm>
                            <Value>143</Value>
                        </HeartRateBpm>
                    </Trackpoint>
                    <Trackpoint>
                        <Time>2026-09-04T06:41:56.000+01:00</Time>
                        <HeartRateBpm>
                            <Value>143</Value>
                        </HeartRateBpm>
                    </Trackpoint>
                    <Trackpoint>
                        <Time>2026-09-04T06:41:57.000+01:00</Time>
                        <HeartRateBpm>
                            <Value>142</Value>
                        </HeartRateBpm>
                    </Trackpoint>
                    <Trackpoint>
                        <Time>2026-09-04T06:42:00.000+01:00</Time>
                        <HeartRateBpm>
                            <Value>141</Value>
                        </HeartRateBpm>
                    </Trackpoint>
                    <Trackpoint>
                        <Time>2026-09-04T06:42:03.000+01:00</Time>
                        <HeartRateBpm>
                            <Value>141</Value>
                        </HeartRateBpm>
                    </Trackpoint>
                    <Trackpoint>
                        <Time>2026-09-04T06:42:04.000+01:00</Time>
                        <HeartRateBpm>
                            <Value>140</Value>
                        </HeartRateBpm>
                    </Trackpoint>
                    <Trackpoint>
                        <Time>2026-09-04T06:42:07.000+01:00</Time>
                        <HeartRateBpm>
                            <Value>140</Value>
                        </HeartRateBpm>
                    </Trackpoint>
                    <Trackpoint>
                        <Time>2026-09-04T06:42:10.000+01:00</Time>
                        <HeartRateBpm>
                            <Value>139</Value>
                        </HeartRateBpm>
                    </Trackpoint>
                    <Trackpoint>
                        <Time>2026-09-04T06:42:13.000+01:00</Time>
                        <HeartRateBpm>
                            <Value>139</Value>
                        </HeartRateBpm>
                    </Trackpoint>
                    <Trackpoint>
                        <Time>2026-09-04T06:42:14.000+01:00</Time>
                        <HeartRateBpm>
                            <Value>140</Value>
                        </HeartRateBpm>
                    </Trackpoint>
                    <Trackpoint>
                        <Time>2026-09-04T06:42:17.000+01:00</Time>
                        <HeartRateBpm>
                            <Value>140</Value>
                        </HeartRateBpm>
                    </Trackpoint>
                    <Trackpoint>
                        <Time>2026-09-04T06:42:18.000+01:00</Time>
                        <HeartRateBpm>
                            <Value>139</Value>
                        </HeartRateBpm>
                    </Trackpoint>
                    <Trackpoint>
                        <Time>2026-09-04T06:42:20.000+01:00</Time>
                        <HeartRateBpm>
                            <Value>138</Value>
                        </HeartRateBpm>
                    </Trackpoint>
                    <Trackpoint>
                        <Time>2026-09-04T06:42:23.000+01:00</Time>
                        <HeartRateBpm>
                            <Value>138</Value>
                        </HeartRateBpm>
                    </Trackpoint>
                    <Trackpoint>
                        <Time>2026-09-04T06:42:26.000+01:00</Time>
                        <HeartRateBpm>
                            <Value>138</Value>
                        </HeartRateBpm>
                    </Trackpoint>
                    <Trackpoint>
                        <Time>2026-09-04T06:42:27.000+01:00</Time>
                        <HeartRateBpm>
                            <Value>138</Value>
                        </HeartRateBpm>
                    </Trackpoint>
                    <Trackpoint>
                        <Time>2026-09-04T06:42:30.000+01:00</Time>
                        <HeartRateBpm>
                            <Value>138</Value>
                        </HeartRateBpm>
                    </Trackpoint>
                    <Trackpoint>
                        <Time>2026-09-04T06:42:33.000+01:00</Time>
                        <HeartRateBpm>
                            <Value>138</Value>
                        </HeartRateBpm>
                    </Trackpoint>
                    <Trackpoint>
                        <Time>2026-09-04T06:42:35.000+01:00</Time>
                        <HeartRateBpm>
                            <Value>137</Value>
                        </HeartRateBpm>
                    </Trackpoint>
                    <Trackpoint>
                        <Time>2026-09-04T06:42:38.000+01:00</Time>
                        <HeartRateBpm>
                            <Value>137</Value>
                        </HeartRateBpm>
                    </Trackpoint>
                    <Trackpoint>
                        <Time>2026-09-04T06:42:41.000+01:00</Time>
                        <HeartRateBpm>
                            <Value>137</Value>
                        </HeartRateBpm>
                    </Trackpoint>
                    <Trackpoint>
                        <Time>2026-09-04T06:42:44.000+01:00</Time>
                        <HeartRateBpm>
                            <Value>137</Value>
                        </HeartRateBpm>
                    </Trackpoint>
                    <Trackpoint>
                        <Time>2026-09-04T06:42:47.000+01:00</Time>
                        <HeartRateBpm>
                            <Value>137</Value>
                        </HeartRateBpm>
                    </Trackpoint>
                    <Trackpoint>
                        <Time>2026-09-04T06:42:50.000+01:00</Time>
                        <HeartRateBpm>
                            <Value>137</Value>
                        </HeartRateBpm>
                    </Trackpoint>
                    <Trackpoint>
                        <Time>2026-09-04T06:42:52.000+01:00</Time>
                        <HeartRateBpm>
                            <Value>138</Value>
                        </HeartRateBpm>
                    </Trackpoint>
                    <Trackpoint>
                        <Time>2026-09-04T06:42:54.000+01:00</Time>
                        <HeartRateBpm>
                            <Value>137</Value>
                        </HeartRateBpm>
                    </Trackpoint>
                    <Trackpoint>
                        <Time>2026-09-04T06:42:57.000+01:00</Time>
                        <HeartRateBpm>
                            <Value>137</Value>
                        </HeartRateBpm>
                    </Trackpoint>
                    <Trackpoint>
                        <Time>2026-09-04T06:43:00.000+01:00</Time>
                        <HeartRateBpm>
                            <Value>137</Value>
                        </HeartRateBpm>
                    </Trackpoint>
                    <Trackpoint>
                        <Time>2026-09-04T06:43:02.000+01:00</Time>
                        <HeartRateBpm>
                            <Value>138</Value>
                        </HeartRateBpm>
                    </Trackpoint>
                    <Trackpoint>
                        <Time>2026-09-04T06:43:04.000+01:00</Time>
                        <HeartRateBpm>
                            <Value>137</Value>
                        </HeartRateBpm>
                    </Trackpoint>
                    <Trackpoint>
                        <Time>2026-09-04T06:43:07.000+01:00</Time>
                        <HeartRateBpm>
                            <Value>137</Value>
                        </HeartRateBpm>
                    </Trackpoint>
                    <Trackpoint>
                        <Time>2026-09-04T06:43:10.000+01:00</Time>
                        <HeartRateBpm>
                            <Value>137</Value>
                        </HeartRateBpm>
                    </Trackpoint>
                    <Trackpoint>
                        <Time>2026-09-04T06:43:13.000+01:00</Time>
                        <HeartRateBpm>
                            <Value>137</Value>
                        </HeartRateBpm>
                    </Trackpoint>
                    <Trackpoint>
                        <Time>2026-09-04T06:43:16.000+01:00</Time>
                        <HeartRateBpm>
                            <Value>137</Value>
                        </HeartRateBpm>
                    </Trackpoint>
                    <Trackpoint>
                        <Time>2026-09-04T06:43:17.000+01:00</Time>
                        <HeartRateBpm>
                            <Value>135</Value>
                        </HeartRateBpm>
                    </Trackpoint>
                    <Trackpoint>
                        <Time>2026-09-04T06:43:20.000+01:00</Time>
                        <HeartRateBpm>
                            <Value>135</Value>
                        </HeartRateBpm>
                    </Trackpoint>
                    <Trackpoint>
                        <Time>2026-09-04T06:43:21.000+01:00</Time>
                        <HeartRateBpm>
                            <Value>133</Value>
                        </HeartRateBpm>
                    </Trackpoint>
                    <Trackpoint>
                        <Time>2026-09-04T06:43:24.000+01:00</Time>
                        <HeartRateBpm>
                            <Value>133</Value>
                        </HeartRateBpm>
                    </Trackpoint>
                    <Trackpoint>
                        <Time>2026-09-04T06:43:25.000+01:00</Time>
                        <HeartRateBpm>
                            <Value>132</Value>
                        </HeartRateBpm>
                    </Trackpoint>
                    <Trackpoint>
                        <Time>2026-09-04T06:43:28.000+01:00</Time>
                        <HeartRateBpm>
                            <Value>132</Value>
                        </HeartRateBpm>
                    </Trackpoint>
                    <Trackpoint>
                        <Time>2026-09-04T06:43:31.000+01:00</Time>
                        <HeartRateBpm>
                            <Value>132</Value>
                        </HeartRateBpm>
                    </Trackpoint>
                    <Trackpoint>
                        <Time>2026-09-04T06:43:33.000+01:00</Time>
                        <HeartRateBpm>
                            <Value>131</Value>
                        </HeartRateBpm>
                    </Trackpoint>
                    <Trackpoint>
                        <Time>2026-09-04T06:43:34.000+01:00</Time>
                        <HeartRateBpm>
                            <Value>131</Value>
                        </HeartRateBpm>
                    </Trackpoint>
                    <Trackpoint>
                        <Time>2026-09-04T06:43:37.000+01:00</Time>
                        <HeartRateBpm>
                            <Value>132</Value>
                        </HeartRateBpm>
                    </Trackpoint>
                    <Trackpoint>
                        <Time>2026-09-04T06:43:40.000+01:00</Time>
                        <HeartRateBpm>
                            <Value>132</Value>
                        </HeartRateBpm>
                    </Trackpoint>
                    <Trackpoint>
                        <Time>2026-09-04T06:43:43.000+01:00</Time>
                        <HeartRateBpm>
                            <Value>132</Value>
                        </HeartRateBpm>
                    </Trackpoint>
                    <Trackpoint>
                        <Time>2026-09-04T06:43:46.000+01:00</Time>
                        <HeartRateBpm>
                            <Value>133</Value>
                        </HeartRateBpm>
                    </Trackpoint>
                    <Trackpoint>
                        <Time>2026-09-04T06:43:48.000+01:00</Time>
                        <HeartRateBpm>
                            <Value>132</Value>
                        </HeartRateBpm>
                    </Trackpoint>
                    <Trackpoint>
                        <Time>2026-09-04T06:43:51.000+01:00</Time>
                        <HeartRateBpm>
                            <Value>132</Value>
                        </HeartRateBpm>
                    </Trackpoint>
                    <Trackpoint>
                        <Time>2026-09-04T06:43:54.000+01:00</Time>
                        <HeartRateBpm>
                            <Value>133</Value>
                        </HeartRateBpm>
                    </Trackpoint>
                    <Trackpoint>
                        <Time>2026-09-04T06:43:56.000+01:00</Time>
                        <HeartRateBpm>
                            <Value>132</Value>
                        </HeartRateBpm>
                    </Trackpoint>
                    <Trackpoint>
                        <Time>2026-09-04T06:43:58.000+01:00</Time>
                        <HeartRateBpm>
                            <Value>133</Value>
                        </HeartRateBpm>
                    </Trackpoint>
                    <Trackpoint>
                        <Time>2026-09-04T06:44:00.000+01:00</Time>
                        <HeartRateBpm>
                            <Value>134</Value>
                        </HeartRateBpm>
                    </Trackpoint>
                    <Trackpoint>
                        <Time>2026-09-04T06:44:03.000+01:00</Time>
                        <HeartRateBpm>
                            <Value>133</Value>
                        </HeartRateBpm>
                    </Trackpoint>
                    <Trackpoint>
                        <Time>2026-09-04T06:44:06.000+01:00</Time>
                        <HeartRateBpm>
                            <Value>133</Value>
                        </HeartRateBpm>
                    </Trackpoint>
                    <Trackpoint>
                        <Time>2026-09-04T06:44:07.000+01:00</Time>
                        <HeartRateBpm>
                            <Value>134</Value>
                        </HeartRateBpm>
                    </Trackpoint>
                    <Trackpoint>
                        <Time>2026-09-04T06:44:09.000+01:00</Time>
                        <HeartRateBpm>
                            <Value>133</Value>
                        </HeartRateBpm>
                    </Trackpoint>
                    <Trackpoint>
                        <Time>2026-09-04T06:44:11.000+01:00</Time>
                        <HeartRateBpm>
                            <Value>134</Value>
                        </HeartRateBpm>
                    </Trackpoint>
                    <Trackpoint>
                        <Time>2026-09-04T06:44:13.000+01:00</Time>
                        <HeartRateBpm>
                            <Value>133</Value>
                        </HeartRateBpm>
                    </Trackpoint>
                    <Trackpoint>
                        <Time>2026-09-04T06:44:15.000+01:00</Time>
                        <HeartRateBpm>
                            <Value>129</Value>
                        </HeartRateBpm>
                    </Trackpoint>
                    <Trackpoint>
                        <Time>2026-09-04T06:44:17.000+01:00</Time>
                        <HeartRateBpm>
                            <Value>130</Value>
                        </HeartRateBpm>
                    </Trackpoint>
                    <Trackpoint>
                        <Time>2026-09-04T06:44:20.000+01:00</Time>
                        <HeartRateBpm>
                            <Value>130</Value>
                        </HeartRateBpm>
                    </Trackpoint>
                    <Trackpoint>
                        <Time>2026-09-04T06:44:23.000+01:00</Time>
                        <HeartRateBpm>
                            <Value>129</Value>
                        </HeartRateBpm>
                    </Trackpoint>
                    <Trackpoint>
                        <Time>2026-09-04T06:44:25.000+01:00</Time>
                        <HeartRateBpm>
                            <Value>127</Value>
                        </HeartRateBpm>
                    </Trackpoint>
                    <Trackpoint>
                        <Time>2026-09-04T06:44:26.000+01:00</Time>
                        <HeartRateBpm>
                            <Value>125</Value>
                        </HeartRateBpm>
                    </Trackpoint>
                    <Trackpoint>
                        <Time>2026-09-04T06:44:29.000+01:00</Time>
                        <HeartRateBpm>
                            <Value>125</Value>
                        </HeartRateBpm>
                    </Trackpoint>
                    <Trackpoint>
                        <Time>2026-09-04T06:44:30.000+01:00</Time>
                        <HeartRateBpm>
                            <Value>127</Value>
                        </HeartRateBpm>
                    </Trackpoint>
                    <Trackpoint>
                        <Time>2026-09-04T06:44:32.000+01:00</Time>
                        <HeartRateBpm>
                            <Value>126</Value>
                        </HeartRateBpm>
                    </Trackpoint>
                    <Trackpoint>
                        <Time>2026-09-04T06:44:35.000+01:00</Time>
                        <HeartRateBpm>
                            <Value>126</Value>
                        </HeartRateBpm>
                    </Trackpoint>
                    <Trackpoint>
                        <Time>2026-09-04T06:44:36.000+01:00</Time>
                        <HeartRateBpm>
                            <Value>125</Value>
                        </HeartRateBpm>
                    </Trackpoint>
                    <Trackpoint>
                        <Time>2026-09-04T06:44:38.000+01:00</Time>
                        <HeartRateBpm>
                            <Value>124</Value>
                        </HeartRateBpm>
                    </Trackpoint>
                    <Trackpoint>
                        <Time>2026-09-04T06:44:41.000+01:00</Time>
                        <HeartRateBpm>
                            <Value>124</Value>
                        </HeartRateBpm>
                    </Trackpoint>
                    <Trackpoint>
                        <Time>2026-09-04T06:44:44.000+01:00</Time>
                        <HeartRateBpm>
                            <Value>124</Value>
                        </HeartRateBpm>
                    </Trackpoint>
                    <Trackpoint>
                        <Time>2026-09-04T06:44:47.000+01:00</Time>
                        <HeartRateBpm>
                            <Value>124</Value>
                        </HeartRateBpm>
                    </Trackpoint>
                    <Trackpoint>
                        <Time>2026-09-04T06:44:49.000+01:00</Time>
                        <HeartRateBpm>
                            <Value>123</Value>
                        </HeartRateBpm>
                    </Trackpoint>
                    <Trackpoint>
                        <Time>2026-09-04T06:44:51.000+01:00</Time>
                        <HeartRateBpm>
                            <Value>122</Value>
                        </HeartRateBpm>
                    </Trackpoint>
                    <Trackpoint>
                        <Time>2026-09-04T06:44:53.000+01:00</Time>
                        <HeartRateBpm>
                            <Value>120</Value>
                        </HeartRateBpm>
                    </Trackpoint>
                    <Trackpoint>
                        <Time>2026-09-04T06:44:55.000+01:00</Time>
                        <HeartRateBpm>
                            <Value>121</Value>
                        </HeartRateBpm>
                    </Trackpoint>
                    <Trackpoint>
                        <Time>2026-09-04T06:44:57.000+01:00</Time>
                        <HeartRateBpm>
                            <Value>120</Value>
                        </HeartRateBpm>
                    </Trackpoint>
                    <Trackpoint>
                        <Time>2026-09-04T06:44:59.000+01:00</Time>
                        <HeartRateBpm>
                            <Value>121</Value>
                        </HeartRateBpm>
                    </Trackpoint>
                    <Trackpoint>
                        <Time>2026-09-04T06:45:01.000+01:00</Time>
                        <HeartRateBpm>
                            <Value>122</Value>
                        </HeartRateBpm>
                    </Trackpoint>
                    <Trackpoint>
                        <Time>2026-09-04T06:45:04.000+01:00</Time>
                        <HeartRateBpm>
                            <Value>122</Value>
                        </HeartRateBpm>
                    </Trackpoint>
                    <Trackpoint>
                        <Time>2026-09-04T06:45:05.000+01:00</Time>
                        <HeartRateBpm>
                            <Value>121</Value>
                        </HeartRateBpm>
                    </Trackpoint>
                    <Trackpoint>
                        <Time>2026-09-04T06:45:07.000+01:00</Time>
                        <HeartRateBpm>
                            <Value>118</Value>
                        </HeartRateBpm>
                    </Trackpoint>
                    <Trackpoint>
                        <Time>2026-09-04T06:45:09.000+01:00</Time>
                        <HeartRateBpm>
                            <Value>119</Value>
                        </HeartRateBpm>
                    </Trackpoint>
                    <Trackpoint>
                        <Time>2026-09-04T06:45:12.000+01:00</Time>
                        <HeartRateBpm>
                            <Value>118</Value>
                        </HeartRateBpm>
                    </Trackpoint>
                    <Trackpoint>
                        <Time>2026-09-04T06:45:15.000+01:00</Time>
                        <HeartRateBpm>
                            <Value>118</Value>
                        </HeartRateBpm>
                    </Trackpoint>
                    <Trackpoint>
                        <Time>2026-09-04T06:45:16.000+01:00</Time>
                        <HeartRateBpm>
                            <Value>119</Value>
                        </HeartRateBpm>
                    </Trackpoint>
                    <Trackpoint>
                        <Time>2026-09-04T06:45:19.000+01:00</Time>
                        <HeartRateBpm>
                            <Value>119</Value>
                        </HeartRateBpm>
                    </Trackpoint>
                    <Trackpoint>
                        <Time>2026-09-04T06:45:20.000+01:00</Time>
                        <HeartRateBpm>
                            <Value>120</Value>
                        </HeartRateBpm>
                    </Trackpoint>
                    <Trackpoint>
                        <Time>2026-09-04T06:45:23.000+01:00</Time>
                        <HeartRateBpm>
                            <Value>120</Value>
                        </HeartRateBpm>
                    </Trackpoint>
                    <Trackpoint>
                        <Time>2026-09-04T06:45:24.000+01:00</Time>
                        <HeartRateBpm>
                            <Value>121</Value>
                        </HeartRateBpm>
                    </Trackpoint>
                    <Trackpoint>
                        <Time>2026-09-04T06:45:27.000+01:00</Time>
                        <HeartRateBpm>
                            <Value>121</Value>
                        </HeartRateBpm>
                    </Trackpoint>
                    <Trackpoint>
                        <Time>2026-09-04T06:45:28.000+01:00</Time>
                        <HeartRateBpm>
                            <Value>120</Value>
                        </HeartRateBpm>
                    </Trackpoint>
                    <Trackpoint>
                        <Time>2026-09-04T06:45:31.000+01:00</Time>
                        <HeartRateBpm>
                            <Value>120</Value>
                        </HeartRateBpm>
                    </Trackpoint>
                    <Trackpoint>
                        <Time>2026-09-04T06:45:32.000+01:00</Time>
                        <HeartRateBpm>
                            <Value>119</Value>
                        </HeartRateBpm>
                    </Trackpoint>
                    <Trackpoint>
                        <Time>2026-09-04T06:45:33.000+01:00</Time>
                        <HeartRateBpm>
                            <Value>119</Value>
                        </HeartRateBpm>
                    </Trackpoint>
                    <Trackpoint>
                        <Time>2026-09-04T06:45:34.000+01:00</Time>
                        <HeartRateBpm>
                            <Value>118</Value>
                        </HeartRateBpm>
                    </Trackpoint>
                    <Trackpoint>
                        <Time>2026-09-04T06:45:36.000+01:00</Time>
                        <HeartRateBpm>
                            <Value>119</Value>
                        </HeartRateBpm>
                    </Trackpoint>
                    <Trackpoint>
                        <Time>2026-09-04T06:45:37.000+01:00</Time>
                        <HeartRateBpm>
                            <Value>120</Value>
                        </HeartRateBpm>
                    </Trackpoint>
                    <Trackpoint>
                        <Time>2026-09-04T06:45:40.000+01:00</Time>
                        <HeartRateBpm>
                            <Value>120</Value>
                        </HeartRateBpm>
                    </Trackpoint>
                    <Trackpoint>
                        <Time>2026-09-04T06:45:43.000+01:00</Time>
                        <HeartRateBpm>
                            <Value>118</Value>
                        </HeartRateBpm>
                    </Trackpoint>
                    <Trackpoint>
                        <Time>2026-09-04T06:45:45.000+01:00</Time>
                        <HeartRateBpm>
                            <Value>117</Value>
                        </HeartRateBpm>
                    </Trackpoint>
                    <Trackpoint>
                        <Time>2026-09-04T06:45:47.000+01:00</Time>
                        <HeartRateBpm>
                            <Value>118</Value>
                        </HeartRateBpm>
                    </Trackpoint>
                    <Trackpoint>
                        <Time>2026-09-04T06:45:49.000+01:00</Time>
                        <HeartRateBpm>
                            <Value>117</Value>
                        </HeartRateBpm>
                    </Trackpoint>
                    <Trackpoint>
                        <Time>2026-09-04T06:45:51.000+01:00</Time>
                        <HeartRateBpm>
                            <Value>118</Value>
                        </HeartRateBpm>
                    </Trackpoint>
                    <Trackpoint>
                        <Time>2026-09-04T06:45:53.000+01:00</Time>
                        <HeartRateBpm>
                            <Value>115</Value>
                        </HeartRateBpm>
                    </Trackpoint>
                    <Trackpoint>
                        <Time>2026-09-04T06:45:55.000+01:00</Time>
                        <HeartRateBpm>
                            <Value>114</Value>
                        </HeartRateBpm>
                    </Trackpoint>
                    <Trackpoint>
                        <Time>2026-09-04T06:45:57.000+01:00</Time>
                        <HeartRateBpm>
                            <Value>113</Value>
                        </HeartRateBpm>
                    </Trackpoint>
                    <Trackpoint>
                        <Time>2026-09-04T06:45:59.000+01:00</Time>
                        <HeartRateBpm>
                            <Value>112</Value>
                        </HeartRateBpm>
                    </Trackpoint>
                    <Trackpoint>
                        <Time>2026-09-04T06:46:02.000+01:00</Time>
                        <HeartRateBpm>
                            <Value>111</Value>
                        </HeartRateBpm>
                    </Trackpoint>
                    <Trackpoint>
                        <Time>2026-09-04T06:46:05.000+01:00</Time>
                        <HeartRateBpm>
                            <Value>111</Value>
                        </HeartRateBpm>
                    </Trackpoint>
                    <Trackpoint>
                        <Time>2026-09-04T06:46:06.000+01:00</Time>
                        <HeartRateBpm>
                            <Value>112</Value>
                        </HeartRateBpm>
                    </Trackpoint>
                    <Trackpoint>
                        <Time>2026-09-04T06:46:08.000+01:00</Time>
                        <HeartRateBpm>
                            <Value>111</Value>
                        </HeartRateBpm>
                    </Trackpoint>
                    <Trackpoint>
                        <Time>2026-09-04T06:46:10.000+01:00</Time>
                        <HeartRateBpm>
                            <Value>110</Value>
                        </HeartRateBpm>
                    </Trackpoint>
                    <Trackpoint>
                        <Time>2026-09-04T06:46:12.000+01:00</Time>
                        <HeartRateBpm>
                            <Value>111</Value>
                        </HeartRateBpm>
                    </Trackpoint>
                    <Trackpoint>
                        <Time>2026-09-04T06:46:14.000+01:00</Time>
                        <HeartRateBpm>
                            <Value>110</Value>
                        </HeartRateBpm>
                    </Trackpoint>
                    <Trackpoint>
                        <Time>2026-09-04T06:46:16.000+01:00</Time>
                        <HeartRateBpm>
                            <Value>111</Value>
                        </HeartRateBpm>
                    </Trackpoint>
                    <Trackpoint>
                        <Time>2026-09-04T06:46:19.000+01:00</Time>
                        <HeartRateBpm>
                            <Value>111</Value>
                        </HeartRateBpm>
                    </Trackpoint>
                    <Trackpoint>
                        <Time>2026-09-04T06:46:22.000+01:00</Time>
                        <HeartRateBpm>
                            <Value>112</Value>
                        </HeartRateBpm>
                    </Trackpoint>
                    <Trackpoint>
                        <Time>2026-09-04T06:46:24.000+01:00</Time>
                        <HeartRateBpm>
                            <Value>110</Value>
                        </HeartRateBpm>
                    </Trackpoint>
                    <Trackpoint>
                        <Time>2026-09-04T06:46:25.000+01:00</Time>
                        <HeartRateBpm>
                            <Value>107</Value>
                        </HeartRateBpm>
                    </Trackpoint>
                    <Trackpoint>
                        <Time>2026-09-04T06:46:27.000+01:00</Time>
                        <HeartRateBpm>
                            <Value>108</Value>
                        </HeartRateBpm>
                    </Trackpoint>
                    <Trackpoint>
                        <Time>2026-09-04T06:46:28.000+01:00</Time>
                        <HeartRateBpm>
                            <Value>108</Value>
                        </HeartRateBpm>
                    </Trackpoint>
                    <Trackpoint>
                        <Time>2026-09-04T06:46:29.000+01:00</Time>
                        <HeartRateBpm>
                            <Value>107</Value>
                        </HeartRateBpm>
                    </Trackpoint>
                    <Trackpoint>
                        <Time>2026-09-04T06:46:32.000+01:00</Time>
                        <HeartRateBpm>
                            <Value>107</Value>
                        </HeartRateBpm>
                    </Trackpoint>
                    <Trackpoint>
                        <Time>2026-09-04T06:46:33.000+01:00</Time>
                        <HeartRateBpm>
                            <Value>108</Value>
                        </HeartRateBpm>
                    </Trackpoint>
                    <Trackpoint>
                        <Time>2026-09-04T06:46:35.000+01:00</Time>
                        <HeartRateBpm>
                            <Value>109</Value>
                        </HeartRateBpm>
                    </Trackpoint>
                    <Trackpoint>
                        <Time>2026-09-04T06:46:37.000+01:00</Time>
                        <HeartRateBpm>
                            <Value>108</Value>
                        </HeartRateBpm>
                    </Trackpoint>
                    <Trackpoint>
                        <Time>2026-09-04T06:46:40.000+01:00</Time>
                        <HeartRateBpm>
                            <Value>108</Value>
                        </HeartRateBpm>
                    </Trackpoint>
                    <Trackpoint>
                        <Time>2026-09-04T06:46:43.000+01:00</Time>
                        <HeartRateBpm>
                            <Value>109</Value>
                        </HeartRateBpm>
                    </Trackpoint>
                    <Trackpoint>
                        <Time>2026-09-04T06:46:46.000+01:00</Time>
                        <HeartRateBpm>
                            <Value>109</Value>
                        </HeartRateBpm>
                    </Trackpoint>
                    <Trackpoint>
                        <Time>2026-09-04T06:46:49.000+01:00</Time>
                        <HeartRateBpm>
                            <Value>109</Value>
                        </HeartRateBpm>
                    </Trackpoint>
                    <Trackpoint>
                        <Time>2026-09-04T06:46:52.000+01:00</Time>
                        <HeartRateBpm>
                            <Value>110</Value>
                        </HeartRateBpm>
                    </Trackpoint>
                    <Trackpoint>
                        <Time>2026-09-04T06:46:54.000+01:00</Time>
                        <HeartRateBpm>
                            <Value>109</Value>
                        </HeartRateBpm>
                    </Trackpoint>
                    <Trackpoint>
                        <Time>2026-09-04T06:46:56.000+01:00</Time>
                        <HeartRateBpm>
                            <Value>108</Value>
                        </HeartRateBpm>
                    </Trackpoint>
                    <Trackpoint>
                        <Time>2026-09-04T06:46:58.000+01:00</Time>
                        <HeartRateBpm>
                            <Value>109</Value>
                        </HeartRateBpm>
                    </Trackpoint>
                    <Trackpoint>
                        <Time>2026-09-04T06:47:00.000+01:00</Time>
                        <HeartRateBpm>
                            <Value>108</Value>
                        </HeartRateBpm>
                    </Trackpoint>
                    <Trackpoint>
                        <Time>2026-09-04T06:47:03.000+01:00</Time>
                        <HeartRateBpm>
                            <Value>108</Value>
                        </HeartRateBpm>
                    </Trackpoint>
                    <Trackpoint>
                        <Time>2026-09-04T06:47:04.000+01:00</Time>
                        <HeartRateBpm>
                            <Value>109</Value>
                        </HeartRateBpm>
                    </Trackpoint>
                    <Trackpoint>
                        <Time>2026-09-04T06:47:07.000+01:00</Time>
                        <HeartRateBpm>
                            <Value>109</Value>
                        </HeartRateBpm>
                    </Trackpoint>
                    <Trackpoint>
                        <Time>2026-09-04T06:47:08.000+01:00</Time>
                        <HeartRateBpm>
                            <Value>108</Value>
                        </HeartRateBpm>
                    </Trackpoint>
                    <Trackpoint>
                        <Time>2026-09-04T06:47:10.000+01:00</Time>
                        <HeartRateBpm>
                            <Value>107</Value>
                        </HeartRateBpm>
                    </Trackpoint>
                    <Trackpoint>
                        <Time>2026-09-04T06:47:13.000+01:00</Time>
                        <HeartRateBpm>
                            <Value>107</Value>
                        </HeartRateBpm>
                    </Trackpoint>
                    <Trackpoint>
                        <Time>2026-09-04T06:47:14.000+01:00</Time>
                        <HeartRateBpm>
                            <Value>106</Value>
                        </HeartRateBpm>
                    </Trackpoint>
                    <Trackpoint>
                        <Time>2026-09-04T06:47:15.000+01:00</Time>
                        <HeartRateBpm>
                            <Value>105</Value>
                        </HeartRateBpm>
                    </Trackpoint>
                    <Trackpoint>
                        <Time>2026-09-04T06:47:17.000+01:00</Time>
                        <HeartRateBpm>
                            <Value>106</Value>
                        </HeartRateBpm>
                    </Trackpoint>
                    <Trackpoint>
                        <Time>2026-09-04T06:47:20.000+01:00</Time>
                        <HeartRateBpm>
                            <Value>106</Value>
                        </HeartRateBpm>
                    </Trackpoint>
                    <Trackpoint>
                        <Time>2026-09-04T06:47:23.000+01:00</Time>
                        <HeartRateBpm>
                            <Value>106</Value>
                        </HeartRateBpm>
                    </Trackpoint>
                    <Trackpoint>
                        <Time>2026-09-04T06:47:25.000+01:00</Time>
                        <HeartRateBpm>
                            <Value>105</Value>
                        </HeartRateBpm>
                    </Trackpoint>
                    <Trackpoint>
                        <Time>2026-09-04T06:47:26.000+01:00</Time>
                        <HeartRateBpm>
                            <Value>105</Value>
                        </HeartRateBpm>
                    </Trackpoint>
                    <Trackpoint>
                        <Time>2026-09-04T06:47:29.000+01:00</Time>
                        <HeartRateBpm>
                            <Value>105</Value>
                        </HeartRateBpm>
                    </Trackpoint>
                    <Trackpoint>
                        <Time>2026-09-04T06:47:32.000+01:00</Time>
                        <HeartRateBpm>
                            <Value>105</Value>
                        </HeartRateBpm>
                    </Trackpoint>
                    <Trackpoint>
                        <Time>2026-09-04T06:47:35.000+01:00</Time>
                        <HeartRateBpm>
                            <Value>105</Value>
                        </HeartRateBpm>
                    </Trackpoint>
                    <Trackpoint>
                        <Time>2026-09-04T06:47:36.000+01:00</Time>
                        <HeartRateBpm>
                            <Value>106</Value>
                        </HeartRateBpm>
                    </Trackpoint>
                    <Trackpoint>
                        <Time>2026-09-04T06:47:38.000+01:00</Time>
                        <HeartRateBpm>
                            <Value>108</Value>
                        </HeartRateBpm>
                    </Trackpoint>
                    <Trackpoint>
                        <Time>2026-09-04T06:47:40.000+01:00</Time>
                        <HeartRateBpm>
                            <Value>111</Value>
                        </HeartRateBpm>
                    </Trackpoint>
                    <Trackpoint>
                        <Time>2026-09-04T06:47:43.000+01:00</Time>
                        <HeartRateBpm>
                            <Value>111</Value>
                        </HeartRateBpm>
                    </Trackpoint>
                    <Trackpoint>
                        <Time>2026-09-04T06:47:46.000+01:00</Time>
                        <HeartRateBpm>
                            <Value>110</Value>
                        </HeartRateBpm>
                    </Trackpoint>
                    <Trackpoint>
                        <Time>2026-09-04T06:47:48.000+01:00</Time>
                        <HeartRateBpm>
                            <Value>109</Value>
                        </HeartRateBpm>
                    </Trackpoint>
                </Track>
            </Lap>
            <Creator xsi:type="Device_t" xmlns:xsi="http://www.w3.org/2001/XMLSchema-instance">
                <Name>Google Pixel Watch 4</Name>
                <UnitId>0</UnitId>
                <ProductID>0</ProductID>
            </Creator>
        </Activity>
    </Activities>
</TrainingCenterDatabase>
