<?xml version="1.0" encoding="UTF-8" standalone="yes"?>
<TrainingCenterDatabase xmlns="http://www.garmin.com/xmlschemas/TrainingCenterDatabase/v2">
    <Activities>
        <Activity Sport="Other">
            <Id>2026-08-27T06:03:03.000+01:00</Id>
            <Lap StartTime="2026-08-27T06:03:03.000+01:00">
                <TotalTimeSeconds>2705.0</TotalTimeSeconds>
                <DistanceMeters>6442.027</DistanceMeters>
                <Calories>549</Calories>
                <Intensity>Active</Intensity>
                <TriggerMethod>Manual</TriggerMethod>
                <Track>
                    <Trackpoint>
                        <Time>2026-08-27T06:03:03.000+01:00</Time>
                        <HeartRateBpm>
                            <Value>71</Value>
                        </HeartRateBpm>
                    </Trackpoint>
                    <Trackpoint>
                        <Time>2026-08-27T06:03:05.000+01:00</Time>
                        <HeartRateBpm>
                            <Value>70</Value>
                        </HeartRateBpm>
                    </Trackpoint>
                    <Trackpoint>
                        <Time>2026-08-27T06:03:07.000+01:00</Time>
                        <HeartRateBpm>
                            <Value>71</Value>
                        </HeartRateBpm>
                    </Trackpoint>
                    <Trackpoint>
                        <Time>2026-08-27T06:03:10.000+01:00</Time>
                        <HeartRateBpm>
                            <Value>71</Value>
                        </HeartRateBpm>
                    </Trackpoint>
                    <Trackpoint>
                        <Time>2026-08-27T06:03:11.000+01:00</Time>
                        <HeartRateBpm>
                            <Value>72</Value>
                        </HeartRateBpm>
                    </Trackpoint>
                    <Trackpoint>
                        <Time>2026-08-27T06:03:13.000+01:00</Time>
                        <HeartRateBpm>
                            <Value>73</Value>
                        </HeartRateBpm>
                    </Trackpoint>
                    <Trackpoint>
                        <Time>2026-08-27T06:03:15.000+01:00</Time>
                        <HeartRateBpm>
                            <Value>74</Value>
                        </HeartRateBpm>
                    </Trackpoint>
                    <Trackpoint>
                        <Time>2026-08-27T06:03:17.000+01:00</Time>
                        <HeartRateBpm>
                            <Value>75</Value>
                        </HeartRateBpm>
                    </Trackpoint>
                    <Trackpoint>
                        <Time>2026-08-27T06:03:19.000+01:00</Time>
                        <HeartRateBpm>
                            <Value>77</Value>
                        </HeartRateBpm>
                    </Trackpoint>
                    <Trackpoint>
                        <Time>2026-08-27T06:03:21.000+01:00</Time>
                        <HeartRateBpm>
                            <Value>78</Value>
                        </HeartRateBpm>
                    </Trackpoint>
                    <Trackpoint>
                        <Time>2026-08-27T06:03:24.000+01:00</Time>
                        <HeartRateBpm>
                            <Value>78</Value>
                        </HeartRateBpm>
                    </Trackpoint>
                    <Trackpoint>
                        <Time>2026-08-27T06:03:25.000+01:00</Time>
                        <HeartRateBpm>
                            <Value>80</Value>
                        </HeartRateBpm>
                    </Trackpoint>
                    <Trackpoint>
                        <Time>2026-08-27T06:03:26.000+01:00</Time>
                        <HeartRateBpm>
                            <Value>82</Value>
                        </HeartRateBpm>
                    </Trackpoint>
                    <Trackpoint>
                        <Time>2026-08-27T06:03:28.000+01:00</Time>
                        <HeartRateBpm>
                            <Value>80</Value>
                        </HeartRateBpm>
                    </Trackpoint>
                    <Trackpoint>
                        <Time>2026-08-27T06:03:31.000+01:00</Time>
                        <HeartRateBpm>
                            <Value>80</Value>
                        </HeartRateBpm>
                    </Trackpoint>
                    <Trackpoint>
                        <Time>2026-08-27T06:03:34.000+01:00</Time>
                        <HeartRateBpm>
                            <Value>79</Value>
                        </HeartRateBpm>
                    </Trackpoint>
                    <Trackpoint>
                        <Time>2026-08-27T06:03:36.000+01:00</Time>
                        <HeartRateBpm>
                            <Value>77</Value>
                        </HeartRateBpm>
                    </Trackpoint>
                    <Trackpoint>
                        <Time>2026-08-27T06:03:38.000+01:00</Time>
                        <HeartRateBpm>
                            <Value>76</Value>
                        </HeartRateBpm>
                    </Trackpoint>
                    <Trackpoint>
                        <Time>2026-08-27T06:03:40.000+01:00</Time>
                        <HeartRateBpm>
                            <Value>75</Value>
                        </HeartRateBpm>
                    </Trackpoint>
                    <Trackpoint>
                        <Time>2026-08-27T06:03:42.000+01:00</Time>
                        <HeartRateBpm>
                            <Value>76</Value>
                        </HeartRateBpm>
                    </Trackpoint>
                    <Trackpoint>
                        <Time>2026-08-27T06:03:45.000+01:00</Time>
                        <HeartRateBpm>
                            <Value>76</Value>
                        </HeartRateBpm>
                    </Trackpoint>
                    <Trackpoint>
                        <Time>2026-08-27T06:03:46.000+01:00</Time>
                        <HeartRateBpm>
                            <Value>75</Value>
                        </HeartRateBpm>
                    </Trackpoint>
                    <Trackpoint>
                        <Time>2026-08-27T06:03:49.000+01:00</Time>
                        <HeartRateBpm>
                            <Value>75</Value>
                        </HeartRateBpm>
                    </Trackpoint>
                    <Trackpoint>
                        <Time>2026-08-27T06:03:51.000+01:00</Time>
                        <HeartRateBpm>
                            <Value>76</Value>
                        </HeartRateBpm>
                    </Trackpoint>
                    <Trackpoint>
                        <Time>2026-08-27T06:03:54.000+01:00</Time>
                        <HeartRateBpm>
                            <Value>76</Value>
                        </HeartRateBpm>
                    </Trackpoint>
                    <Trackpoint>
                        <Time>2026-08-27T06:03:55.000+01:00</Time>
                        <HeartRateBpm>
                            <Value>77</Value>
                        </HeartRateBpm>
                    </Trackpoint>
                    <Trackpoint>
                        <Time>2026-08-27T06:03:58.000+01:00</Time>
                        <HeartRateBpm>
                            <Value>77</Value>
                        </HeartRateBpm>
                    </Trackpoint>
                    <Trackpoint>
                        <Time>2026-08-27T06:03:59.000+01:00</Time>
                        <HeartRateBpm>
                            <Value>77</Value>
                        </HeartRateBpm>
                    </Trackpoint>
                    <Trackpoint>
                        <Time>2026-08-27T06:04:02.000+01:00</Time>
                        <HeartRateBpm>
                            <Value>77</Value>
                        </HeartRateBpm>
                    </Trackpoint>
                    <Trackpoint>
                        <Time>2026-08-27T06:04:03.000+01:00</Time>
                        <HeartRateBpm>
                            <Value>78</Value>
                        </HeartRateBpm>
                    </Trackpoint>
                    <Trackpoint>
                        <Time>2026-08-27T06:04:06.000+01:00</Time>
                        <HeartRateBpm>
                            <Value>78</Value>
                        </HeartRateBpm>
                    </Trackpoint>
                    <Trackpoint>
                        <Time>2026-08-27T06:04:07.000+01:00</Time>
                        <HeartRateBpm>
                            <Value>79</Value>
                        </HeartRateBpm>
                    </Trackpoint>
                    <Trackpoint>
                        <Time>2026-08-27T06:04:10.000+01:00</Time>
                        <HeartRateBpm>
                            <Value>79</Value>
                        </HeartRateBpm>
                    </Trackpoint>
                    <Trackpoint>
                        <Time>2026-08-27T06:04:11.000+01:00</Time>
                        <HeartRateBpm>
                            <Value>80</Value>
                        </HeartRateBpm>
                    </Trackpoint>
                    <Trackpoint>
                        <Time>2026-08-27T06:04:14.000+01:00</Time>
                        <HeartRateBpm>
                            <Value>80</Value>
                        </HeartRateBpm>
                    </Trackpoint>
                    <Trackpoint>
                        <Time>2026-08-27T06:04:17.000+01:00</Time>
                        <HeartRateBpm>
                            <Value>80</Value>
                        </HeartRateBpm>
                    </Trackpoint>
                    <Trackpoint>
                        <Time>2026-08-27T06:04:20.000+01:00</Time>
                        <HeartRateBpm>
                            <Value>80</Value>
                        </HeartRateBpm>
                    </Trackpoint>
                    <Trackpoint>
                        <Time>2026-08-27T06:04:23.000+01:00</Time>
                        <HeartRateBpm>
                            <Value>80</Value>
                        </HeartRateBpm>
                    </Trackpoint>
                    <Trackpoint>
                        <Time>2026-08-27T06:04:24.000+01:00</Time>
                        <HeartRateBpm>
                            <Value>82</Value>
                        </HeartRateBpm>
                    </Trackpoint>
                    <Trackpoint>
                        <Time>2026-08-27T06:04:27.000+01:00</Time>
                        <HeartRateBpm>
                            <Value>82</Value>
                        </HeartRateBpm>
                    </Trackpoint>
                    <Trackpoint>
                        <Time>2026-08-27T06:04:30.000+01:00</Time>
                        <HeartRateBpm>
                            <Value>83</Value>
                        </HeartRateBpm>
                    </Trackpoint>
                    <Trackpoint>
                        <Time>2026-08-27T06:04:32.000+01:00</Time>
                        <HeartRateBpm>
                            <Value>82</Value>
                        </HeartRateBpm>
                    </Trackpoint>
                    <Trackpoint>
                        <Time>2026-08-27T06:04:35.000+01:00</Time>
                        <HeartRateBpm>
                            <Value>82</Value>
                        </HeartRateBpm>
                    </Trackpoint>
                    <Trackpoint>
                        <Time>2026-08-27T06:04:38.000+01:00</Time>
                        <HeartRateBpm>
                            <Value>83</Value>
                        </HeartRateBpm>
                    </Trackpoint>
                    <Trackpoint>
                        <Time>2026-08-27T06:04:41.000+01:00</Time>
                        <HeartRateBpm>
                            <Value>83</Value>
                        </HeartRateBpm>
                    </Trackpoint>
                    <Trackpoint>
                        <Time>2026-08-27T06:04:43.000+01:00</Time>
                        <HeartRateBpm>
                            <Value>82</Value>
                        </HeartRateBpm>
                    </Trackpoint>
                    <Trackpoint>
                        <Time>2026-08-27T06:04:45.000+01:00</Time>
                        <HeartRateBpm>
                            <Value>80</Value>
                        </HeartRateBpm>
                    </Trackpoint>
                    <Trackpoint>
                        <Time>2026-08-27T06:04:47.000+01:00</Time>
                        <HeartRateBpm>
                            <Value>82</Value>
                        </HeartRateBpm>
                    </Trackpoint>
                    <Trackpoint>
                        <Time>2026-08-27T06:04:49.000+01:00</Time>
                        <HeartRateBpm>
                            <Value>81</Value>
                        </HeartRateBpm>
                    </Trackpoint>
                    <Trackpoint>
                        <Time>2026-08-27T06:04:51.000+01:00</Time>
                        <HeartRateBpm>
                            <Value>82</Value>
                        </HeartRateBpm>
                    </Trackpoint>
                    <Trackpoint>
                        <Time>2026-08-27T06:04:53.000+01:00</Time>
                        <HeartRateBpm>
                            <Value>80</Value>
                        </HeartRateBpm>
                    </Trackpoint>
                    <Trackpoint>
                        <Time>2026-08-27T06:04:55.000+01:00</Time>
                        <HeartRateBpm>
                            <Value>79</Value>
                        </HeartRateBpm>
                    </Trackpoint>
                    <Trackpoint>
                        <Time>2026-08-27T06:04:57.000+01:00</Time>
                        <HeartRateBpm>
                            <Value>80</Value>
                        </HeartRateBpm>
                    </Trackpoint>
                    <Trackpoint>
                        <Time>2026-08-27T06:05:00.000+01:00</Time>
                        <HeartRateBpm>
                            <Value>80</Value>
                        </HeartRateBpm>
                    </Trackpoint>
                    <Trackpoint>
                        <Time>2026-08-27T06:05:01.000+01:00</Time>
                        <HeartRateBpm>
                            <Value>79</Value>
                        </HeartRateBpm>
                    </Trackpoint>
                    <Trackpoint>
                        <Time>2026-08-27T06:05:02.000+01:00</Time>
                        <HeartRateBpm>
                            <Value>78</Value>
                        </HeartRateBpm>
                    </Trackpoint>
                    <Trackpoint>
                        <Time>2026-08-27T06:05:04.000+01:00</Time>
                        <HeartRateBpm>
                            <Value>80</Value>
                        </HeartRateBpm>
                    </Trackpoint>
                    <Trackpoint>
                        <Time>2026-08-27T06:05:06.000+01:00</Time>
                        <HeartRateBpm>
                            <Value>82</Value>
                        </HeartRateBpm>
                    </Trackpoint>
                    <Trackpoint>
                        <Time>2026-08-27T06:05:08.000+01:00</Time>
                        <HeartRateBpm>
                            <Value>83</Value>
                        </HeartRateBpm>
                    </Trackpoint>
                    <Trackpoint>
                        <Time>2026-08-27T06:05:11.000+01:00</Time>
                        <HeartRateBpm>
                            <Value>83</Value>
                        </HeartRateBpm>
                    </Trackpoint>
                    <Trackpoint>
                        <Time>2026-08-27T06:05:12.000+01:00</Time>
                        <HeartRateBpm>
                            <Value>84</Value>
                        </HeartRateBpm>
                    </Trackpoint>
                    <Trackpoint>
                        <Time>2026-08-27T06:05:14.000+01:00</Time>
                        <HeartRateBpm>
                            <Value>83</Value>
                        </HeartRateBpm>
                    </Trackpoint>
                    <Trackpoint>
                        <Time>2026-08-27T06:05:17.000+01:00</Time>
                        <HeartRateBpm>
                            <Value>83</Value>
                        </HeartRateBpm>
                    </Trackpoint>
                    <Trackpoint>
                        <Time>2026-08-27T06:05:18.000+01:00</Time>
                        <HeartRateBpm>
                            <Value>81</Value>
                        </HeartRateBpm>
                    </Trackpoint>
                    <Trackpoint>
                        <Time>2026-08-27T06:05:21.000+01:00</Time>
                        <HeartRateBpm>
                            <Value>81</Value>
                        </HeartRateBpm>
                    </Trackpoint>
                    <Trackpoint>
                        <Time>2026-08-27T06:05:24.000+01:00</Time>
                        <HeartRateBpm>
                            <Value>82</Value>
                        </HeartRateBpm>
                    </Trackpoint>
                    <Trackpoint>
                        <Time>2026-08-27T06:05:27.000+01:00</Time>
                        <HeartRateBpm>
                            <Value>82</Value>
                        </HeartRateBpm>
                    </Trackpoint>
                    <Trackpoint>
                        <Time>2026-08-27T06:05:29.000+01:00</Time>
                        <HeartRateBpm>
                            <Value>81</Value>
                        </HeartRateBpm>
                    </Trackpoint>
                    <Trackpoint>
                        <Time>2026-08-27T06:05:31.000+01:00</Time>
                        <HeartRateBpm>
                            <Value>80</Value>
                        </HeartRateBpm>
                    </Trackpoint>
                    <Trackpoint>
                        <Time>2026-08-27T06:05:34.000+01:00</Time>
                        <HeartRateBpm>
                            <Value>80</Value>
                        </HeartRateBpm>
                    </Trackpoint>
                    <Trackpoint>
                        <Time>2026-08-27T06:05:35.000+01:00</Time>
                        <HeartRateBpm>
                            <Value>79</Value>
                        </HeartRateBpm>
                    </Trackpoint>
                    <Trackpoint>
                        <Time>2026-08-27T06:05:38.000+01:00</Time>
                        <HeartRateBpm>
                            <Value>79</Value>
                        </HeartRateBpm>
                    </Trackpoint>
                    <Trackpoint>
                        <Time>2026-08-27T06:05:41.000+01:00</Time>
                        <HeartRateBpm>
                            <Value>79</Value>
                        </HeartRateBpm>
                    </Trackpoint>
                    <Trackpoint>
                        <Time>2026-08-27T06:05:44.000+01:00</Time>
                        <HeartRateBpm>
                            <Value>79</Value>
                        </HeartRateBpm>
                    </Trackpoint>
                    <Trackpoint>
                        <Time>2026-08-27T06:05:47.000+01:00</Time>
                        <HeartRateBpm>
                            <Value>80</Value>
                        </HeartRateBpm>
                    </Trackpoint>
                    <Trackpoint>
                        <Time>2026-08-27T06:05:49.000+01:00</Time>
                        <HeartRateBpm>
                            <Value>81</Value>
                        </HeartRateBpm>
                    </Trackpoint>
                    <Trackpoint>
                        <Time>2026-08-27T06:05:50.000+01:00</Time>
                        <HeartRateBpm>
                            <Value>80</Value>
                        </HeartRateBpm>
                    </Trackpoint>
                    <Trackpoint>
                        <Time>2026-08-27T06:05:52.000+01:00</Time>
                        <HeartRateBpm>
                            <Value>81</Value>
                        </HeartRateBpm>
                    </Trackpoint>
                    <Trackpoint>
                        <Time>2026-08-27T06:05:54.000+01:00</Time>
                        <HeartRateBpm>
                            <Value>83</Value>
                        </HeartRateBpm>
                    </Trackpoint>
                    <Trackpoint>
                        <Time>2026-08-27T06:05:56.000+01:00</Time>
                        <HeartRateBpm>
                            <Value>81</Value>
                        </HeartRateBpm>
                    </Trackpoint>
                    <Trackpoint>
                        <Time>2026-08-27T06:05:58.000+01:00</Time>
                        <HeartRateBpm>
                            <Value>83</Value>
                        </HeartRateBpm>
                    </Trackpoint>
                    <Trackpoint>
                        <Time>2026-08-27T06:05:59.000+01:00</Time>
                        <HeartRateBpm>
                            <Value>83</Value>
                        </HeartRateBpm>
                    </Trackpoint>
                    <Trackpoint>
                        <Time>2026-08-27T06:06:00.000+01:00</Time>
                        <HeartRateBpm>
                            <Value>85</Value>
                        </HeartRateBpm>
                    </Trackpoint>
                    <Trackpoint>
                        <Time>2026-08-27T06:06:02.000+01:00</Time>
                        <HeartRateBpm>
                            <Value>88</Value>
                        </HeartRateBpm>
                    </Trackpoint>
                    <Trackpoint>
                        <Time>2026-08-27T06:06:04.000+01:00</Time>
                        <HeartRateBpm>
                            <Value>85</Value>
                        </HeartRateBpm>
                    </Trackpoint>
                    <Trackpoint>
                        <Time>2026-08-27T06:06:06.000+01:00</Time>
                        <HeartRateBpm>
                            <Value>87</Value>
                        </HeartRateBpm>
                    </Trackpoint>
                    <Trackpoint>
                        <Time>2026-08-27T06:06:09.000+01:00</Time>
                        <HeartRateBpm>
                            <Value>87</Value>
                        </HeartRateBpm>
                    </Trackpoint>
                    <Trackpoint>
                        <Time>2026-08-27T06:06:10.000+01:00</Time>
                        <HeartRateBpm>
                            <Value>89</Value>
                        </HeartRateBpm>
                    </Trackpoint>
                    <Trackpoint>
                        <Time>2026-08-27T06:06:13.000+01:00</Time>
                        <HeartRateBpm>
                            <Value>89</Value>
                        </HeartRateBpm>
                    </Trackpoint>
                    <Trackpoint>
                        <Time>2026-08-27T06:06:15.000+01:00</Time>
                        <HeartRateBpm>
                            <Value>92</Value>
                        </HeartRateBpm>
                    </Trackpoint>
                    <Trackpoint>
                        <Time>2026-08-27T06:06:17.000+01:00</Time>
                        <HeartRateBpm>
                            <Value>94</Value>
                        </HeartRateBpm>
                    </Trackpoint>
                    <Trackpoint>
                        <Time>2026-08-27T06:06:19.000+01:00</Time>
                        <HeartRateBpm>
                            <Value>95</Value>
                        </HeartRateBpm>
                    </Trackpoint>
                    <Trackpoint>
                        <Time>2026-08-27T06:06:21.000+01:00</Time>
                        <HeartRateBpm>
                            <Value>94</Value>
                        </HeartRateBpm>
                    </Trackpoint>
                    <Trackpoint>
                        <Time>2026-08-27T06:06:24.000+01:00</Time>
                        <HeartRateBpm>
                            <Value>94</Value>
                        </HeartRateBpm>
                    </Trackpoint>
                    <Trackpoint>
                        <Time>2026-08-27T06:06:25.000+01:00</Time>
                        <HeartRateBpm>
                            <Value>93</Value>
                        </HeartRateBpm>
                    </Trackpoint>
                    <Trackpoint>
                        <Time>2026-08-27T06:06:28.000+01:00</Time>
                        <HeartRateBpm>
                            <Value>93</Value>
                        </HeartRateBpm>
                    </Trackpoint>
                    <Trackpoint>
                        <Time>2026-08-27T06:06:31.000+01:00</Time>
                        <HeartRateBpm>
                            <Value>94</Value>
                        </HeartRateBpm>
                    </Trackpoint>
                    <Trackpoint>
                        <Time>2026-08-27T06:06:34.000+01:00</Time>
                        <HeartRateBpm>
                            <Value>94</Value>
                        </HeartRateBpm>
                    </Trackpoint>
                    <Trackpoint>
                        <Time>2026-08-27T06:06:37.000+01:00</Time>
                        <HeartRateBpm>
                            <Value>94</Value>
                        </HeartRateBpm>
                    </Trackpoint>
                    <Trackpoint>
                        <Time>2026-08-27T06:06:40.000+01:00</Time>
                        <HeartRateBpm>
                            <Value>93</Value>
                        </HeartRateBpm>
                    </Trackpoint>
                    <Trackpoint>
                        <Time>2026-08-27T06:06:43.000+01:00</Time>
                        <HeartRateBpm>
                            <Value>93</Value>
                        </HeartRateBpm>
                    </Trackpoint>
                    <Trackpoint>
                        <Time>2026-08-27T06:06:46.000+01:00</Time>
                        <HeartRateBpm>
                            <Value>93</Value>
                        </HeartRateBpm>
                    </Trackpoint>
                    <Trackpoint>
                        <Time>2026-08-27T06:06:49.000+01:00</Time>
                        <HeartRateBpm>
                            <Value>93</Value>
                        </HeartRateBpm>
                    </Trackpoint>
                    <Trackpoint>
                        <Time>2026-08-27T06:06:52.000+01:00</Time>
                        <HeartRateBpm>
                            <Value>93</Value>
                        </HeartRateBpm>
                    </Trackpoint>
                    <Trackpoint>
                        <Time>2026-08-27T06:06:54.000+01:00</Time>
                        <HeartRateBpm>
                            <Value>94</Value>
                        </HeartRateBpm>
                    </Trackpoint>
                    <Trackpoint>
                        <Time>2026-08-27T06:06:57.000+01:00</Time>
                        <HeartRateBpm>
                            <Value>94</Value>
                        </HeartRateBpm>
                    </Trackpoint>
                    <Trackpoint>
                        <Time>2026-08-27T06:06:58.000+01:00</Time>
                        <HeartRateBpm>
                            <Value>95</Value>
                        </HeartRateBpm>
                    </Trackpoint>
                    <Trackpoint>
                        <Time>2026-08-27T06:07:00.000+01:00</Time>
                        <HeartRateBpm>
                            <Value>96</Value>
                        </HeartRateBpm>
                    </Trackpoint>
                    <Trackpoint>
                        <Time>2026-08-27T06:07:01.000+01:00</Time>
                        <HeartRateBpm>
                            <Value>96</Value>
                        </HeartRateBpm>
                    </Trackpoint>
                    <Trackpoint>
                        <Time>2026-08-27T06:07:04.000+01:00</Time>
                        <HeartRateBpm>
                            <Value>96</Value>
                        </HeartRateBpm>
                    </Trackpoint>
                    <Trackpoint>
                        <Time>2026-08-27T06:07:07.000+01:00</Time>
                        <HeartRateBpm>
                            <Value>95</Value>
                        </HeartRateBpm>
                    </Trackpoint>
                    <Trackpoint>
                        <Time>2026-08-27T06:07:10.000+01:00</Time>
                        <HeartRateBpm>
                            <Value>95</Value>
                        </HeartRateBpm>
                    </Trackpoint>
                    <Trackpoint>
                        <Time>2026-08-27T06:07:13.000+01:00</Time>
                        <HeartRateBpm>
                            <Value>96</Value>
                        </HeartRateBpm>
                    </Trackpoint>
                    <Trackpoint>
                        <Time>2026-08-27T06:07:15.000+01:00</Time>
                        <HeartRateBpm>
                            <Value>95</Value>
                        </HeartRateBpm>
                    </Trackpoint>
                    <Trackpoint>
                        <Time>2026-08-27T06:07:18.000+01:00</Time>
                        <HeartRateBpm>
                            <Value>95</Value>
                        </HeartRateBpm>
                    </Trackpoint>
                    <Trackpoint>
                        <Time>2026-08-27T06:07:21.000+01:00</Time>
                        <HeartRateBpm>
                            <Value>96</Value>
                        </HeartRateBpm>
                    </Trackpoint>
                    <Trackpoint>
                        <Time>2026-08-27T06:07:24.000+01:00</Time>
                        <HeartRateBpm>
                            <Value>96</Value>
                        </HeartRateBpm>
                    </Trackpoint>
                    <Trackpoint>
                        <Time>2026-08-27T06:07:27.000+01:00</Time>
                        <HeartRateBpm>
                            <Value>97</Value>
                        </HeartRateBpm>
                    </Trackpoint>
                    <Trackpoint>
                        <Time>2026-08-27T06:07:30.000+01:00</Time>
                        <HeartRateBpm>
                            <Value>98</Value>
                        </HeartRateBpm>
                    </Trackpoint>
                    <Trackpoint>
                        <Time>2026-08-27T06:07:33.000+01:00</Time>
                        <HeartRateBpm>
                            <Value>98</Value>
                        </HeartRateBpm>
                    </Trackpoint>
                    <Trackpoint>
                        <Time>2026-08-27T06:07:36.000+01:00</Time>
                        <HeartRateBpm>
                            <Value>100</Value>
                        </HeartRateBpm>
                    </Trackpoint>
                    <Trackpoint>
                        <Time>2026-08-27T06:07:38.000+01:00</Time>
                        <HeartRateBpm>
                            <Value>98</Value>
                        </HeartRateBpm>
                    </Trackpoint>
                    <Trackpoint>
                        <Time>2026-08-27T06:07:41.000+01:00</Time>
                        <HeartRateBpm>
                            <Value>98</Value>
                        </HeartRateBpm>
                    </Trackpoint>
                    <Trackpoint>
                        <Time>2026-08-27T06:07:44.000+01:00</Time>
                        <HeartRateBpm>
                            <Value>99</Value>
                        </HeartRateBpm>
                    </Trackpoint>
                    <Trackpoint>
                        <Time>2026-08-27T06:07:46.000+01:00</Time>
                        <HeartRateBpm>
                            <Value>98</Value>
                        </HeartRateBpm>
                    </Trackpoint>
                    <Trackpoint>
                        <Time>2026-08-27T06:07:48.000+01:00</Time>
                        <HeartRateBpm>
                            <Value>99</Value>
                        </HeartRateBpm>
                    </Trackpoint>
                    <Trackpoint>
                        <Time>2026-08-27T06:07:51.000+01:00</Time>
                        <HeartRateBpm>
                            <Value>100</Value>
                        </HeartRateBpm>
                    </Trackpoint>
                    <Trackpoint>
                        <Time>2026-08-27T06:07:54.000+01:00</Time>
                        <HeartRateBpm>
                            <Value>100</Value>
                        </HeartRateBpm>
                    </Trackpoint>
                    <Trackpoint>
                        <Time>2026-08-27T06:07:55.000+01:00</Time>
                        <HeartRateBpm>
                            <Value>99</Value>
                        </HeartRateBpm>
                    </Trackpoint>
                    <Trackpoint>
                        <Time>2026-08-27T06:07:57.000+01:00</Time>
                        <HeartRateBpm>
                            <Value>98</Value>
                        </HeartRateBpm>
                    </Trackpoint>
                    <Trackpoint>
                        <Time>2026-08-27T06:07:59.000+01:00</Time>
                        <HeartRateBpm>
                            <Value>97</Value>
                        </HeartRateBpm>
                    </Trackpoint>
                    <Trackpoint>
                        <Time>2026-08-27T06:08:01.000+01:00</Time>
                        <HeartRateBpm>
                            <Value>96</Value>
                        </HeartRateBpm>
                    </Trackpoint>
                    <Trackpoint>
                        <Time>2026-08-27T06:08:03.000+01:00</Time>
                        <HeartRateBpm>
                            <Value>97</Value>
                        </HeartRateBpm>
                    </Trackpoint>
                    <Trackpoint>
                        <Time>2026-08-27T06:08:06.000+01:00</Time>
                        <HeartRateBpm>
                            <Value>97</Value>
                        </HeartRateBpm>
                    </Trackpoint>
                    <Trackpoint>
                        <Time>2026-08-27T06:08:07.000+01:00</Time>
                        <HeartRateBpm>
                            <Value>96</Value>
                        </HeartRateBpm>
                    </Trackpoint>
                    <Trackpoint>
                        <Time>2026-08-27T06:08:08.000+01:00</Time>
                        <HeartRateBpm>
                            <Value>96</Value>
                        </HeartRateBpm>
                    </Trackpoint>
                    <Trackpoint>
                        <Time>2026-08-27T06:08:09.000+01:00</Time>
                        <HeartRateBpm>
                            <Value>97</Value>
                        </HeartRateBpm>
                    </Trackpoint>
                    <Trackpoint>
                        <Time>2026-08-27T06:08:12.000+01:00</Time>
                        <HeartRateBpm>
                            <Value>97</Value>
                        </HeartRateBpm>
                    </Trackpoint>
                    <Trackpoint>
                        <Time>2026-08-27T06:08:15.000+01:00</Time>
                        <HeartRateBpm>
                            <Value>97</Value>
                        </HeartRateBpm>
                    </Trackpoint>
                    <Trackpoint>
                        <Time>2026-08-27T06:08:16.000+01:00</Time>
                        <HeartRateBpm>
                            <Value>96</Value>
                        </HeartRateBpm>
                    </Trackpoint>
                    <Trackpoint>
                        <Time>2026-08-27T06:08:19.000+01:00</Time>
                        <HeartRateBpm>
                            <Value>96</Value>
                        </HeartRateBpm>
                    </Trackpoint>
                    <Trackpoint>
                        <Time>2026-08-27T06:08:20.000+01:00</Time>
                        <HeartRateBpm>
                            <Value>97</Value>
                        </HeartRateBpm>
                    </Trackpoint>
                    <Trackpoint>
                        <Time>2026-08-27T06:08:22.000+01:00</Time>
                        <HeartRateBpm>
                            <Value>96</Value>
                        </HeartRateBpm>
                    </Trackpoint>
                    <Trackpoint>
                        <Time>2026-08-27T06:08:24.000+01:00</Time>
                        <HeartRateBpm>
                            <Value>97</Value>
                        </HeartRateBpm>
                    </Trackpoint>
                    <Trackpoint>
                        <Time>2026-08-27T06:08:27.000+01:00</Time>
                        <HeartRateBpm>
                            <Value>97</Value>
                        </HeartRateBpm>
                    </Trackpoint>
                    <Trackpoint>
                        <Time>2026-08-27T06:08:30.000+01:00</Time>
                        <HeartRateBpm>
                            <Value>97</Value>
                        </HeartRateBpm>
                    </Trackpoint>
                    <Trackpoint>
                        <Time>2026-08-27T06:08:33.000+01:00</Time>
                        <HeartRateBpm>
                            <Value>97</Value>
                        </HeartRateBpm>
                    </Trackpoint>
                    <Trackpoint>
                        <Time>2026-08-27T06:08:34.000+01:00</Time>
                        <HeartRateBpm>
                            <Value>98</Value>
                        </HeartRateBpm>
                    </Trackpoint>
                    <Trackpoint>
                        <Time>2026-08-27T06:08:37.000+01:00</Time>
                        <HeartRateBpm>
                            <Value>98</Value>
                        </HeartRateBpm>
                    </Trackpoint>
                    <Trackpoint>
                        <Time>2026-08-27T06:08:40.000+01:00</Time>
                        <HeartRateBpm>
                            <Value>98</Value>
                        </HeartRateBpm>
                    </Trackpoint>
                    <Trackpoint>
                        <Time>2026-08-27T06:08:43.000+01:00</Time>
                        <HeartRateBpm>
                            <Value>100</Value>
                        </HeartRateBpm>
                    </Trackpoint>
                    <Trackpoint>
                        <Time>2026-08-27T06:08:45.000+01:00</Time>
                        <HeartRateBpm>
                            <Value>99</Value>
                        </HeartRateBpm>
                    </Trackpoint>
                    <Trackpoint>
                        <Time>2026-08-27T06:08:48.000+01:00</Time>
                        <HeartRateBpm>
                            <Value>99</Value>
                        </HeartRateBpm>
                    </Trackpoint>
                    <Trackpoint>
                        <Time>2026-08-27T06:08:49.000+01:00</Time>
                        <HeartRateBpm>
                            <Value>98</Value>
                        </HeartRateBpm>
                    </Trackpoint>
                    <Trackpoint>
                        <Time>2026-08-27T06:08:51.000+01:00</Time>
                        <HeartRateBpm>
                            <Value>99</Value>
                        </HeartRateBpm>
                    </Trackpoint>
                    <Trackpoint>
                        <Time>2026-08-27T06:08:54.000+01:00</Time>
                        <HeartRateBpm>
                            <Value>99</Value>
                        </HeartRateBpm>
                    </Trackpoint>
                    <Trackpoint>
                        <Time>2026-08-27T06:08:55.000+01:00</Time>
                        <HeartRateBpm>
                            <Value>100</Value>
                        </HeartRateBpm>
                    </Trackpoint>
                    <Trackpoint>
                        <Time>2026-08-27T06:08:57.000+01:00</Time>
                        <HeartRateBpm>
                            <Value>99</Value>
                        </HeartRateBpm>
                    </Trackpoint>
                    <Trackpoint>
                        <Time>2026-08-27T06:09:00.000+01:00</Time>
                        <HeartRateBpm>
                            <Value>101</Value>
                        </HeartRateBpm>
                    </Trackpoint>
                    <Trackpoint>
                        <Time>2026-08-27T06:09:03.000+01:00</Time>
                        <HeartRateBpm>
                            <Value>101</Value>
                        </HeartRateBpm>
                    </Trackpoint>
                    <Trackpoint>
                        <Time>2026-08-27T06:09:04.000+01:00</Time>
                        <HeartRateBpm>
                            <Value>101</Value>
                        </HeartRateBpm>
                    </Trackpoint>
                    <Trackpoint>
                        <Time>2026-08-27T06:09:06.000+01:00</Time>
                        <HeartRateBpm>
                            <Value>99</Value>
                        </HeartRateBpm>
                    </Trackpoint>
                    <Trackpoint>
                        <Time>2026-08-27T06:09:07.000+01:00</Time>
                        <HeartRateBpm>
                            <Value>99</Value>
                        </HeartRateBpm>
                    </Trackpoint>
                    <Trackpoint>
                        <Time>2026-08-27T06:09:08.000+01:00</Time>
                        <HeartRateBpm>
                            <Value>99</Value>
                        </HeartRateBpm>
                    </Trackpoint>
                    <Trackpoint>
                        <Time>2026-08-27T06:09:10.000+01:00</Time>
                        <HeartRateBpm>
                            <Value>98</Value>
                        </HeartRateBpm>
                    </Trackpoint>
                    <Trackpoint>
                        <Time>2026-08-27T06:09:12.000+01:00</Time>
                        <HeartRateBpm>
                            <Value>99</Value>
                        </HeartRateBpm>
                    </Trackpoint>
                    <Trackpoint>
                        <Time>2026-08-27T06:09:14.000+01:00</Time>
                        <HeartRateBpm>
                            <Value>98</Value>
                        </HeartRateBpm>
                    </Trackpoint>
                    <Trackpoint>
                        <Time>2026-08-27T06:09:17.000+01:00</Time>
                        <HeartRateBpm>
                            <Value>98</Value>
                        </HeartRateBpm>
                    </Trackpoint>
                    <Trackpoint>
                        <Time>2026-08-27T06:09:18.000+01:00</Time>
                        <HeartRateBpm>
                            <Value>99</Value>
                        </HeartRateBpm>
                    </Trackpoint>
                    <Trackpoint>
                        <Time>2026-08-27T06:09:21.000+01:00</Time>
                        <HeartRateBpm>
                            <Value>99</Value>
                        </HeartRateBpm>
                    </Trackpoint>
                    <Trackpoint>
                        <Time>2026-08-27T06:09:22.000+01:00</Time>
                        <HeartRateBpm>
                            <Value>98</Value>
                        </HeartRateBpm>
                    </Trackpoint>
                    <Trackpoint>
                        <Time>2026-08-27T06:09:24.000+01:00</Time>
                        <HeartRateBpm>
                            <Value>99</Value>
                        </HeartRateBpm>
                    </Trackpoint>
                    <Trackpoint>
                        <Time>2026-08-27T06:09:26.000+01:00</Time>
                        <HeartRateBpm>
                            <Value>98</Value>
                        </HeartRateBpm>
                    </Trackpoint>
                    <Trackpoint>
                        <Time>2026-08-27T06:09:28.000+01:00</Time>
                        <HeartRateBpm>
                            <Value>100</Value>
                        </HeartRateBpm>
                    </Trackpoint>
                    <Trackpoint>
                        <Time>2026-08-27T06:09:29.000+01:00</Time>
                        <HeartRateBpm>
                            <Value>99</Value>
                        </HeartRateBpm>
                    </Trackpoint>
                    <Trackpoint>
                        <Time>2026-08-27T06:09:31.000+01:00</Time>
                        <HeartRateBpm>
                            <Value>101</Value>
                        </HeartRateBpm>
                    </Trackpoint>
                    <Trackpoint>
                        <Time>2026-08-27T06:09:33.000+01:00</Time>
                        <HeartRateBpm>
                            <Value>100</Value>
                        </HeartRateBpm>
                    </Trackpoint>
                    <Trackpoint>
                        <Time>2026-08-27T06:09:35.000+01:00</Time>
                        <HeartRateBpm>
                            <Value>105</Value>
                        </HeartRateBpm>
                    </Trackpoint>
                    <Trackpoint>
                        <Time>2026-08-27T06:09:37.000+01:00</Time>
                        <HeartRateBpm>
                            <Value>102</Value>
                        </HeartRateBpm>
                    </Trackpoint>
                    <Trackpoint>
                        <Time>2026-08-27T06:09:39.000+01:00</Time>
                        <HeartRateBpm>
                            <Value>104</Value>
                        </HeartRateBpm>
                    </Trackpoint>
                    <Trackpoint>
                        <Time>2026-08-27T06:09:41.000+01:00</Time>
                        <HeartRateBpm>
                            <Value>102</Value>
                        </HeartRateBpm>
                    </Trackpoint>
                    <Trackpoint>
                        <Time>2026-08-27T06:09:43.000+01:00</Time>
                        <HeartRateBpm>
                            <Value>106</Value>
                        </HeartRateBpm>
                    </Trackpoint>
                    <Trackpoint>
                        <Time>2026-08-27T06:09:45.000+01:00</Time>
                        <HeartRateBpm>
                            <Value>107</Value>
                        </HeartRateBpm>
                    </Trackpoint>
                    <Trackpoint>
                        <Time>2026-08-27T06:09:47.000+01:00</Time>
                        <HeartRateBpm>
                            <Value>108</Value>
                        </HeartRateBpm>
                    </Trackpoint>
                    <Trackpoint>
                        <Time>2026-08-27T06:09:49.000+01:00</Time>
                        <HeartRateBpm>
                            <Value>105</Value>
                        </HeartRateBpm>
                    </Trackpoint>
                    <Trackpoint>
                        <Time>2026-08-27T06:09:51.000+01:00</Time>
                        <HeartRateBpm>
                            <Value>108</Value>
                        </HeartRateBpm>
                    </Trackpoint>
                    <Trackpoint>
                        <Time>2026-08-27T06:09:52.000+01:00</Time>
                        <HeartRateBpm>
                            <Value>105</Value>
                        </HeartRateBpm>
                    </Trackpoint>
                    <Trackpoint>
                        <Time>2026-08-27T06:09:54.000+01:00</Time>
                        <HeartRateBpm>
                            <Value>108</Value>
                        </HeartRateBpm>
                    </Trackpoint>
                    <Trackpoint>
                        <Time>2026-08-27T06:09:56.000+01:00</Time>
                        <HeartRateBpm>
                            <Value>105</Value>
                        </HeartRateBpm>
                    </Trackpoint>
                    <Trackpoint>
                        <Time>2026-08-27T06:09:57.000+01:00</Time>
                        <HeartRateBpm>
                            <Value>105</Value>
                        </HeartRateBpm>
                    </Trackpoint>
                    <Trackpoint>
                        <Time>2026-08-27T06:09:58.000+01:00</Time>
                        <HeartRateBpm>
                            <Value>107</Value>
                        </HeartRateBpm>
                    </Trackpoint>
                    <Trackpoint>
                        <Time>2026-08-27T06:10:00.000+01:00</Time>
                        <HeartRateBpm>
                            <Value>106</Value>
                        </HeartRateBpm>
                    </Trackpoint>
                    <Trackpoint>
                        <Time>2026-08-27T06:10:02.000+01:00</Time>
                        <HeartRateBpm>
                            <Value>108</Value>
                        </HeartRateBpm>
                    </Trackpoint>
                    <Trackpoint>
                        <Time>2026-08-27T06:10:04.000+01:00</Time>
                        <HeartRateBpm>
                            <Value>106</Value>
                        </HeartRateBpm>
                    </Trackpoint>
                    <Trackpoint>
                        <Time>2026-08-27T06:10:06.000+01:00</Time>
                        <HeartRateBpm>
                            <Value>107</Value>
                        </HeartRateBpm>
                    </Trackpoint>
                    <Trackpoint>
                        <Time>2026-08-27T06:10:08.000+01:00</Time>
                        <HeartRateBpm>
                            <Value>104</Value>
                        </HeartRateBpm>
                    </Trackpoint>
                    <Trackpoint>
                        <Time>2026-08-27T06:10:10.000+01:00</Time>
                        <HeartRateBpm>
                            <Value>106</Value>
                        </HeartRateBpm>
                    </Trackpoint>
                    <Trackpoint>
                        <Time>2026-08-27T06:10:12.000+01:00</Time>
                        <HeartRateBpm>
                            <Value>103</Value>
                        </HeartRateBpm>
                    </Trackpoint>
                    <Trackpoint>
                        <Time>2026-08-27T06:10:14.000+01:00</Time>
                        <HeartRateBpm>
                            <Value>104</Value>
                        </HeartRateBpm>
                    </Trackpoint>
                    <Trackpoint>
                        <Time>2026-08-27T06:10:15.000+01:00</Time>
                        <HeartRateBpm>
                            <Value>102</Value>
                        </HeartRateBpm>
                    </Trackpoint>
                    <Trackpoint>
                        <Time>2026-08-27T06:10:17.000+01:00</Time>
                        <HeartRateBpm>
                            <Value>101</Value>
                        </HeartRateBpm>
                    </Trackpoint>
                    <Trackpoint>
                        <Time>2026-08-27T06:10:20.000+01:00</Time>
                        <HeartRateBpm>
                            <Value>101</Value>
                        </HeartRateBpm>
                    </Trackpoint>
                    <Trackpoint>
                        <Time>2026-08-27T06:10:21.000+01:00</Time>
                        <HeartRateBpm>
                            <Value>102</Value>
                        </HeartRateBpm>
                    </Trackpoint>
                    <Trackpoint>
                        <Time>2026-08-27T06:10:23.000+01:00</Time>
                        <HeartRateBpm>
                            <Value>101</Value>
                        </HeartRateBpm>
                    </Trackpoint>
                    <Trackpoint>
                        <Time>2026-08-27T06:10:25.000+01:00</Time>
                        <HeartRateBpm>
                            <Value>102</Value>
                        </HeartRateBpm>
                    </Trackpoint>
                    <Trackpoint>
                        <Time>2026-08-27T06:10:28.000+01:00</Time>
                        <HeartRateBpm>
                            <Value>102</Value>
                        </HeartRateBpm>
                    </Trackpoint>
                    <Trackpoint>
                        <Time>2026-08-27T06:10:29.000+01:00</Time>
                        <HeartRateBpm>
                            <Value>103</Value>
                        </HeartRateBpm>
                    </Trackpoint>
                    <Trackpoint>
                        <Time>2026-08-27T06:10:31.000+01:00</Time>
                        <HeartRateBpm>
                            <Value>102</Value>
                        </HeartRateBpm>
                    </Trackpoint>
                    <Trackpoint>
                        <Time>2026-08-27T06:10:33.000+01:00</Time>
                        <HeartRateBpm>
                            <Value>104</Value>
                        </HeartRateBpm>
                    </Trackpoint>
                    <Trackpoint>
                        <Time>2026-08-27T06:10:35.000+01:00</Time>
                        <HeartRateBpm>
                            <Value>102</Value>
                        </HeartRateBpm>
                    </Trackpoint>
                    <Trackpoint>
                        <Time>2026-08-27T06:10:37.000+01:00</Time>
                        <HeartRateBpm>
                            <Value>103</Value>
                        </HeartRateBpm>
                    </Trackpoint>
                    <Trackpoint>
                        <Time>2026-08-27T06:10:38.000+01:00</Time>
                        <HeartRateBpm>
                            <Value>102</Value>
                        </HeartRateBpm>
                    </Trackpoint>
                    <Trackpoint>
                        <Time>2026-08-27T06:10:40.000+01:00</Time>
                        <HeartRateBpm>
                            <Value>103</Value>
                        </HeartRateBpm>
                    </Trackpoint>
                    <Trackpoint>
                        <Time>2026-08-27T06:10:42.000+01:00</Time>
                        <HeartRateBpm>
                            <Value>102</Value>
                        </HeartRateBpm>
                    </Trackpoint>
                    <Trackpoint>
                        <Time>2026-08-27T06:10:45.000+01:00</Time>
                        <HeartRateBpm>
                            <Value>102</Value>
                        </HeartRateBpm>
                    </Trackpoint>
                    <Trackpoint>
                        <Time>2026-08-27T06:10:48.000+01:00</Time>
                        <HeartRateBpm>
                            <Value>103</Value>
                        </HeartRateBpm>
                    </Trackpoint>
                    <Trackpoint>
                        <Time>2026-08-27T06:10:49.000+01:00</Time>
                        <HeartRateBpm>
                            <Value>103</Value>
                        </HeartRateBpm>
                    </Trackpoint>
                    <Trackpoint>
                        <Time>2026-08-27T06:10:50.000+01:00</Time>
                        <HeartRateBpm>
                            <Value>102</Value>
                        </HeartRateBpm>
                    </Trackpoint>
                    <Trackpoint>
                        <Time>2026-08-27T06:10:52.000+01:00</Time>
                        <HeartRateBpm>
                            <Value>104</Value>
                        </HeartRateBpm>
                    </Trackpoint>
                    <Trackpoint>
                        <Time>2026-08-27T06:10:54.000+01:00</Time>
                        <HeartRateBpm>
                            <Value>102</Value>
                        </HeartRateBpm>
                    </Trackpoint>
                    <Trackpoint>
                        <Time>2026-08-27T06:10:56.000+01:00</Time>
                        <HeartRateBpm>
                            <Value>104</Value>
                        </HeartRateBpm>
                    </Trackpoint>
                    <Trackpoint>
                        <Time>2026-08-27T06:10:58.000+01:00</Time>
                        <HeartRateBpm>
                            <Value>103</Value>
                        </HeartRateBpm>
                    </Trackpoint>
                    <Trackpoint>
                        <Time>2026-08-27T06:11:00.000+01:00</Time>
                        <HeartRateBpm>
                            <Value>105</Value>
                        </HeartRateBpm>
                    </Trackpoint>
                    <Trackpoint>
                        <Time>2026-08-27T06:11:01.000+01:00</Time>
                        <HeartRateBpm>
                            <Value>104</Value>
                        </HeartRateBpm>
                    </Trackpoint>
                    <Trackpoint>
                        <Time>2026-08-27T06:11:03.000+01:00</Time>
                        <HeartRateBpm>
                            <Value>108</Value>
                        </HeartRateBpm>
                    </Trackpoint>
                    <Trackpoint>
                        <Time>2026-08-27T06:11:05.000+01:00</Time>
                        <HeartRateBpm>
                            <Value>108</Value>
                        </HeartRateBpm>
                    </Trackpoint>
                    <Trackpoint>
                        <Time>2026-08-27T06:11:07.000+01:00</Time>
                        <HeartRateBpm>
                            <Value>110</Value>
                        </HeartRateBpm>
                    </Trackpoint>
                    <Trackpoint>
                        <Time>2026-08-27T06:11:09.000+01:00</Time>
                        <HeartRateBpm>
                            <Value>105</Value>
                        </HeartRateBpm>
                    </Trackpoint>
                    <Trackpoint>
                        <Time>2026-08-27T06:11:11.000+01:00</Time>
                        <HeartRateBpm>
                            <Value>106</Value>
                        </HeartRateBpm>
                    </Trackpoint>
                    <Trackpoint>
                        <Time>2026-08-27T06:11:13.000+01:00</Time>
                        <HeartRateBpm>
                            <Value>104</Value>
                        </HeartRateBpm>
                    </Trackpoint>
                    <Trackpoint>
                        <Time>2026-08-27T06:11:15.000+01:00</Time>
                        <HeartRateBpm>
                            <Value>106</Value>
                        </HeartRateBpm>
                    </Trackpoint>
                    <Trackpoint>
                        <Time>2026-08-27T06:11:18.000+01:00</Time>
                        <HeartRateBpm>
                            <Value>106</Value>
                        </HeartRateBpm>
                    </Trackpoint>
                    <Trackpoint>
                        <Time>2026-08-27T06:11:19.000+01:00</Time>
                        <HeartRateBpm>
                            <Value>102</Value>
                        </HeartRateBpm>
                    </Trackpoint>
                    <Trackpoint>
                        <Time>2026-08-27T06:11:21.000+01:00</Time>
                        <HeartRateBpm>
                            <Value>99</Value>
                        </HeartRateBpm>
                    </Trackpoint>
                    <Trackpoint>
                        <Time>2026-08-27T06:11:23.000+01:00</Time>
                        <HeartRateBpm>
                            <Value>100</Value>
                        </HeartRateBpm>
                    </Trackpoint>
                    <Trackpoint>
                        <Time>2026-08-27T06:11:24.000+01:00</Time>
                        <HeartRateBpm>
                            <Value>99</Value>
                        </HeartRateBpm>
                    </Trackpoint>
                    <Trackpoint>
                        <Time>2026-08-27T06:11:26.000+01:00</Time>
                        <HeartRateBpm>
                            <Value>100</Value>
                        </HeartRateBpm>
                    </Trackpoint>
                    <Trackpoint>
                        <Time>2026-08-27T06:11:28.000+01:00</Time>
                        <HeartRateBpm>
                            <Value>99</Value>
                        </HeartRateBpm>
                    </Trackpoint>
                    <Trackpoint>
                        <Time>2026-08-27T06:11:31.000+01:00</Time>
                        <HeartRateBpm>
                            <Value>99</Value>
                        </HeartRateBpm>
                    </Trackpoint>
                    <Trackpoint>
                        <Time>2026-08-27T06:11:34.000+01:00</Time>
                        <HeartRateBpm>
                            <Value>102</Value>
                        </HeartRateBpm>
                    </Trackpoint>
                    <Trackpoint>
                        <Time>2026-08-27T06:11:36.000+01:00</Time>
                        <HeartRateBpm>
                            <Value>101</Value>
                        </HeartRateBpm>
                    </Trackpoint>
                    <Trackpoint>
                        <Time>2026-08-27T06:11:38.000+01:00</Time>
                        <HeartRateBpm>
                            <Value>100</Value>
                        </HeartRateBpm>
                    </Trackpoint>
                    <Trackpoint>
                        <Time>2026-08-27T06:11:40.000+01:00</Time>
                        <HeartRateBpm>
                            <Value>103</Value>
                        </HeartRateBpm>
                    </Trackpoint>
                    <Trackpoint>
                        <Time>2026-08-27T06:11:41.000+01:00</Time>
                        <HeartRateBpm>
                            <Value>103</Value>
                        </HeartRateBpm>
                    </Trackpoint>
                    <Trackpoint>
                        <Time>2026-08-27T06:11:42.000+01:00</Time>
                        <HeartRateBpm>
                            <Value>102</Value>
                        </HeartRateBpm>
                    </Trackpoint>
                    <Trackpoint>
                        <Time>2026-08-27T06:11:44.000+01:00</Time>
                        <HeartRateBpm>
                            <Value>103</Value>
                        </HeartRateBpm>
                    </Trackpoint>
                    <Trackpoint>
                        <Time>2026-08-27T06:11:46.000+01:00</Time>
                        <HeartRateBpm>
                            <Value>102</Value>
                        </HeartRateBpm>
                    </Trackpoint>
                    <Trackpoint>
                        <Time>2026-08-27T06:11:48.000+01:00</Time>
                        <HeartRateBpm>
                            <Value>105</Value>
                        </HeartRateBpm>
                    </Trackpoint>
                    <Trackpoint>
                        <Time>2026-08-27T06:11:49.000+01:00</Time>
                        <HeartRateBpm>
                            <Value>102</Value>
                        </HeartRateBpm>
                    </Trackpoint>
                    <Trackpoint>
                        <Time>2026-08-27T06:11:52.000+01:00</Time>
                        <HeartRateBpm>
                            <Value>102</Value>
                        </HeartRateBpm>
                    </Trackpoint>
                    <Trackpoint>
                        <Time>2026-08-27T06:11:53.000+01:00</Time>
                        <HeartRateBpm>
                            <Value>101</Value>
                        </HeartRateBpm>
                    </Trackpoint>
                    <Trackpoint>
                        <Time>2026-08-27T06:11:56.000+01:00</Time>
                        <HeartRateBpm>
                            <Value>101</Value>
                        </HeartRateBpm>
                    </Trackpoint>
                    <Trackpoint>
                        <Time>2026-08-27T06:11:57.000+01:00</Time>
                        <HeartRateBpm>
                            <Value>105</Value>
                        </HeartRateBpm>
                    </Trackpoint>
                    <Trackpoint>
                        <Time>2026-08-27T06:11:59.000+01:00</Time>
                        <HeartRateBpm>
                            <Value>102</Value>
                        </HeartRateBpm>
                    </Trackpoint>
                    <Trackpoint>
                        <Time>2026-08-27T06:12:02.000+01:00</Time>
                        <HeartRateBpm>
                            <Value>102</Value>
                        </HeartRateBpm>
                    </Trackpoint>
                    <Trackpoint>
                        <Time>2026-08-27T06:12:03.000+01:00</Time>
                        <HeartRateBpm>
                            <Value>103</Value>
                        </HeartRateBpm>
                    </Trackpoint>
                    <Trackpoint>
                        <Time>2026-08-27T06:12:05.000+01:00</Time>
                        <HeartRateBpm>
                            <Value>106</Value>
                        </HeartRateBpm>
                    </Trackpoint>
                    <Trackpoint>
                        <Time>2026-08-27T06:12:07.000+01:00</Time>
                        <HeartRateBpm>
                            <Value>105</Value>
                        </HeartRateBpm>
                    </Trackpoint>
                    <Trackpoint>
                        <Time>2026-08-27T06:12:10.000+01:00</Time>
                        <HeartRateBpm>
                            <Value>105</Value>
                        </HeartRateBpm>
                    </Trackpoint>
                    <Trackpoint>
                        <Time>2026-08-27T06:12:11.000+01:00</Time>
                        <HeartRateBpm>
                            <Value>104</Value>
                        </HeartRateBpm>
                    </Trackpoint>
                    <Trackpoint>
                        <Time>2026-08-27T06:12:13.000+01:00</Time>
                        <HeartRateBpm>
                            <Value>107</Value>
                        </HeartRateBpm>
                    </Trackpoint>
                    <Trackpoint>
                        <Time>2026-08-27T06:12:14.000+01:00</Time>
                        <HeartRateBpm>
                            <Value>105</Value>
                        </HeartRateBpm>
                    </Trackpoint>
                    <Trackpoint>
                        <Time>2026-08-27T06:12:16.000+01:00</Time>
                        <HeartRateBpm>
                            <Value>107</Value>
                        </HeartRateBpm>
                    </Trackpoint>
                    <Trackpoint>
                        <Time>2026-08-27T06:12:18.000+01:00</Time>
                        <HeartRateBpm>
                            <Value>104</Value>
                        </HeartRateBpm>
                    </Trackpoint>
                    <Trackpoint>
                        <Time>2026-08-27T06:12:20.000+01:00</Time>
                        <HeartRateBpm>
                            <Value>105</Value>
                        </HeartRateBpm>
                    </Trackpoint>
                    <Trackpoint>
                        <Time>2026-08-27T06:12:22.000+01:00</Time>
                        <HeartRateBpm>
                            <Value>104</Value>
                        </HeartRateBpm>
                    </Trackpoint>
                    <Trackpoint>
                        <Time>2026-08-27T06:12:25.000+01:00</Time>
                        <HeartRateBpm>
                            <Value>104</Value>
                        </HeartRateBpm>
                    </Trackpoint>
                    <Trackpoint>
                        <Time>2026-08-27T06:12:26.000+01:00</Time>
                        <HeartRateBpm>
                            <Value>105</Value>
                        </HeartRateBpm>
                    </Trackpoint>
                    <Trackpoint>
                        <Time>2026-08-27T06:12:28.000+01:00</Time>
                        <HeartRateBpm>
                            <Value>108</Value>
                        </HeartRateBpm>
                    </Trackpoint>
                    <Trackpoint>
                        <Time>2026-08-27T06:12:30.000+01:00</Time>
                        <HeartRateBpm>
                            <Value>105</Value>
                        </HeartRateBpm>
                    </Trackpoint>
                    <Trackpoint>
                        <Time>2026-08-27T06:12:31.000+01:00</Time>
                        <HeartRateBpm>
                            <Value>105</Value>
                        </HeartRateBpm>
                    </Trackpoint>
                    <Trackpoint>
                        <Time>2026-08-27T06:12:32.000+01:00</Time>
                        <HeartRateBpm>
                            <Value>102</Value>
                        </HeartRateBpm>
                    </Trackpoint>
                    <Trackpoint>
                        <Time>2026-08-27T06:12:34.000+01:00</Time>
                        <HeartRateBpm>
                            <Value>103</Value>
                        </HeartRateBpm>
                    </Trackpoint>
                    <Trackpoint>
                        <Time>2026-08-27T06:12:36.000+01:00</Time>
                        <HeartRateBpm>
                            <Value>107</Value>
                        </HeartRateBpm>
                    </Trackpoint>
                    <Trackpoint>
                        <Time>2026-08-27T06:12:37.000+01:00</Time>
                        <HeartRateBpm>
                            <Value>102</Value>
                        </HeartRateBpm>
                    </Trackpoint>
                    <Trackpoint>
                        <Time>2026-08-27T06:12:39.000+01:00</Time>
                        <HeartRateBpm>
                            <Value>105</Value>
                        </HeartRateBpm>
                    </Trackpoint>
                    <Trackpoint>
                        <Time>2026-08-27T06:12:41.000+01:00</Time>
                        <HeartRateBpm>
                            <Value>104</Value>
                        </HeartRateBpm>
                    </Trackpoint>
                    <Trackpoint>
                        <Time>2026-08-27T06:12:43.000+01:00</Time>
                        <HeartRateBpm>
                            <Value>108</Value>
                        </HeartRateBpm>
                    </Trackpoint>
                    <Trackpoint>
                        <Time>2026-08-27T06:12:45.000+01:00</Time>
                        <HeartRateBpm>
                            <Value>104</Value>
                        </HeartRateBpm>
                    </Trackpoint>
                    <Trackpoint>
                        <Time>2026-08-27T06:12:47.000+01:00</Time>
                        <HeartRateBpm>
                            <Value>105</Value>
                        </HeartRateBpm>
                    </Trackpoint>
                    <Trackpoint>
                        <Time>2026-08-27T06:12:49.000+01:00</Time>
                        <HeartRateBpm>
                            <Value>104</Value>
                        </HeartRateBpm>
                    </Trackpoint>
                    <Trackpoint>
                        <Time>2026-08-27T06:12:52.000+01:00</Time>
                        <HeartRateBpm>
                            <Value>104</Value>
                        </HeartRateBpm>
                    </Trackpoint>
                    <Trackpoint>
                        <Time>2026-08-27T06:12:53.000+01:00</Time>
                        <HeartRateBpm>
                            <Value>102</Value>
                        </HeartRateBpm>
                    </Trackpoint>
                    <Trackpoint>
                        <Time>2026-08-27T06:12:55.000+01:00</Time>
                        <HeartRateBpm>
                            <Value>105</Value>
                        </HeartRateBpm>
                    </Trackpoint>
                    <Trackpoint>
                        <Time>2026-08-27T06:12:57.000+01:00</Time>
                        <HeartRateBpm>
                            <Value>104</Value>
                        </HeartRateBpm>
                    </Trackpoint>
                    <Trackpoint>
                        <Time>2026-08-27T06:12:59.000+01:00</Time>
                        <HeartRateBpm>
                            <Value>110</Value>
                        </HeartRateBpm>
                    </Trackpoint>
                    <Trackpoint>
                        <Time>2026-08-27T06:13:01.000+01:00</Time>
                        <HeartRateBpm>
                            <Value>108</Value>
                        </HeartRateBpm>
                    </Trackpoint>
                    <Trackpoint>
                        <Time>2026-08-27T06:13:02.000+01:00</Time>
                        <HeartRateBpm>
                            <Value>109</Value>
                        </HeartRateBpm>
                    </Trackpoint>
                    <Trackpoint>
                        <Time>2026-08-27T06:13:04.000+01:00</Time>
                        <HeartRateBpm>
                            <Value>107</Value>
                        </HeartRateBpm>
                    </Trackpoint>
                    <Trackpoint>
                        <Time>2026-08-27T06:13:06.000+01:00</Time>
                        <HeartRateBpm>
                            <Value>111</Value>
                        </HeartRateBpm>
                    </Trackpoint>
                    <Trackpoint>
                        <Time>2026-08-27T06:13:08.000+01:00</Time>
                        <HeartRateBpm>
                            <Value>109</Value>
                        </HeartRateBpm>
                    </Trackpoint>
                    <Trackpoint>
                        <Time>2026-08-27T06:13:10.000+01:00</Time>
                        <HeartRateBpm>
                            <Value>110</Value>
                        </HeartRateBpm>
                    </Trackpoint>
                    <Trackpoint>
                        <Time>2026-08-27T06:13:12.000+01:00</Time>
                        <HeartRateBpm>
                            <Value>111</Value>
                        </HeartRateBpm>
                    </Trackpoint>
                    <Trackpoint>
                        <Time>2026-08-27T06:13:15.000+01:00</Time>
                        <HeartRateBpm>
                            <Value>111</Value>
                        </HeartRateBpm>
                    </Trackpoint>
                    <Trackpoint>
                        <Time>2026-08-27T06:13:16.000+01:00</Time>
                        <HeartRateBpm>
                            <Value>112</Value>
                        </HeartRateBpm>
                    </Trackpoint>
                    <Trackpoint>
                        <Time>2026-08-27T06:13:19.000+01:00</Time>
                        <HeartRateBpm>
                            <Value>112</Value>
                        </HeartRateBpm>
                    </Trackpoint>
                    <Trackpoint>
                        <Time>2026-08-27T06:13:20.000+01:00</Time>
                        <HeartRateBpm>
                            <Value>114</Value>
                        </HeartRateBpm>
                    </Trackpoint>
                    <Trackpoint>
                        <Time>2026-08-27T06:13:21.000+01:00</Time>
                        <HeartRateBpm>
                            <Value>114</Value>
                        </HeartRateBpm>
                    </Trackpoint>
                    <Trackpoint>
                        <Time>2026-08-27T06:13:22.000+01:00</Time>
                        <HeartRateBpm>
                            <Value>113</Value>
                        </HeartRateBpm>
                    </Trackpoint>
                    <Trackpoint>
                        <Time>2026-08-27T06:13:24.000+01:00</Time>
                        <HeartRateBpm>
                            <Value>115</Value>
                        </HeartRateBpm>
                    </Trackpoint>
                    <Trackpoint>
                        <Time>2026-08-27T06:13:25.000+01:00</Time>
                        <HeartRateBpm>
                            <Value>117</Value>
                        </HeartRateBpm>
                    </Trackpoint>
                    <Trackpoint>
                        <Time>2026-08-27T06:13:28.000+01:00</Time>
                        <HeartRateBpm>
                            <Value>118</Value>
                        </HeartRateBpm>
                    </Trackpoint>
                    <Trackpoint>
                        <Time>2026-08-27T06:13:29.000+01:00</Time>
                        <HeartRateBpm>
                            <Value>120</Value>
                        </HeartRateBpm>
                    </Trackpoint>
                    <Trackpoint>
                        <Time>2026-08-27T06:13:32.000+01:00</Time>
                        <HeartRateBpm>
                            <Value>120</Value>
                        </HeartRateBpm>
                    </Trackpoint>
                    <Trackpoint>
                        <Time>2026-08-27T06:13:33.000+01:00</Time>
                        <HeartRateBpm>
                            <Value>119</Value>
                        </HeartRateBpm>
                    </Trackpoint>
                    <Trackpoint>
                        <Time>2026-08-27T06:13:35.000+01:00</Time>
                        <HeartRateBpm>
                            <Value>120</Value>
                        </HeartRateBpm>
                    </Trackpoint>
                    <Trackpoint>
                        <Time>2026-08-27T06:13:37.000+01:00</Time>
                        <HeartRateBpm>
                            <Value>123</Value>
                        </HeartRateBpm>
                    </Trackpoint>
                    <Trackpoint>
                        <Time>2026-08-27T06:13:39.000+01:00</Time>
                        <HeartRateBpm>
                            <Value>122</Value>
                        </HeartRateBpm>
                    </Trackpoint>
                    <Trackpoint>
                        <Time>2026-08-27T06:13:41.000+01:00</Time>
                        <HeartRateBpm>
                            <Value>124</Value>
                        </HeartRateBpm>
                    </Trackpoint>
                    <Trackpoint>
                        <Time>2026-08-27T06:13:44.000+01:00</Time>
                        <HeartRateBpm>
                            <Value>124</Value>
                        </HeartRateBpm>
                    </Trackpoint>
                    <Trackpoint>
                        <Time>2026-08-27T06:13:45.000+01:00</Time>
                        <HeartRateBpm>
                            <Value>125</Value>
                        </HeartRateBpm>
                    </Trackpoint>
                    <Trackpoint>
                        <Time>2026-08-27T06:13:47.000+01:00</Time>
                        <HeartRateBpm>
                            <Value>123</Value>
                        </HeartRateBpm>
                    </Trackpoint>
                    <Trackpoint>
                        <Time>2026-08-27T06:13:49.000+01:00</Time>
                        <HeartRateBpm>
                            <Value>125</Value>
                        </HeartRateBpm>
                    </Trackpoint>
                    <Trackpoint>
                        <Time>2026-08-27T06:13:51.000+01:00</Time>
                        <HeartRateBpm>
                            <Value>126</Value>
                        </HeartRateBpm>
                    </Trackpoint>
                    <Trackpoint>
                        <Time>2026-08-27T06:13:54.000+01:00</Time>
                        <HeartRateBpm>
                            <Value>128</Value>
                        </HeartRateBpm>
                    </Trackpoint>
                    <Trackpoint>
                        <Time>2026-08-27T06:13:56.000+01:00</Time>
                        <HeartRateBpm>
                            <Value>130</Value>
                        </HeartRateBpm>
                    </Trackpoint>
                    <Trackpoint>
                        <Time>2026-08-27T06:13:58.000+01:00</Time>
                        <HeartRateBpm>
                            <Value>132</Value>
                        </HeartRateBpm>
                    </Trackpoint>
                    <Trackpoint>
                        <Time>2026-08-27T06:14:00.000+01:00</Time>
                        <HeartRateBpm>
                            <Value>131</Value>
                        </HeartRateBpm>
                    </Trackpoint>
                    <Trackpoint>
                        <Time>2026-08-27T06:14:02.000+01:00</Time>
                        <HeartRateBpm>
                            <Value>131</Value>
                        </HeartRateBpm>
                    </Trackpoint>
                    <Trackpoint>
                        <Time>2026-08-27T06:14:04.000+01:00</Time>
                        <HeartRateBpm>
                            <Value>129</Value>
                        </HeartRateBpm>
                    </Trackpoint>
                    <Trackpoint>
                        <Time>2026-08-27T06:14:06.000+01:00</Time>
                        <HeartRateBpm>
                            <Value>130</Value>
                        </HeartRateBpm>
                    </Trackpoint>
                    <Trackpoint>
                        <Time>2026-08-27T06:14:08.000+01:00</Time>
                        <HeartRateBpm>
                            <Value>128</Value>
                        </HeartRateBpm>
                    </Trackpoint>
                    <Trackpoint>
                        <Time>2026-08-27T06:14:10.000+01:00</Time>
                        <HeartRateBpm>
                            <Value>129</Value>
                        </HeartRateBpm>
                    </Trackpoint>
                    <Trackpoint>
                        <Time>2026-08-27T06:14:12.000+01:00</Time>
                        <HeartRateBpm>
                            <Value>128</Value>
                        </HeartRateBpm>
                    </Trackpoint>
                    <Trackpoint>
                        <Time>2026-08-27T06:14:13.000+01:00</Time>
                        <HeartRateBpm>
                            <Value>128</Value>
                        </HeartRateBpm>
                    </Trackpoint>
                    <Trackpoint>
                        <Time>2026-08-27T06:14:14.000+01:00</Time>
                        <HeartRateBpm>
                            <Value>130</Value>
                        </HeartRateBpm>
                    </Trackpoint>
                    <Trackpoint>
                        <Time>2026-08-27T06:14:15.000+01:00</Time>
                        <HeartRateBpm>
                            <Value>128</Value>
                        </HeartRateBpm>
                    </Trackpoint>
                    <Trackpoint>
                        <Time>2026-08-27T06:14:17.000+01:00</Time>
                        <HeartRateBpm>
                            <Value>130</Value>
                        </HeartRateBpm>
                    </Trackpoint>
                    <Trackpoint>
                        <Time>2026-08-27T06:14:19.000+01:00</Time>
                        <HeartRateBpm>
                            <Value>126</Value>
                        </HeartRateBpm>
                    </Trackpoint>
                    <Trackpoint>
                        <Time>2026-08-27T06:14:21.000+01:00</Time>
                        <HeartRateBpm>
                            <Value>129</Value>
                        </HeartRateBpm>
                    </Trackpoint>
                    <Trackpoint>
                        <Time>2026-08-27T06:14:23.000+01:00</Time>
                        <HeartRateBpm>
                            <Value>126</Value>
                        </HeartRateBpm>
                    </Trackpoint>
                    <Trackpoint>
                        <Time>2026-08-27T06:14:25.000+01:00</Time>
                        <HeartRateBpm>
                            <Value>132</Value>
                        </HeartRateBpm>
                    </Trackpoint>
                    <Trackpoint>
                        <Time>2026-08-27T06:14:27.000+01:00</Time>
                        <HeartRateBpm>
                            <Value>126</Value>
                        </HeartRateBpm>
                    </Trackpoint>
                    <Trackpoint>
                        <Time>2026-08-27T06:14:29.000+01:00</Time>
                        <HeartRateBpm>
                            <Value>130</Value>
                        </HeartRateBpm>
                    </Trackpoint>
                    <Trackpoint>
                        <Time>2026-08-27T06:14:31.000+01:00</Time>
                        <HeartRateBpm>
                            <Value>131</Value>
                        </HeartRateBpm>
                    </Trackpoint>
                    <Trackpoint>
                        <Time>2026-08-27T06:14:33.000+01:00</Time>
                        <HeartRateBpm>
                            <Value>134</Value>
                        </HeartRateBpm>
                    </Trackpoint>
                    <Trackpoint>
                        <Time>2026-08-27T06:14:35.000+01:00</Time>
                        <HeartRateBpm>
                            <Value>131</Value>
                        </HeartRateBpm>
                    </Trackpoint>
                    <Trackpoint>
                        <Time>2026-08-27T06:14:37.000+01:00</Time>
                        <HeartRateBpm>
                            <Value>135</Value>
                        </HeartRateBpm>
                    </Trackpoint>
                    <Trackpoint>
                        <Time>2026-08-27T06:14:38.000+01:00</Time>
                        <HeartRateBpm>
                            <Value>137</Value>
                        </HeartRateBpm>
                    </Trackpoint>
                    <Trackpoint>
                        <Time>2026-08-27T06:14:40.000+01:00</Time>
                        <HeartRateBpm>
                            <Value>136</Value>
                        </HeartRateBpm>
                    </Trackpoint>
                    <Trackpoint>
                        <Time>2026-08-27T06:14:42.000+01:00</Time>
                        <HeartRateBpm>
                            <Value>134</Value>
                        </HeartRateBpm>
                    </Trackpoint>
                    <Trackpoint>
                        <Time>2026-08-27T06:14:44.000+01:00</Time>
                        <HeartRateBpm>
                            <Value>136</Value>
                        </HeartRateBpm>
                    </Trackpoint>
                    <Trackpoint>
                        <Time>2026-08-27T06:14:46.000+01:00</Time>
                        <HeartRateBpm>
                            <Value>134</Value>
                        </HeartRateBpm>
                    </Trackpoint>
                    <Trackpoint>
                        <Time>2026-08-27T06:14:48.000+01:00</Time>
                        <HeartRateBpm>
                            <Value>134</Value>
                        </HeartRateBpm>
                    </Trackpoint>
                    <Trackpoint>
                        <Time>2026-08-27T06:14:50.000+01:00</Time>
                        <HeartRateBpm>
                            <Value>132</Value>
                        </HeartRateBpm>
                    </Trackpoint>
                    <Trackpoint>
                        <Time>2026-08-27T06:14:52.000+01:00</Time>
                        <HeartRateBpm>
                            <Value>135</Value>
                        </HeartRateBpm>
                    </Trackpoint>
                    <Trackpoint>
                        <Time>2026-08-27T06:14:54.000+01:00</Time>
                        <HeartRateBpm>
                            <Value>134</Value>
                        </HeartRateBpm>
                    </Trackpoint>
                    <Trackpoint>
                        <Time>2026-08-27T06:14:56.000+01:00</Time>
                        <HeartRateBpm>
                            <Value>135</Value>
                        </HeartRateBpm>
                    </Trackpoint>
                    <Trackpoint>
                        <Time>2026-08-27T06:14:58.000+01:00</Time>
                        <HeartRateBpm>
                            <Value>134</Value>
                        </HeartRateBpm>
                    </Trackpoint>
                    <Trackpoint>
                        <Time>2026-08-27T06:15:00.000+01:00</Time>
                        <HeartRateBpm>
                            <Value>136</Value>
                        </HeartRateBpm>
                    </Trackpoint>
                    <Trackpoint>
                        <Time>2026-08-27T06:15:01.000+01:00</Time>
                        <HeartRateBpm>
                            <Value>137</Value>
                        </HeartRateBpm>
                    </Trackpoint>
                    <Trackpoint>
                        <Time>2026-08-27T06:15:02.000+01:00</Time>
                        <HeartRateBpm>
                            <Value>137</Value>
                        </HeartRateBpm>
                    </Trackpoint>
                    <Trackpoint>
                        <Time>2026-08-27T06:15:03.000+01:00</Time>
                        <HeartRateBpm>
                            <Value>138</Value>
                        </HeartRateBpm>
                    </Trackpoint>
                    <Trackpoint>
                        <Time>2026-08-27T06:15:05.000+01:00</Time>
                        <HeartRateBpm>
                            <Value>136</Value>
                        </HeartRateBpm>
                    </Trackpoint>
                    <Trackpoint>
                        <Time>2026-08-27T06:15:07.000+01:00</Time>
                        <HeartRateBpm>
                            <Value>138</Value>
                        </HeartRateBpm>
                    </Trackpoint>
                    <Trackpoint>
                        <Time>2026-08-27T06:15:10.000+01:00</Time>
                        <HeartRateBpm>
                            <Value>138</Value>
                        </HeartRateBpm>
                    </Trackpoint>
                    <Trackpoint>
                        <Time>2026-08-27T06:15:11.000+01:00</Time>
                        <HeartRateBpm>
                            <Value>139</Value>
                        </HeartRateBpm>
                    </Trackpoint>
                    <Trackpoint>
                        <Time>2026-08-27T06:15:13.000+01:00</Time>
                        <HeartRateBpm>
                            <Value>138</Value>
                        </HeartRateBpm>
                    </Trackpoint>
                    <Trackpoint>
                        <Time>2026-08-27T06:15:15.000+01:00</Time>
                        <HeartRateBpm>
                            <Value>139</Value>
                        </HeartRateBpm>
                    </Trackpoint>
                    <Trackpoint>
                        <Time>2026-08-27T06:15:17.000+01:00</Time>
                        <HeartRateBpm>
                            <Value>138</Value>
                        </HeartRateBpm>
                    </Trackpoint>
                    <Trackpoint>
                        <Time>2026-08-27T06:15:19.000+01:00</Time>
                        <HeartRateBpm>
                            <Value>137</Value>
                        </HeartRateBpm>
                    </Trackpoint>
                    <Trackpoint>
                        <Time>2026-08-27T06:15:22.000+01:00</Time>
                        <HeartRateBpm>
                            <Value>137</Value>
                        </HeartRateBpm>
                    </Trackpoint>
                    <Trackpoint>
                        <Time>2026-08-27T06:15:23.000+01:00</Time>
                        <HeartRateBpm>
                            <Value>138</Value>
                        </HeartRateBpm>
                    </Trackpoint>
                    <Trackpoint>
                        <Time>2026-08-27T06:15:25.000+01:00</Time>
                        <HeartRateBpm>
                            <Value>139</Value>
                        </HeartRateBpm>
                    </Trackpoint>
                    <Trackpoint>
                        <Time>2026-08-27T06:15:26.000+01:00</Time>
                        <HeartRateBpm>
                            <Value>142</Value>
                        </HeartRateBpm>
                    </Trackpoint>
                    <Trackpoint>
                        <Time>2026-08-27T06:15:28.000+01:00</Time>
                        <HeartRateBpm>
                            <Value>143</Value>
                        </HeartRateBpm>
                    </Trackpoint>
                    <Trackpoint>
                        <Time>2026-08-27T06:15:30.000+01:00</Time>
                        <HeartRateBpm>
                            <Value>145</Value>
                        </HeartRateBpm>
                    </Trackpoint>
                    <Trackpoint>
                        <Time>2026-08-27T06:15:32.000+01:00</Time>
                        <HeartRateBpm>
                            <Value>146</Value>
                        </HeartRateBpm>
                    </Trackpoint>
                    <Trackpoint>
                        <Time>2026-08-27T06:15:34.000+01:00</Time>
                        <HeartRateBpm>
                            <Value>148</Value>
                        </HeartRateBpm>
                    </Trackpoint>
                    <Trackpoint>
                        <Time>2026-08-27T06:15:36.000+01:00</Time>
                        <HeartRateBpm>
                            <Value>144</Value>
                        </HeartRateBpm>
                    </Trackpoint>
                    <Trackpoint>
                        <Time>2026-08-27T06:15:38.000+01:00</Time>
                        <HeartRateBpm>
                            <Value>148</Value>
                        </HeartRateBpm>
                    </Trackpoint>
                    <Trackpoint>
                        <Time>2026-08-27T06:15:41.000+01:00</Time>
                        <HeartRateBpm>
                            <Value>148</Value>
                        </HeartRateBpm>
                    </Trackpoint>
                    <Trackpoint>
                        <Time>2026-08-27T06:15:42.000+01:00</Time>
                        <HeartRateBpm>
                            <Value>149</Value>
                        </HeartRateBpm>
                    </Trackpoint>
                    <Trackpoint>
                        <Time>2026-08-27T06:15:44.000+01:00</Time>
                        <HeartRateBpm>
                            <Value>146</Value>
                        </HeartRateBpm>
                    </Trackpoint>
                    <Trackpoint>
                        <Time>2026-08-27T06:15:46.000+01:00</Time>
                        <HeartRateBpm>
                            <Value>150</Value>
                        </HeartRateBpm>
                    </Trackpoint>
                    <Trackpoint>
                        <Time>2026-08-27T06:15:48.000+01:00</Time>
                        <HeartRateBpm>
                            <Value>149</Value>
                        </HeartRateBpm>
                    </Trackpoint>
                    <Trackpoint>
                        <Time>2026-08-27T06:15:50.000+01:00</Time>
                        <HeartRateBpm>
                            <Value>147</Value>
                        </HeartRateBpm>
                    </Trackpoint>
                    <Trackpoint>
                        <Time>2026-08-27T06:15:51.000+01:00</Time>
                        <HeartRateBpm>
                            <Value>149</Value>
                        </HeartRateBpm>
                    </Trackpoint>
                    <Trackpoint>
                        <Time>2026-08-27T06:15:52.000+01:00</Time>
                        <HeartRateBpm>
                            <Value>149</Value>
                        </HeartRateBpm>
                    </Trackpoint>
                    <Trackpoint>
                        <Time>2026-08-27T06:15:53.000+01:00</Time>
                        <HeartRateBpm>
                            <Value>148</Value>
                        </HeartRateBpm>
                    </Trackpoint>
                    <Trackpoint>
                        <Time>2026-08-27T06:15:55.000+01:00</Time>
                        <HeartRateBpm>
                            <Value>149</Value>
                        </HeartRateBpm>
                    </Trackpoint>
                    <Trackpoint>
                        <Time>2026-08-27T06:15:57.000+01:00</Time>
                        <HeartRateBpm>
                            <Value>151</Value>
                        </HeartRateBpm>
                    </Trackpoint>
                    <Trackpoint>
                        <Time>2026-08-27T06:15:59.000+01:00</Time>
                        <HeartRateBpm>
                            <Value>149</Value>
                        </HeartRateBpm>
                    </Trackpoint>
                    <Trackpoint>
                        <Time>2026-08-27T06:16:01.000+01:00</Time>
                        <HeartRateBpm>
                            <Value>151</Value>
                        </HeartRateBpm>
                    </Trackpoint>
                    <Trackpoint>
                        <Time>2026-08-27T06:16:04.000+01:00</Time>
                        <HeartRateBpm>
                            <Value>151</Value>
                        </HeartRateBpm>
                    </Trackpoint>
                    <Trackpoint>
                        <Time>2026-08-27T06:16:05.000+01:00</Time>
                        <HeartRateBpm>
                            <Value>152</Value>
                        </HeartRateBpm>
                    </Trackpoint>
                    <Trackpoint>
                        <Time>2026-08-27T06:16:07.000+01:00</Time>
                        <HeartRateBpm>
                            <Value>149</Value>
                        </HeartRateBpm>
                    </Trackpoint>
                    <Trackpoint>
                        <Time>2026-08-27T06:16:09.000+01:00</Time>
                        <HeartRateBpm>
                            <Value>153</Value>
                        </HeartRateBpm>
                    </Trackpoint>
                    <Trackpoint>
                        <Time>2026-08-27T06:16:11.000+01:00</Time>
                        <HeartRateBpm>
                            <Value>151</Value>
                        </HeartRateBpm>
                    </Trackpoint>
                    <Trackpoint>
                        <Time>2026-08-27T06:16:13.000+01:00</Time>
                        <HeartRateBpm>
                            <Value>151</Value>
                        </HeartRateBpm>
                    </Trackpoint>
                    <Trackpoint>
                        <Time>2026-08-27T06:16:14.000+01:00</Time>
                        <HeartRateBpm>
                            <Value>152</Value>
                        </HeartRateBpm>
                    </Trackpoint>
                    <Trackpoint>
                        <Time>2026-08-27T06:16:16.000+01:00</Time>
                        <HeartRateBpm>
                            <Value>155</Value>
                        </HeartRateBpm>
                    </Trackpoint>
                    <Trackpoint>
                        <Time>2026-08-27T06:16:18.000+01:00</Time>
                        <HeartRateBpm>
                            <Value>152</Value>
                        </HeartRateBpm>
                    </Trackpoint>
                    <Trackpoint>
                        <Time>2026-08-27T06:16:20.000+01:00</Time>
                        <HeartRateBpm>
                            <Value>151</Value>
                        </HeartRateBpm>
                    </Trackpoint>
                    <Trackpoint>
                        <Time>2026-08-27T06:16:22.000+01:00</Time>
                        <HeartRateBpm>
                            <Value>148</Value>
                        </HeartRateBpm>
                    </Trackpoint>
                    <Trackpoint>
                        <Time>2026-08-27T06:16:24.000+01:00</Time>
                        <HeartRateBpm>
                            <Value>145</Value>
                        </HeartRateBpm>
                    </Trackpoint>
                    <Trackpoint>
                        <Time>2026-08-27T06:16:26.000+01:00</Time>
                        <HeartRateBpm>
                            <Value>144</Value>
                        </HeartRateBpm>
                    </Trackpoint>
                    <Trackpoint>
                        <Time>2026-08-27T06:16:28.000+01:00</Time>
                        <HeartRateBpm>
                            <Value>149</Value>
                        </HeartRateBpm>
                    </Trackpoint>
                    <Trackpoint>
                        <Time>2026-08-27T06:16:30.000+01:00</Time>
                        <HeartRateBpm>
                            <Value>151</Value>
                        </HeartRateBpm>
                    </Trackpoint>
                    <Trackpoint>
                        <Time>2026-08-27T06:16:32.000+01:00</Time>
                        <HeartRateBpm>
                            <Value>154</Value>
                        </HeartRateBpm>
                    </Trackpoint>
                    <Trackpoint>
                        <Time>2026-08-27T06:16:34.000+01:00</Time>
                        <HeartRateBpm>
                            <Value>155</Value>
                        </HeartRateBpm>
                    </Trackpoint>
                    <Trackpoint>
                        <Time>2026-08-27T06:16:36.000+01:00</Time>
                        <HeartRateBpm>
                            <Value>158</Value>
                        </HeartRateBpm>
                    </Trackpoint>
                    <Trackpoint>
                        <Time>2026-08-27T06:16:38.000+01:00</Time>
                        <HeartRateBpm>
                            <Value>159</Value>
                        </HeartRateBpm>
                    </Trackpoint>
                    <Trackpoint>
                        <Time>2026-08-27T06:16:39.000+01:00</Time>
                        <HeartRateBpm>
                            <Value>160</Value>
                        </HeartRateBpm>
                    </Trackpoint>
                    <Trackpoint>
                        <Time>2026-08-27T06:16:41.000+01:00</Time>
                        <HeartRateBpm>
                            <Value>162</Value>
                        </HeartRateBpm>
                    </Trackpoint>
                    <Trackpoint>
                        <Time>2026-08-27T06:16:42.000+01:00</Time>
                        <HeartRateBpm>
                            <Value>162</Value>
                        </HeartRateBpm>
                    </Trackpoint>
                    <Trackpoint>
                        <Time>2026-08-27T06:16:43.000+01:00</Time>
                        <HeartRateBpm>
                            <Value>163</Value>
                        </HeartRateBpm>
                    </Trackpoint>
                    <Trackpoint>
                        <Time>2026-08-27T06:16:45.000+01:00</Time>
                        <HeartRateBpm>
                            <Value>161</Value>
                        </HeartRateBpm>
                    </Trackpoint>
                    <Trackpoint>
                        <Time>2026-08-27T06:16:47.000+01:00</Time>
                        <HeartRateBpm>
                            <Value>163</Value>
                        </HeartRateBpm>
                    </Trackpoint>
                    <Trackpoint>
                        <Time>2026-08-27T06:16:49.000+01:00</Time>
                        <HeartRateBpm>
                            <Value>160</Value>
                        </HeartRateBpm>
                    </Trackpoint>
                    <Trackpoint>
                        <Time>2026-08-27T06:16:51.000+01:00</Time>
                        <HeartRateBpm>
                            <Value>161</Value>
                        </HeartRateBpm>
                    </Trackpoint>
                    <Trackpoint>
                        <Time>2026-08-27T06:16:53.000+01:00</Time>
                        <HeartRateBpm>
                            <Value>158</Value>
                        </HeartRateBpm>
                    </Trackpoint>
                    <Trackpoint>
                        <Time>2026-08-27T06:16:55.000+01:00</Time>
                        <HeartRateBpm>
                            <Value>161</Value>
                        </HeartRateBpm>
                    </Trackpoint>
                    <Trackpoint>
                        <Time>2026-08-27T06:16:57.000+01:00</Time>
                        <HeartRateBpm>
                            <Value>159</Value>
                        </HeartRateBpm>
                    </Trackpoint>
                    <Trackpoint>
                        <Time>2026-08-27T06:16:59.000+01:00</Time>
                        <HeartRateBpm>
                            <Value>161</Value>
                        </HeartRateBpm>
                    </Trackpoint>
                    <Trackpoint>
                        <Time>2026-08-27T06:17:01.000+01:00</Time>
                        <HeartRateBpm>
                            <Value>157</Value>
                        </HeartRateBpm>
                    </Trackpoint>
                    <Trackpoint>
                        <Time>2026-08-27T06:17:02.000+01:00</Time>
                        <HeartRateBpm>
                            <Value>162</Value>
                        </HeartRateBpm>
                    </Trackpoint>
                    <Trackpoint>
                        <Time>2026-08-27T06:17:04.000+01:00</Time>
                        <HeartRateBpm>
                            <Value>161</Value>
                        </HeartRateBpm>
                    </Trackpoint>
                    <Trackpoint>
                        <Time>2026-08-27T06:17:07.000+01:00</Time>
                        <HeartRateBpm>
                            <Value>161</Value>
                        </HeartRateBpm>
                    </Trackpoint>
                    <Trackpoint>
                        <Time>2026-08-27T06:17:08.000+01:00</Time>
                        <HeartRateBpm>
                            <Value>163</Value>
                        </HeartRateBpm>
                    </Trackpoint>
                    <Trackpoint>
                        <Time>2026-08-27T06:17:10.000+01:00</Time>
                        <HeartRateBpm>
                            <Value>162</Value>
                        </HeartRateBpm>
                    </Trackpoint>
                    <Trackpoint>
                        <Time>2026-08-27T06:17:12.000+01:00</Time>
                        <HeartRateBpm>
                            <Value>164</Value>
                        </HeartRateBpm>
                    </Trackpoint>
                    <Trackpoint>
                        <Time>2026-08-27T06:17:14.000+01:00</Time>
                        <HeartRateBpm>
                            <Value>163</Value>
                        </HeartRateBpm>
                    </Trackpoint>
                    <Trackpoint>
                        <Time>2026-08-27T06:17:16.000+01:00</Time>
                        <HeartRateBpm>
                            <Value>159</Value>
                        </HeartRateBpm>
                    </Trackpoint>
                    <Trackpoint>
                        <Time>2026-08-27T06:17:18.000+01:00</Time>
                        <HeartRateBpm>
                            <Value>164</Value>
                        </HeartRateBpm>
                    </Trackpoint>
                    <Trackpoint>
                        <Time>2026-08-27T06:17:20.000+01:00</Time>
                        <HeartRateBpm>
                            <Value>162</Value>
                        </HeartRateBpm>
                    </Trackpoint>
                    <Trackpoint>
                        <Time>2026-08-27T06:17:22.000+01:00</Time>
                        <HeartRateBpm>
                            <Value>163</Value>
                        </HeartRateBpm>
                    </Trackpoint>
                    <Trackpoint>
                        <Time>2026-08-27T06:17:24.000+01:00</Time>
                        <HeartRateBpm>
                            <Value>159</Value>
                        </HeartRateBpm>
                    </Trackpoint>
                    <Trackpoint>
                        <Time>2026-08-27T06:17:25.000+01:00</Time>
                        <HeartRateBpm>
                            <Value>163</Value>
                        </HeartRateBpm>
                    </Trackpoint>
                    <Trackpoint>
                        <Time>2026-08-27T06:17:27.000+01:00</Time>
                        <HeartRateBpm>
                            <Value>160</Value>
                        </HeartRateBpm>
                    </Trackpoint>
                    <Trackpoint>
                        <Time>2026-08-27T06:17:29.000+01:00</Time>
                        <HeartRateBpm>
                            <Value>153</Value>
                        </HeartRateBpm>
                    </Trackpoint>
                    <Trackpoint>
                        <Time>2026-08-27T06:17:31.000+01:00</Time>
                        <HeartRateBpm>
                            <Value>155</Value>
                        </HeartRateBpm>
                    </Trackpoint>
                    <Trackpoint>
                        <Time>2026-08-27T06:17:32.000+01:00</Time>
                        <HeartRateBpm>
                            <Value>155</Value>
                        </HeartRateBpm>
                    </Trackpoint>
                    <Trackpoint>
                        <Time>2026-08-27T06:17:33.000+01:00</Time>
                        <HeartRateBpm>
                            <Value>157</Value>
                        </HeartRateBpm>
                    </Trackpoint>
                    <Trackpoint>
                        <Time>2026-08-27T06:17:35.000+01:00</Time>
                        <HeartRateBpm>
                            <Value>156</Value>
                        </HeartRateBpm>
                    </Trackpoint>
                    <Trackpoint>
                        <Time>2026-08-27T06:17:37.000+01:00</Time>
                        <HeartRateBpm>
                            <Value>149</Value>
                        </HeartRateBpm>
                    </Trackpoint>
                    <Trackpoint>
                        <Time>2026-08-27T06:17:39.000+01:00</Time>
                        <HeartRateBpm>
                            <Value>141</Value>
                        </HeartRateBpm>
                    </Trackpoint>
                    <Trackpoint>
                        <Time>2026-08-27T06:17:41.000+01:00</Time>
                        <HeartRateBpm>
                            <Value>136</Value>
                        </HeartRateBpm>
                    </Trackpoint>
                    <Trackpoint>
                        <Time>2026-08-27T06:17:43.000+01:00</Time>
                        <HeartRateBpm>
                            <Value>132</Value>
                        </HeartRateBpm>
                    </Trackpoint>
                    <Trackpoint>
                        <Time>2026-08-27T06:17:45.000+01:00</Time>
                        <HeartRateBpm>
                            <Value>131</Value>
                        </HeartRateBpm>
                    </Trackpoint>
                    <Trackpoint>
                        <Time>2026-08-27T06:17:47.000+01:00</Time>
                        <HeartRateBpm>
                            <Value>129</Value>
                        </HeartRateBpm>
                    </Trackpoint>
                    <Trackpoint>
                        <Time>2026-08-27T06:17:49.000+01:00</Time>
                        <HeartRateBpm>
                            <Value>131</Value>
                        </HeartRateBpm>
                    </Trackpoint>
                    <Trackpoint>
                        <Time>2026-08-27T06:17:50.000+01:00</Time>
                        <HeartRateBpm>
                            <Value>133</Value>
                        </HeartRateBpm>
                    </Trackpoint>
                    <Trackpoint>
                        <Time>2026-08-27T06:17:52.000+01:00</Time>
                        <HeartRateBpm>
                            <Value>134</Value>
                        </HeartRateBpm>
                    </Trackpoint>
                    <Trackpoint>
                        <Time>2026-08-27T06:17:54.000+01:00</Time>
                        <HeartRateBpm>
                            <Value>135</Value>
                        </HeartRateBpm>
                    </Trackpoint>
                    <Trackpoint>
                        <Time>2026-08-27T06:17:56.000+01:00</Time>
                        <HeartRateBpm>
                            <Value>138</Value>
                        </HeartRateBpm>
                    </Trackpoint>
                    <Trackpoint>
                        <Time>2026-08-27T06:17:58.000+01:00</Time>
                        <HeartRateBpm>
                            <Value>141</Value>
                        </HeartRateBpm>
                    </Trackpoint>
                    <Trackpoint>
                        <Time>2026-08-27T06:18:00.000+01:00</Time>
                        <HeartRateBpm>
                            <Value>147</Value>
                        </HeartRateBpm>
                    </Trackpoint>
                    <Trackpoint>
                        <Time>2026-08-27T06:18:02.000+01:00</Time>
                        <HeartRateBpm>
                            <Value>148</Value>
                        </HeartRateBpm>
                    </Trackpoint>
                    <Trackpoint>
                        <Time>2026-08-27T06:18:04.000+01:00</Time>
                        <HeartRateBpm>
                            <Value>152</Value>
                        </HeartRateBpm>
                    </Trackpoint>
                    <Trackpoint>
                        <Time>2026-08-27T06:18:06.000+01:00</Time>
                        <HeartRateBpm>
                            <Value>149</Value>
                        </HeartRateBpm>
                    </Trackpoint>
                    <Trackpoint>
                        <Time>2026-08-27T06:18:08.000+01:00</Time>
                        <HeartRateBpm>
                            <Value>149</Value>
                        </HeartRateBpm>
                    </Trackpoint>
                    <Trackpoint>
                        <Time>2026-08-27T06:18:10.000+01:00</Time>
                        <HeartRateBpm>
                            <Value>150</Value>
                        </HeartRateBpm>
                    </Trackpoint>
                    <Trackpoint>
                        <Time>2026-08-27T06:18:12.000+01:00</Time>
                        <HeartRateBpm>
                            <Value>149</Value>
                        </HeartRateBpm>
                    </Trackpoint>
                    <Trackpoint>
                        <Time>2026-08-27T06:18:14.000+01:00</Time>
                        <HeartRateBpm>
                            <Value>150</Value>
                        </HeartRateBpm>
                    </Trackpoint>
                    <Trackpoint>
                        <Time>2026-08-27T06:18:15.000+01:00</Time>
                        <HeartRateBpm>
                            <Value>152</Value>
                        </HeartRateBpm>
                    </Trackpoint>
                    <Trackpoint>
                        <Time>2026-08-27T06:18:17.000+01:00</Time>
                        <HeartRateBpm>
                            <Value>154</Value>
                        </HeartRateBpm>
                    </Trackpoint>
                    <Trackpoint>
                        <Time>2026-08-27T06:18:19.000+01:00</Time>
                        <HeartRateBpm>
                            <Value>157</Value>
                        </HeartRateBpm>
                    </Trackpoint>
                    <Trackpoint>
                        <Time>2026-08-27T06:18:21.000+01:00</Time>
                        <HeartRateBpm>
                            <Value>159</Value>
                        </HeartRateBpm>
                    </Trackpoint>
                    <Trackpoint>
                        <Time>2026-08-27T06:18:22.000+01:00</Time>
                        <HeartRateBpm>
                            <Value>159</Value>
                        </HeartRateBpm>
                    </Trackpoint>
                    <Trackpoint>
                        <Time>2026-08-27T06:18:23.000+01:00</Time>
                        <HeartRateBpm>
                            <Value>161</Value>
                        </HeartRateBpm>
                    </Trackpoint>
                    <Trackpoint>
                        <Time>2026-08-27T06:18:25.000+01:00</Time>
                        <HeartRateBpm>
                            <Value>162</Value>
                        </HeartRateBpm>
                    </Trackpoint>
                    <Trackpoint>
                        <Time>2026-08-27T06:18:28.000+01:00</Time>
                        <HeartRateBpm>
                            <Value>162</Value>
                        </HeartRateBpm>
                    </Trackpoint>
                    <Trackpoint>
                        <Time>2026-08-27T06:18:29.000+01:00</Time>
                        <HeartRateBpm>
                            <Value>164</Value>
                        </HeartRateBpm>
                    </Trackpoint>
                    <Trackpoint>
                        <Time>2026-08-27T06:18:32.000+01:00</Time>
                        <HeartRateBpm>
                            <Value>164</Value>
                        </HeartRateBpm>
                    </Trackpoint>
                    <Trackpoint>
                        <Time>2026-08-27T06:18:33.000+01:00</Time>
                        <HeartRateBpm>
                            <Value>162</Value>
                        </HeartRateBpm>
                    </Trackpoint>
                    <Trackpoint>
                        <Time>2026-08-27T06:18:35.000+01:00</Time>
                        <HeartRateBpm>
                            <Value>163</Value>
                        </HeartRateBpm>
                    </Trackpoint>
                    <Trackpoint>
                        <Time>2026-08-27T06:18:37.000+01:00</Time>
                        <HeartRateBpm>
                            <Value>162</Value>
                        </HeartRateBpm>
                    </Trackpoint>
                    <Trackpoint>
                        <Time>2026-08-27T06:18:40.000+01:00</Time>
                        <HeartRateBpm>
                            <Value>160</Value>
                        </HeartRateBpm>
                    </Trackpoint>
                    <Trackpoint>
                        <Time>2026-08-27T06:18:42.000+01:00</Time>
                        <HeartRateBpm>
                            <Value>156</Value>
                        </HeartRateBpm>
                    </Trackpoint>
                    <Trackpoint>
                        <Time>2026-08-27T06:18:44.000+01:00</Time>
                        <HeartRateBpm>
                            <Value>158</Value>
                        </HeartRateBpm>
                    </Trackpoint>
                    <Trackpoint>
                        <Time>2026-08-27T06:18:46.000+01:00</Time>
                        <HeartRateBpm>
                            <Value>160</Value>
                        </HeartRateBpm>
                    </Trackpoint>
                    <Trackpoint>
                        <Time>2026-08-27T06:18:48.000+01:00</Time>
                        <HeartRateBpm>
                            <Value>154</Value>
                        </HeartRateBpm>
                    </Trackpoint>
                    <Trackpoint>
                        <Time>2026-08-27T06:18:50.000+01:00</Time>
                        <HeartRateBpm>
                            <Value>159</Value>
                        </HeartRateBpm>
                    </Trackpoint>
                    <Trackpoint>
                        <Time>2026-08-27T06:18:53.000+01:00</Time>
                        <HeartRateBpm>
                            <Value>159</Value>
                        </HeartRateBpm>
                    </Trackpoint>
                    <Trackpoint>
                        <Time>2026-08-27T06:18:54.000+01:00</Time>
                        <HeartRateBpm>
                            <Value>160</Value>
                        </HeartRateBpm>
                    </Trackpoint>
                    <Trackpoint>
                        <Time>2026-08-27T06:18:56.000+01:00</Time>
                        <HeartRateBpm>
                            <Value>156</Value>
                        </HeartRateBpm>
                    </Trackpoint>
                    <Trackpoint>
                        <Time>2026-08-27T06:18:58.000+01:00</Time>
                        <HeartRateBpm>
                            <Value>155</Value>
                        </HeartRateBpm>
                    </Trackpoint>
                    <Trackpoint>
                        <Time>2026-08-27T06:19:00.000+01:00</Time>
                        <HeartRateBpm>
                            <Value>150</Value>
                        </HeartRateBpm>
                    </Trackpoint>
                    <Trackpoint>
                        <Time>2026-08-27T06:19:02.000+01:00</Time>
                        <HeartRateBpm>
                            <Value>152</Value>
                        </HeartRateBpm>
                    </Trackpoint>
                    <Trackpoint>
                        <Time>2026-08-27T06:19:04.000+01:00</Time>
                        <HeartRateBpm>
                            <Value>149</Value>
                        </HeartRateBpm>
                    </Trackpoint>
                    <Trackpoint>
                        <Time>2026-08-27T06:19:05.000+01:00</Time>
                        <HeartRateBpm>
                            <Value>144</Value>
                        </HeartRateBpm>
                    </Trackpoint>
                    <Trackpoint>
                        <Time>2026-08-27T06:19:07.000+01:00</Time>
                        <HeartRateBpm>
                            <Value>147</Value>
                        </HeartRateBpm>
                    </Trackpoint>
                    <Trackpoint>
                        <Time>2026-08-27T06:19:09.000+01:00</Time>
                        <HeartRateBpm>
                            <Value>149</Value>
                        </HeartRateBpm>
                    </Trackpoint>
                    <Trackpoint>
                        <Time>2026-08-27T06:19:11.000+01:00</Time>
                        <HeartRateBpm>
                            <Value>151</Value>
                        </HeartRateBpm>
                    </Trackpoint>
                    <Trackpoint>
                        <Time>2026-08-27T06:19:14.000+01:00</Time>
                        <HeartRateBpm>
                            <Value>151</Value>
                        </HeartRateBpm>
                    </Trackpoint>
                    <Trackpoint>
                        <Time>2026-08-27T06:19:15.000+01:00</Time>
                        <HeartRateBpm>
                            <Value>153</Value>
                        </HeartRateBpm>
                    </Trackpoint>
                    <Trackpoint>
                        <Time>2026-08-27T06:19:17.000+01:00</Time>
                        <HeartRateBpm>
                            <Value>155</Value>
                        </HeartRateBpm>
                    </Trackpoint>
                    <Trackpoint>
                        <Time>2026-08-27T06:19:19.000+01:00</Time>
                        <HeartRateBpm>
                            <Value>152</Value>
                        </HeartRateBpm>
                    </Trackpoint>
                    <Trackpoint>
                        <Time>2026-08-27T06:19:22.000+01:00</Time>
                        <HeartRateBpm>
                            <Value>152</Value>
                        </HeartRateBpm>
                    </Trackpoint>
                    <Trackpoint>
                        <Time>2026-08-27T06:19:23.000+01:00</Time>
                        <HeartRateBpm>
                            <Value>154</Value>
                        </HeartRateBpm>
                    </Trackpoint>
                    <Trackpoint>
                        <Time>2026-08-27T06:19:25.000+01:00</Time>
                        <HeartRateBpm>
                            <Value>156</Value>
                        </HeartRateBpm>
                    </Trackpoint>
                    <Trackpoint>
                        <Time>2026-08-27T06:19:26.000+01:00</Time>
                        <HeartRateBpm>
                            <Value>154</Value>
                        </HeartRateBpm>
                    </Trackpoint>
                    <Trackpoint>
                        <Time>2026-08-27T06:19:28.000+01:00</Time>
                        <HeartRateBpm>
                            <Value>155</Value>
                        </HeartRateBpm>
                    </Trackpoint>
                    <Trackpoint>
                        <Time>2026-08-27T06:19:30.000+01:00</Time>
                        <HeartRateBpm>
                            <Value>156</Value>
                        </HeartRateBpm>
                    </Trackpoint>
                    <Trackpoint>
                        <Time>2026-08-27T06:19:32.000+01:00</Time>
                        <HeartRateBpm>
                            <Value>155</Value>
                        </HeartRateBpm>
                    </Trackpoint>
                    <Trackpoint>
                        <Time>2026-08-27T06:19:34.000+01:00</Time>
                        <HeartRateBpm>
                            <Value>157</Value>
                        </HeartRateBpm>
                    </Trackpoint>
                    <Trackpoint>
                        <Time>2026-08-27T06:19:36.000+01:00</Time>
                        <HeartRateBpm>
                            <Value>150</Value>
                        </HeartRateBpm>
                    </Trackpoint>
                    <Trackpoint>
                        <Time>2026-08-27T06:19:38.000+01:00</Time>
                        <HeartRateBpm>
                            <Value>148</Value>
                        </HeartRateBpm>
                    </Trackpoint>
                    <Trackpoint>
                        <Time>2026-08-27T06:19:41.000+01:00</Time>
                        <HeartRateBpm>
                            <Value>148</Value>
                        </HeartRateBpm>
                    </Trackpoint>
                    <Trackpoint>
                        <Time>2026-08-27T06:19:42.000+01:00</Time>
                        <HeartRateBpm>
                            <Value>150</Value>
                        </HeartRateBpm>
                    </Trackpoint>
                    <Trackpoint>
                        <Time>2026-08-27T06:19:44.000+01:00</Time>
                        <HeartRateBpm>
                            <Value>146</Value>
                        </HeartRateBpm>
                    </Trackpoint>
                    <Trackpoint>
                        <Time>2026-08-27T06:19:46.000+01:00</Time>
                        <HeartRateBpm>
                            <Value>147</Value>
                        </HeartRateBpm>
                    </Trackpoint>
                    <Trackpoint>
                        <Time>2026-08-27T06:19:48.000+01:00</Time>
                        <HeartRateBpm>
                            <Value>154</Value>
                        </HeartRateBpm>
                    </Trackpoint>
                    <Trackpoint>
                        <Time>2026-08-27T06:19:49.000+01:00</Time>
                        <HeartRateBpm>
                            <Value>155</Value>
                        </HeartRateBpm>
                    </Trackpoint>
                    <Trackpoint>
                        <Time>2026-08-27T06:19:51.000+01:00</Time>
                        <HeartRateBpm>
                            <Value>147</Value>
                        </HeartRateBpm>
                    </Trackpoint>
                    <Trackpoint>
                        <Time>2026-08-27T06:19:53.000+01:00</Time>
                        <HeartRateBpm>
                            <Value>149</Value>
                        </HeartRateBpm>
                    </Trackpoint>
                    <Trackpoint>
                        <Time>2026-08-27T06:19:55.000+01:00</Time>
                        <HeartRateBpm>
                            <Value>150</Value>
                        </HeartRateBpm>
                    </Trackpoint>
                    <Trackpoint>
                        <Time>2026-08-27T06:19:57.000+01:00</Time>
                        <HeartRateBpm>
                            <Value>152</Value>
                        </HeartRateBpm>
                    </Trackpoint>
                    <Trackpoint>
                        <Time>2026-08-27T06:20:00.000+01:00</Time>
                        <HeartRateBpm>
                            <Value>152</Value>
                        </HeartRateBpm>
                    </Trackpoint>
                    <Trackpoint>
                        <Time>2026-08-27T06:20:01.000+01:00</Time>
                        <HeartRateBpm>
                            <Value>153</Value>
                        </HeartRateBpm>
                    </Trackpoint>
                    <Trackpoint>
                        <Time>2026-08-27T06:20:03.000+01:00</Time>
                        <HeartRateBpm>
                            <Value>152</Value>
                        </HeartRateBpm>
                    </Trackpoint>
                    <Trackpoint>
                        <Time>2026-08-27T06:20:05.000+01:00</Time>
                        <HeartRateBpm>
                            <Value>150</Value>
                        </HeartRateBpm>
                    </Trackpoint>
                    <Trackpoint>
                        <Time>2026-08-27T06:20:06.000+01:00</Time>
                        <HeartRateBpm>
                            <Value>150</Value>
                        </HeartRateBpm>
                    </Trackpoint>
                    <Trackpoint>
                        <Time>2026-08-27T06:20:07.000+01:00</Time>
                        <HeartRateBpm>
                            <Value>149</Value>
                        </HeartRateBpm>
                    </Trackpoint>
                    <Trackpoint>
                        <Time>2026-08-27T06:20:09.000+01:00</Time>
                        <HeartRateBpm>
                            <Value>148</Value>
                        </HeartRateBpm>
                    </Trackpoint>
                    <Trackpoint>
                        <Time>2026-08-27T06:20:11.000+01:00</Time>
                        <HeartRateBpm>
                            <Value>147</Value>
                        </HeartRateBpm>
                    </Trackpoint>
                    <Trackpoint>
                        <Time>2026-08-27T06:20:12.000+01:00</Time>
                        <HeartRateBpm>
                            <Value>152</Value>
                        </HeartRateBpm>
                    </Trackpoint>
                    <Trackpoint>
                        <Time>2026-08-27T06:20:15.000+01:00</Time>
                        <HeartRateBpm>
                            <Value>148</Value>
                        </HeartRateBpm>
                    </Trackpoint>
                    <Trackpoint>
                        <Time>2026-08-27T06:20:16.000+01:00</Time>
                        <HeartRateBpm>
                            <Value>151</Value>
                        </HeartRateBpm>
                    </Trackpoint>
                    <Trackpoint>
                        <Time>2026-08-27T06:20:18.000+01:00</Time>
                        <HeartRateBpm>
                            <Value>152</Value>
                        </HeartRateBpm>
                    </Trackpoint>
                    <Trackpoint>
                        <Time>2026-08-27T06:20:20.000+01:00</Time>
                        <HeartRateBpm>
                            <Value>154</Value>
                        </HeartRateBpm>
                    </Trackpoint>
                    <Trackpoint>
                        <Time>2026-08-27T06:20:23.000+01:00</Time>
                        <HeartRateBpm>
                            <Value>154</Value>
                        </HeartRateBpm>
                    </Trackpoint>
                    <Trackpoint>
                        <Time>2026-08-27T06:20:26.000+01:00</Time>
                        <HeartRateBpm>
                            <Value>156</Value>
                        </HeartRateBpm>
                    </Trackpoint>
                    <Trackpoint>
                        <Time>2026-08-27T06:20:28.000+01:00</Time>
                        <HeartRateBpm>
                            <Value>159</Value>
                        </HeartRateBpm>
                    </Trackpoint>
                    <Trackpoint>
                        <Time>2026-08-27T06:20:30.000+01:00</Time>
                        <HeartRateBpm>
                            <Value>160</Value>
                        </HeartRateBpm>
                    </Trackpoint>
                    <Trackpoint>
                        <Time>2026-08-27T06:20:32.000+01:00</Time>
                        <HeartRateBpm>
                            <Value>161</Value>
                        </HeartRateBpm>
                    </Trackpoint>
                    <Trackpoint>
                        <Time>2026-08-27T06:20:34.000+01:00</Time>
                        <HeartRateBpm>
                            <Value>160</Value>
                        </HeartRateBpm>
                    </Trackpoint>
                    <Trackpoint>
                        <Time>2026-08-27T06:20:36.000+01:00</Time>
                        <HeartRateBpm>
                            <Value>162</Value>
                        </HeartRateBpm>
                    </Trackpoint>
                    <Trackpoint>
                        <Time>2026-08-27T06:20:37.000+01:00</Time>
                        <HeartRateBpm>
                            <Value>159</Value>
                        </HeartRateBpm>
                    </Trackpoint>
                    <Trackpoint>
                        <Time>2026-08-27T06:20:40.000+01:00</Time>
                        <HeartRateBpm>
                            <Value>159</Value>
                        </HeartRateBpm>
                    </Trackpoint>
                    <Trackpoint>
                        <Time>2026-08-27T06:20:41.000+01:00</Time>
                        <HeartRateBpm>
                            <Value>155</Value>
                        </HeartRateBpm>
                    </Trackpoint>
                    <Trackpoint>
                        <Time>2026-08-27T06:20:43.000+01:00</Time>
                        <HeartRateBpm>
                            <Value>160</Value>
                        </HeartRateBpm>
                    </Trackpoint>
                    <Trackpoint>
                        <Time>2026-08-27T06:20:45.000+01:00</Time>
                        <HeartRateBpm>
                            <Value>159</Value>
                        </HeartRateBpm>
                    </Trackpoint>
                    <Trackpoint>
                        <Time>2026-08-27T06:20:48.000+01:00</Time>
                        <HeartRateBpm>
                            <Value>159</Value>
                        </HeartRateBpm>
                    </Trackpoint>
                    <Trackpoint>
                        <Time>2026-08-27T06:20:51.000+01:00</Time>
                        <HeartRateBpm>
                            <Value>162</Value>
                        </HeartRateBpm>
                    </Trackpoint>
                    <Trackpoint>
                        <Time>2026-08-27T06:20:53.000+01:00</Time>
                        <HeartRateBpm>
                            <Value>158</Value>
                        </HeartRateBpm>
                    </Trackpoint>
                    <Trackpoint>
                        <Time>2026-08-27T06:20:56.000+01:00</Time>
                        <HeartRateBpm>
                            <Value>158</Value>
                        </HeartRateBpm>
                    </Trackpoint>
                    <Trackpoint>
                        <Time>2026-08-27T06:20:58.000+01:00</Time>
                        <HeartRateBpm>
                            <Value>162</Value>
                        </HeartRateBpm>
                    </Trackpoint>
                    <Trackpoint>
                        <Time>2026-08-27T06:21:00.000+01:00</Time>
                        <HeartRateBpm>
                            <Value>158</Value>
                        </HeartRateBpm>
                    </Trackpoint>
                    <Trackpoint>
                        <Time>2026-08-27T06:21:01.000+01:00</Time>
                        <HeartRateBpm>
                            <Value>158</Value>
                        </HeartRateBpm>
                    </Trackpoint>
                    <Trackpoint>
                        <Time>2026-08-27T06:21:02.000+01:00</Time>
                        <HeartRateBpm>
                            <Value>162</Value>
                        </HeartRateBpm>
                    </Trackpoint>
                    <Trackpoint>
                        <Time>2026-08-27T06:21:05.000+01:00</Time>
                        <HeartRateBpm>
                            <Value>162</Value>
                        </HeartRateBpm>
                    </Trackpoint>
                    <Trackpoint>
                        <Time>2026-08-27T06:21:06.000+01:00</Time>
                        <HeartRateBpm>
                            <Value>163</Value>
                        </HeartRateBpm>
                    </Trackpoint>
                    <Trackpoint>
                        <Time>2026-08-27T06:21:08.000+01:00</Time>
                        <HeartRateBpm>
                            <Value>161</Value>
                        </HeartRateBpm>
                    </Trackpoint>
                    <Trackpoint>
                        <Time>2026-08-27T06:21:10.000+01:00</Time>
                        <HeartRateBpm>
                            <Value>162</Value>
                        </HeartRateBpm>
                    </Trackpoint>
                    <Trackpoint>
                        <Time>2026-08-27T06:21:13.000+01:00</Time>
                        <HeartRateBpm>
                            <Value>162</Value>
                        </HeartRateBpm>
                    </Trackpoint>
                    <Trackpoint>
                        <Time>2026-08-27T06:21:14.000+01:00</Time>
                        <HeartRateBpm>
                            <Value>164</Value>
                        </HeartRateBpm>
                    </Trackpoint>
                    <Trackpoint>
                        <Time>2026-08-27T06:21:17.000+01:00</Time>
                        <HeartRateBpm>
                            <Value>164</Value>
                        </HeartRateBpm>
                    </Trackpoint>
                    <Trackpoint>
                        <Time>2026-08-27T06:21:18.000+01:00</Time>
                        <HeartRateBpm>
                            <Value>166</Value>
                        </HeartRateBpm>
                    </Trackpoint>
                    <Trackpoint>
                        <Time>2026-08-27T06:21:21.000+01:00</Time>
                        <HeartRateBpm>
                            <Value>166</Value>
                        </HeartRateBpm>
                    </Trackpoint>
                    <Trackpoint>
                        <Time>2026-08-27T06:21:23.000+01:00</Time>
                        <HeartRateBpm>
                            <Value>163</Value>
                        </HeartRateBpm>
                    </Trackpoint>
                    <Trackpoint>
                        <Time>2026-08-27T06:21:25.000+01:00</Time>
                        <HeartRateBpm>
                            <Value>165</Value>
                        </HeartRateBpm>
                    </Trackpoint>
                    <Trackpoint>
                        <Time>2026-08-27T06:21:27.000+01:00</Time>
                        <HeartRateBpm>
                            <Value>166</Value>
                        </HeartRateBpm>
                    </Trackpoint>
                    <Trackpoint>
                        <Time>2026-08-27T06:21:29.000+01:00</Time>
                        <HeartRateBpm>
                            <Value>165</Value>
                        </HeartRateBpm>
                    </Trackpoint>
                    <Trackpoint>
                        <Time>2026-08-27T06:21:31.000+01:00</Time>
                        <HeartRateBpm>
                            <Value>164</Value>
                        </HeartRateBpm>
                    </Trackpoint>
                    <Trackpoint>
                        <Time>2026-08-27T06:21:33.000+01:00</Time>
                        <HeartRateBpm>
                            <Value>165</Value>
                        </HeartRateBpm>
                    </Trackpoint>
                    <Trackpoint>
                        <Time>2026-08-27T06:21:35.000+01:00</Time>
                        <HeartRateBpm>
                            <Value>164</Value>
                        </HeartRateBpm>
                    </Trackpoint>
                    <Trackpoint>
                        <Time>2026-08-27T06:21:37.000+01:00</Time>
                        <HeartRateBpm>
                            <Value>165</Value>
                        </HeartRateBpm>
                    </Trackpoint>
                    <Trackpoint>
                        <Time>2026-08-27T06:21:40.000+01:00</Time>
                        <HeartRateBpm>
                            <Value>165</Value>
                        </HeartRateBpm>
                    </Trackpoint>
                    <Trackpoint>
                        <Time>2026-08-27T06:21:43.000+01:00</Time>
                        <HeartRateBpm>
                            <Value>165</Value>
                        </HeartRateBpm>
                    </Trackpoint>
                    <Trackpoint>
                        <Time>2026-08-27T06:21:44.000+01:00</Time>
                        <HeartRateBpm>
                            <Value>166</Value>
                        </HeartRateBpm>
                    </Trackpoint>
                    <Trackpoint>
                        <Time>2026-08-27T06:21:46.000+01:00</Time>
                        <HeartRateBpm>
                            <Value>165</Value>
                        </HeartRateBpm>
                    </Trackpoint>
                    <Trackpoint>
                        <Time>2026-08-27T06:21:48.000+01:00</Time>
                        <HeartRateBpm>
                            <Value>166</Value>
                        </HeartRateBpm>
                    </Trackpoint>
                    <Trackpoint>
                        <Time>2026-08-27T06:21:51.000+01:00</Time>
                        <HeartRateBpm>
                            <Value>166</Value>
                        </HeartRateBpm>
                    </Trackpoint>
                    <Trackpoint>
                        <Time>2026-08-27T06:21:54.000+01:00</Time>
                        <HeartRateBpm>
                            <Value>164</Value>
                        </HeartRateBpm>
                    </Trackpoint>
                    <Trackpoint>
                        <Time>2026-08-27T06:21:57.000+01:00</Time>
                        <HeartRateBpm>
                            <Value>164</Value>
                        </HeartRateBpm>
                    </Trackpoint>
                    <Trackpoint>
                        <Time>2026-08-27T06:21:58.000+01:00</Time>
                        <HeartRateBpm>
                            <Value>165</Value>
                        </HeartRateBpm>
                    </Trackpoint>
                    <Trackpoint>
                        <Time>2026-08-27T06:22:00.000+01:00</Time>
                        <HeartRateBpm>
                            <Value>166</Value>
                        </HeartRateBpm>
                    </Trackpoint>
                    <Trackpoint>
                        <Time>2026-08-27T06:22:03.000+01:00</Time>
                        <HeartRateBpm>
                            <Value>166</Value>
                        </HeartRateBpm>
                    </Trackpoint>
                    <Trackpoint>
                        <Time>2026-08-27T06:22:05.000+01:00</Time>
                        <HeartRateBpm>
                            <Value>165</Value>
                        </HeartRateBpm>
                    </Trackpoint>
                    <Trackpoint>
                        <Time>2026-08-27T06:22:08.000+01:00</Time>
                        <HeartRateBpm>
                            <Value>165</Value>
                        </HeartRateBpm>
                    </Trackpoint>
                    <Trackpoint>
                        <Time>2026-08-27T06:22:09.000+01:00</Time>
                        <HeartRateBpm>
                            <Value>164</Value>
                        </HeartRateBpm>
                    </Trackpoint>
                    <Trackpoint>
                        <Time>2026-08-27T06:22:12.000+01:00</Time>
                        <HeartRateBpm>
                            <Value>164</Value>
                        </HeartRateBpm>
                    </Trackpoint>
                    <Trackpoint>
                        <Time>2026-08-27T06:22:15.000+01:00</Time>
                        <HeartRateBpm>
                            <Value>165</Value>
                        </HeartRateBpm>
                    </Trackpoint>
                    <Trackpoint>
                        <Time>2026-08-27T06:22:18.000+01:00</Time>
                        <HeartRateBpm>
                            <Value>165</Value>
                        </HeartRateBpm>
                    </Trackpoint>
                    <Trackpoint>
                        <Time>2026-08-27T06:22:19.000+01:00</Time>
                        <HeartRateBpm>
                            <Value>164</Value>
                        </HeartRateBpm>
                    </Trackpoint>
                    <Trackpoint>
                        <Time>2026-08-27T06:22:21.000+01:00</Time>
                        <HeartRateBpm>
                            <Value>165</Value>
                        </HeartRateBpm>
                    </Trackpoint>
                    <Trackpoint>
                        <Time>2026-08-27T06:22:24.000+01:00</Time>
                        <HeartRateBpm>
                            <Value>165</Value>
                        </HeartRateBpm>
                    </Trackpoint>
                    <Trackpoint>
                        <Time>2026-08-27T06:22:27.000+01:00</Time>
                        <HeartRateBpm>
                            <Value>164</Value>
                        </HeartRateBpm>
                    </Trackpoint>
                    <Trackpoint>
                        <Time>2026-08-27T06:22:29.000+01:00</Time>
                        <HeartRateBpm>
                            <Value>165</Value>
                        </HeartRateBpm>
                    </Trackpoint>
                    <Trackpoint>
                        <Time>2026-08-27T06:22:31.000+01:00</Time>
                        <HeartRateBpm>
                            <Value>164</Value>
                        </HeartRateBpm>
                    </Trackpoint>
                    <Trackpoint>
                        <Time>2026-08-27T06:22:33.000+01:00</Time>
                        <HeartRateBpm>
                            <Value>162</Value>
                        </HeartRateBpm>
                    </Trackpoint>
                    <Trackpoint>
                        <Time>2026-08-27T06:22:35.000+01:00</Time>
                        <HeartRateBpm>
                            <Value>165</Value>
                        </HeartRateBpm>
                    </Trackpoint>
                    <Trackpoint>
                        <Time>2026-08-27T06:22:37.000+01:00</Time>
                        <HeartRateBpm>
                            <Value>162</Value>
                        </HeartRateBpm>
                    </Trackpoint>
                    <Trackpoint>
                        <Time>2026-08-27T06:22:39.000+01:00</Time>
                        <HeartRateBpm>
                            <Value>163</Value>
                        </HeartRateBpm>
                    </Trackpoint>
                    <Trackpoint>
                        <Time>2026-08-27T06:22:41.000+01:00</Time>
                        <HeartRateBpm>
                            <Value>158</Value>
                        </HeartRateBpm>
                    </Trackpoint>
                    <Trackpoint>
                        <Time>2026-08-27T06:22:43.000+01:00</Time>
                        <HeartRateBpm>
                            <Value>163</Value>
                        </HeartRateBpm>
                    </Trackpoint>
                    <Trackpoint>
                        <Time>2026-08-27T06:22:45.000+01:00</Time>
                        <HeartRateBpm>
                            <Value>157</Value>
                        </HeartRateBpm>
                    </Trackpoint>
                    <Trackpoint>
                        <Time>2026-08-27T06:22:47.000+01:00</Time>
                        <HeartRateBpm>
                            <Value>158</Value>
                        </HeartRateBpm>
                    </Trackpoint>
                    <Trackpoint>
                        <Time>2026-08-27T06:22:49.000+01:00</Time>
                        <HeartRateBpm>
                            <Value>157</Value>
                        </HeartRateBpm>
                    </Trackpoint>
                    <Trackpoint>
                        <Time>2026-08-27T06:22:50.000+01:00</Time>
                        <HeartRateBpm>
                            <Value>158</Value>
                        </HeartRateBpm>
                    </Trackpoint>
                    <Trackpoint>
                        <Time>2026-08-27T06:22:52.000+01:00</Time>
                        <HeartRateBpm>
                            <Value>159</Value>
                        </HeartRateBpm>
                    </Trackpoint>
                    <Trackpoint>
                        <Time>2026-08-27T06:22:54.000+01:00</Time>
                        <HeartRateBpm>
                            <Value>160</Value>
                        </HeartRateBpm>
                    </Trackpoint>
                    <Trackpoint>
                        <Time>2026-08-27T06:22:55.000+01:00</Time>
                        <HeartRateBpm>
                            <Value>160</Value>
                        </HeartRateBpm>
                    </Trackpoint>
                    <Trackpoint>
                        <Time>2026-08-27T06:22:56.000+01:00</Time>
                        <HeartRateBpm>
                            <Value>159</Value>
                        </HeartRateBpm>
                    </Trackpoint>
                    <Trackpoint>
                        <Time>2026-08-27T06:22:58.000+01:00</Time>
                        <HeartRateBpm>
                            <Value>160</Value>
                        </HeartRateBpm>
                    </Trackpoint>
                    <Trackpoint>
                        <Time>2026-08-27T06:23:01.000+01:00</Time>
                        <HeartRateBpm>
                            <Value>160</Value>
                        </HeartRateBpm>
                    </Trackpoint>
                    <Trackpoint>
                        <Time>2026-08-27T06:23:04.000+01:00</Time>
                        <HeartRateBpm>
                            <Value>159</Value>
                        </HeartRateBpm>
                    </Trackpoint>
                    <Trackpoint>
                        <Time>2026-08-27T06:23:06.000+01:00</Time>
                        <HeartRateBpm>
                            <Value>161</Value>
                        </HeartRateBpm>
                    </Trackpoint>
                    <Trackpoint>
                        <Time>2026-08-27T06:23:08.000+01:00</Time>
                        <HeartRateBpm>
                            <Value>156</Value>
                        </HeartRateBpm>
                    </Trackpoint>
                    <Trackpoint>
                        <Time>2026-08-27T06:23:10.000+01:00</Time>
                        <HeartRateBpm>
                            <Value>159</Value>
                        </HeartRateBpm>
                    </Trackpoint>
                    <Trackpoint>
                        <Time>2026-08-27T06:23:12.000+01:00</Time>
                        <HeartRateBpm>
                            <Value>155</Value>
                        </HeartRateBpm>
                    </Trackpoint>
                    <Trackpoint>
                        <Time>2026-08-27T06:23:13.000+01:00</Time>
                        <HeartRateBpm>
                            <Value>156</Value>
                        </HeartRateBpm>
                    </Trackpoint>
                    <Trackpoint>
                        <Time>2026-08-27T06:23:15.000+01:00</Time>
                        <HeartRateBpm>
                            <Value>150</Value>
                        </HeartRateBpm>
                    </Trackpoint>
                    <Trackpoint>
                        <Time>2026-08-27T06:23:17.000+01:00</Time>
                        <HeartRateBpm>
                            <Value>151</Value>
                        </HeartRateBpm>
                    </Trackpoint>
                    <Trackpoint>
                        <Time>2026-08-27T06:23:19.000+01:00</Time>
                        <HeartRateBpm>
                            <Value>152</Value>
                        </HeartRateBpm>
                    </Trackpoint>
                    <Trackpoint>
                        <Time>2026-08-27T06:23:21.000+01:00</Time>
                        <HeartRateBpm>
                            <Value>155</Value>
                        </HeartRateBpm>
                    </Trackpoint>
                    <Trackpoint>
                        <Time>2026-08-27T06:23:23.000+01:00</Time>
                        <HeartRateBpm>
                            <Value>157</Value>
                        </HeartRateBpm>
                    </Trackpoint>
                    <Trackpoint>
                        <Time>2026-08-27T06:23:25.000+01:00</Time>
                        <HeartRateBpm>
                            <Value>159</Value>
                        </HeartRateBpm>
                    </Trackpoint>
                    <Trackpoint>
                        <Time>2026-08-27T06:23:27.000+01:00</Time>
                        <HeartRateBpm>
                            <Value>158</Value>
                        </HeartRateBpm>
                    </Trackpoint>
                    <Trackpoint>
                        <Time>2026-08-27T06:23:29.000+01:00</Time>
                        <HeartRateBpm>
                            <Value>160</Value>
                        </HeartRateBpm>
                    </Trackpoint>
                    <Trackpoint>
                        <Time>2026-08-27T06:23:32.000+01:00</Time>
                        <HeartRateBpm>
                            <Value>160</Value>
                        </HeartRateBpm>
                    </Trackpoint>
                    <Trackpoint>
                        <Time>2026-08-27T06:23:33.000+01:00</Time>
                        <HeartRateBpm>
                            <Value>159</Value>
                        </HeartRateBpm>
                    </Trackpoint>
                    <Trackpoint>
                        <Time>2026-08-27T06:23:35.000+01:00</Time>
                        <HeartRateBpm>
                            <Value>155</Value>
                        </HeartRateBpm>
                    </Trackpoint>
                    <Trackpoint>
                        <Time>2026-08-27T06:23:36.000+01:00</Time>
                        <HeartRateBpm>
                            <Value>162</Value>
                        </HeartRateBpm>
                    </Trackpoint>
                    <Trackpoint>
                        <Time>2026-08-27T06:23:38.000+01:00</Time>
                        <HeartRateBpm>
                            <Value>155</Value>
                        </HeartRateBpm>
                    </Trackpoint>
                    <Trackpoint>
                        <Time>2026-08-27T06:23:40.000+01:00</Time>
                        <HeartRateBpm>
                            <Value>158</Value>
                        </HeartRateBpm>
                    </Trackpoint>
                    <Trackpoint>
                        <Time>2026-08-27T06:23:42.000+01:00</Time>
                        <HeartRateBpm>
                            <Value>157</Value>
                        </HeartRateBpm>
                    </Trackpoint>
                    <Trackpoint>
                        <Time>2026-08-27T06:23:45.000+01:00</Time>
                        <HeartRateBpm>
                            <Value>157</Value>
                        </HeartRateBpm>
                    </Trackpoint>
                    <Trackpoint>
                        <Time>2026-08-27T06:23:46.000+01:00</Time>
                        <HeartRateBpm>
                            <Value>152</Value>
                        </HeartRateBpm>
                    </Trackpoint>
                    <Trackpoint>
                        <Time>2026-08-27T06:23:47.000+01:00</Time>
                        <HeartRateBpm>
                            <Value>152</Value>
                        </HeartRateBpm>
                    </Trackpoint>
                    <Trackpoint>
                        <Time>2026-08-27T06:23:48.000+01:00</Time>
                        <HeartRateBpm>
                            <Value>154</Value>
                        </HeartRateBpm>
                    </Trackpoint>
                    <Trackpoint>
                        <Time>2026-08-27T06:23:51.000+01:00</Time>
                        <HeartRateBpm>
                            <Value>154</Value>
                        </HeartRateBpm>
                    </Trackpoint>
                    <Trackpoint>
                        <Time>2026-08-27T06:23:54.000+01:00</Time>
                        <HeartRateBpm>
                            <Value>154</Value>
                        </HeartRateBpm>
                    </Trackpoint>
                    <Trackpoint>
                        <Time>2026-08-27T06:23:56.000+01:00</Time>
                        <HeartRateBpm>
                            <Value>156</Value>
                        </HeartRateBpm>
                    </Trackpoint>
                    <Trackpoint>
                        <Time>2026-08-27T06:23:58.000+01:00</Time>
                        <HeartRateBpm>
                            <Value>152</Value>
                        </HeartRateBpm>
                    </Trackpoint>
                    <Trackpoint>
                        <Time>2026-08-27T06:24:00.000+01:00</Time>
                        <HeartRateBpm>
                            <Value>151</Value>
                        </HeartRateBpm>
                    </Trackpoint>
                    <Trackpoint>
                        <Time>2026-08-27T06:24:01.000+01:00</Time>
                        <HeartRateBpm>
                            <Value>148</Value>
                        </HeartRateBpm>
                    </Trackpoint>
                    <Trackpoint>
                        <Time>2026-08-27T06:24:03.000+01:00</Time>
                        <HeartRateBpm>
                            <Value>152</Value>
                        </HeartRateBpm>
                    </Trackpoint>
                    <Trackpoint>
                        <Time>2026-08-27T06:24:06.000+01:00</Time>
                        <HeartRateBpm>
                            <Value>152</Value>
                        </HeartRateBpm>
                    </Trackpoint>
                    <Trackpoint>
                        <Time>2026-08-27T06:24:09.000+01:00</Time>
                        <HeartRateBpm>
                            <Value>150</Value>
                        </HeartRateBpm>
                    </Trackpoint>
                    <Trackpoint>
                        <Time>2026-08-27T06:24:11.000+01:00</Time>
                        <HeartRateBpm>
                            <Value>151</Value>
                        </HeartRateBpm>
                    </Trackpoint>
                    <Trackpoint>
                        <Time>2026-08-27T06:24:13.000+01:00</Time>
                        <HeartRateBpm>
                            <Value>146</Value>
                        </HeartRateBpm>
                    </Trackpoint>
                    <Trackpoint>
                        <Time>2026-08-27T06:24:15.000+01:00</Time>
                        <HeartRateBpm>
                            <Value>144</Value>
                        </HeartRateBpm>
                    </Trackpoint>
                    <Trackpoint>
                        <Time>2026-08-27T06:24:17.000+01:00</Time>
                        <HeartRateBpm>
                            <Value>139</Value>
                        </HeartRateBpm>
                    </Trackpoint>
                    <Trackpoint>
                        <Time>2026-08-27T06:24:19.000+01:00</Time>
                        <HeartRateBpm>
                            <Value>144</Value>
                        </HeartRateBpm>
                    </Trackpoint>
                    <Trackpoint>
                        <Time>2026-08-27T06:24:21.000+01:00</Time>
                        <HeartRateBpm>
                            <Value>145</Value>
                        </HeartRateBpm>
                    </Trackpoint>
                    <Trackpoint>
                        <Time>2026-08-27T06:24:23.000+01:00</Time>
                        <HeartRateBpm>
                            <Value>148</Value>
                        </HeartRateBpm>
                    </Trackpoint>
                    <Trackpoint>
                        <Time>2026-08-27T06:24:26.000+01:00</Time>
                        <HeartRateBpm>
                            <Value>148</Value>
                        </HeartRateBpm>
                    </Trackpoint>
                    <Trackpoint>
                        <Time>2026-08-27T06:24:28.000+01:00</Time>
                        <HeartRateBpm>
                            <Value>149</Value>
                        </HeartRateBpm>
                    </Trackpoint>
                    <Trackpoint>
                        <Time>2026-08-27T06:24:31.000+01:00</Time>
                        <HeartRateBpm>
                            <Value>149</Value>
                        </HeartRateBpm>
                    </Trackpoint>
                    <Trackpoint>
                        <Time>2026-08-27T06:24:32.000+01:00</Time>
                        <HeartRateBpm>
                            <Value>148</Value>
                        </HeartRateBpm>
                    </Trackpoint>
                    <Trackpoint>
                        <Time>2026-08-27T06:24:34.000+01:00</Time>
                        <HeartRateBpm>
                            <Value>147</Value>
                        </HeartRateBpm>
                    </Trackpoint>
                    <Trackpoint>
                        <Time>2026-08-27T06:24:37.000+01:00</Time>
                        <HeartRateBpm>
                            <Value>147</Value>
                        </HeartRateBpm>
                    </Trackpoint>
                    <Trackpoint>
                        <Time>2026-08-27T06:24:38.000+01:00</Time>
                        <HeartRateBpm>
                            <Value>150</Value>
                        </HeartRateBpm>
                    </Trackpoint>
                    <Trackpoint>
                        <Time>2026-08-27T06:24:41.000+01:00</Time>
                        <HeartRateBpm>
                            <Value>150</Value>
                        </HeartRateBpm>
                    </Trackpoint>
                    <Trackpoint>
                        <Time>2026-08-27T06:24:42.000+01:00</Time>
                        <HeartRateBpm>
                            <Value>147</Value>
                        </HeartRateBpm>
                    </Trackpoint>
                    <Trackpoint>
                        <Time>2026-08-27T06:24:43.000+01:00</Time>
                        <HeartRateBpm>
                            <Value>147</Value>
                        </HeartRateBpm>
                    </Trackpoint>
                    <Trackpoint>
                        <Time>2026-08-27T06:24:44.000+01:00</Time>
                        <HeartRateBpm>
                            <Value>143</Value>
                        </HeartRateBpm>
                    </Trackpoint>
                    <Trackpoint>
                        <Time>2026-08-27T06:24:46.000+01:00</Time>
                        <HeartRateBpm>
                            <Value>141</Value>
                        </HeartRateBpm>
                    </Trackpoint>
                    <Trackpoint>
                        <Time>2026-08-27T06:24:48.000+01:00</Time>
                        <HeartRateBpm>
                            <Value>142</Value>
                        </HeartRateBpm>
                    </Trackpoint>
                    <Trackpoint>
                        <Time>2026-08-27T06:24:49.000+01:00</Time>
                        <HeartRateBpm>
                            <Value>145</Value>
                        </HeartRateBpm>
                    </Trackpoint>
                    <Trackpoint>
                        <Time>2026-08-27T06:24:51.000+01:00</Time>
                        <HeartRateBpm>
                            <Value>150</Value>
                        </HeartRateBpm>
                    </Trackpoint>
                    <Trackpoint>
                        <Time>2026-08-27T06:24:53.000+01:00</Time>
                        <HeartRateBpm>
                            <Value>149</Value>
                        </HeartRateBpm>
                    </Trackpoint>
                    <Trackpoint>
                        <Time>2026-08-27T06:24:55.000+01:00</Time>
                        <HeartRateBpm>
                            <Value>151</Value>
                        </HeartRateBpm>
                    </Trackpoint>
                    <Trackpoint>
                        <Time>2026-08-27T06:24:57.000+01:00</Time>
                        <HeartRateBpm>
                            <Value>146</Value>
                        </HeartRateBpm>
                    </Trackpoint>
                    <Trackpoint>
                        <Time>2026-08-27T06:24:59.000+01:00</Time>
                        <HeartRateBpm>
                            <Value>142</Value>
                        </HeartRateBpm>
                    </Trackpoint>
                    <Trackpoint>
                        <Time>2026-08-27T06:25:01.000+01:00</Time>
                        <HeartRateBpm>
                            <Value>139</Value>
                        </HeartRateBpm>
                    </Trackpoint>
                    <Trackpoint>
                        <Time>2026-08-27T06:25:03.000+01:00</Time>
                        <HeartRateBpm>
                            <Value>138</Value>
                        </HeartRateBpm>
                    </Trackpoint>
                    <Trackpoint>
                        <Time>2026-08-27T06:25:06.000+01:00</Time>
                        <HeartRateBpm>
                            <Value>138</Value>
                        </HeartRateBpm>
                    </Trackpoint>
                    <Trackpoint>
                        <Time>2026-08-27T06:25:07.000+01:00</Time>
                        <HeartRateBpm>
                            <Value>137</Value>
                        </HeartRateBpm>
                    </Trackpoint>
                    <Trackpoint>
                        <Time>2026-08-27T06:25:09.000+01:00</Time>
                        <HeartRateBpm>
                            <Value>136</Value>
                        </HeartRateBpm>
                    </Trackpoint>
                    <Trackpoint>
                        <Time>2026-08-27T06:25:11.000+01:00</Time>
                        <HeartRateBpm>
                            <Value>141</Value>
                        </HeartRateBpm>
                    </Trackpoint>
                    <Trackpoint>
                        <Time>2026-08-27T06:25:12.000+01:00</Time>
                        <HeartRateBpm>
                            <Value>137</Value>
                        </HeartRateBpm>
                    </Trackpoint>
                    <Trackpoint>
                        <Time>2026-08-27T06:25:14.000+01:00</Time>
                        <HeartRateBpm>
                            <Value>135</Value>
                        </HeartRateBpm>
                    </Trackpoint>
                    <Trackpoint>
                        <Time>2026-08-27T06:25:16.000+01:00</Time>
                        <HeartRateBpm>
                            <Value>131</Value>
                        </HeartRateBpm>
                    </Trackpoint>
                    <Trackpoint>
                        <Time>2026-08-27T06:25:19.000+01:00</Time>
                        <HeartRateBpm>
                            <Value>131</Value>
                        </HeartRateBpm>
                    </Trackpoint>
                    <Trackpoint>
                        <Time>2026-08-27T06:25:20.000+01:00</Time>
                        <HeartRateBpm>
                            <Value>129</Value>
                        </HeartRateBpm>
                    </Trackpoint>
                    <Trackpoint>
                        <Time>2026-08-27T06:25:22.000+01:00</Time>
                        <HeartRateBpm>
                            <Value>131</Value>
                        </HeartRateBpm>
                    </Trackpoint>
                    <Trackpoint>
                        <Time>2026-08-27T06:25:24.000+01:00</Time>
                        <HeartRateBpm>
                            <Value>129</Value>
                        </HeartRateBpm>
                    </Trackpoint>
                    <Trackpoint>
                        <Time>2026-08-27T06:25:26.000+01:00</Time>
                        <HeartRateBpm>
                            <Value>131</Value>
                        </HeartRateBpm>
                    </Trackpoint>
                    <Trackpoint>
                        <Time>2026-08-27T06:25:28.000+01:00</Time>
                        <HeartRateBpm>
                            <Value>129</Value>
                        </HeartRateBpm>
                    </Trackpoint>
                    <Trackpoint>
                        <Time>2026-08-27T06:25:31.000+01:00</Time>
                        <HeartRateBpm>
                            <Value>129</Value>
                        </HeartRateBpm>
                    </Trackpoint>
                    <Trackpoint>
                        <Time>2026-08-27T06:25:32.000+01:00</Time>
                        <HeartRateBpm>
                            <Value>128</Value>
                        </HeartRateBpm>
                    </Trackpoint>
                    <Trackpoint>
                        <Time>2026-08-27T06:25:33.000+01:00</Time>
                        <HeartRateBpm>
                            <Value>128</Value>
                        </HeartRateBpm>
                    </Trackpoint>
                    <Trackpoint>
                        <Time>2026-08-27T06:25:34.000+01:00</Time>
                        <HeartRateBpm>
                            <Value>130</Value>
                        </HeartRateBpm>
                    </Trackpoint>
                    <Trackpoint>
                        <Time>2026-08-27T06:25:37.000+01:00</Time>
                        <HeartRateBpm>
                            <Value>132</Value>
                        </HeartRateBpm>
                    </Trackpoint>
                    <Trackpoint>
                        <Time>2026-08-27T06:25:39.000+01:00</Time>
                        <HeartRateBpm>
                            <Value>130</Value>
                        </HeartRateBpm>
                    </Trackpoint>
                    <Trackpoint>
                        <Time>2026-08-27T06:25:41.000+01:00</Time>
                        <HeartRateBpm>
                            <Value>133</Value>
                        </HeartRateBpm>
                    </Trackpoint>
                    <Trackpoint>
                        <Time>2026-08-27T06:25:43.000+01:00</Time>
                        <HeartRateBpm>
                            <Value>134</Value>
                        </HeartRateBpm>
                    </Trackpoint>
                    <Trackpoint>
                        <Time>2026-08-27T06:25:45.000+01:00</Time>
                        <HeartRateBpm>
                            <Value>131</Value>
                        </HeartRateBpm>
                    </Trackpoint>
                    <Trackpoint>
                        <Time>2026-08-27T06:25:47.000+01:00</Time>
                        <HeartRateBpm>
                            <Value>130</Value>
                        </HeartRateBpm>
                    </Trackpoint>
                    <Trackpoint>
                        <Time>2026-08-27T06:25:49.000+01:00</Time>
                        <HeartRateBpm>
                            <Value>137</Value>
                        </HeartRateBpm>
                    </Trackpoint>
                    <Trackpoint>
                        <Time>2026-08-27T06:25:51.000+01:00</Time>
                        <HeartRateBpm>
                            <Value>134</Value>
                        </HeartRateBpm>
                    </Trackpoint>
                    <Trackpoint>
                        <Time>2026-08-27T06:25:53.000+01:00</Time>
                        <HeartRateBpm>
                            <Value>136</Value>
                        </HeartRateBpm>
                    </Trackpoint>
                    <Trackpoint>
                        <Time>2026-08-27T06:25:55.000+01:00</Time>
                        <HeartRateBpm>
                            <Value>137</Value>
                        </HeartRateBpm>
                    </Trackpoint>
                    <Trackpoint>
                        <Time>2026-08-27T06:25:57.000+01:00</Time>
                        <HeartRateBpm>
                            <Value>140</Value>
                        </HeartRateBpm>
                    </Trackpoint>
                    <Trackpoint>
                        <Time>2026-08-27T06:25:59.000+01:00</Time>
                        <HeartRateBpm>
                            <Value>141</Value>
                        </HeartRateBpm>
                    </Trackpoint>
                    <Trackpoint>
                        <Time>2026-08-27T06:26:00.000+01:00</Time>
                        <HeartRateBpm>
                            <Value>141</Value>
                        </HeartRateBpm>
                    </Trackpoint>
                    <Trackpoint>
                        <Time>2026-08-27T06:26:02.000+01:00</Time>
                        <HeartRateBpm>
                            <Value>140</Value>
                        </HeartRateBpm>
                    </Trackpoint>
                    <Trackpoint>
                        <Time>2026-08-27T06:26:04.000+01:00</Time>
                        <HeartRateBpm>
                            <Value>143</Value>
                        </HeartRateBpm>
                    </Trackpoint>
                    <Trackpoint>
                        <Time>2026-08-27T06:26:06.000+01:00</Time>
                        <HeartRateBpm>
                            <Value>145</Value>
                        </HeartRateBpm>
                    </Trackpoint>
                    <Trackpoint>
                        <Time>2026-08-27T06:26:08.000+01:00</Time>
                        <HeartRateBpm>
                            <Value>146</Value>
                        </HeartRateBpm>
                    </Trackpoint>
                    <Trackpoint>
                        <Time>2026-08-27T06:26:10.000+01:00</Time>
                        <HeartRateBpm>
                            <Value>145</Value>
                        </HeartRateBpm>
                    </Trackpoint>
                    <Trackpoint>
                        <Time>2026-08-27T06:26:12.000+01:00</Time>
                        <HeartRateBpm>
                            <Value>148</Value>
                        </HeartRateBpm>
                    </Trackpoint>
                    <Trackpoint>
                        <Time>2026-08-27T06:26:14.000+01:00</Time>
                        <HeartRateBpm>
                            <Value>149</Value>
                        </HeartRateBpm>
                    </Trackpoint>
                    <Trackpoint>
                        <Time>2026-08-27T06:26:16.000+01:00</Time>
                        <HeartRateBpm>
                            <Value>148</Value>
                        </HeartRateBpm>
                    </Trackpoint>
                    <Trackpoint>
                        <Time>2026-08-27T06:26:18.000+01:00</Time>
                        <HeartRateBpm>
                            <Value>146</Value>
                        </HeartRateBpm>
                    </Trackpoint>
                    <Trackpoint>
                        <Time>2026-08-27T06:26:20.000+01:00</Time>
                        <HeartRateBpm>
                            <Value>147</Value>
                        </HeartRateBpm>
                    </Trackpoint>
                    <Trackpoint>
                        <Time>2026-08-27T06:26:22.000+01:00</Time>
                        <HeartRateBpm>
                            <Value>146</Value>
                        </HeartRateBpm>
                    </Trackpoint>
                    <Trackpoint>
                        <Time>2026-08-27T06:26:24.000+01:00</Time>
                        <HeartRateBpm>
                            <Value>146</Value>
                        </HeartRateBpm>
                    </Trackpoint>
                    <Trackpoint>
                        <Time>2026-08-27T06:26:25.000+01:00</Time>
                        <HeartRateBpm>
                            <Value>146</Value>
                        </HeartRateBpm>
                    </Trackpoint>
                    <Trackpoint>
                        <Time>2026-08-27T06:26:27.000+01:00</Time>
                        <HeartRateBpm>
                            <Value>146</Value>
                        </HeartRateBpm>
                    </Trackpoint>
                    <Trackpoint>
                        <Time>2026-08-27T06:26:29.000+01:00</Time>
                        <HeartRateBpm>
                            <Value>145</Value>
                        </HeartRateBpm>
                    </Trackpoint>
                    <Trackpoint>
                        <Time>2026-08-27T06:26:31.000+01:00</Time>
                        <HeartRateBpm>
                            <Value>142</Value>
                        </HeartRateBpm>
                    </Trackpoint>
                    <Trackpoint>
                        <Time>2026-08-27T06:26:33.000+01:00</Time>
                        <HeartRateBpm>
                            <Value>142</Value>
                        </HeartRateBpm>
                    </Trackpoint>
                    <Trackpoint>
                        <Time>2026-08-27T06:26:35.000+01:00</Time>
                        <HeartRateBpm>
                            <Value>147</Value>
                        </HeartRateBpm>
                    </Trackpoint>
                    <Trackpoint>
                        <Time>2026-08-27T06:26:37.000+01:00</Time>
                        <HeartRateBpm>
                            <Value>144</Value>
                        </HeartRateBpm>
                    </Trackpoint>
                    <Trackpoint>
                        <Time>2026-08-27T06:26:39.000+01:00</Time>
                        <HeartRateBpm>
                            <Value>142</Value>
                        </HeartRateBpm>
                    </Trackpoint>
                    <Trackpoint>
                        <Time>2026-08-27T06:26:41.000+01:00</Time>
                        <HeartRateBpm>
                            <Value>140</Value>
                        </HeartRateBpm>
                    </Trackpoint>
                    <Trackpoint>
                        <Time>2026-08-27T06:26:43.000+01:00</Time>
                        <HeartRateBpm>
                            <Value>148</Value>
                        </HeartRateBpm>
                    </Trackpoint>
                    <Trackpoint>
                        <Time>2026-08-27T06:26:45.000+01:00</Time>
                        <HeartRateBpm>
                            <Value>150</Value>
                        </HeartRateBpm>
                    </Trackpoint>
                    <Trackpoint>
                        <Time>2026-08-27T06:26:47.000+01:00</Time>
                        <HeartRateBpm>
                            <Value>144</Value>
                        </HeartRateBpm>
                    </Trackpoint>
                    <Trackpoint>
                        <Time>2026-08-27T06:26:48.000+01:00</Time>
                        <HeartRateBpm>
                            <Value>145</Value>
                        </HeartRateBpm>
                    </Trackpoint>
                    <Trackpoint>
                        <Time>2026-08-27T06:26:50.000+01:00</Time>
                        <HeartRateBpm>
                            <Value>148</Value>
                        </HeartRateBpm>
                    </Trackpoint>
                    <Trackpoint>
                        <Time>2026-08-27T06:26:52.000+01:00</Time>
                        <HeartRateBpm>
                            <Value>148</Value>
                        </HeartRateBpm>
                    </Trackpoint>
                    <Trackpoint>
                        <Time>2026-08-27T06:26:54.000+01:00</Time>
                        <HeartRateBpm>
                            <Value>150</Value>
                        </HeartRateBpm>
                    </Trackpoint>
                    <Trackpoint>
                        <Time>2026-08-27T06:26:56.000+01:00</Time>
                        <HeartRateBpm>
                            <Value>152</Value>
                        </HeartRateBpm>
                    </Trackpoint>
                    <Trackpoint>
                        <Time>2026-08-27T06:26:58.000+01:00</Time>
                        <HeartRateBpm>
                            <Value>155</Value>
                        </HeartRateBpm>
                    </Trackpoint>
                    <Trackpoint>
                        <Time>2026-08-27T06:27:01.000+01:00</Time>
                        <HeartRateBpm>
                            <Value>155</Value>
                        </HeartRateBpm>
                    </Trackpoint>
                    <Trackpoint>
                        <Time>2026-08-27T06:27:04.000+01:00</Time>
                        <HeartRateBpm>
                            <Value>152</Value>
                        </HeartRateBpm>
                    </Trackpoint>
                    <Trackpoint>
                        <Time>2026-08-27T06:27:06.000+01:00</Time>
                        <HeartRateBpm>
                            <Value>151</Value>
                        </HeartRateBpm>
                    </Trackpoint>
                    <Trackpoint>
                        <Time>2026-08-27T06:27:08.000+01:00</Time>
                        <HeartRateBpm>
                            <Value>151</Value>
                        </HeartRateBpm>
                    </Trackpoint>
                    <Trackpoint>
                        <Time>2026-08-27T06:27:10.000+01:00</Time>
                        <HeartRateBpm>
                            <Value>152</Value>
                        </HeartRateBpm>
                    </Trackpoint>
                    <Trackpoint>
                        <Time>2026-08-27T06:27:11.000+01:00</Time>
                        <HeartRateBpm>
                            <Value>154</Value>
                        </HeartRateBpm>
                    </Trackpoint>
                    <Trackpoint>
                        <Time>2026-08-27T06:27:13.000+01:00</Time>
                        <HeartRateBpm>
                            <Value>156</Value>
                        </HeartRateBpm>
                    </Trackpoint>
                    <Trackpoint>
                        <Time>2026-08-27T06:27:15.000+01:00</Time>
                        <HeartRateBpm>
                            <Value>158</Value>
                        </HeartRateBpm>
                    </Trackpoint>
                    <Trackpoint>
                        <Time>2026-08-27T06:27:16.000+01:00</Time>
                        <HeartRateBpm>
                            <Value>158</Value>
                        </HeartRateBpm>
                    </Trackpoint>
                    <Trackpoint>
                        <Time>2026-08-27T06:27:17.000+01:00</Time>
                        <HeartRateBpm>
                            <Value>160</Value>
                        </HeartRateBpm>
                    </Trackpoint>
                    <Trackpoint>
                        <Time>2026-08-27T06:27:19.000+01:00</Time>
                        <HeartRateBpm>
                            <Value>158</Value>
                        </HeartRateBpm>
                    </Trackpoint>
                    <Trackpoint>
                        <Time>2026-08-27T06:27:22.000+01:00</Time>
                        <HeartRateBpm>
                            <Value>158</Value>
                        </HeartRateBpm>
                    </Trackpoint>
                    <Trackpoint>
                        <Time>2026-08-27T06:27:23.000+01:00</Time>
                        <HeartRateBpm>
                            <Value>152</Value>
                        </HeartRateBpm>
                    </Trackpoint>
                    <Trackpoint>
                        <Time>2026-08-27T06:27:25.000+01:00</Time>
                        <HeartRateBpm>
                            <Value>157</Value>
                        </HeartRateBpm>
                    </Trackpoint>
                    <Trackpoint>
                        <Time>2026-08-27T06:27:27.000+01:00</Time>
                        <HeartRateBpm>
                            <Value>158</Value>
                        </HeartRateBpm>
                    </Trackpoint>
                    <Trackpoint>
                        <Time>2026-08-27T06:27:29.000+01:00</Time>
                        <HeartRateBpm>
                            <Value>159</Value>
                        </HeartRateBpm>
                    </Trackpoint>
                    <Trackpoint>
                        <Time>2026-08-27T06:27:31.000+01:00</Time>
                        <HeartRateBpm>
                            <Value>152</Value>
                        </HeartRateBpm>
                    </Trackpoint>
                    <Trackpoint>
                        <Time>2026-08-27T06:27:33.000+01:00</Time>
                        <HeartRateBpm>
                            <Value>154</Value>
                        </HeartRateBpm>
                    </Trackpoint>
                    <Trackpoint>
                        <Time>2026-08-27T06:27:34.000+01:00</Time>
                        <HeartRateBpm>
                            <Value>154</Value>
                        </HeartRateBpm>
                    </Trackpoint>
                    <Trackpoint>
                        <Time>2026-08-27T06:27:37.000+01:00</Time>
                        <HeartRateBpm>
                            <Value>154</Value>
                        </HeartRateBpm>
                    </Trackpoint>
                    <Trackpoint>
                        <Time>2026-08-27T06:27:38.000+01:00</Time>
                        <HeartRateBpm>
                            <Value>150</Value>
                        </HeartRateBpm>
                    </Trackpoint>
                    <Trackpoint>
                        <Time>2026-08-27T06:27:40.000+01:00</Time>
                        <HeartRateBpm>
                            <Value>149</Value>
                        </HeartRateBpm>
                    </Trackpoint>
                    <Trackpoint>
                        <Time>2026-08-27T06:27:42.000+01:00</Time>
                        <HeartRateBpm>
                            <Value>148</Value>
                        </HeartRateBpm>
                    </Trackpoint>
                    <Trackpoint>
                        <Time>2026-08-27T06:27:45.000+01:00</Time>
                        <HeartRateBpm>
                            <Value>148</Value>
                        </HeartRateBpm>
                    </Trackpoint>
                    <Trackpoint>
                        <Time>2026-08-27T06:27:46.000+01:00</Time>
                        <HeartRateBpm>
                            <Value>146</Value>
                        </HeartRateBpm>
                    </Trackpoint>
                    <Trackpoint>
                        <Time>2026-08-27T06:27:48.000+01:00</Time>
                        <HeartRateBpm>
                            <Value>146</Value>
                        </HeartRateBpm>
                    </Trackpoint>
                    <Trackpoint>
                        <Time>2026-08-27T06:27:50.000+01:00</Time>
                        <HeartRateBpm>
                            <Value>146</Value>
                        </HeartRateBpm>
                    </Trackpoint>
                    <Trackpoint>
                        <Time>2026-08-27T06:27:52.000+01:00</Time>
                        <HeartRateBpm>
                            <Value>148</Value>
                        </HeartRateBpm>
                    </Trackpoint>
                    <Trackpoint>
                        <Time>2026-08-27T06:27:54.000+01:00</Time>
                        <HeartRateBpm>
                            <Value>147</Value>
                        </HeartRateBpm>
                    </Trackpoint>
                    <Trackpoint>
                        <Time>2026-08-27T06:27:56.000+01:00</Time>
                        <HeartRateBpm>
                            <Value>148</Value>
                        </HeartRateBpm>
                    </Trackpoint>
                    <Trackpoint>
                        <Time>2026-08-27T06:27:58.000+01:00</Time>
                        <HeartRateBpm>
                            <Value>150</Value>
                        </HeartRateBpm>
                    </Trackpoint>
                    <Trackpoint>
                        <Time>2026-08-27T06:28:00.000+01:00</Time>
                        <HeartRateBpm>
                            <Value>152</Value>
                        </HeartRateBpm>
                    </Trackpoint>
                    <Trackpoint>
                        <Time>2026-08-27T06:28:03.000+01:00</Time>
                        <HeartRateBpm>
                            <Value>153</Value>
                        </HeartRateBpm>
                    </Trackpoint>
                    <Trackpoint>
                        <Time>2026-08-27T06:28:06.000+01:00</Time>
                        <HeartRateBpm>
                            <Value>153</Value>
                        </HeartRateBpm>
                    </Trackpoint>
                    <Trackpoint>
                        <Time>2026-08-27T06:28:07.000+01:00</Time>
                        <HeartRateBpm>
                            <Value>154</Value>
                        </HeartRateBpm>
                    </Trackpoint>
                    <Trackpoint>
                        <Time>2026-08-27T06:28:08.000+01:00</Time>
                        <HeartRateBpm>
                            <Value>154</Value>
                        </HeartRateBpm>
                    </Trackpoint>
                    <Trackpoint>
                        <Time>2026-08-27T06:28:11.000+01:00</Time>
                        <HeartRateBpm>
                            <Value>154</Value>
                        </HeartRateBpm>
                    </Trackpoint>
                    <Trackpoint>
                        <Time>2026-08-27T06:28:13.000+01:00</Time>
                        <HeartRateBpm>
                            <Value>151</Value>
                        </HeartRateBpm>
                    </Trackpoint>
                    <Trackpoint>
                        <Time>2026-08-27T06:28:15.000+01:00</Time>
                        <HeartRateBpm>
                            <Value>154</Value>
                        </HeartRateBpm>
                    </Trackpoint>
                    <Trackpoint>
                        <Time>2026-08-27T06:28:17.000+01:00</Time>
                        <HeartRateBpm>
                            <Value>153</Value>
                        </HeartRateBpm>
                    </Trackpoint>
                    <Trackpoint>
                        <Time>2026-08-27T06:28:19.000+01:00</Time>
                        <HeartRateBpm>
                            <Value>152</Value>
                        </HeartRateBpm>
                    </Trackpoint>
                    <Trackpoint>
                        <Time>2026-08-27T06:28:20.000+01:00</Time>
                        <HeartRateBpm>
                            <Value>149</Value>
                        </HeartRateBpm>
                    </Trackpoint>
                    <Trackpoint>
                        <Time>2026-08-27T06:28:22.000+01:00</Time>
                        <HeartRateBpm>
                            <Value>151</Value>
                        </HeartRateBpm>
                    </Trackpoint>
                    <Trackpoint>
                        <Time>2026-08-27T06:28:24.000+01:00</Time>
                        <HeartRateBpm>
                            <Value>150</Value>
                        </HeartRateBpm>
                    </Trackpoint>
                    <Trackpoint>
                        <Time>2026-08-27T06:28:25.000+01:00</Time>
                        <HeartRateBpm>
                            <Value>149</Value>
                        </HeartRateBpm>
                    </Trackpoint>
                    <Trackpoint>
                        <Time>2026-08-27T06:28:27.000+01:00</Time>
                        <HeartRateBpm>
                            <Value>151</Value>
                        </HeartRateBpm>
                    </Trackpoint>
                    <Trackpoint>
                        <Time>2026-08-27T06:28:29.000+01:00</Time>
                        <HeartRateBpm>
                            <Value>152</Value>
                        </HeartRateBpm>
                    </Trackpoint>
                    <Trackpoint>
                        <Time>2026-08-27T06:28:31.000+01:00</Time>
                        <HeartRateBpm>
                            <Value>151</Value>
                        </HeartRateBpm>
                    </Trackpoint>
                    <Trackpoint>
                        <Time>2026-08-27T06:28:33.000+01:00</Time>
                        <HeartRateBpm>
                            <Value>152</Value>
                        </HeartRateBpm>
                    </Trackpoint>
                    <Trackpoint>
                        <Time>2026-08-27T06:28:35.000+01:00</Time>
                        <HeartRateBpm>
                            <Value>153</Value>
                        </HeartRateBpm>
                    </Trackpoint>
                    <Trackpoint>
                        <Time>2026-08-27T06:28:37.000+01:00</Time>
                        <HeartRateBpm>
                            <Value>155</Value>
                        </HeartRateBpm>
                    </Trackpoint>
                    <Trackpoint>
                        <Time>2026-08-27T06:28:39.000+01:00</Time>
                        <HeartRateBpm>
                            <Value>153</Value>
                        </HeartRateBpm>
                    </Trackpoint>
                    <Trackpoint>
                        <Time>2026-08-27T06:28:41.000+01:00</Time>
                        <HeartRateBpm>
                            <Value>154</Value>
                        </HeartRateBpm>
                    </Trackpoint>
                    <Trackpoint>
                        <Time>2026-08-27T06:28:43.000+01:00</Time>
                        <HeartRateBpm>
                            <Value>155</Value>
                        </HeartRateBpm>
                    </Trackpoint>
                    <Trackpoint>
                        <Time>2026-08-27T06:28:45.000+01:00</Time>
                        <HeartRateBpm>
                            <Value>156</Value>
                        </HeartRateBpm>
                    </Trackpoint>
                    <Trackpoint>
                        <Time>2026-08-27T06:28:47.000+01:00</Time>
                        <HeartRateBpm>
                            <Value>157</Value>
                        </HeartRateBpm>
                    </Trackpoint>
                    <Trackpoint>
                        <Time>2026-08-27T06:28:49.000+01:00</Time>
                        <HeartRateBpm>
                            <Value>157</Value>
                        </HeartRateBpm>
                    </Trackpoint>
                    <Trackpoint>
                        <Time>2026-08-27T06:28:50.000+01:00</Time>
                        <HeartRateBpm>
                            <Value>155</Value>
                        </HeartRateBpm>
                    </Trackpoint>
                    <Trackpoint>
                        <Time>2026-08-27T06:28:52.000+01:00</Time>
                        <HeartRateBpm>
                            <Value>158</Value>
                        </HeartRateBpm>
                    </Trackpoint>
                    <Trackpoint>
                        <Time>2026-08-27T06:28:54.000+01:00</Time>
                        <HeartRateBpm>
                            <Value>153</Value>
                        </HeartRateBpm>
                    </Trackpoint>
                    <Trackpoint>
                        <Time>2026-08-27T06:28:56.000+01:00</Time>
                        <HeartRateBpm>
                            <Value>154</Value>
                        </HeartRateBpm>
                    </Trackpoint>
                    <Trackpoint>
                        <Time>2026-08-27T06:28:58.000+01:00</Time>
                        <HeartRateBpm>
                            <Value>155</Value>
                        </HeartRateBpm>
                    </Trackpoint>
                    <Trackpoint>
                        <Time>2026-08-27T06:28:59.000+01:00</Time>
                        <HeartRateBpm>
                            <Value>155</Value>
                        </HeartRateBpm>
                    </Trackpoint>
                    <Trackpoint>
                        <Time>2026-08-27T06:29:00.000+01:00</Time>
                        <HeartRateBpm>
                            <Value>158</Value>
                        </HeartRateBpm>
                    </Trackpoint>
                    <Trackpoint>
                        <Time>2026-08-27T06:29:02.000+01:00</Time>
                        <HeartRateBpm>
                            <Value>159</Value>
                        </HeartRateBpm>
                    </Trackpoint>
                    <Trackpoint>
                        <Time>2026-08-27T06:29:04.000+01:00</Time>
                        <HeartRateBpm>
                            <Value>161</Value>
                        </HeartRateBpm>
                    </Trackpoint>
                    <Trackpoint>
                        <Time>2026-08-27T06:29:06.000+01:00</Time>
                        <HeartRateBpm>
                            <Value>160</Value>
                        </HeartRateBpm>
                    </Trackpoint>
                    <Trackpoint>
                        <Time>2026-08-27T06:29:08.000+01:00</Time>
                        <HeartRateBpm>
                            <Value>162</Value>
                        </HeartRateBpm>
                    </Trackpoint>
                    <Trackpoint>
                        <Time>2026-08-27T06:29:10.000+01:00</Time>
                        <HeartRateBpm>
                            <Value>161</Value>
                        </HeartRateBpm>
                    </Trackpoint>
                    <Trackpoint>
                        <Time>2026-08-27T06:29:12.000+01:00</Time>
                        <HeartRateBpm>
                            <Value>162</Value>
                        </HeartRateBpm>
                    </Trackpoint>
                    <Trackpoint>
                        <Time>2026-08-27T06:29:14.000+01:00</Time>
                        <HeartRateBpm>
                            <Value>161</Value>
                        </HeartRateBpm>
                    </Trackpoint>
                    <Trackpoint>
                        <Time>2026-08-27T06:29:16.000+01:00</Time>
                        <HeartRateBpm>
                            <Value>162</Value>
                        </HeartRateBpm>
                    </Trackpoint>
                    <Trackpoint>
                        <Time>2026-08-27T06:29:17.000+01:00</Time>
                        <HeartRateBpm>
                            <Value>160</Value>
                        </HeartRateBpm>
                    </Trackpoint>
                    <Trackpoint>
                        <Time>2026-08-27T06:29:19.000+01:00</Time>
                        <HeartRateBpm>
                            <Value>161</Value>
                        </HeartRateBpm>
                    </Trackpoint>
                    <Trackpoint>
                        <Time>2026-08-27T06:29:21.000+01:00</Time>
                        <HeartRateBpm>
                            <Value>160</Value>
                        </HeartRateBpm>
                    </Trackpoint>
                    <Trackpoint>
                        <Time>2026-08-27T06:29:23.000+01:00</Time>
                        <HeartRateBpm>
                            <Value>163</Value>
                        </HeartRateBpm>
                    </Trackpoint>
                    <Trackpoint>
                        <Time>2026-08-27T06:29:25.000+01:00</Time>
                        <HeartRateBpm>
                            <Value>160</Value>
                        </HeartRateBpm>
                    </Trackpoint>
                    <Trackpoint>
                        <Time>2026-08-27T06:29:27.000+01:00</Time>
                        <HeartRateBpm>
                            <Value>161</Value>
                        </HeartRateBpm>
                    </Trackpoint>
                    <Trackpoint>
                        <Time>2026-08-27T06:29:29.000+01:00</Time>
                        <HeartRateBpm>
                            <Value>160</Value>
                        </HeartRateBpm>
                    </Trackpoint>
                    <Trackpoint>
                        <Time>2026-08-27T06:29:31.000+01:00</Time>
                        <HeartRateBpm>
                            <Value>162</Value>
                        </HeartRateBpm>
                    </Trackpoint>
                    <Trackpoint>
                        <Time>2026-08-27T06:29:33.000+01:00</Time>
                        <HeartRateBpm>
                            <Value>159</Value>
                        </HeartRateBpm>
                    </Trackpoint>
                    <Trackpoint>
                        <Time>2026-08-27T06:29:35.000+01:00</Time>
                        <HeartRateBpm>
                            <Value>163</Value>
                        </HeartRateBpm>
                    </Trackpoint>
                    <Trackpoint>
                        <Time>2026-08-27T06:29:38.000+01:00</Time>
                        <HeartRateBpm>
                            <Value>164</Value>
                        </HeartRateBpm>
                    </Trackpoint>
                    <Trackpoint>
                        <Time>2026-08-27T06:29:40.000+01:00</Time>
                        <HeartRateBpm>
                            <Value>160</Value>
                        </HeartRateBpm>
                    </Trackpoint>
                    <Trackpoint>
                        <Time>2026-08-27T06:29:43.000+01:00</Time>
                        <HeartRateBpm>
                            <Value>160</Value>
                        </HeartRateBpm>
                    </Trackpoint>
                    <Trackpoint>
                        <Time>2026-08-27T06:29:44.000+01:00</Time>
                        <HeartRateBpm>
                            <Value>158</Value>
                        </HeartRateBpm>
                    </Trackpoint>
                    <Trackpoint>
                        <Time>2026-08-27T06:29:46.000+01:00</Time>
                        <HeartRateBpm>
                            <Value>154</Value>
                        </HeartRateBpm>
                    </Trackpoint>
                    <Trackpoint>
                        <Time>2026-08-27T06:29:49.000+01:00</Time>
                        <HeartRateBpm>
                            <Value>154</Value>
                        </HeartRateBpm>
                    </Trackpoint>
                    <Trackpoint>
                        <Time>2026-08-27T06:29:50.000+01:00</Time>
                        <HeartRateBpm>
                            <Value>149</Value>
                        </HeartRateBpm>
                    </Trackpoint>
                    <Trackpoint>
                        <Time>2026-08-27T06:29:51.000+01:00</Time>
                        <HeartRateBpm>
                            <Value>149</Value>
                        </HeartRateBpm>
                    </Trackpoint>
                    <Trackpoint>
                        <Time>2026-08-27T06:29:52.000+01:00</Time>
                        <HeartRateBpm>
                            <Value>148</Value>
                        </HeartRateBpm>
                    </Trackpoint>
                    <Trackpoint>
                        <Time>2026-08-27T06:29:55.000+01:00</Time>
                        <HeartRateBpm>
                            <Value>148</Value>
                        </HeartRateBpm>
                    </Trackpoint>
                    <Trackpoint>
                        <Time>2026-08-27T06:29:56.000+01:00</Time>
                        <HeartRateBpm>
                            <Value>144</Value>
                        </HeartRateBpm>
                    </Trackpoint>
                    <Trackpoint>
                        <Time>2026-08-27T06:29:58.000+01:00</Time>
                        <HeartRateBpm>
                            <Value>143</Value>
                        </HeartRateBpm>
                    </Trackpoint>
                    <Trackpoint>
                        <Time>2026-08-27T06:30:00.000+01:00</Time>
                        <HeartRateBpm>
                            <Value>139</Value>
                        </HeartRateBpm>
                    </Trackpoint>
                    <Trackpoint>
                        <Time>2026-08-27T06:30:03.000+01:00</Time>
                        <HeartRateBpm>
                            <Value>139</Value>
                        </HeartRateBpm>
                    </Trackpoint>
                    <Trackpoint>
                        <Time>2026-08-27T06:30:05.000+01:00</Time>
                        <HeartRateBpm>
                            <Value>146</Value>
                        </HeartRateBpm>
                    </Trackpoint>
                    <Trackpoint>
                        <Time>2026-08-27T06:30:07.000+01:00</Time>
                        <HeartRateBpm>
                            <Value>150</Value>
                        </HeartRateBpm>
                    </Trackpoint>
                    <Trackpoint>
                        <Time>2026-08-27T06:30:09.000+01:00</Time>
                        <HeartRateBpm>
                            <Value>154</Value>
                        </HeartRateBpm>
                    </Trackpoint>
                    <Trackpoint>
                        <Time>2026-08-27T06:30:11.000+01:00</Time>
                        <HeartRateBpm>
                            <Value>156</Value>
                        </HeartRateBpm>
                    </Trackpoint>
                    <Trackpoint>
                        <Time>2026-08-27T06:30:13.000+01:00</Time>
                        <HeartRateBpm>
                            <Value>159</Value>
                        </HeartRateBpm>
                    </Trackpoint>
                    <Trackpoint>
                        <Time>2026-08-27T06:30:16.000+01:00</Time>
                        <HeartRateBpm>
                            <Value>158</Value>
                        </HeartRateBpm>
                    </Trackpoint>
                    <Trackpoint>
                        <Time>2026-08-27T06:30:18.000+01:00</Time>
                        <HeartRateBpm>
                            <Value>157</Value>
                        </HeartRateBpm>
                    </Trackpoint>
                    <Trackpoint>
                        <Time>2026-08-27T06:30:20.000+01:00</Time>
                        <HeartRateBpm>
                            <Value>156</Value>
                        </HeartRateBpm>
                    </Trackpoint>
                    <Trackpoint>
                        <Time>2026-08-27T06:30:22.000+01:00</Time>
                        <HeartRateBpm>
                            <Value>152</Value>
                        </HeartRateBpm>
                    </Trackpoint>
                    <Trackpoint>
                        <Time>2026-08-27T06:30:24.000+01:00</Time>
                        <HeartRateBpm>
                            <Value>150</Value>
                        </HeartRateBpm>
                    </Trackpoint>
                    <Trackpoint>
                        <Time>2026-08-27T06:30:25.000+01:00</Time>
                        <HeartRateBpm>
                            <Value>148</Value>
                        </HeartRateBpm>
                    </Trackpoint>
                    <Trackpoint>
                        <Time>2026-08-27T06:30:28.000+01:00</Time>
                        <HeartRateBpm>
                            <Value>142</Value>
                        </HeartRateBpm>
                    </Trackpoint>
                    <Trackpoint>
                        <Time>2026-08-27T06:30:29.000+01:00</Time>
                        <HeartRateBpm>
                            <Value>137</Value>
                        </HeartRateBpm>
                    </Trackpoint>
                    <Trackpoint>
                        <Time>2026-08-27T06:30:31.000+01:00</Time>
                        <HeartRateBpm>
                            <Value>134</Value>
                        </HeartRateBpm>
                    </Trackpoint>
                    <Trackpoint>
                        <Time>2026-08-27T06:30:32.000+01:00</Time>
                        <HeartRateBpm>
                            <Value>132</Value>
                        </HeartRateBpm>
                    </Trackpoint>
                    <Trackpoint>
                        <Time>2026-08-27T06:30:34.000+01:00</Time>
                        <HeartRateBpm>
                            <Value>131</Value>
                        </HeartRateBpm>
                    </Trackpoint>
                    <Trackpoint>
                        <Time>2026-08-27T06:30:36.000+01:00</Time>
                        <HeartRateBpm>
                            <Value>130</Value>
                        </HeartRateBpm>
                    </Trackpoint>
                    <Trackpoint>
                        <Time>2026-08-27T06:30:39.000+01:00</Time>
                        <HeartRateBpm>
                            <Value>130</Value>
                        </HeartRateBpm>
                    </Trackpoint>
                    <Trackpoint>
                        <Time>2026-08-27T06:30:42.000+01:00</Time>
                        <HeartRateBpm>
                            <Value>130</Value>
                        </HeartRateBpm>
                    </Trackpoint>
                    <Trackpoint>
                        <Time>2026-08-27T06:30:44.000+01:00</Time>
                        <HeartRateBpm>
                            <Value>133</Value>
                        </HeartRateBpm>
                    </Trackpoint>
                    <Trackpoint>
                        <Time>2026-08-27T06:30:45.000+01:00</Time>
                        <HeartRateBpm>
                            <Value>133</Value>
                        </HeartRateBpm>
                    </Trackpoint>
                    <Trackpoint>
                        <Time>2026-08-27T06:30:48.000+01:00</Time>
                        <HeartRateBpm>
                            <Value>133</Value>
                        </HeartRateBpm>
                    </Trackpoint>
                    <Trackpoint>
                        <Time>2026-08-27T06:30:51.000+01:00</Time>
                        <HeartRateBpm>
                            <Value>133</Value>
                        </HeartRateBpm>
                    </Trackpoint>
                    <Trackpoint>
                        <Time>2026-08-27T06:30:54.000+01:00</Time>
                        <HeartRateBpm>
                            <Value>132</Value>
                        </HeartRateBpm>
                    </Trackpoint>
                    <Trackpoint>
                        <Time>2026-08-27T06:30:57.000+01:00</Time>
                        <HeartRateBpm>
                            <Value>131</Value>
                        </HeartRateBpm>
                    </Trackpoint>
                    <Trackpoint>
                        <Time>2026-08-27T06:30:59.000+01:00</Time>
                        <HeartRateBpm>
                            <Value>132</Value>
                        </HeartRateBpm>
                    </Trackpoint>
                    <Trackpoint>
                        <Time>2026-08-27T06:31:01.000+01:00</Time>
                        <HeartRateBpm>
                            <Value>131</Value>
                        </HeartRateBpm>
                    </Trackpoint>
                    <Trackpoint>
                        <Time>2026-08-27T06:31:04.000+01:00</Time>
                        <HeartRateBpm>
                            <Value>131</Value>
                        </HeartRateBpm>
                    </Trackpoint>
                    <Trackpoint>
                        <Time>2026-08-27T06:31:07.000+01:00</Time>
                        <HeartRateBpm>
                            <Value>131</Value>
                        </HeartRateBpm>
                    </Trackpoint>
                    <Trackpoint>
                        <Time>2026-08-27T06:31:09.000+01:00</Time>
                        <HeartRateBpm>
                            <Value>133</Value>
                        </HeartRateBpm>
                    </Trackpoint>
                    <Trackpoint>
                        <Time>2026-08-27T06:31:11.000+01:00</Time>
                        <HeartRateBpm>
                            <Value>132</Value>
                        </HeartRateBpm>
                    </Trackpoint>
                    <Trackpoint>
                        <Time>2026-08-27T06:31:13.000+01:00</Time>
                        <HeartRateBpm>
                            <Value>133</Value>
                        </HeartRateBpm>
                    </Trackpoint>
                    <Trackpoint>
                        <Time>2026-08-27T06:31:16.000+01:00</Time>
                        <HeartRateBpm>
                            <Value>133</Value>
                        </HeartRateBpm>
                    </Trackpoint>
                    <Trackpoint>
                        <Time>2026-08-27T06:31:19.000+01:00</Time>
                        <HeartRateBpm>
                            <Value>133</Value>
                        </HeartRateBpm>
                    </Trackpoint>
                    <Trackpoint>
                        <Time>2026-08-27T06:31:22.000+01:00</Time>
                        <HeartRateBpm>
                            <Value>133</Value>
                        </HeartRateBpm>
                    </Trackpoint>
                    <Trackpoint>
                        <Time>2026-08-27T06:31:24.000+01:00</Time>
                        <HeartRateBpm>
                            <Value>134</Value>
                        </HeartRateBpm>
                    </Trackpoint>
                    <Trackpoint>
                        <Time>2026-08-27T06:31:27.000+01:00</Time>
                        <HeartRateBpm>
                            <Value>134</Value>
                        </HeartRateBpm>
                    </Trackpoint>
                    <Trackpoint>
                        <Time>2026-08-27T06:31:30.000+01:00</Time>
                        <HeartRateBpm>
                            <Value>133</Value>
                        </HeartRateBpm>
                    </Trackpoint>
                    <Trackpoint>
                        <Time>2026-08-27T06:31:32.000+01:00</Time>
                        <HeartRateBpm>
                            <Value>132</Value>
                        </HeartRateBpm>
                    </Trackpoint>
                    <Trackpoint>
                        <Time>2026-08-27T06:31:35.000+01:00</Time>
                        <HeartRateBpm>
                            <Value>132</Value>
                        </HeartRateBpm>
                    </Trackpoint>
                    <Trackpoint>
                        <Time>2026-08-27T06:31:38.000+01:00</Time>
                        <HeartRateBpm>
                            <Value>132</Value>
                        </HeartRateBpm>
                    </Trackpoint>
                    <Trackpoint>
                        <Time>2026-08-27T06:31:41.000+01:00</Time>
                        <HeartRateBpm>
                            <Value>132</Value>
                        </HeartRateBpm>
                    </Trackpoint>
                    <Trackpoint>
                        <Time>2026-08-27T06:31:42.000+01:00</Time>
                        <HeartRateBpm>
                            <Value>133</Value>
                        </HeartRateBpm>
                    </Trackpoint>
                    <Trackpoint>
                        <Time>2026-08-27T06:31:45.000+01:00</Time>
                        <HeartRateBpm>
                            <Value>134</Value>
                        </HeartRateBpm>
                    </Trackpoint>
                    <Trackpoint>
                        <Time>2026-08-27T06:31:47.000+01:00</Time>
                        <HeartRateBpm>
                            <Value>136</Value>
                        </HeartRateBpm>
                    </Trackpoint>
                    <Trackpoint>
                        <Time>2026-08-27T06:31:49.000+01:00</Time>
                        <HeartRateBpm>
                            <Value>137</Value>
                        </HeartRateBpm>
                    </Trackpoint>
                    <Trackpoint>
                        <Time>2026-08-27T06:31:52.000+01:00</Time>
                        <HeartRateBpm>
                            <Value>137</Value>
                        </HeartRateBpm>
                    </Trackpoint>
                    <Trackpoint>
                        <Time>2026-08-27T06:31:53.000+01:00</Time>
                        <HeartRateBpm>
                            <Value>137</Value>
                        </HeartRateBpm>
                    </Trackpoint>
                    <Trackpoint>
                        <Time>2026-08-27T06:31:55.000+01:00</Time>
                        <HeartRateBpm>
                            <Value>136</Value>
                        </HeartRateBpm>
                    </Trackpoint>
                    <Trackpoint>
                        <Time>2026-08-27T06:31:58.000+01:00</Time>
                        <HeartRateBpm>
                            <Value>136</Value>
                        </HeartRateBpm>
                    </Trackpoint>
                    <Trackpoint>
                        <Time>2026-08-27T06:32:01.000+01:00</Time>
                        <HeartRateBpm>
                            <Value>135</Value>
                        </HeartRateBpm>
                    </Trackpoint>
                    <Trackpoint>
                        <Time>2026-08-27T06:32:03.000+01:00</Time>
                        <HeartRateBpm>
                            <Value>134</Value>
                        </HeartRateBpm>
                    </Trackpoint>
                    <Trackpoint>
                        <Time>2026-08-27T06:32:05.000+01:00</Time>
                        <HeartRateBpm>
                            <Value>135</Value>
                        </HeartRateBpm>
                    </Trackpoint>
                    <Trackpoint>
                        <Time>2026-08-27T06:32:07.000+01:00</Time>
                        <HeartRateBpm>
                            <Value>134</Value>
                        </HeartRateBpm>
                    </Trackpoint>
                    <Trackpoint>
                        <Time>2026-08-27T06:32:08.000+01:00</Time>
                        <HeartRateBpm>
                            <Value>135</Value>
                        </HeartRateBpm>
                    </Trackpoint>
                    <Trackpoint>
                        <Time>2026-08-27T06:32:10.000+01:00</Time>
                        <HeartRateBpm>
                            <Value>134</Value>
                        </HeartRateBpm>
                    </Trackpoint>
                    <Trackpoint>
                        <Time>2026-08-27T06:32:12.000+01:00</Time>
                        <HeartRateBpm>
                            <Value>135</Value>
                        </HeartRateBpm>
                    </Trackpoint>
                    <Trackpoint>
                        <Time>2026-08-27T06:32:14.000+01:00</Time>
                        <HeartRateBpm>
                            <Value>134</Value>
                        </HeartRateBpm>
                    </Trackpoint>
                    <Trackpoint>
                        <Time>2026-08-27T06:32:16.000+01:00</Time>
                        <HeartRateBpm>
                            <Value>133</Value>
                        </HeartRateBpm>
                    </Trackpoint>
                    <Trackpoint>
                        <Time>2026-08-27T06:32:18.000+01:00</Time>
                        <HeartRateBpm>
                            <Value>130</Value>
                        </HeartRateBpm>
                    </Trackpoint>
                    <Trackpoint>
                        <Time>2026-08-27T06:32:21.000+01:00</Time>
                        <HeartRateBpm>
                            <Value>130</Value>
                        </HeartRateBpm>
                    </Trackpoint>
                    <Trackpoint>
                        <Time>2026-08-27T06:32:22.000+01:00</Time>
                        <HeartRateBpm>
                            <Value>129</Value>
                        </HeartRateBpm>
                    </Trackpoint>
                    <Trackpoint>
                        <Time>2026-08-27T06:32:25.000+01:00</Time>
                        <HeartRateBpm>
                            <Value>129</Value>
                        </HeartRateBpm>
                    </Trackpoint>
                    <Trackpoint>
                        <Time>2026-08-27T06:32:26.000+01:00</Time>
                        <HeartRateBpm>
                            <Value>128</Value>
                        </HeartRateBpm>
                    </Trackpoint>
                    <Trackpoint>
                        <Time>2026-08-27T06:32:28.000+01:00</Time>
                        <HeartRateBpm>
                            <Value>129</Value>
                        </HeartRateBpm>
                    </Trackpoint>
                    <Trackpoint>
                        <Time>2026-08-27T06:32:30.000+01:00</Time>
                        <HeartRateBpm>
                            <Value>130</Value>
                        </HeartRateBpm>
                    </Trackpoint>
                    <Trackpoint>
                        <Time>2026-08-27T06:32:31.000+01:00</Time>
                        <HeartRateBpm>
                            <Value>129</Value>
                        </HeartRateBpm>
                    </Trackpoint>
                    <Trackpoint>
                        <Time>2026-08-27T06:32:34.000+01:00</Time>
                        <HeartRateBpm>
                            <Value>129</Value>
                        </HeartRateBpm>
                    </Trackpoint>
                    <Trackpoint>
                        <Time>2026-08-27T06:32:37.000+01:00</Time>
                        <HeartRateBpm>
                            <Value>130</Value>
                        </HeartRateBpm>
                    </Trackpoint>
                    <Trackpoint>
                        <Time>2026-08-27T06:32:39.000+01:00</Time>
                        <HeartRateBpm>
                            <Value>132</Value>
                        </HeartRateBpm>
                    </Trackpoint>
                    <Trackpoint>
                        <Time>2026-08-27T06:32:41.000+01:00</Time>
                        <HeartRateBpm>
                            <Value>131</Value>
                        </HeartRateBpm>
                    </Trackpoint>
                    <Trackpoint>
                        <Time>2026-08-27T06:32:44.000+01:00</Time>
                        <HeartRateBpm>
                            <Value>131</Value>
                        </HeartRateBpm>
                    </Trackpoint>
                    <Trackpoint>
                        <Time>2026-08-27T06:32:45.000+01:00</Time>
                        <HeartRateBpm>
                            <Value>130</Value>
                        </HeartRateBpm>
                    </Trackpoint>
                    <Trackpoint>
                        <Time>2026-08-27T06:32:47.000+01:00</Time>
                        <HeartRateBpm>
                            <Value>131</Value>
                        </HeartRateBpm>
                    </Trackpoint>
                    <Trackpoint>
                        <Time>2026-08-27T06:32:48.000+01:00</Time>
                        <HeartRateBpm>
                            <Value>131</Value>
                        </HeartRateBpm>
                    </Trackpoint>
                    <Trackpoint>
                        <Time>2026-08-27T06:32:49.000+01:00</Time>
                        <HeartRateBpm>
                            <Value>132</Value>
                        </HeartRateBpm>
                    </Trackpoint>
                    <Trackpoint>
                        <Time>2026-08-27T06:32:51.000+01:00</Time>
                        <HeartRateBpm>
                            <Value>131</Value>
                        </HeartRateBpm>
                    </Trackpoint>
                    <Trackpoint>
                        <Time>2026-08-27T06:32:54.000+01:00</Time>
                        <HeartRateBpm>
                            <Value>131</Value>
                        </HeartRateBpm>
                    </Trackpoint>
                    <Trackpoint>
                        <Time>2026-08-27T06:32:56.000+01:00</Time>
                        <HeartRateBpm>
                            <Value>130</Value>
                        </HeartRateBpm>
                    </Trackpoint>
                    <Trackpoint>
                        <Time>2026-08-27T06:32:59.000+01:00</Time>
                        <HeartRateBpm>
                            <Value>130</Value>
                        </HeartRateBpm>
                    </Trackpoint>
                    <Trackpoint>
                        <Time>2026-08-27T06:33:02.000+01:00</Time>
                        <HeartRateBpm>
                            <Value>130</Value>
                        </HeartRateBpm>
                    </Trackpoint>
                    <Trackpoint>
                        <Time>2026-08-27T06:33:05.000+01:00</Time>
                        <HeartRateBpm>
                            <Value>130</Value>
                        </HeartRateBpm>
                    </Trackpoint>
                    <Trackpoint>
                        <Time>2026-08-27T06:33:08.000+01:00</Time>
                        <HeartRateBpm>
                            <Value>130</Value>
                        </HeartRateBpm>
                    </Trackpoint>
                    <Trackpoint>
                        <Time>2026-08-27T06:33:10.000+01:00</Time>
                        <HeartRateBpm>
                            <Value>131</Value>
                        </HeartRateBpm>
                    </Trackpoint>
                    <Trackpoint>
                        <Time>2026-08-27T06:33:12.000+01:00</Time>
                        <HeartRateBpm>
                            <Value>132</Value>
                        </HeartRateBpm>
                    </Trackpoint>
                    <Trackpoint>
                        <Time>2026-08-27T06:33:15.000+01:00</Time>
                        <HeartRateBpm>
                            <Value>132</Value>
                        </HeartRateBpm>
                    </Trackpoint>
                    <Trackpoint>
                        <Time>2026-08-27T06:33:18.000+01:00</Time>
                        <HeartRateBpm>
                            <Value>132</Value>
                        </HeartRateBpm>
                    </Trackpoint>
                    <Trackpoint>
                        <Time>2026-08-27T06:33:21.000+01:00</Time>
                        <HeartRateBpm>
                            <Value>132</Value>
                        </HeartRateBpm>
                    </Trackpoint>
                    <Trackpoint>
                        <Time>2026-08-27T06:33:23.000+01:00</Time>
                        <HeartRateBpm>
                            <Value>133</Value>
                        </HeartRateBpm>
                    </Trackpoint>
                    <Trackpoint>
                        <Time>2026-08-27T06:33:26.000+01:00</Time>
                        <HeartRateBpm>
                            <Value>133</Value>
                        </HeartRateBpm>
                    </Trackpoint>
                    <Trackpoint>
                        <Time>2026-08-27T06:33:29.000+01:00</Time>
                        <HeartRateBpm>
                            <Value>133</Value>
                        </HeartRateBpm>
                    </Trackpoint>
                    <Trackpoint>
                        <Time>2026-08-27T06:33:32.000+01:00</Time>
                        <HeartRateBpm>
                            <Value>133</Value>
                        </HeartRateBpm>
                    </Trackpoint>
                    <Trackpoint>
                        <Time>2026-08-27T06:33:35.000+01:00</Time>
                        <HeartRateBpm>
                            <Value>134</Value>
                        </HeartRateBpm>
                    </Trackpoint>
                    <Trackpoint>
                        <Time>2026-08-27T06:33:38.000+01:00</Time>
                        <HeartRateBpm>
                            <Value>134</Value>
                        </HeartRateBpm>
                    </Trackpoint>
                    <Trackpoint>
                        <Time>2026-08-27T06:33:39.000+01:00</Time>
                        <HeartRateBpm>
                            <Value>135</Value>
                        </HeartRateBpm>
                    </Trackpoint>
                    <Trackpoint>
                        <Time>2026-08-27T06:33:41.000+01:00</Time>
                        <HeartRateBpm>
                            <Value>133</Value>
                        </HeartRateBpm>
                    </Trackpoint>
                    <Trackpoint>
                        <Time>2026-08-27T06:33:44.000+01:00</Time>
                        <HeartRateBpm>
                            <Value>132</Value>
                        </HeartRateBpm>
                    </Trackpoint>
                    <Trackpoint>
                        <Time>2026-08-27T06:33:47.000+01:00</Time>
                        <HeartRateBpm>
                            <Value>132</Value>
                        </HeartRateBpm>
                    </Trackpoint>
                    <Trackpoint>
                        <Time>2026-08-27T06:33:50.000+01:00</Time>
                        <HeartRateBpm>
                            <Value>132</Value>
                        </HeartRateBpm>
                    </Trackpoint>
                    <Trackpoint>
                        <Time>2026-08-27T06:33:53.000+01:00</Time>
                        <HeartRateBpm>
                            <Value>132</Value>
                        </HeartRateBpm>
                    </Trackpoint>
                    <Trackpoint>
                        <Time>2026-08-27T06:33:54.000+01:00</Time>
                        <HeartRateBpm>
                            <Value>133</Value>
                        </HeartRateBpm>
                    </Trackpoint>
                    <Trackpoint>
                        <Time>2026-08-27T06:33:55.000+01:00</Time>
                        <HeartRateBpm>
                            <Value>133</Value>
                        </HeartRateBpm>
                    </Trackpoint>
                    <Trackpoint>
                        <Time>2026-08-27T06:33:56.000+01:00</Time>
                        <HeartRateBpm>
                            <Value>132</Value>
                        </HeartRateBpm>
                    </Trackpoint>
                    <Trackpoint>
                        <Time>2026-08-27T06:33:58.000+01:00</Time>
                        <HeartRateBpm>
                            <Value>133</Value>
                        </HeartRateBpm>
                    </Trackpoint>
                    <Trackpoint>
                        <Time>2026-08-27T06:34:00.000+01:00</Time>
                        <HeartRateBpm>
                            <Value>132</Value>
                        </HeartRateBpm>
                    </Trackpoint>
                    <Trackpoint>
                        <Time>2026-08-27T06:34:02.000+01:00</Time>
                        <HeartRateBpm>
                            <Value>133</Value>
                        </HeartRateBpm>
                    </Trackpoint>
                    <Trackpoint>
                        <Time>2026-08-27T06:34:05.000+01:00</Time>
                        <HeartRateBpm>
                            <Value>133</Value>
                        </HeartRateBpm>
                    </Trackpoint>
                    <Trackpoint>
                        <Time>2026-08-27T06:34:08.000+01:00</Time>
                        <HeartRateBpm>
                            <Value>133</Value>
                        </HeartRateBpm>
                    </Trackpoint>
                    <Trackpoint>
                        <Time>2026-08-27T06:34:09.000+01:00</Time>
                        <HeartRateBpm>
                            <Value>132</Value>
                        </HeartRateBpm>
                    </Trackpoint>
                    <Trackpoint>
                        <Time>2026-08-27T06:34:11.000+01:00</Time>
                        <HeartRateBpm>
                            <Value>133</Value>
                        </HeartRateBpm>
                    </Trackpoint>
                    <Trackpoint>
                        <Time>2026-08-27T06:34:14.000+01:00</Time>
                        <HeartRateBpm>
                            <Value>133</Value>
                        </HeartRateBpm>
                    </Trackpoint>
                    <Trackpoint>
                        <Time>2026-08-27T06:34:15.000+01:00</Time>
                        <HeartRateBpm>
                            <Value>134</Value>
                        </HeartRateBpm>
                    </Trackpoint>
                    <Trackpoint>
                        <Time>2026-08-27T06:34:18.000+01:00</Time>
                        <HeartRateBpm>
                            <Value>134</Value>
                        </HeartRateBpm>
                    </Trackpoint>
                    <Trackpoint>
                        <Time>2026-08-27T06:34:21.000+01:00</Time>
                        <HeartRateBpm>
                            <Value>135</Value>
                        </HeartRateBpm>
                    </Trackpoint>
                    <Trackpoint>
                        <Time>2026-08-27T06:34:24.000+01:00</Time>
                        <HeartRateBpm>
                            <Value>135</Value>
                        </HeartRateBpm>
                    </Trackpoint>
                    <Trackpoint>
                        <Time>2026-08-27T06:34:27.000+01:00</Time>
                        <HeartRateBpm>
                            <Value>133</Value>
                        </HeartRateBpm>
                    </Trackpoint>
                    <Trackpoint>
                        <Time>2026-08-27T06:34:29.000+01:00</Time>
                        <HeartRateBpm>
                            <Value>134</Value>
                        </HeartRateBpm>
                    </Trackpoint>
                    <Trackpoint>
                        <Time>2026-08-27T06:34:30.000+01:00</Time>
                        <HeartRateBpm>
                            <Value>135</Value>
                        </HeartRateBpm>
                    </Trackpoint>
                    <Trackpoint>
                        <Time>2026-08-27T06:34:33.000+01:00</Time>
                        <HeartRateBpm>
                            <Value>135</Value>
                        </HeartRateBpm>
                    </Trackpoint>
                    <Trackpoint>
                        <Time>2026-08-27T06:34:34.000+01:00</Time>
                        <HeartRateBpm>
                            <Value>136</Value>
                        </HeartRateBpm>
                    </Trackpoint>
                    <Trackpoint>
                        <Time>2026-08-27T06:34:36.000+01:00</Time>
                        <HeartRateBpm>
                            <Value>135</Value>
                        </HeartRateBpm>
                    </Trackpoint>
                    <Trackpoint>
                        <Time>2026-08-27T06:34:39.000+01:00</Time>
                        <HeartRateBpm>
                            <Value>135</Value>
                        </HeartRateBpm>
                    </Trackpoint>
                    <Trackpoint>
                        <Time>2026-08-27T06:34:42.000+01:00</Time>
                        <HeartRateBpm>
                            <Value>135</Value>
                        </HeartRateBpm>
                    </Trackpoint>
                    <Trackpoint>
                        <Time>2026-08-27T06:34:45.000+01:00</Time>
                        <HeartRateBpm>
                            <Value>135</Value>
                        </HeartRateBpm>
                    </Trackpoint>
                    <Trackpoint>
                        <Time>2026-08-27T06:34:46.000+01:00</Time>
                        <HeartRateBpm>
                            <Value>136</Value>
                        </HeartRateBpm>
                    </Trackpoint>
                    <Trackpoint>
                        <Time>2026-08-27T06:34:49.000+01:00</Time>
                        <HeartRateBpm>
                            <Value>136</Value>
                        </HeartRateBpm>
                    </Trackpoint>
                    <Trackpoint>
                        <Time>2026-08-27T06:34:50.000+01:00</Time>
                        <HeartRateBpm>
                            <Value>137</Value>
                        </HeartRateBpm>
                    </Trackpoint>
                    <Trackpoint>
                        <Time>2026-08-27T06:34:53.000+01:00</Time>
                        <HeartRateBpm>
                            <Value>137</Value>
                        </HeartRateBpm>
                    </Trackpoint>
                    <Trackpoint>
                        <Time>2026-08-27T06:34:54.000+01:00</Time>
                        <HeartRateBpm>
                            <Value>138</Value>
                        </HeartRateBpm>
                    </Trackpoint>
                    <Trackpoint>
                        <Time>2026-08-27T06:34:56.000+01:00</Time>
                        <HeartRateBpm>
                            <Value>137</Value>
                        </HeartRateBpm>
                    </Trackpoint>
                    <Trackpoint>
                        <Time>2026-08-27T06:34:59.000+01:00</Time>
                        <HeartRateBpm>
                            <Value>138</Value>
                        </HeartRateBpm>
                    </Trackpoint>
                    <Trackpoint>
                        <Time>2026-08-27T06:35:01.000+01:00</Time>
                        <HeartRateBpm>
                            <Value>137</Value>
                        </HeartRateBpm>
                    </Trackpoint>
                    <Trackpoint>
                        <Time>2026-08-27T06:35:03.000+01:00</Time>
                        <HeartRateBpm>
                            <Value>134</Value>
                        </HeartRateBpm>
                    </Trackpoint>
                    <Trackpoint>
                        <Time>2026-08-27T06:35:05.000+01:00</Time>
                        <HeartRateBpm>
                            <Value>132</Value>
                        </HeartRateBpm>
                    </Trackpoint>
                    <Trackpoint>
                        <Time>2026-08-27T06:35:08.000+01:00</Time>
                        <HeartRateBpm>
                            <Value>132</Value>
                        </HeartRateBpm>
                    </Trackpoint>
                    <Trackpoint>
                        <Time>2026-08-27T06:35:09.000+01:00</Time>
                        <HeartRateBpm>
                            <Value>133</Value>
                        </HeartRateBpm>
                    </Trackpoint>
                    <Trackpoint>
                        <Time>2026-08-27T06:35:11.000+01:00</Time>
                        <HeartRateBpm>
                            <Value>134</Value>
                        </HeartRateBpm>
                    </Trackpoint>
                    <Trackpoint>
                        <Time>2026-08-27T06:35:14.000+01:00</Time>
                        <HeartRateBpm>
                            <Value>134</Value>
                        </HeartRateBpm>
                    </Trackpoint>
                    <Trackpoint>
                        <Time>2026-08-27T06:35:15.000+01:00</Time>
                        <HeartRateBpm>
                            <Value>135</Value>
                        </HeartRateBpm>
                    </Trackpoint>
                    <Trackpoint>
                        <Time>2026-08-27T06:35:18.000+01:00</Time>
                        <HeartRateBpm>
                            <Value>135</Value>
                        </HeartRateBpm>
                    </Trackpoint>
                    <Trackpoint>
                        <Time>2026-08-27T06:35:19.000+01:00</Time>
                        <HeartRateBpm>
                            <Value>136</Value>
                        </HeartRateBpm>
                    </Trackpoint>
                    <Trackpoint>
                        <Time>2026-08-27T06:35:22.000+01:00</Time>
                        <HeartRateBpm>
                            <Value>137</Value>
                        </HeartRateBpm>
                    </Trackpoint>
                    <Trackpoint>
                        <Time>2026-08-27T06:35:24.000+01:00</Time>
                        <HeartRateBpm>
                            <Value>136</Value>
                        </HeartRateBpm>
                    </Trackpoint>
                    <Trackpoint>
                        <Time>2026-08-27T06:35:26.000+01:00</Time>
                        <HeartRateBpm>
                            <Value>137</Value>
                        </HeartRateBpm>
                    </Trackpoint>
                    <Trackpoint>
                        <Time>2026-08-27T06:35:28.000+01:00</Time>
                        <HeartRateBpm>
                            <Value>138</Value>
                        </HeartRateBpm>
                    </Trackpoint>
                    <Trackpoint>
                        <Time>2026-08-27T06:35:31.000+01:00</Time>
                        <HeartRateBpm>
                            <Value>138</Value>
                        </HeartRateBpm>
                    </Trackpoint>
                    <Trackpoint>
                        <Time>2026-08-27T06:35:32.000+01:00</Time>
                        <HeartRateBpm>
                            <Value>137</Value>
                        </HeartRateBpm>
                    </Trackpoint>
                    <Trackpoint>
                        <Time>2026-08-27T06:35:35.000+01:00</Time>
                        <HeartRateBpm>
                            <Value>137</Value>
                        </HeartRateBpm>
                    </Trackpoint>
                    <Trackpoint>
                        <Time>2026-08-27T06:35:38.000+01:00</Time>
                        <HeartRateBpm>
                            <Value>137</Value>
                        </HeartRateBpm>
                    </Trackpoint>
                    <Trackpoint>
                        <Time>2026-08-27T06:35:41.000+01:00</Time>
                        <HeartRateBpm>
                            <Value>137</Value>
                        </HeartRateBpm>
                    </Trackpoint>
                    <Trackpoint>
                        <Time>2026-08-27T06:35:44.000+01:00</Time>
                        <HeartRateBpm>
                            <Value>137</Value>
                        </HeartRateBpm>
                    </Trackpoint>
                    <Trackpoint>
                        <Time>2026-08-27T06:35:45.000+01:00</Time>
                        <HeartRateBpm>
                            <Value>138</Value>
                        </HeartRateBpm>
                    </Trackpoint>
                    <Trackpoint>
                        <Time>2026-08-27T06:35:47.000+01:00</Time>
                        <HeartRateBpm>
                            <Value>137</Value>
                        </HeartRateBpm>
                    </Trackpoint>
                    <Trackpoint>
                        <Time>2026-08-27T06:35:49.000+01:00</Time>
                        <HeartRateBpm>
                            <Value>138</Value>
                        </HeartRateBpm>
                    </Trackpoint>
                    <Trackpoint>
                        <Time>2026-08-27T06:35:52.000+01:00</Time>
                        <HeartRateBpm>
                            <Value>138</Value>
                        </HeartRateBpm>
                    </Trackpoint>
                    <Trackpoint>
                        <Time>2026-08-27T06:35:53.000+01:00</Time>
                        <HeartRateBpm>
                            <Value>138</Value>
                        </HeartRateBpm>
                    </Trackpoint>
                    <Trackpoint>
                        <Time>2026-08-27T06:35:55.000+01:00</Time>
                        <HeartRateBpm>
                            <Value>139</Value>
                        </HeartRateBpm>
                    </Trackpoint>
                    <Trackpoint>
                        <Time>2026-08-27T06:35:58.000+01:00</Time>
                        <HeartRateBpm>
                            <Value>139</Value>
                        </HeartRateBpm>
                    </Trackpoint>
                    <Trackpoint>
                        <Time>2026-08-27T06:36:01.000+01:00</Time>
                        <HeartRateBpm>
                            <Value>139</Value>
                        </HeartRateBpm>
                    </Trackpoint>
                    <Trackpoint>
                        <Time>2026-08-27T06:36:04.000+01:00</Time>
                        <HeartRateBpm>
                            <Value>139</Value>
                        </HeartRateBpm>
                    </Trackpoint>
                    <Trackpoint>
                        <Time>2026-08-27T06:36:07.000+01:00</Time>
                        <HeartRateBpm>
                            <Value>139</Value>
                        </HeartRateBpm>
                    </Trackpoint>
                    <Trackpoint>
                        <Time>2026-08-27T06:36:08.000+01:00</Time>
                        <HeartRateBpm>
                            <Value>140</Value>
                        </HeartRateBpm>
                    </Trackpoint>
                    <Trackpoint>
                        <Time>2026-08-27T06:36:10.000+01:00</Time>
                        <HeartRateBpm>
                            <Value>138</Value>
                        </HeartRateBpm>
                    </Trackpoint>
                    <Trackpoint>
                        <Time>2026-08-27T06:36:12.000+01:00</Time>
                        <HeartRateBpm>
                            <Value>136</Value>
                        </HeartRateBpm>
                    </Trackpoint>
                    <Trackpoint>
                        <Time>2026-08-27T06:36:14.000+01:00</Time>
                        <HeartRateBpm>
                            <Value>137</Value>
                        </HeartRateBpm>
                    </Trackpoint>
                    <Trackpoint>
                        <Time>2026-08-27T06:36:16.000+01:00</Time>
                        <HeartRateBpm>
                            <Value>136</Value>
                        </HeartRateBpm>
                    </Trackpoint>
                    <Trackpoint>
                        <Time>2026-08-27T06:36:19.000+01:00</Time>
                        <HeartRateBpm>
                            <Value>136</Value>
                        </HeartRateBpm>
                    </Trackpoint>
                    <Trackpoint>
                        <Time>2026-08-27T06:36:22.000+01:00</Time>
                        <HeartRateBpm>
                            <Value>137</Value>
                        </HeartRateBpm>
                    </Trackpoint>
                    <Trackpoint>
                        <Time>2026-08-27T06:36:25.000+01:00</Time>
                        <HeartRateBpm>
                            <Value>137</Value>
                        </HeartRateBpm>
                    </Trackpoint>
                    <Trackpoint>
                        <Time>2026-08-27T06:36:26.000+01:00</Time>
                        <HeartRateBpm>
                            <Value>136</Value>
                        </HeartRateBpm>
                    </Trackpoint>
                    <Trackpoint>
                        <Time>2026-08-27T06:36:28.000+01:00</Time>
                        <HeartRateBpm>
                            <Value>135</Value>
                        </HeartRateBpm>
                    </Trackpoint>
                    <Trackpoint>
                        <Time>2026-08-27T06:36:30.000+01:00</Time>
                        <HeartRateBpm>
                            <Value>134</Value>
                        </HeartRateBpm>
                    </Trackpoint>
                    <Trackpoint>
                        <Time>2026-08-27T06:36:33.000+01:00</Time>
                        <HeartRateBpm>
                            <Value>135</Value>
                        </HeartRateBpm>
                    </Trackpoint>
                    <Trackpoint>
                        <Time>2026-08-27T06:36:35.000+01:00</Time>
                        <HeartRateBpm>
                            <Value>136</Value>
                        </HeartRateBpm>
                    </Trackpoint>
                    <Trackpoint>
                        <Time>2026-08-27T06:36:37.000+01:00</Time>
                        <HeartRateBpm>
                            <Value>137</Value>
                        </HeartRateBpm>
                    </Trackpoint>
                    <Trackpoint>
                        <Time>2026-08-27T06:36:39.000+01:00</Time>
                        <HeartRateBpm>
                            <Value>138</Value>
                        </HeartRateBpm>
                    </Trackpoint>
                    <Trackpoint>
                        <Time>2026-08-27T06:36:41.000+01:00</Time>
                        <HeartRateBpm>
                            <Value>137</Value>
                        </HeartRateBpm>
                    </Trackpoint>
                    <Trackpoint>
                        <Time>2026-08-27T06:36:44.000+01:00</Time>
                        <HeartRateBpm>
                            <Value>137</Value>
                        </HeartRateBpm>
                    </Trackpoint>
                    <Trackpoint>
                        <Time>2026-08-27T06:36:45.000+01:00</Time>
                        <HeartRateBpm>
                            <Value>138</Value>
                        </HeartRateBpm>
                    </Trackpoint>
                    <Trackpoint>
                        <Time>2026-08-27T06:36:47.000+01:00</Time>
                        <HeartRateBpm>
                            <Value>140</Value>
                        </HeartRateBpm>
                    </Trackpoint>
                    <Trackpoint>
                        <Time>2026-08-27T06:36:49.000+01:00</Time>
                        <HeartRateBpm>
                            <Value>137</Value>
                        </HeartRateBpm>
                    </Trackpoint>
                    <Trackpoint>
                        <Time>2026-08-27T06:36:51.000+01:00</Time>
                        <HeartRateBpm>
                            <Value>138</Value>
                        </HeartRateBpm>
                    </Trackpoint>
                    <Trackpoint>
                        <Time>2026-08-27T06:36:52.000+01:00</Time>
                        <HeartRateBpm>
                            <Value>138</Value>
                        </HeartRateBpm>
                    </Trackpoint>
                    <Trackpoint>
                        <Time>2026-08-27T06:36:54.000+01:00</Time>
                        <HeartRateBpm>
                            <Value>139</Value>
                        </HeartRateBpm>
                    </Trackpoint>
                    <Trackpoint>
                        <Time>2026-08-27T06:36:56.000+01:00</Time>
                        <HeartRateBpm>
                            <Value>138</Value>
                        </HeartRateBpm>
                    </Trackpoint>
                    <Trackpoint>
                        <Time>2026-08-27T06:36:59.000+01:00</Time>
                        <HeartRateBpm>
                            <Value>138</Value>
                        </HeartRateBpm>
                    </Trackpoint>
                    <Trackpoint>
                        <Time>2026-08-27T06:37:00.000+01:00</Time>
                        <HeartRateBpm>
                            <Value>137</Value>
                        </HeartRateBpm>
                    </Trackpoint>
                    <Trackpoint>
                        <Time>2026-08-27T06:37:02.000+01:00</Time>
                        <HeartRateBpm>
                            <Value>138</Value>
                        </HeartRateBpm>
                    </Trackpoint>
                    <Trackpoint>
                        <Time>2026-08-27T06:37:05.000+01:00</Time>
                        <HeartRateBpm>
                            <Value>138</Value>
                        </HeartRateBpm>
                    </Trackpoint>
                    <Trackpoint>
                        <Time>2026-08-27T06:37:08.000+01:00</Time>
                        <HeartRateBpm>
                            <Value>138</Value>
                        </HeartRateBpm>
                    </Trackpoint>
                    <Trackpoint>
                        <Time>2026-08-27T06:37:11.000+01:00</Time>
                        <HeartRateBpm>
                            <Value>138</Value>
                        </HeartRateBpm>
                    </Trackpoint>
                    <Trackpoint>
                        <Time>2026-08-27T06:37:12.000+01:00</Time>
                        <HeartRateBpm>
                            <Value>139</Value>
                        </HeartRateBpm>
                    </Trackpoint>
                    <Trackpoint>
                        <Time>2026-08-27T06:37:15.000+01:00</Time>
                        <HeartRateBpm>
                            <Value>139</Value>
                        </HeartRateBpm>
                    </Trackpoint>
                    <Trackpoint>
                        <Time>2026-08-27T06:37:18.000+01:00</Time>
                        <HeartRateBpm>
                            <Value>140</Value>
                        </HeartRateBpm>
                    </Trackpoint>
                    <Trackpoint>
                        <Time>2026-08-27T06:37:21.000+01:00</Time>
                        <HeartRateBpm>
                            <Value>139</Value>
                        </HeartRateBpm>
                    </Trackpoint>
                    <Trackpoint>
                        <Time>2026-08-27T06:37:23.000+01:00</Time>
                        <HeartRateBpm>
                            <Value>140</Value>
                        </HeartRateBpm>
                    </Trackpoint>
                    <Trackpoint>
                        <Time>2026-08-27T06:37:25.000+01:00</Time>
                        <HeartRateBpm>
                            <Value>139</Value>
                        </HeartRateBpm>
                    </Trackpoint>
                    <Trackpoint>
                        <Time>2026-08-27T06:37:27.000+01:00</Time>
                        <HeartRateBpm>
                            <Value>140</Value>
                        </HeartRateBpm>
                    </Trackpoint>
                    <Trackpoint>
                        <Time>2026-08-27T06:37:29.000+01:00</Time>
                        <HeartRateBpm>
                            <Value>141</Value>
                        </HeartRateBpm>
                    </Trackpoint>
                    <Trackpoint>
                        <Time>2026-08-27T06:37:32.000+01:00</Time>
                        <HeartRateBpm>
                            <Value>141</Value>
                        </HeartRateBpm>
                    </Trackpoint>
                    <Trackpoint>
                        <Time>2026-08-27T06:37:35.000+01:00</Time>
                        <HeartRateBpm>
                            <Value>142</Value>
                        </HeartRateBpm>
                    </Trackpoint>
                    <Trackpoint>
                        <Time>2026-08-27T06:37:38.000+01:00</Time>
                        <HeartRateBpm>
                            <Value>142</Value>
                        </HeartRateBpm>
                    </Trackpoint>
                    <Trackpoint>
                        <Time>2026-08-27T06:37:41.000+01:00</Time>
                        <HeartRateBpm>
                            <Value>142</Value>
                        </HeartRateBpm>
                    </Trackpoint>
                    <Trackpoint>
                        <Time>2026-08-27T06:37:44.000+01:00</Time>
                        <HeartRateBpm>
                            <Value>142</Value>
                        </HeartRateBpm>
                    </Trackpoint>
                    <Trackpoint>
                        <Time>2026-08-27T06:37:47.000+01:00</Time>
                        <HeartRateBpm>
                            <Value>142</Value>
                        </HeartRateBpm>
                    </Trackpoint>
                    <Trackpoint>
                        <Time>2026-08-27T06:37:48.000+01:00</Time>
                        <HeartRateBpm>
                            <Value>141</Value>
                        </HeartRateBpm>
                    </Trackpoint>
                    <Trackpoint>
                        <Time>2026-08-27T06:37:51.000+01:00</Time>
                        <HeartRateBpm>
                            <Value>141</Value>
                        </HeartRateBpm>
                    </Trackpoint>
                    <Trackpoint>
                        <Time>2026-08-27T06:37:52.000+01:00</Time>
                        <HeartRateBpm>
                            <Value>137</Value>
                        </HeartRateBpm>
                    </Trackpoint>
                    <Trackpoint>
                        <Time>2026-08-27T06:37:55.000+01:00</Time>
                        <HeartRateBpm>
                            <Value>137</Value>
                        </HeartRateBpm>
                    </Trackpoint>
                    <Trackpoint>
                        <Time>2026-08-27T06:37:56.000+01:00</Time>
                        <HeartRateBpm>
                            <Value>136</Value>
                        </HeartRateBpm>
                    </Trackpoint>
                    <Trackpoint>
                        <Time>2026-08-27T06:37:58.000+01:00</Time>
                        <HeartRateBpm>
                            <Value>137</Value>
                        </HeartRateBpm>
                    </Trackpoint>
                    <Trackpoint>
                        <Time>2026-08-27T06:38:00.000+01:00</Time>
                        <HeartRateBpm>
                            <Value>138</Value>
                        </HeartRateBpm>
                    </Trackpoint>
                    <Trackpoint>
                        <Time>2026-08-27T06:38:02.000+01:00</Time>
                        <HeartRateBpm>
                            <Value>140</Value>
                        </HeartRateBpm>
                    </Trackpoint>
                    <Trackpoint>
                        <Time>2026-08-27T06:38:04.000+01:00</Time>
                        <HeartRateBpm>
                            <Value>141</Value>
                        </HeartRateBpm>
                    </Trackpoint>
                    <Trackpoint>
                        <Time>2026-08-27T06:38:06.000+01:00</Time>
                        <HeartRateBpm>
                            <Value>143</Value>
                        </HeartRateBpm>
                    </Trackpoint>
                    <Trackpoint>
                        <Time>2026-08-27T06:38:07.000+01:00</Time>
                        <HeartRateBpm>
                            <Value>144</Value>
                        </HeartRateBpm>
                    </Trackpoint>
                    <Trackpoint>
                        <Time>2026-08-27T06:38:09.000+01:00</Time>
                        <HeartRateBpm>
                            <Value>143</Value>
                        </HeartRateBpm>
                    </Trackpoint>
                    <Trackpoint>
                        <Time>2026-08-27T06:38:11.000+01:00</Time>
                        <HeartRateBpm>
                            <Value>144</Value>
                        </HeartRateBpm>
                    </Trackpoint>
                    <Trackpoint>
                        <Time>2026-08-27T06:38:13.000+01:00</Time>
                        <HeartRateBpm>
                            <Value>142</Value>
                        </HeartRateBpm>
                    </Trackpoint>
                    <Trackpoint>
                        <Time>2026-08-27T06:38:15.000+01:00</Time>
                        <HeartRateBpm>
                            <Value>144</Value>
                        </HeartRateBpm>
                    </Trackpoint>
                    <Trackpoint>
                        <Time>2026-08-27T06:38:17.000+01:00</Time>
                        <HeartRateBpm>
                            <Value>143</Value>
                        </HeartRateBpm>
                    </Trackpoint>
                    <Trackpoint>
                        <Time>2026-08-27T06:38:20.000+01:00</Time>
                        <HeartRateBpm>
                            <Value>143</Value>
                        </HeartRateBpm>
                    </Trackpoint>
                    <Trackpoint>
                        <Time>2026-08-27T06:38:23.000+01:00</Time>
                        <HeartRateBpm>
                            <Value>144</Value>
                        </HeartRateBpm>
                    </Trackpoint>
                    <Trackpoint>
                        <Time>2026-08-27T06:38:26.000+01:00</Time>
                        <HeartRateBpm>
                            <Value>144</Value>
                        </HeartRateBpm>
                    </Trackpoint>
                    <Trackpoint>
                        <Time>2026-08-27T06:38:27.000+01:00</Time>
                        <HeartRateBpm>
                            <Value>145</Value>
                        </HeartRateBpm>
                    </Trackpoint>
                    <Trackpoint>
                        <Time>2026-08-27T06:38:29.000+01:00</Time>
                        <HeartRateBpm>
                            <Value>144</Value>
                        </HeartRateBpm>
                    </Trackpoint>
                    <Trackpoint>
                        <Time>2026-08-27T06:38:32.000+01:00</Time>
                        <HeartRateBpm>
                            <Value>144</Value>
                        </HeartRateBpm>
                    </Trackpoint>
                    <Trackpoint>
                        <Time>2026-08-27T06:38:35.000+01:00</Time>
                        <HeartRateBpm>
                            <Value>144</Value>
                        </HeartRateBpm>
                    </Trackpoint>
                    <Trackpoint>
                        <Time>2026-08-27T06:38:38.000+01:00</Time>
                        <HeartRateBpm>
                            <Value>144</Value>
                        </HeartRateBpm>
                    </Trackpoint>
                    <Trackpoint>
                        <Time>2026-08-27T06:38:41.000+01:00</Time>
                        <HeartRateBpm>
                            <Value>144</Value>
                        </HeartRateBpm>
                    </Trackpoint>
                    <Trackpoint>
                        <Time>2026-08-27T06:38:42.000+01:00</Time>
                        <HeartRateBpm>
                            <Value>146</Value>
                        </HeartRateBpm>
                    </Trackpoint>
                    <Trackpoint>
                        <Time>2026-08-27T06:38:44.000+01:00</Time>
                        <HeartRateBpm>
                            <Value>145</Value>
                        </HeartRateBpm>
                    </Trackpoint>
                    <Trackpoint>
                        <Time>2026-08-27T06:38:46.000+01:00</Time>
                        <HeartRateBpm>
                            <Value>146</Value>
                        </HeartRateBpm>
                    </Trackpoint>
                    <Trackpoint>
                        <Time>2026-08-27T06:38:48.000+01:00</Time>
                        <HeartRateBpm>
                            <Value>145</Value>
                        </HeartRateBpm>
                    </Trackpoint>
                    <Trackpoint>
                        <Time>2026-08-27T06:38:51.000+01:00</Time>
                        <HeartRateBpm>
                            <Value>145</Value>
                        </HeartRateBpm>
                    </Trackpoint>
                    <Trackpoint>
                        <Time>2026-08-27T06:38:54.000+01:00</Time>
                        <HeartRateBpm>
                            <Value>145</Value>
                        </HeartRateBpm>
                    </Trackpoint>
                    <Trackpoint>
                        <Time>2026-08-27T06:38:55.000+01:00</Time>
                        <HeartRateBpm>
                            <Value>144</Value>
                        </HeartRateBpm>
                    </Trackpoint>
                    <Trackpoint>
                        <Time>2026-08-27T06:38:58.000+01:00</Time>
                        <HeartRateBpm>
                            <Value>144</Value>
                        </HeartRateBpm>
                    </Trackpoint>
                    <Trackpoint>
                        <Time>2026-08-27T06:39:01.000+01:00</Time>
                        <HeartRateBpm>
                            <Value>144</Value>
                        </HeartRateBpm>
                    </Trackpoint>
                    <Trackpoint>
                        <Time>2026-08-27T06:39:04.000+01:00</Time>
                        <HeartRateBpm>
                            <Value>144</Value>
                        </HeartRateBpm>
                    </Trackpoint>
                    <Trackpoint>
                        <Time>2026-08-27T06:39:05.000+01:00</Time>
                        <HeartRateBpm>
                            <Value>145</Value>
                        </HeartRateBpm>
                    </Trackpoint>
                    <Trackpoint>
                        <Time>2026-08-27T06:39:08.000+01:00</Time>
                        <HeartRateBpm>
                            <Value>145</Value>
                        </HeartRateBpm>
                    </Trackpoint>
                    <Trackpoint>
                        <Time>2026-08-27T06:39:11.000+01:00</Time>
                        <HeartRateBpm>
                            <Value>145</Value>
                        </HeartRateBpm>
                    </Trackpoint>
                    <Trackpoint>
                        <Time>2026-08-27T06:39:13.000+01:00</Time>
                        <HeartRateBpm>
                            <Value>144</Value>
                        </HeartRateBpm>
                    </Trackpoint>
                    <Trackpoint>
                        <Time>2026-08-27T06:39:16.000+01:00</Time>
                        <HeartRateBpm>
                            <Value>144</Value>
                        </HeartRateBpm>
                    </Trackpoint>
                    <Trackpoint>
                        <Time>2026-08-27T06:39:18.000+01:00</Time>
                        <HeartRateBpm>
                            <Value>145</Value>
                        </HeartRateBpm>
                    </Trackpoint>
                    <Trackpoint>
                        <Time>2026-08-27T06:39:21.000+01:00</Time>
                        <HeartRateBpm>
                            <Value>145</Value>
                        </HeartRateBpm>
                    </Trackpoint>
                    <Trackpoint>
                        <Time>2026-08-27T06:39:24.000+01:00</Time>
                        <HeartRateBpm>
                            <Value>145</Value>
                        </HeartRateBpm>
                    </Trackpoint>
                    <Trackpoint>
                        <Time>2026-08-27T06:39:27.000+01:00</Time>
                        <HeartRateBpm>
                            <Value>145</Value>
                        </HeartRateBpm>
                    </Trackpoint>
                    <Trackpoint>
                        <Time>2026-08-27T06:39:30.000+01:00</Time>
                        <HeartRateBpm>
                            <Value>147</Value>
                        </HeartRateBpm>
                    </Trackpoint>
                    <Trackpoint>
                        <Time>2026-08-27T06:39:32.000+01:00</Time>
                        <HeartRateBpm>
                            <Value>146</Value>
                        </HeartRateBpm>
                    </Trackpoint>
                    <Trackpoint>
                        <Time>2026-08-27T06:39:34.000+01:00</Time>
                        <HeartRateBpm>
                            <Value>148</Value>
                        </HeartRateBpm>
                    </Trackpoint>
                    <Trackpoint>
                        <Time>2026-08-27T06:39:36.000+01:00</Time>
                        <HeartRateBpm>
                            <Value>146</Value>
                        </HeartRateBpm>
                    </Trackpoint>
                    <Trackpoint>
                        <Time>2026-08-27T06:39:39.000+01:00</Time>
                        <HeartRateBpm>
                            <Value>146</Value>
                        </HeartRateBpm>
                    </Trackpoint>
                    <Trackpoint>
                        <Time>2026-08-27T06:39:40.000+01:00</Time>
                        <HeartRateBpm>
                            <Value>144</Value>
                        </HeartRateBpm>
                    </Trackpoint>
                    <Trackpoint>
                        <Time>2026-08-27T06:39:42.000+01:00</Time>
                        <HeartRateBpm>
                            <Value>143</Value>
                        </HeartRateBpm>
                    </Trackpoint>
                    <Trackpoint>
                        <Time>2026-08-27T06:39:45.000+01:00</Time>
                        <HeartRateBpm>
                            <Value>143</Value>
                        </HeartRateBpm>
                    </Trackpoint>
                    <Trackpoint>
                        <Time>2026-08-27T06:39:48.000+01:00</Time>
                        <HeartRateBpm>
                            <Value>143</Value>
                        </HeartRateBpm>
                    </Trackpoint>
                    <Trackpoint>
                        <Time>2026-08-27T06:39:51.000+01:00</Time>
                        <HeartRateBpm>
                            <Value>141</Value>
                        </HeartRateBpm>
                    </Trackpoint>
                    <Trackpoint>
                        <Time>2026-08-27T06:39:54.000+01:00</Time>
                        <HeartRateBpm>
                            <Value>141</Value>
                        </HeartRateBpm>
                    </Trackpoint>
                    <Trackpoint>
                        <Time>2026-08-27T06:39:57.000+01:00</Time>
                        <HeartRateBpm>
                            <Value>141</Value>
                        </HeartRateBpm>
                    </Trackpoint>
                    <Trackpoint>
                        <Time>2026-08-27T06:40:00.000+01:00</Time>
                        <HeartRateBpm>
                            <Value>141</Value>
                        </HeartRateBpm>
                    </Trackpoint>
                    <Trackpoint>
                        <Time>2026-08-27T06:40:03.000+01:00</Time>
                        <HeartRateBpm>
                            <Value>140</Value>
                        </HeartRateBpm>
                    </Trackpoint>
                    <Trackpoint>
                        <Time>2026-08-27T06:40:04.000+01:00</Time>
                        <HeartRateBpm>
                            <Value>140</Value>
                        </HeartRateBpm>
                    </Trackpoint>
                    <Trackpoint>
                        <Time>2026-08-27T06:40:07.000+01:00</Time>
                        <HeartRateBpm>
                            <Value>140</Value>
                        </HeartRateBpm>
                    </Trackpoint>
                    <Trackpoint>
                        <Time>2026-08-27T06:40:09.000+01:00</Time>
                        <HeartRateBpm>
                            <Value>139</Value>
                        </HeartRateBpm>
                    </Trackpoint>
                    <Trackpoint>
                        <Time>2026-08-27T06:40:12.000+01:00</Time>
                        <HeartRateBpm>
                            <Value>139</Value>
                        </HeartRateBpm>
                    </Trackpoint>
                    <Trackpoint>
                        <Time>2026-08-27T06:40:15.000+01:00</Time>
                        <HeartRateBpm>
                            <Value>139</Value>
                        </HeartRateBpm>
                    </Trackpoint>
                    <Trackpoint>
                        <Time>2026-08-27T06:40:16.000+01:00</Time>
                        <HeartRateBpm>
                            <Value>140</Value>
                        </HeartRateBpm>
                    </Trackpoint>
                    <Trackpoint>
                        <Time>2026-08-27T06:40:18.000+01:00</Time>
                        <HeartRateBpm>
                            <Value>141</Value>
                        </HeartRateBpm>
                    </Trackpoint>
                    <Trackpoint>
                        <Time>2026-08-27T06:40:21.000+01:00</Time>
                        <HeartRateBpm>
                            <Value>141</Value>
                        </HeartRateBpm>
                    </Trackpoint>
                    <Trackpoint>
                        <Time>2026-08-27T06:40:22.000+01:00</Time>
                        <HeartRateBpm>
                            <Value>142</Value>
                        </HeartRateBpm>
                    </Trackpoint>
                    <Trackpoint>
                        <Time>2026-08-27T06:40:25.000+01:00</Time>
                        <HeartRateBpm>
                            <Value>142</Value>
                        </HeartRateBpm>
                    </Trackpoint>
                    <Trackpoint>
                        <Time>2026-08-27T06:40:26.000+01:00</Time>
                        <HeartRateBpm>
                            <Value>143</Value>
                        </HeartRateBpm>
                    </Trackpoint>
                    <Trackpoint>
                        <Time>2026-08-27T06:40:28.000+01:00</Time>
                        <HeartRateBpm>
                            <Value>144</Value>
                        </HeartRateBpm>
                    </Trackpoint>
                    <Trackpoint>
                        <Time>2026-08-27T06:40:30.000+01:00</Time>
                        <HeartRateBpm>
                            <Value>145</Value>
                        </HeartRateBpm>
                    </Trackpoint>
                    <Trackpoint>
                        <Time>2026-08-27T06:40:33.000+01:00</Time>
                        <HeartRateBpm>
                            <Value>145</Value>
                        </HeartRateBpm>
                    </Trackpoint>
                    <Trackpoint>
                        <Time>2026-08-27T06:40:36.000+01:00</Time>
                        <HeartRateBpm>
                            <Value>145</Value>
                        </HeartRateBpm>
                    </Trackpoint>
                    <Trackpoint>
                        <Time>2026-08-27T06:40:37.000+01:00</Time>
                        <HeartRateBpm>
                            <Value>144</Value>
                        </HeartRateBpm>
                    </Trackpoint>
                    <Trackpoint>
                        <Time>2026-08-27T06:40:39.000+01:00</Time>
                        <HeartRateBpm>
                            <Value>145</Value>
                        </HeartRateBpm>
                    </Trackpoint>
                    <Trackpoint>
                        <Time>2026-08-27T06:40:42.000+01:00</Time>
                        <HeartRateBpm>
                            <Value>145</Value>
                        </HeartRateBpm>
                    </Trackpoint>
                    <Trackpoint>
                        <Time>2026-08-27T06:40:45.000+01:00</Time>
                        <HeartRateBpm>
                            <Value>145</Value>
                        </HeartRateBpm>
                    </Trackpoint>
                    <Trackpoint>
                        <Time>2026-08-27T06:40:47.000+01:00</Time>
                        <HeartRateBpm>
                            <Value>146</Value>
                        </HeartRateBpm>
                    </Trackpoint>
                    <Trackpoint>
                        <Time>2026-08-27T06:40:49.000+01:00</Time>
                        <HeartRateBpm>
                            <Value>145</Value>
                        </HeartRateBpm>
                    </Trackpoint>
                    <Trackpoint>
                        <Time>2026-08-27T06:40:52.000+01:00</Time>
                        <HeartRateBpm>
                            <Value>145</Value>
                        </HeartRateBpm>
                    </Trackpoint>
                    <Trackpoint>
                        <Time>2026-08-27T06:40:55.000+01:00</Time>
                        <HeartRateBpm>
                            <Value>145</Value>
                        </HeartRateBpm>
                    </Trackpoint>
                    <Trackpoint>
                        <Time>2026-08-27T06:40:57.000+01:00</Time>
                        <HeartRateBpm>
                            <Value>146</Value>
                        </HeartRateBpm>
                    </Trackpoint>
                    <Trackpoint>
                        <Time>2026-08-27T06:41:00.000+01:00</Time>
                        <HeartRateBpm>
                            <Value>147</Value>
                        </HeartRateBpm>
                    </Trackpoint>
                    <Trackpoint>
                        <Time>2026-08-27T06:41:03.000+01:00</Time>
                        <HeartRateBpm>
                            <Value>147</Value>
                        </HeartRateBpm>
                    </Trackpoint>
                    <Trackpoint>
                        <Time>2026-08-27T06:41:04.000+01:00</Time>
                        <HeartRateBpm>
                            <Value>148</Value>
                        </HeartRateBpm>
                    </Trackpoint>
                    <Trackpoint>
                        <Time>2026-08-27T06:41:05.000+01:00</Time>
                        <HeartRateBpm>
                            <Value>148</Value>
                        </HeartRateBpm>
                    </Trackpoint>
                    <Trackpoint>
                        <Time>2026-08-27T06:41:08.000+01:00</Time>
                        <HeartRateBpm>
                            <Value>149</Value>
                        </HeartRateBpm>
                    </Trackpoint>
                    <Trackpoint>
                        <Time>2026-08-27T06:41:11.000+01:00</Time>
                        <HeartRateBpm>
                            <Value>149</Value>
                        </HeartRateBpm>
                    </Trackpoint>
                    <Trackpoint>
                        <Time>2026-08-27T06:41:14.000+01:00</Time>
                        <HeartRateBpm>
                            <Value>148</Value>
                        </HeartRateBpm>
                    </Trackpoint>
                    <Trackpoint>
                        <Time>2026-08-27T06:41:16.000+01:00</Time>
                        <HeartRateBpm>
                            <Value>149</Value>
                        </HeartRateBpm>
                    </Trackpoint>
                    <Trackpoint>
                        <Time>2026-08-27T06:41:18.000+01:00</Time>
                        <HeartRateBpm>
                            <Value>148</Value>
                        </HeartRateBpm>
                    </Trackpoint>
                    <Trackpoint>
                        <Time>2026-08-27T06:41:20.000+01:00</Time>
                        <HeartRateBpm>
                            <Value>149</Value>
                        </HeartRateBpm>
                    </Trackpoint>
                    <Trackpoint>
                        <Time>2026-08-27T06:41:22.000+01:00</Time>
                        <HeartRateBpm>
                            <Value>148</Value>
                        </HeartRateBpm>
                    </Trackpoint>
                    <Trackpoint>
                        <Time>2026-08-27T06:41:25.000+01:00</Time>
                        <HeartRateBpm>
                            <Value>147</Value>
                        </HeartRateBpm>
                    </Trackpoint>
                    <Trackpoint>
                        <Time>2026-08-27T06:41:28.000+01:00</Time>
                        <HeartRateBpm>
                            <Value>147</Value>
                        </HeartRateBpm>
                    </Trackpoint>
                    <Trackpoint>
                        <Time>2026-08-27T06:41:31.000+01:00</Time>
                        <HeartRateBpm>
                            <Value>148</Value>
                        </HeartRateBpm>
                    </Trackpoint>
                    <Trackpoint>
                        <Time>2026-08-27T06:41:33.000+01:00</Time>
                        <HeartRateBpm>
                            <Value>147</Value>
                        </HeartRateBpm>
                    </Trackpoint>
                    <Trackpoint>
                        <Time>2026-08-27T06:41:36.000+01:00</Time>
                        <HeartRateBpm>
                            <Value>147</Value>
                        </HeartRateBpm>
                    </Trackpoint>
                    <Trackpoint>
                        <Time>2026-08-27T06:41:37.000+01:00</Time>
                        <HeartRateBpm>
                            <Value>146</Value>
                        </HeartRateBpm>
                    </Trackpoint>
                    <Trackpoint>
                        <Time>2026-08-27T06:41:39.000+01:00</Time>
                        <HeartRateBpm>
                            <Value>145</Value>
                        </HeartRateBpm>
                    </Trackpoint>
                    <Trackpoint>
                        <Time>2026-08-27T06:41:42.000+01:00</Time>
                        <HeartRateBpm>
                            <Value>145</Value>
                        </HeartRateBpm>
                    </Trackpoint>
                    <Trackpoint>
                        <Time>2026-08-27T06:41:43.000+01:00</Time>
                        <HeartRateBpm>
                            <Value>144</Value>
                        </HeartRateBpm>
                    </Trackpoint>
                    <Trackpoint>
                        <Time>2026-08-27T06:41:46.000+01:00</Time>
                        <HeartRateBpm>
                            <Value>144</Value>
                        </HeartRateBpm>
                    </Trackpoint>
                    <Trackpoint>
                        <Time>2026-08-27T06:41:48.000+01:00</Time>
                        <HeartRateBpm>
                            <Value>143</Value>
                        </HeartRateBpm>
                    </Trackpoint>
                    <Trackpoint>
                        <Time>2026-08-27T06:41:51.000+01:00</Time>
                        <HeartRateBpm>
                            <Value>143</Value>
                        </HeartRateBpm>
                    </Trackpoint>
                    <Trackpoint>
                        <Time>2026-08-27T06:41:52.000+01:00</Time>
                        <HeartRateBpm>
                            <Value>144</Value>
                        </HeartRateBpm>
                    </Trackpoint>
                    <Trackpoint>
                        <Time>2026-08-27T06:41:54.000+01:00</Time>
                        <HeartRateBpm>
                            <Value>145</Value>
                        </HeartRateBpm>
                    </Trackpoint>
                    <Trackpoint>
                        <Time>2026-08-27T06:41:56.000+01:00</Time>
                        <HeartRateBpm>
                            <Value>146</Value>
                        </HeartRateBpm>
                    </Trackpoint>
                    <Trackpoint>
                        <Time>2026-08-27T06:41:59.000+01:00</Time>
                        <HeartRateBpm>
                            <Value>146</Value>
                        </HeartRateBpm>
                    </Trackpoint>
                    <Trackpoint>
                        <Time>2026-08-27T06:42:02.000+01:00</Time>
                        <HeartRateBpm>
                            <Value>146</Value>
                        </HeartRateBpm>
                    </Trackpoint>
                    <Trackpoint>
                        <Time>2026-08-27T06:42:04.000+01:00</Time>
                        <HeartRateBpm>
                            <Value>147</Value>
                        </HeartRateBpm>
                    </Trackpoint>
                    <Trackpoint>
                        <Time>2026-08-27T06:42:07.000+01:00</Time>
                        <HeartRateBpm>
                            <Value>147</Value>
                        </HeartRateBpm>
                    </Trackpoint>
                    <Trackpoint>
                        <Time>2026-08-27T06:42:08.000+01:00</Time>
                        <HeartRateBpm>
                            <Value>147</Value>
                        </HeartRateBpm>
                    </Trackpoint>
                    <Trackpoint>
                        <Time>2026-08-27T06:42:11.000+01:00</Time>
                        <HeartRateBpm>
                            <Value>147</Value>
                        </HeartRateBpm>
                    </Trackpoint>
                    <Trackpoint>
                        <Time>2026-08-27T06:42:13.000+01:00</Time>
                        <HeartRateBpm>
                            <Value>148</Value>
                        </HeartRateBpm>
                    </Trackpoint>
                    <Trackpoint>
                        <Time>2026-08-27T06:42:16.000+01:00</Time>
                        <HeartRateBpm>
                            <Value>148</Value>
                        </HeartRateBpm>
                    </Trackpoint>
                    <Trackpoint>
                        <Time>2026-08-27T06:42:17.000+01:00</Time>
                        <HeartRateBpm>
                            <Value>150</Value>
                        </HeartRateBpm>
                    </Trackpoint>
                    <Trackpoint>
                        <Time>2026-08-27T06:42:19.000+01:00</Time>
                        <HeartRateBpm>
                            <Value>148</Value>
                        </HeartRateBpm>
                    </Trackpoint>
                    <Trackpoint>
                        <Time>2026-08-27T06:42:21.000+01:00</Time>
                        <HeartRateBpm>
                            <Value>149</Value>
                        </HeartRateBpm>
                    </Trackpoint>
                    <Trackpoint>
                        <Time>2026-08-27T06:42:23.000+01:00</Time>
                        <HeartRateBpm>
                            <Value>148</Value>
                        </HeartRateBpm>
                    </Trackpoint>
                    <Trackpoint>
                        <Time>2026-08-27T06:42:26.000+01:00</Time>
                        <HeartRateBpm>
                            <Value>148</Value>
                        </HeartRateBpm>
                    </Trackpoint>
                    <Trackpoint>
                        <Time>2026-08-27T06:42:29.000+01:00</Time>
                        <HeartRateBpm>
                            <Value>147</Value>
                        </HeartRateBpm>
                    </Trackpoint>
                    <Trackpoint>
                        <Time>2026-08-27T06:42:31.000+01:00</Time>
                        <HeartRateBpm>
                            <Value>148</Value>
                        </HeartRateBpm>
                    </Trackpoint>
                    <Trackpoint>
                        <Time>2026-08-27T06:42:33.000+01:00</Time>
                        <HeartRateBpm>
                            <Value>149</Value>
                        </HeartRateBpm>
                    </Trackpoint>
                    <Trackpoint>
                        <Time>2026-08-27T06:42:35.000+01:00</Time>
                        <HeartRateBpm>
                            <Value>148</Value>
                        </HeartRateBpm>
                    </Trackpoint>
                    <Trackpoint>
                        <Time>2026-08-27T06:42:38.000+01:00</Time>
                        <HeartRateBpm>
                            <Value>148</Value>
                        </HeartRateBpm>
                    </Trackpoint>
                    <Trackpoint>
                        <Time>2026-08-27T06:42:40.000+01:00</Time>
                        <HeartRateBpm>
                            <Value>147</Value>
                        </HeartRateBpm>
                    </Trackpoint>
                    <Trackpoint>
                        <Time>2026-08-27T06:42:42.000+01:00</Time>
                        <HeartRateBpm>
                            <Value>149</Value>
                        </HeartRateBpm>
                    </Trackpoint>
                    <Trackpoint>
                        <Time>2026-08-27T06:42:44.000+01:00</Time>
                        <HeartRateBpm>
                            <Value>148</Value>
                        </HeartRateBpm>
                    </Trackpoint>
                    <Trackpoint>
                        <Time>2026-08-27T06:42:46.000+01:00</Time>
                        <HeartRateBpm>
                            <Value>149</Value>
                        </HeartRateBpm>
                    </Trackpoint>
                    <Trackpoint>
                        <Time>2026-08-27T06:42:48.000+01:00</Time>
                        <HeartRateBpm>
                            <Value>148</Value>
                        </HeartRateBpm>
                    </Trackpoint>
                    <Trackpoint>
                        <Time>2026-08-27T06:42:50.000+01:00</Time>
                        <HeartRateBpm>
                            <Value>149</Value>
                        </HeartRateBpm>
                    </Trackpoint>
                    <Trackpoint>
                        <Time>2026-08-27T06:42:52.000+01:00</Time>
                        <HeartRateBpm>
                            <Value>148</Value>
                        </HeartRateBpm>
                    </Trackpoint>
                    <Trackpoint>
                        <Time>2026-08-27T06:42:54.000+01:00</Time>
                        <HeartRateBpm>
                            <Value>149</Value>
                        </HeartRateBpm>
                    </Trackpoint>
                    <Trackpoint>
                        <Time>2026-08-27T06:42:57.000+01:00</Time>
                        <HeartRateBpm>
                            <Value>149</Value>
                        </HeartRateBpm>
                    </Trackpoint>
                    <Trackpoint>
                        <Time>2026-08-27T06:42:58.000+01:00</Time>
                        <HeartRateBpm>
                            <Value>148</Value>
                        </HeartRateBpm>
                    </Trackpoint>
                    <Trackpoint>
                        <Time>2026-08-27T06:43:00.000+01:00</Time>
                        <HeartRateBpm>
                            <Value>149</Value>
                        </HeartRateBpm>
                    </Trackpoint>
                    <Trackpoint>
                        <Time>2026-08-27T06:43:01.000+01:00</Time>
                        <HeartRateBpm>
                            <Value>148</Value>
                        </HeartRateBpm>
                    </Trackpoint>
                    <Trackpoint>
                        <Time>2026-08-27T06:43:04.000+01:00</Time>
                        <HeartRateBpm>
                            <Value>148</Value>
                        </HeartRateBpm>
                    </Trackpoint>
                    <Trackpoint>
                        <Time>2026-08-27T06:43:05.000+01:00</Time>
                        <HeartRateBpm>
                            <Value>148</Value>
                        </HeartRateBpm>
                    </Trackpoint>
                    <Trackpoint>
                        <Time>2026-08-27T06:43:07.000+01:00</Time>
                        <HeartRateBpm>
                            <Value>147</Value>
                        </HeartRateBpm>
                    </Trackpoint>
                    <Trackpoint>
                        <Time>2026-08-27T06:43:09.000+01:00</Time>
                        <HeartRateBpm>
                            <Value>146</Value>
                        </HeartRateBpm>
                    </Trackpoint>
                    <Trackpoint>
                        <Time>2026-08-27T06:43:11.000+01:00</Time>
                        <HeartRateBpm>
                            <Value>147</Value>
                        </HeartRateBpm>
                    </Trackpoint>
                    <Trackpoint>
                        <Time>2026-08-27T06:43:14.000+01:00</Time>
                        <HeartRateBpm>
                            <Value>147</Value>
                        </HeartRateBpm>
                    </Trackpoint>
                    <Trackpoint>
                        <Time>2026-08-27T06:43:15.000+01:00</Time>
                        <HeartRateBpm>
                            <Value>145</Value>
                        </HeartRateBpm>
                    </Trackpoint>
                    <Trackpoint>
                        <Time>2026-08-27T06:43:17.000+01:00</Time>
                        <HeartRateBpm>
                            <Value>146</Value>
                        </HeartRateBpm>
                    </Trackpoint>
                    <Trackpoint>
                        <Time>2026-08-27T06:43:19.000+01:00</Time>
                        <HeartRateBpm>
                            <Value>145</Value>
                        </HeartRateBpm>
                    </Trackpoint>
                    <Trackpoint>
                        <Time>2026-08-27T06:43:21.000+01:00</Time>
                        <HeartRateBpm>
                            <Value>146</Value>
                        </HeartRateBpm>
                    </Trackpoint>
                    <Trackpoint>
                        <Time>2026-08-27T06:43:23.000+01:00</Time>
                        <HeartRateBpm>
                            <Value>145</Value>
                        </HeartRateBpm>
                    </Trackpoint>
                    <Trackpoint>
                        <Time>2026-08-27T06:43:24.000+01:00</Time>
                        <HeartRateBpm>
                            <Value>144</Value>
                        </HeartRateBpm>
                    </Trackpoint>
                    <Trackpoint>
                        <Time>2026-08-27T06:43:27.000+01:00</Time>
                        <HeartRateBpm>
                            <Value>144</Value>
                        </HeartRateBpm>
                    </Trackpoint>
                    <Trackpoint>
                        <Time>2026-08-27T06:43:28.000+01:00</Time>
                        <HeartRateBpm>
                            <Value>143</Value>
                        </HeartRateBpm>
                    </Trackpoint>
                    <Trackpoint>
                        <Time>2026-08-27T06:43:31.000+01:00</Time>
                        <HeartRateBpm>
                            <Value>143</Value>
                        </HeartRateBpm>
                    </Trackpoint>
                    <Trackpoint>
                        <Time>2026-08-27T06:43:34.000+01:00</Time>
                        <HeartRateBpm>
                            <Value>142</Value>
                        </HeartRateBpm>
                    </Trackpoint>
                    <Trackpoint>
                        <Time>2026-08-27T06:43:37.000+01:00</Time>
                        <HeartRateBpm>
                            <Value>142</Value>
                        </HeartRateBpm>
                    </Trackpoint>
                    <Trackpoint>
                        <Time>2026-08-27T06:43:40.000+01:00</Time>
                        <HeartRateBpm>
                            <Value>142</Value>
                        </HeartRateBpm>
                    </Trackpoint>
                    <Trackpoint>
                        <Time>2026-08-27T06:43:43.000+01:00</Time>
                        <HeartRateBpm>
                            <Value>142</Value>
                        </HeartRateBpm>
                    </Trackpoint>
                    <Trackpoint>
                        <Time>2026-08-27T06:43:46.000+01:00</Time>
                        <HeartRateBpm>
                            <Value>143</Value>
                        </HeartRateBpm>
                    </Trackpoint>
                    <Trackpoint>
                        <Time>2026-08-27T06:43:47.000+01:00</Time>
                        <HeartRateBpm>
                            <Value>144</Value>
                        </HeartRateBpm>
                    </Trackpoint>
                    <Trackpoint>
                        <Time>2026-08-27T06:43:50.000+01:00</Time>
                        <HeartRateBpm>
                            <Value>144</Value>
                        </HeartRateBpm>
                    </Trackpoint>
                    <Trackpoint>
                        <Time>2026-08-27T06:43:53.000+01:00</Time>
                        <HeartRateBpm>
                            <Value>144</Value>
                        </HeartRateBpm>
                    </Trackpoint>
                    <Trackpoint>
                        <Time>2026-08-27T06:43:56.000+01:00</Time>
                        <HeartRateBpm>
                            <Value>144</Value>
                        </HeartRateBpm>
                    </Trackpoint>
                    <Trackpoint>
                        <Time>2026-08-27T06:43:57.000+01:00</Time>
                        <HeartRateBpm>
                            <Value>141</Value>
                        </HeartRateBpm>
                    </Trackpoint>
                    <Trackpoint>
                        <Time>2026-08-27T06:43:59.000+01:00</Time>
                        <HeartRateBpm>
                            <Value>140</Value>
                        </HeartRateBpm>
                    </Trackpoint>
                    <Trackpoint>
                        <Time>2026-08-27T06:44:01.000+01:00</Time>
                        <HeartRateBpm>
                            <Value>141</Value>
                        </HeartRateBpm>
                    </Trackpoint>
                    <Trackpoint>
                        <Time>2026-08-27T06:44:03.000+01:00</Time>
                        <HeartRateBpm>
                            <Value>140</Value>
                        </HeartRateBpm>
                    </Trackpoint>
                    <Trackpoint>
                        <Time>2026-08-27T06:44:04.000+01:00</Time>
                        <HeartRateBpm>
                            <Value>140</Value>
                        </HeartRateBpm>
                    </Trackpoint>
                    <Trackpoint>
                        <Time>2026-08-27T06:44:07.000+01:00</Time>
                        <HeartRateBpm>
                            <Value>140</Value>
                        </HeartRateBpm>
                    </Trackpoint>
                    <Trackpoint>
                        <Time>2026-08-27T06:44:10.000+01:00</Time>
                        <HeartRateBpm>
                            <Value>140</Value>
                        </HeartRateBpm>
                    </Trackpoint>
                    <Trackpoint>
                        <Time>2026-08-27T06:44:11.000+01:00</Time>
                        <HeartRateBpm>
                            <Value>139</Value>
                        </HeartRateBpm>
                    </Trackpoint>
                    <Trackpoint>
                        <Time>2026-08-27T06:44:14.000+01:00</Time>
                        <HeartRateBpm>
                            <Value>138</Value>
                        </HeartRateBpm>
                    </Trackpoint>
                    <Trackpoint>
                        <Time>2026-08-27T06:44:16.000+01:00</Time>
                        <HeartRateBpm>
                            <Value>139</Value>
                        </HeartRateBpm>
                    </Trackpoint>
                    <Trackpoint>
                        <Time>2026-08-27T06:44:19.000+01:00</Time>
                        <HeartRateBpm>
                            <Value>139</Value>
                        </HeartRateBpm>
                    </Trackpoint>
                    <Trackpoint>
                        <Time>2026-08-27T06:44:20.000+01:00</Time>
                        <HeartRateBpm>
                            <Value>140</Value>
                        </HeartRateBpm>
                    </Trackpoint>
                    <Trackpoint>
                        <Time>2026-08-27T06:44:22.000+01:00</Time>
                        <HeartRateBpm>
                            <Value>139</Value>
                        </HeartRateBpm>
                    </Trackpoint>
                    <Trackpoint>
                        <Time>2026-08-27T06:44:25.000+01:00</Time>
                        <HeartRateBpm>
                            <Value>139</Value>
                        </HeartRateBpm>
                    </Trackpoint>
                    <Trackpoint>
                        <Time>2026-08-27T06:44:26.000+01:00</Time>
                        <HeartRateBpm>
                            <Value>138</Value>
                        </HeartRateBpm>
                    </Trackpoint>
                    <Trackpoint>
                        <Time>2026-08-27T06:44:29.000+01:00</Time>
                        <HeartRateBpm>
                            <Value>138</Value>
                        </HeartRateBpm>
                    </Trackpoint>
                    <Trackpoint>
                        <Time>2026-08-27T06:44:30.000+01:00</Time>
                        <HeartRateBpm>
                            <Value>137</Value>
                        </HeartRateBpm>
                    </Trackpoint>
                    <Trackpoint>
                        <Time>2026-08-27T06:44:33.000+01:00</Time>
                        <HeartRateBpm>
                            <Value>137</Value>
                        </HeartRateBpm>
                    </Trackpoint>
                    <Trackpoint>
                        <Time>2026-08-27T06:44:36.000+01:00</Time>
                        <HeartRateBpm>
                            <Value>137</Value>
                        </HeartRateBpm>
                    </Trackpoint>
                    <Trackpoint>
                        <Time>2026-08-27T06:44:37.000+01:00</Time>
                        <HeartRateBpm>
                            <Value>135</Value>
                        </HeartRateBpm>
                    </Trackpoint>
                    <Trackpoint>
                        <Time>2026-08-27T06:44:39.000+01:00</Time>
                        <HeartRateBpm>
                            <Value>133</Value>
                        </HeartRateBpm>
                    </Trackpoint>
                    <Trackpoint>
                        <Time>2026-08-27T06:44:41.000+01:00</Time>
                        <HeartRateBpm>
                            <Value>132</Value>
                        </HeartRateBpm>
                    </Trackpoint>
                    <Trackpoint>
                        <Time>2026-08-27T06:44:43.000+01:00</Time>
                        <HeartRateBpm>
                            <Value>133</Value>
                        </HeartRateBpm>
                    </Trackpoint>
                    <Trackpoint>
                        <Time>2026-08-27T06:44:45.000+01:00</Time>
                        <HeartRateBpm>
                            <Value>132</Value>
                        </HeartRateBpm>
                    </Trackpoint>
                    <Trackpoint>
                        <Time>2026-08-27T06:44:47.000+01:00</Time>
                        <HeartRateBpm>
                            <Value>135</Value>
                        </HeartRateBpm>
                    </Trackpoint>
                    <Trackpoint>
                        <Time>2026-08-27T06:44:49.000+01:00</Time>
                        <HeartRateBpm>
                            <Value>137</Value>
                        </HeartRateBpm>
                    </Trackpoint>
                    <Trackpoint>
                        <Time>2026-08-27T06:44:51.000+01:00</Time>
                        <HeartRateBpm>
                            <Value>136</Value>
                        </HeartRateBpm>
                    </Trackpoint>
                    <Trackpoint>
                        <Time>2026-08-27T06:44:53.000+01:00</Time>
                        <HeartRateBpm>
                            <Value>129</Value>
                        </HeartRateBpm>
                    </Trackpoint>
                    <Trackpoint>
                        <Time>2026-08-27T06:44:55.000+01:00</Time>
                        <HeartRateBpm>
                            <Value>130</Value>
                        </HeartRateBpm>
                    </Trackpoint>
                    <Trackpoint>
                        <Time>2026-08-27T06:44:57.000+01:00</Time>
                        <HeartRateBpm>
                            <Value>125</Value>
                        </HeartRateBpm>
                    </Trackpoint>
                    <Trackpoint>
                        <Time>2026-08-27T06:45:00.000+01:00</Time>
                        <HeartRateBpm>
                            <Value>125</Value>
                        </HeartRateBpm>
                    </Trackpoint>
                    <Trackpoint>
                        <Time>2026-08-27T06:45:01.000+01:00</Time>
                        <HeartRateBpm>
                            <Value>125</Value>
                        </HeartRateBpm>
                    </Trackpoint>
                    <Trackpoint>
                        <Time>2026-08-27T06:45:02.000+01:00</Time>
                        <HeartRateBpm>
                            <Value>128</Value>
                        </HeartRateBpm>
                    </Trackpoint>
                    <Trackpoint>
                        <Time>2026-08-27T06:45:04.000+01:00</Time>
                        <HeartRateBpm>
                            <Value>125</Value>
                        </HeartRateBpm>
                    </Trackpoint>
                    <Trackpoint>
                        <Time>2026-08-27T06:45:06.000+01:00</Time>
                        <HeartRateBpm>
                            <Value>124</Value>
                        </HeartRateBpm>
                    </Trackpoint>
                    <Trackpoint>
                        <Time>2026-08-27T06:45:08.000+01:00</Time>
                        <HeartRateBpm>
                            <Value>123</Value>
                        </HeartRateBpm>
                    </Trackpoint>
                    <Trackpoint>
                        <Time>2026-08-27T06:45:10.000+01:00</Time>
                        <HeartRateBpm>
                            <Value>122</Value>
                        </HeartRateBpm>
                    </Trackpoint>
                    <Trackpoint>
                        <Time>2026-08-27T06:45:12.000+01:00</Time>
                        <HeartRateBpm>
                            <Value>123</Value>
                        </HeartRateBpm>
                    </Trackpoint>
                    <Trackpoint>
                        <Time>2026-08-27T06:45:14.000+01:00</Time>
                        <HeartRateBpm>
                            <Value>122</Value>
                        </HeartRateBpm>
                    </Trackpoint>
                    <Trackpoint>
                        <Time>2026-08-27T06:45:17.000+01:00</Time>
                        <HeartRateBpm>
                            <Value>122</Value>
                        </HeartRateBpm>
                    </Trackpoint>
                    <Trackpoint>
                        <Time>2026-08-27T06:45:18.000+01:00</Time>
                        <HeartRateBpm>
                            <Value>127</Value>
                        </HeartRateBpm>
                    </Trackpoint>
                    <Trackpoint>
                        <Time>2026-08-27T06:45:21.000+01:00</Time>
                        <HeartRateBpm>
                            <Value>127</Value>
                        </HeartRateBpm>
                    </Trackpoint>
                    <Trackpoint>
                        <Time>2026-08-27T06:45:22.000+01:00</Time>
                        <HeartRateBpm>
                            <Value>124</Value>
                        </HeartRateBpm>
                    </Trackpoint>
                    <Trackpoint>
                        <Time>2026-08-27T06:45:24.000+01:00</Time>
                        <HeartRateBpm>
                            <Value>125</Value>
                        </HeartRateBpm>
                    </Trackpoint>
                    <Trackpoint>
                        <Time>2026-08-27T06:45:25.000+01:00</Time>
                        <HeartRateBpm>
                            <Value>123</Value>
                        </HeartRateBpm>
                    </Trackpoint>
                    <Trackpoint>
                        <Time>2026-08-27T06:45:27.000+01:00</Time>
                        <HeartRateBpm>
                            <Value>122</Value>
                        </HeartRateBpm>
                    </Trackpoint>
                    <Trackpoint>
                        <Time>2026-08-27T06:45:29.000+01:00</Time>
                        <HeartRateBpm>
                            <Value>120</Value>
                        </HeartRateBpm>
                    </Trackpoint>
                    <Trackpoint>
                        <Time>2026-08-27T06:45:32.000+01:00</Time>
                        <HeartRateBpm>
                            <Value>120</Value>
                        </HeartRateBpm>
                    </Trackpoint>
                    <Trackpoint>
                        <Time>2026-08-27T06:45:35.000+01:00</Time>
                        <HeartRateBpm>
                            <Value>119</Value>
                        </HeartRateBpm>
                    </Trackpoint>
                    <Trackpoint>
                        <Time>2026-08-27T06:45:37.000+01:00</Time>
                        <HeartRateBpm>
                            <Value>117</Value>
                        </HeartRateBpm>
                    </Trackpoint>
                    <Trackpoint>
                        <Time>2026-08-27T06:45:39.000+01:00</Time>
                        <HeartRateBpm>
                            <Value>116</Value>
                        </HeartRateBpm>
                    </Trackpoint>
                    <Trackpoint>
                        <Time>2026-08-27T06:45:42.000+01:00</Time>
                        <HeartRateBpm>
                            <Value>116</Value>
                        </HeartRateBpm>
                    </Trackpoint>
                    <Trackpoint>
                        <Time>2026-08-27T06:45:43.000+01:00</Time>
                        <HeartRateBpm>
                            <Value>117</Value>
                        </HeartRateBpm>
                    </Trackpoint>
                    <Trackpoint>
                        <Time>2026-08-27T06:45:45.000+01:00</Time>
                        <HeartRateBpm>
                            <Value>116</Value>
                        </HeartRateBpm>
                    </Trackpoint>
                    <Trackpoint>
                        <Time>2026-08-27T06:45:47.000+01:00</Time>
                        <HeartRateBpm>
                            <Value>117</Value>
                        </HeartRateBpm>
                    </Trackpoint>
                    <Trackpoint>
                        <Time>2026-08-27T06:45:48.000+01:00</Time>
                        <HeartRateBpm>
                            <Value>118</Value>
                        </HeartRateBpm>
                    </Trackpoint>
                    <Trackpoint>
                        <Time>2026-08-27T06:45:50.000+01:00</Time>
                        <HeartRateBpm>
                            <Value>120</Value>
                        </HeartRateBpm>
                    </Trackpoint>
                    <Trackpoint>
                        <Time>2026-08-27T06:45:53.000+01:00</Time>
                        <HeartRateBpm>
                            <Value>120</Value>
                        </HeartRateBpm>
                    </Trackpoint>
                    <Trackpoint>
                        <Time>2026-08-27T06:45:54.000+01:00</Time>
                        <HeartRateBpm>
                            <Value>118</Value>
                        </HeartRateBpm>
                    </Trackpoint>
                    <Trackpoint>
                        <Time>2026-08-27T06:45:56.000+01:00</Time>
                        <HeartRateBpm>
                            <Value>119</Value>
                        </HeartRateBpm>
                    </Trackpoint>
                    <Trackpoint>
                        <Time>2026-08-27T06:45:59.000+01:00</Time>
                        <HeartRateBpm>
                            <Value>119</Value>
                        </HeartRateBpm>
                    </Trackpoint>
                    <Trackpoint>
                        <Time>2026-08-27T06:46:02.000+01:00</Time>
                        <HeartRateBpm>
                            <Value>117</Value>
                        </HeartRateBpm>
                    </Trackpoint>
                    <Trackpoint>
                        <Time>2026-08-27T06:46:04.000+01:00</Time>
                        <HeartRateBpm>
                            <Value>116</Value>
                        </HeartRateBpm>
                    </Trackpoint>
                    <Trackpoint>
                        <Time>2026-08-27T06:46:06.000+01:00</Time>
                        <HeartRateBpm>
                            <Value>115</Value>
                        </HeartRateBpm>
                    </Trackpoint>
                    <Trackpoint>
                        <Time>2026-08-27T06:46:08.000+01:00</Time>
                        <HeartRateBpm>
                            <Value>114</Value>
                        </HeartRateBpm>
                    </Trackpoint>
                    <Trackpoint>
                        <Time>2026-08-27T06:46:11.000+01:00</Time>
                        <HeartRateBpm>
                            <Value>115</Value>
                        </HeartRateBpm>
                    </Trackpoint>
                    <Trackpoint>
                        <Time>2026-08-27T06:46:13.000+01:00</Time>
                        <HeartRateBpm>
                            <Value>118</Value>
                        </HeartRateBpm>
                    </Trackpoint>
                    <Trackpoint>
                        <Time>2026-08-27T06:46:15.000+01:00</Time>
                        <HeartRateBpm>
                            <Value>120</Value>
                        </HeartRateBpm>
                    </Trackpoint>
                    <Trackpoint>
                        <Time>2026-08-27T06:46:18.000+01:00</Time>
                        <HeartRateBpm>
                            <Value>120</Value>
                        </HeartRateBpm>
                    </Trackpoint>
                    <Trackpoint>
                        <Time>2026-08-27T06:46:19.000+01:00</Time>
                        <HeartRateBpm>
                            <Value>121</Value>
                        </HeartRateBpm>
                    </Trackpoint>
                    <Trackpoint>
                        <Time>2026-08-27T06:46:21.000+01:00</Time>
                        <HeartRateBpm>
                            <Value>120</Value>
                        </HeartRateBpm>
                    </Trackpoint>
                    <Trackpoint>
                        <Time>2026-08-27T06:46:24.000+01:00</Time>
                        <HeartRateBpm>
                            <Value>120</Value>
                        </HeartRateBpm>
                    </Trackpoint>
                    <Trackpoint>
                        <Time>2026-08-27T06:46:27.000+01:00</Time>
                        <HeartRateBpm>
                            <Value>121</Value>
                        </HeartRateBpm>
                    </Trackpoint>
                    <Trackpoint>
                        <Time>2026-08-27T06:46:29.000+01:00</Time>
                        <HeartRateBpm>
                            <Value>122</Value>
                        </HeartRateBpm>
                    </Trackpoint>
                    <Trackpoint>
                        <Time>2026-08-27T06:46:31.000+01:00</Time>
                        <HeartRateBpm>
                            <Value>121</Value>
                        </HeartRateBpm>
                    </Trackpoint>
                    <Trackpoint>
                        <Time>2026-08-27T06:46:33.000+01:00</Time>
                        <HeartRateBpm>
                            <Value>117</Value>
                        </HeartRateBpm>
                    </Trackpoint>
                    <Trackpoint>
                        <Time>2026-08-27T06:46:36.000+01:00</Time>
                        <HeartRateBpm>
                            <Value>114</Value>
                        </HeartRateBpm>
                    </Trackpoint>
                    <Trackpoint>
                        <Time>2026-08-27T06:46:38.000+01:00</Time>
                        <HeartRateBpm>
                            <Value>115</Value>
                        </HeartRateBpm>
                    </Trackpoint>
                    <Trackpoint>
                        <Time>2026-08-27T06:46:41.000+01:00</Time>
                        <HeartRateBpm>
                            <Value>115</Value>
                        </HeartRateBpm>
                    </Trackpoint>
                    <Trackpoint>
                        <Time>2026-08-27T06:46:44.000+01:00</Time>
                        <HeartRateBpm>
                            <Value>115</Value>
                        </HeartRateBpm>
                    </Trackpoint>
                    <Trackpoint>
                        <Time>2026-08-27T06:46:47.000+01:00</Time>
                        <HeartRateBpm>
                            <Value>115</Value>
                        </HeartRateBpm>
                    </Trackpoint>
                    <Trackpoint>
                        <Time>2026-08-27T06:46:48.000+01:00</Time>
                        <HeartRateBpm>
                            <Value>118</Value>
                        </HeartRateBpm>
                    </Trackpoint>
                    <Trackpoint>
                        <Time>2026-08-27T06:46:51.000+01:00</Time>
                        <HeartRateBpm>
                            <Value>118</Value>
                        </HeartRateBpm>
                    </Trackpoint>
                    <Trackpoint>
                        <Time>2026-08-27T06:46:52.000+01:00</Time>
                        <HeartRateBpm>
                            <Value>117</Value>
                        </HeartRateBpm>
                    </Trackpoint>
                    <Trackpoint>
                        <Time>2026-08-27T06:46:54.000+01:00</Time>
                        <HeartRateBpm>
                            <Value>112</Value>
                        </HeartRateBpm>
                    </Trackpoint>
                    <Trackpoint>
                        <Time>2026-08-27T06:46:55.000+01:00</Time>
                        <HeartRateBpm>
                            <Value>112</Value>
                        </HeartRateBpm>
                    </Trackpoint>
                    <Trackpoint>
                        <Time>2026-08-27T06:46:56.000+01:00</Time>
                        <HeartRateBpm>
                            <Value>113</Value>
                        </HeartRateBpm>
                    </Trackpoint>
                    <Trackpoint>
                        <Time>2026-08-27T06:46:59.000+01:00</Time>
                        <HeartRateBpm>
                            <Value>113</Value>
                        </HeartRateBpm>
                    </Trackpoint>
                    <Trackpoint>
                        <Time>2026-08-27T06:47:02.000+01:00</Time>
                        <HeartRateBpm>
                            <Value>113</Value>
                        </HeartRateBpm>
                    </Trackpoint>
                    <Trackpoint>
                        <Time>2026-08-27T06:47:03.000+01:00</Time>
                        <HeartRateBpm>
                            <Value>111</Value>
                        </HeartRateBpm>
                    </Trackpoint>
                    <Trackpoint>
                        <Time>2026-08-27T06:47:06.000+01:00</Time>
                        <HeartRateBpm>
                            <Value>111</Value>
                        </HeartRateBpm>
                    </Trackpoint>
                    <Trackpoint>
                        <Time>2026-08-27T06:47:09.000+01:00</Time>
                        <HeartRateBpm>
                            <Value>111</Value>
                        </HeartRateBpm>
                    </Trackpoint>
                    <Trackpoint>
                        <Time>2026-08-27T06:47:11.000+01:00</Time>
                        <HeartRateBpm>
                            <Value>110</Value>
                        </HeartRateBpm>
                    </Trackpoint>
                    <Trackpoint>
                        <Time>2026-08-27T06:47:13.000+01:00</Time>
                        <HeartRateBpm>
                            <Value>108</Value>
                        </HeartRateBpm>
                    </Trackpoint>
                    <Trackpoint>
                        <Time>2026-08-27T06:47:15.000+01:00</Time>
                        <HeartRateBpm>
                            <Value>109</Value>
                        </HeartRateBpm>
                    </Trackpoint>
                    <Trackpoint>
                        <Time>2026-08-27T06:47:17.000+01:00</Time>
                        <HeartRateBpm>
                            <Value>110</Value>
                        </HeartRateBpm>
                    </Trackpoint>
                    <Trackpoint>
                        <Time>2026-08-27T06:47:20.000+01:00</Time>
                        <HeartRateBpm>
                            <Value>110</Value>
                        </HeartRateBpm>
                    </Trackpoint>
                    <Trackpoint>
                        <Time>2026-08-27T06:47:23.000+01:00</Time>
                        <HeartRateBpm>
                            <Value>110</Value>
                        </HeartRateBpm>
                    </Trackpoint>
                    <Trackpoint>
                        <Time>2026-08-27T06:47:24.000+01:00</Time>
                        <HeartRateBpm>
                            <Value>111</Value>
                        </HeartRateBpm>
                    </Trackpoint>
                    <Trackpoint>
                        <Time>2026-08-27T06:47:26.000+01:00</Time>
                        <HeartRateBpm>
                            <Value>110</Value>
                        </HeartRateBpm>
                    </Trackpoint>
                    <Trackpoint>
                        <Time>2026-08-27T06:47:29.000+01:00</Time>
                        <HeartRateBpm>
                            <Value>110</Value>
                        </HeartRateBpm>
                    </Trackpoint>
                    <Trackpoint>
                        <Time>2026-08-27T06:47:32.000+01:00</Time>
                        <HeartRateBpm>
                            <Value>111</Value>
                        </HeartRateBpm>
                    </Trackpoint>
                    <Trackpoint>
                        <Time>2026-08-27T06:47:35.000+01:00</Time>
                        <HeartRateBpm>
                            <Value>111</Value>
                        </HeartRateBpm>
                    </Trackpoint>
                    <Trackpoint>
                        <Time>2026-08-27T06:47:36.000+01:00</Time>
                        <HeartRateBpm>
                            <Value>112</Value>
                        </HeartRateBpm>
                    </Trackpoint>
                    <Trackpoint>
                        <Time>2026-08-27T06:47:38.000+01:00</Time>
                        <HeartRateBpm>
                            <Value>111</Value>
                        </HeartRateBpm>
                    </Trackpoint>
                    <Trackpoint>
                        <Time>2026-08-27T06:47:40.000+01:00</Time>
                        <HeartRateBpm>
                            <Value>110</Value>
                        </HeartRateBpm>
                    </Trackpoint>
                    <Trackpoint>
                        <Time>2026-08-27T06:47:42.000+01:00</Time>
                        <HeartRateBpm>
                            <Value>109</Value>
                        </HeartRateBpm>
                    </Trackpoint>
                    <Trackpoint>
                        <Time>2026-08-27T06:47:45.000+01:00</Time>
                        <HeartRateBpm>
                            <Value>109</Value>
                        </HeartRateBpm>
                    </Trackpoint>
                    <Trackpoint>
                        <Time>2026-08-27T06:47:46.000+01:00</Time>
                        <HeartRateBpm>
                            <Value>108</Value>
                        </HeartRateBpm>
                    </Trackpoint>
                    <Trackpoint>
                        <Time>2026-08-27T06:47:48.000+01:00</Time>
                        <HeartRateBpm>
                            <Value>109</Value>
                        </HeartRateBpm>
                    </Trackpoint>
                    <Trackpoint>
                        <Time>2026-08-27T06:47:49.000+01:00</Time>
                        <HeartRateBpm>
                            <Value>108</Value>
                        </HeartRateBpm>
                    </Trackpoint>
                    <Trackpoint>
                        <Time>2026-08-27T06:47:51.000+01:00</Time>
                        <HeartRateBpm>
                            <Value>109</Value>
                        </HeartRateBpm>
                    </Trackpoint>
                    <Trackpoint>
                        <Time>2026-08-27T06:47:52.000+01:00</Time>
                        <HeartRateBpm>
                            <Value>109</Value>
                        </HeartRateBpm>
                    </Trackpoint>
                    <Trackpoint>
                        <Time>2026-08-27T06:47:55.000+01:00</Time>
                        <HeartRateBpm>
                            <Value>108</Value>
                        </HeartRateBpm>
                    </Trackpoint>
                    <Trackpoint>
                        <Time>2026-08-27T06:47:58.000+01:00</Time>
                        <HeartRateBpm>
                            <Value>108</Value>
                        </HeartRateBpm>
                    </Trackpoint>
                    <Trackpoint>
                        <Time>2026-08-27T06:47:59.000+01:00</Time>
                        <HeartRateBpm>
                            <Value>109</Value>
                        </HeartRateBpm>
                    </Trackpoint>
                    <Trackpoint>
                        <Time>2026-08-27T06:48:02.000+01:00</Time>
                        <HeartRateBpm>
                            <Value>109</Value>
                        </HeartRateBpm>
                    </Trackpoint>
                    <Trackpoint>
                        <Time>2026-08-27T06:48:05.000+01:00</Time>
                        <HeartRateBpm>
                            <Value>108</Value>
                        </HeartRateBpm>
                    </Trackpoint>
                    <Trackpoint>
                        <Time>2026-08-27T06:48:07.000+01:00</Time>
                        <HeartRateBpm>
                            <Value>109</Value>
                        </HeartRateBpm>
                    </Trackpoint>
                </Track>
            </Lap>
            <Creator xsi:type="Device_t" xmlns:xsi="http://www.w3.org/2001/XMLSchema-instance">
                <Name>Google Pixel Watch 4</Name>
                <UnitId>0</UnitId>
                <ProductID>0</ProductID>
            </Creator>
        </Activity>
    </Activities>
</TrainingCenterDatabase>
